id,zona,tracker,fila,tipo,strings,articulada,art_plano,x,y_sur,y_norte,z_sur,z_norte,pend_long,pend_long_trk,s_oeste,s_este,azi_oeste,azi_este,mag_oeste,mag_este,resid_oeste,resid_este,vec_oeste,vec_este,herm_oeste,herm_este,tcu_s_oeste,tcu_az_oeste,tcu_mag_oeste,tcu_s_este,tcu_az_este,tcu_mag_este,tcu_vec_oeste,tcu_vec_este,tcu_herm_oeste,tcu_herm_este,pend_proy,d_pend,estado,sector,origen
HD-1-0,HD,1,0,2TTx56,4,NO,NO,659564.351,4331903.675,4331978.371,726.271,726.19,-0.108,-0.164,2.632,-3.52,86.4,87.3,2.637,3.524,0.055,0.021,no,no,,,4.088,87.7,4.091,-3.486,87.3,3.49,HD-1-0 (hermana),HD-2-0,SI,NO,-0.262,0.154,ok,,medido
HD-1-1,HD,1,1,2TTx56,4,NO,NO,659570.333,4331903.666,4331978.351,726.068,725.904,-0.22,-0.164,2.969,-3.302,86.8,87.2,2.974,3.306,0.099,0.014,no,no,,,4.088,87.7,4.091,-3.486,87.3,3.49,HD-1-0 (hermana),HD-2-0,SI,NO,-0.361,0.141,ok,,medido
HD-10-0,HD,10,0,2TTx56,4,NO,NO,659636.356,4331903.623,4331978.322,724.008,723.395,-0.821,-0.882,3.95,-3.822,77.4,77.0,4.047,3.922,0.038,0.074,sí,no,,,4.224,78.2,4.315,-3.088,74.1,3.211,HD-8-1,HD-10-1 (hermana),NO,SI,-0.904,0.083,ok,,medido
HD-10-1,HD,10,1,2TTx56,4,NO,NO,659642.35,4331903.609,4331978.322,723.869,723.164,-0.944,-0.882,3.726,-4.121,76.7,77.9,3.829,4.214,0.04,0.053,sí,no,,,4.224,78.2,4.315,-3.088,74.1,3.211,HD-8-1,HD-10-1 (hermana),NO,SI,-0.876,-0.068,ok,,medido
HD-100-0,HD,100,0,2TTx56,4,NO,NO,660080.359,4331782.986,4331857.67,715.795,714.005,-2.397,-2.606,0.829,0.268,17.6,354.1,2.734,2.62,0.267,0.042,no,sí,,,-0.405,351.2,2.637,0.821,342.5,2.732,HD-100-0 (hermana),HD-103-0,SI,NO,-2.452,0.055,ok,,medido
HD-100-1,HD,100,1,2TTx56,4,NO,NO,660086.35,4331783.0,4331857.677,715.975,713.873,-2.815,-2.606,-0.243,0.106,354.7,357.7,2.617,2.608,0.109,0.043,no,sí,,,-0.405,351.2,2.637,0.821,342.5,2.732,HD-100-0 (hermana),HD-103-0,SI,NO,-2.772,-0.043,ok,,medido
HD-101-0,HD,101,0,2TTx56,4,NO,NO,660080.339,4331857.922,4331932.596,714.061,712.48,-2.117,-2.039,2.151,-1.811,46.5,41.6,2.964,2.727,0.148,0.02,sí,sí,,,2.915,55.0,3.558,-1.477,35.9,2.518,HD-98-1,HD-101-1 (hermana),NO,SI,-2.241,0.124,ok,,medido
HD-101-1,HD,101,1,2TTx56,4,NO,NO,660086.35,4331857.882,4331932.561,713.915,712.45,-1.962,-2.039,1.824,-1.61,41.8,38.3,2.736,2.598,0.031,0.05,sí,sí,,,2.915,55.0,3.558,-1.477,35.9,2.518,HD-98-1,HD-101-1 (hermana),NO,SI,-2.277,0.315,ok,,medido
HD-102-0,HD,102,0,2TTx56,4,NO,NO,660080.385,4331932.802,4332007.478,712.511,711.422,-1.458,-1.449,1.317,-1.142,42.3,38.2,1.958,1.845,0.101,0.028,sí,no,,,1.579,47.5,2.144,-0.674,24.9,1.599,HD-98-1,HD-102-1 (hermana),NO,SI,-1.184,-0.274,ok,,medido
HD-102-1,HD,102,1,2TTx56,4,NO,NO,660086.384,4331932.799,4332007.49,712.464,711.388,-1.441,-1.449,0.992,-1.382,34.4,43.6,1.756,2.003,0.042,0.031,sí,no,,,1.579,47.5,2.144,-0.674,24.9,1.599,HD-98-1,HD-102-1 (hermana),NO,SI,-1.123,-0.318,ok,,medido
HD-103-0,HD,103,0,2TTx56,4,NO,NO,660092.33,4331782.881,4331857.536,716.179,713.775,-3.22,-3.338,-0.644,-0.127,349.1,2.2,3.4,3.341,0.045,0.013,no,sí,,,-0.089,358.5,3.339,0.089,358.5,3.339,HD-103-0 (hermana),HD-103-1 (hermana),SI,SI,-2.996,-0.224,ok,,medido
HD-103-1,HD,103,1,2TTx56,4,NO,NO,660098.319,4331782.953,4331857.605,716.27,713.69,-3.456,-3.338,-0.546,-0.191,350.7,3.3,3.382,3.344,0.027,0.013,no,sí,,,-0.089,358.5,3.339,0.089,358.5,3.339,HD-103-0 (hermana),HD-103-1 (hermana),SI,SI,-3.24,-0.216,ok,,medido
HD-104-0,HD,104,0,2TTx56,4,NO,NO,660092.307,4331857.933,4331932.607,713.863,712.221,-2.199,-2.145,1.871,-1.129,41.1,27.8,2.847,2.424,0.075,0.069,sí,sí,,,2.342,47.5,3.176,-1.462,34.3,2.596,HD-101-1,HD-107-0,NO,NO,-2.261,0.062,ok,,medido
HD-104-1,HD,104,1,2TTx56,4,NO,NO,660098.301,4331857.905,4331932.571,713.715,712.153,-2.092,-2.145,1.92,-0.853,41.8,21.7,2.879,2.309,0.05,0.044,sí,sí,,,2.342,47.5,3.176,-1.462,34.3,2.596,HD-101-1,HD-107-0,NO,NO,-2.401,0.309,ok,,medido
HD-105-0,HD,105,0,2TTx56,4,NO,NO,660092.307,4331932.807,4332007.455,712.262,711.343,-1.231,-1.107,1.346,-1.138,50.6,45.8,1.743,1.588,0.082,0.043,sí,no,,,2.088,62.1,2.364,-0.703,32.4,1.311,HD-102-1,HD-108-0,NO,NO,-1.012,-0.219,ok,,medido
HD-105-1,HD,105,1,2TTx56,4,NO,NO,660098.304,4331932.807,4332007.477,712.118,711.384,-0.983,-1.107,1.378,-1.232,51.2,48.1,1.768,1.656,0.115,0.032,sí,no,,,2.088,62.1,2.364,-0.703,32.4,1.311,HD-102-1,HD-108-0,NO,NO,-0.958,-0.025,ok,,medido
HD-106-0,HD,106,0,2TTx56,4,NO,NO,660104.348,4331783.012,4331857.685,716.229,713.607,-3.511,-3.521,0.062,0.162,1.0,357.4,3.522,3.525,0.056,0.014,no,sí,,,0.988,15.7,3.657,0.396,353.6,3.543,HD-103-1,HD-106-1 (hermana),NO,SI,-3.245,-0.266,ok,,medido
HD-106-1,HD,106,1,2TTx56,4,NO,NO,660110.36,4331783.014,4331857.671,716.26,713.624,-3.531,-3.521,0.037,0.124,0.6,358.0,3.521,3.523,0.031,0.018,no,sí,,,0.988,15.7,3.657,0.396,353.6,3.543,HD-103-1,HD-106-1 (hermana),NO,SI,-3.493,-0.038,ok,,medido
HD-107-0,HD,107,0,2TTx56,4,NO,NO,660104.35,4331857.931,4331932.601,713.557,712.133,-1.907,-1.986,1.773,-0.689,41.8,19.1,2.662,2.102,0.018,0.051,sí,sí,,,1.462,36.4,2.466,-0.649,18.1,2.089,HD-104-1,HD-107-1 (hermana),NO,SI,-2.428,0.521,atencion,,medido
HD-107-1,HD,107,1,2TTx56,4,NO,NO,660110.356,4331857.92,4331932.616,713.577,712.035,-2.064,-1.986,1.389,-0.814,35.0,22.3,2.423,2.146,0.042,0.064,sí,sí,,,1.462,36.4,2.466,-0.649,18.1,2.089,HD-104-1,HD-107-1 (hermana),NO,SI,-2.477,0.413,ok,,medido
HD-108-0,HD,108,0,2TTx56,4,NO,NO,660104.356,4331932.797,4332007.484,712.139,711.278,-1.153,-1.118,1.064,-1.354,43.6,50.5,1.543,1.756,0.026,0.028,sí,no,,,1.415,51.7,1.803,-1.415,51.7,1.803,HD-108-0 (hermana),HD-108-1 (hermana),SI,SI,-1.01,-0.143,ok,,medido
HD-108-1,HD,108,1,2TTx56,4,NO,NO,660110.346,4331932.805,4332007.523,712.028,711.219,-1.083,-1.118,1.151,-1.122,45.8,45.1,1.604,1.584,0.026,0.018,sí,no,,,1.415,51.7,1.803,-1.415,51.7,1.803,HD-108-0 (hermana),HD-108-1 (hermana),SI,SI,-1.132,0.049,ok,,medido
HD-109-0,HD,109,0,2TTx56,4,NO,NO,660116.289,4331783.026,4331857.693,716.349,713.552,-3.746,-3.728,-0.014,0.301,359.8,355.4,3.728,3.74,0.029,0.065,no,sí,,,0.11,1.7,3.73,0.209,356.8,3.734,HD-109-0 (hermana),HD-112-0,SI,NO,-3.507,-0.239,ok,,medido
HD-109-1,HD,109,1,2TTx56,4,NO,NO,660122.31,4331783.005,4331857.654,716.33,713.56,-3.711,-3.728,0.059,0.473,0.9,352.8,3.729,3.758,0.019,0.049,no,sí,,,0.11,1.7,3.73,0.209,356.8,3.734,HD-109-0 (hermana),HD-112-0,SI,NO,-3.488,-0.223,ok,,medido
HD-11-0,HD,11,0,2TTx56,4,NO,NO,659648.339,4331828.687,4331903.382,722.34,723.572,1.649,1.501,3.797,-3.315,111.6,114.4,4.083,3.639,0.02,0.025,no,sí,,,3.964,110.7,4.239,-2.9,117.4,3.265,HD-9-1,HD-11-1 (hermana),NO,SI,1.693,-0.044,ok,,medido
HD-11-1,HD,11,1,2TTx56,4,NO,NO,659654.313,4331828.708,4331903.393,722.278,723.288,1.352,1.501,3.548,-3.258,112.9,114.7,3.852,3.587,0.041,0.075,no,sí,,,3.964,110.7,4.239,-2.9,117.4,3.265,HD-9-1,HD-11-1 (hermana),NO,SI,1.508,-0.156,ok,,medido
HD-110-0,HD,110,0,2TTx56,4,NO,NO,660116.299,4331857.882,4331932.553,713.545,711.957,-2.127,-2.134,1.251,-0.794,30.4,20.4,2.474,2.277,0.057,0.07,sí,sí,,,0.943,23.8,2.333,0.377,350.0,2.167,HD-107-1,HD-110-1 (hermana),NO,SI,-2.481,0.354,ok,,medido
HD-110-1,HD,110,1,2TTx56,4,NO,NO,660122.306,4331857.887,4331932.56,713.573,711.974,-2.141,-2.134,0.683,-1.301,17.7,31.4,2.241,2.499,0.065,0.017,sí,sí,,,0.943,23.8,2.333,0.377,350.0,2.167,HD-107-1,HD-110-1 (hermana),NO,SI,-2.505,0.364,ok,,medido
HD-111-0,HD,111,0,2TTx56,4,NO,NO,660116.313,4331932.786,4332007.464,711.918,711.049,-1.164,-1.172,1.482,-0.812,51.7,34.7,1.89,1.426,0.052,0.037,sí,no,,,2.353,63.5,2.629,-0.203,9.8,1.19,HD-108-1,HD-111-1 (hermana),NO,SI,-1.176,0.012,ok,,medido
HD-111-1,HD,111,1,2TTx56,4,NO,NO,660122.311,4331932.814,4332007.489,711.912,711.03,-1.181,-1.172,1.195,-1.049,45.5,41.8,1.674,1.573,0.023,0.028,sí,no,,,2.353,63.5,2.629,-0.203,9.8,1.19,HD-108-1,HD-111-1 (hermana),NO,SI,-1.215,0.034,ok,,medido
HD-112-0,HD,112,0,2TTx56,4,NO,NO,660128.353,4331783.01,4331857.682,716.339,713.575,-3.702,-3.837,-0.125,1.022,358.1,345.1,3.839,3.971,0.009,0.064,no,sí,,,-0.051,359.2,3.837,0.632,350.6,3.889,HD-112-0 (hermana),HD-115-0,SI,NO,-3.644,-0.058,ok,,medido
HD-112-1,HD,112,1,2TTx56,4,NO,NO,660134.343,4331782.99,4331857.651,716.444,713.478,-3.973,-3.837,-0.104,1.471,358.4,339.0,3.838,4.109,0.01,0.023,no,sí,,,-0.051,359.2,3.837,0.632,350.6,3.889,HD-112-0 (hermana),HD-115-0,SI,NO,-3.611,-0.362,ok,,medido
HD-113-0,HD,113,0,2TTx56,4,NO,NO,660128.345,4331857.835,4331932.506,713.535,711.85,-2.257,-2.264,0.648,-0.875,16.0,21.1,2.355,2.427,0.043,0.098,sí,sí,,,1.452,32.7,2.69,-1.297,29.8,2.609,HD-113-0 (hermana),HD-116-0,SI,NO,-2.574,0.317,ok,,medido
HD-113-1,HD,113,1,2TTx56,4,NO,NO,660134.345,4331857.853,4331932.52,713.453,711.757,-2.271,-2.264,0.874,-1.077,21.1,25.4,2.427,2.507,0.064,0.181,sí,sí,,,1.452,32.7,2.69,-1.297,29.8,2.609,HD-113-0 (hermana),HD-116-0,SI,NO,-2.627,0.356,ok,,medido
HD-114-0,HD,114,0,2TTx56,4,NO,NO,660128.378,4331932.717,4332007.401,711.86,710.965,-1.198,-1.119,1.124,-1.126,45.1,45.2,1.586,1.587,0.027,0.028,sí,no,,,0.982,41.3,1.489,-0.654,30.3,1.296,HD-111-1,HD-114-1 (hermana),NO,SI,-1.05,-0.148,ok,,medido
HD-114-1,HD,114,1,2TTx56,4,NO,NO,660134.371,4331932.747,4332007.429,711.761,710.985,-1.039,-1.119,0.873,-1.256,38.0,48.3,1.419,1.682,0.042,0.111,sí,no,,,0.982,41.3,1.489,-0.654,30.3,1.296,HD-111-1,HD-114-1 (hermana),NO,SI,-1.067,0.028,ok,,medido
HD-115-0,HD,115,0,2TTx56,4,NO,NO,660140.277,4331783.05,4331857.692,716.518,713.475,-4.077,-4.029,-0.225,1.752,356.8,336.5,4.035,4.393,0.012,0.014,no,sí,,,-0.632,351.1,4.078,1.809,335.8,4.416,HD-112-1,HD-115-1 (hermana),NO,SI,-3.601,-0.476,ok,,medido
HD-115-1,HD,115,1,2TTx56,4,NO,NO,660146.284,4331782.973,4331857.627,716.594,713.622,-3.981,-4.029,-0.689,1.771,350.3,336.3,4.087,4.401,0.052,0.008,no,sí,,,-0.632,351.1,4.078,1.809,335.8,4.416,HD-112-1,HD-115-1 (hermana),NO,SI,-3.616,-0.365,ok,,medido
HD-116-0,HD,116,0,2TTx56,4,NO,NO,660140.284,4331857.913,4331932.581,713.463,711.59,-2.508,-2.588,1.044,-0.925,22.0,19.7,2.791,2.749,0.059,0.166,sí,sí,,,1.297,26.6,2.895,-0.638,13.8,2.666,HD-113-1,HD-119-0,NO,NO,-2.669,0.161,ok,,medido
HD-116-1,HD,116,1,2TTx56,4,NO,NO,660146.306,4331857.897,4331932.549,713.474,711.482,-2.668,-2.588,1.181,-1.321,24.5,27.0,2.845,2.906,0.012,0.208,sí,sí,,,1.297,26.6,2.895,-0.638,13.8,2.666,HD-113-1,HD-119-0,NO,NO,-3.143,0.475,ok,,medido
HD-117-0,HD,117,0,2TTx56,4,NO,NO,660140.313,4331932.809,4332007.463,711.632,710.97,-0.887,-0.849,0.955,-1.408,48.4,58.9,1.278,1.644,0.037,0.129,sí,no,,,1.842,65.3,2.028,-1.191,54.5,1.462,HD-117-0 (hermana),HD-120-0,SI,NO,-0.78,-0.107,ok,,medido
HD-117-1,HD,117,1,2TTx56,4,NO,NO,660146.311,4331932.813,4332007.466,711.493,710.888,-0.81,-0.849,1.13,-1.003,53.1,49.8,1.413,1.314,0.047,0.124,sí,no,,,1.842,65.3,2.028,-1.191,54.5,1.462,HD-117-0 (hermana),HD-120-0,SI,NO,-0.693,-0.117,ok,,medido
HD-118-0,HD,118,0,2TTx56,4,NO,NO,660152.319,4331783.028,4331857.674,716.706,713.699,-4.028,-4.121,-1.233,1.664,343.3,338.0,4.301,4.444,0.05,0.025,no,sí,,,-1.6,338.8,4.42,2.075,333.3,4.614,HD-115-1,HD-118-1 (hermana),NO,SI,-4.248,0.22,ok,,medido
HD-118-1,HD,118,1,2TTx56,4,NO,NO,660158.313,4331782.986,4331857.613,716.901,713.757,-4.213,-4.121,-1.478,1.217,340.3,343.5,4.378,4.297,0.073,0.03,no,sí,,,-1.6,338.8,4.42,2.075,333.3,4.614,HD-115-1,HD-118-1 (hermana),NO,SI,-4.207,-0.006,ok,,medido
HD-119-0,HD,119,0,2TTx56,4,NO,NO,660152.326,4331857.877,4331932.54,713.507,711.373,-2.858,-3.075,0.952,-1.657,17.2,28.3,3.219,3.493,0.023,0.187,sí,sí,,,0.638,11.7,3.141,1.455,334.7,3.402,HD-116-1,HD-119-1 (hermana),NO,SI,-2.992,0.134,ok,,medido
HD-119-1,HD,119,1,2TTx56,4,NO,NO,660158.323,4331857.919,4331932.58,713.755,711.297,-3.292,-3.075,0.287,-2.277,5.3,36.5,3.089,3.826,0.078,0.055,sí,sí,,,0.638,11.7,3.141,1.455,334.7,3.402,HD-116-1,HD-119-1 (hermana),NO,SI,-3.278,-0.014,ok,,medido
HD-12-0,HD,12,0,2TTx56,4,NO,NO,659648.325,4331903.67,4331978.356,723.63,723.006,-0.835,-0.79,3.66,-4.591,77.8,80.2,3.744,4.658,0.035,0.033,sí,no,,,4.034,78.9,4.111,-4.034,78.9,4.111,HD-12-0 (hermana),HD-12-1 (hermana),SI,SI,-0.825,-0.01,ok,,medido
HD-12-1,HD,12,1,2TTx56,4,NO,NO,659654.309,4331903.619,4331978.307,723.355,722.799,-0.744,-0.79,3.681,-4.693,77.9,80.4,3.765,4.759,0.021,0.034,sí,no,,,4.034,78.9,4.111,-4.034,78.9,4.111,HD-12-0 (hermana),HD-12-1 (hermana),SI,SI,-0.821,0.077,ok,,medido
HD-120-0,HD,120,0,2TTx56,4,NO,NO,660152.327,4331932.787,4332007.455,711.387,710.851,-0.718,-0.652,1.318,-0.771,63.7,49.8,1.47,1.009,0.024,0.122,sí,no,,,1.191,61.3,1.357,-0.465,35.5,0.8,HD-117-1,HD-123-0,NO,NO,-0.509,-0.209,ok,,medido
HD-120-1,HD,120,1,2TTx56,4,NO,NO,660158.322,4331932.798,4332007.477,711.308,710.871,-0.585,-0.652,1.095,-0.61,59.2,43.1,1.274,0.893,0.021,0.102,sí,no,,,1.191,61.3,1.357,-0.465,35.5,0.8,HD-117-1,HD-123-0,NO,NO,-0.41,-0.175,ok,,medido
HD-121-0,HD,121,0,2TTx56,4,NO,NO,660164.302,4331757.25,4331831.908,717.374,715.235,-2.865,-2.708,-1.64,0.841,328.8,342.7,3.166,2.835,0.033,0.019,no,no,,,-1.091,338.0,2.919,1.162,336.8,2.946,HD-118-1,HD-121-1 (hermana),NO,SI,-2.92,0.055,ok,,medido
HD-121-1,HD,121,1,2TTx56,4,NO,NO,660170.311,4331757.22,4331831.886,717.327,715.423,-2.55,-2.708,-1.72,0.606,327.6,347.4,3.208,2.775,0.034,0.003,no,no,,,-1.091,338.0,2.919,1.162,336.8,2.946,HD-118-1,HD-121-1 (hermana),NO,SI,-2.723,0.173,ok,,medido
HD-122-0,HD,122,0,2TTx42,3,NO,NO,660164.278,4331896.562,4331952.829,711.998,711.008,-1.759,-1.841,1.538,-1.502,39.9,39.2,2.399,2.376,0.117,0.019,no,sí,,,3.506,62.3,3.959,-0.848,24.7,2.027,HD-119-1,HD-125-0,NO,NO,-1.836,0.077,ok,,medido
HD-122-1,HD,122,1,2TTx42,3,NO,NO,660170.311,4331896.573,4331952.816,711.909,710.828,-1.922,-1.841,1.762,-1.177,43.7,32.6,2.548,2.185,0.116,0.024,no,sí,,,3.506,62.3,3.959,-0.848,24.7,2.027,HD-119-1,HD-125-0,NO,NO,-1.687,-0.235,ok,,medido
HD-123-0,HD,123,0,2TTx56,4,NO,NO,660164.321,4331953.077,4332027.736,710.956,711.083,0.17,0.205,0.787,-0.235,104.6,131.1,0.813,0.312,0.029,0.061,sí,no,,,0.465,113.8,0.508,0.174,220.4,0.269,HD-120-1,HD-126-0,NO,NO,0.052,0.118,ok,,medido
HD-123-1,HD,123,1,2TTx56,4,NO,NO,660170.329,4331953.033,4332027.715,710.926,711.105,0.24,0.205,0.398,-0.323,117.2,122.4,0.448,0.383,0.022,0.061,sí,no,,,0.465,113.8,0.508,0.174,220.4,0.269,HD-120-1,HD-126-0,NO,NO,0.189,0.051,ok,,medido
HD-124-0,HD,124,0,2TTx56,4,NO,NO,660176.338,4331757.247,4331831.929,717.32,715.49,-2.45,-2.392,-1.311,0.748,331.3,342.6,2.728,2.506,0.057,-0.0,no,no,,,-0.512,347.9,2.446,0.748,342.6,2.506,HD-121-1,HD-124-1 (hermana),NO,SI,-2.605,0.155,ok,,medido
HD-124-1,HD,124,1,2TTx56,4,NO,NO,660182.356,4331757.23,4331831.906,717.322,715.579,-2.334,-2.392,-0.971,,337.9,,2.582,,0.041,,no,no,,,-0.512,347.9,2.446,0.748,342.6,2.506,HD-121-1,HD-124-1 (hermana),NO,SI,-2.473,0.139,ok,,medido
HD-125-0,HD,125,0,2TTx42,3,NO,NO,660176.37,4331896.617,4331952.846,711.726,710.907,-1.457,-1.456,1.518,-1.408,46.2,44.0,2.103,2.025,0.151,0.034,no,sí,,,1.107,37.3,1.829,-1.107,37.3,1.829,HD-125-0 (hermana),HD-125-1 (hermana),SI,SI,-1.637,0.18,ok,,medido
HD-125-1,HD,125,1,2TTx42,3,NO,NO,660182.34,4331896.573,4331952.807,711.66,710.842,-1.455,-1.456,1.473,-1.558,45.3,46.9,2.071,2.132,0.138,0.066,no,sí,,,1.107,37.3,1.829,-1.107,37.3,1.829,HD-125-0 (hermana),HD-125-1 (hermana),SI,SI,-1.632,0.177,ok,,medido
HD-126-0,HD,126,0,2TTx56,4,NO,NO,660176.337,4331953.05,4332027.719,710.867,711.185,0.426,0.47,0.207,-0.613,156.2,127.5,0.514,0.772,0.014,0.049,sí,no,,,-0.174,200.3,0.501,0.2,203.1,0.511,HD-123-1,HD-126-1 (hermana),NO,SI,0.291,0.135,ok,,medido
HD-126-1,HD,126,1,2TTx56,4,NO,NO,660182.371,4331953.026,4332027.703,710.846,711.23,0.514,0.47,0.035,-1.644,175.7,106.0,0.471,1.71,0.036,0.136,sí,no,,,-0.174,200.3,0.501,0.2,203.1,0.511,HD-123-1,HD-126-1 (hermana),NO,SI,0.399,0.115,ok,,medido
HD-127-0,HD,127,0,2TTx42,3,NO,NO,660188.328,4331896.596,4331952.821,711.526,710.755,-1.371,-1.416,1.441,-1.451,45.5,45.7,2.021,2.028,0.024,0.073,no,sí,,,1.841,52.4,2.323,-1.007,35.4,1.738,HD-125-1,HD-127-1 (hermana),NO,SI,-1.578,0.207,ok,,medido
HD-127-1,HD,127,1,2TTx42,3,NO,NO,660194.297,4331896.618,4331952.856,711.491,710.669,-1.462,-1.416,1.259,-1.726,41.6,50.6,1.895,2.233,0.02,0.078,no,sí,,,1.841,52.4,2.323,-1.007,35.4,1.738,HD-125-1,HD-127-1 (hermana),NO,SI,-1.552,0.09,ok,,medido
HD-128-0,HD,128,0,2TTx56,4,NO,NO,660188.295,4331953.073,4332027.748,710.771,711.194,0.566,0.662,0.278,-1.923,157.2,109.0,0.718,2.034,0.039,0.128,sí,no,,,1.695,111.3,1.82,-0.051,175.6,0.664,HD-128-0 (hermana),HD-130-0,SI,NO,0.509,0.057,ok,,medido
HD-128-1,HD,128,1,2TTx56,4,NO,NO,660194.279,4331953.061,4332027.735,710.598,711.164,0.758,0.662,0.632,-2.056,136.3,107.9,0.915,2.16,0.082,0.123,sí,no,,,1.695,111.3,1.82,-0.051,175.6,0.664,HD-128-0 (hermana),HD-130-0,SI,NO,0.65,0.108,ok,,medido
HD-129-0,HD,129,0,2TTx42,3,NO,NO,660200.357,4331896.589,4331952.829,711.438,710.589,-1.51,-1.502,1.247,-1.939,39.7,52.2,1.952,2.452,0.013,0.057,no,sí,,,2.601,60.0,3.003,-0.254,9.6,1.523,HD-129-0 (hermana),HD-131-0,SI,NO,-1.72,0.21,ok,,medido
HD-129-1,HD,129,1,2TTx42,3,NO,NO,660206.367,4331896.597,4331952.844,711.277,710.437,-1.493,-1.502,1.612,-1.438,47.0,43.8,2.203,2.079,0.059,0.15,no,sí,,,2.601,60.0,3.003,-0.254,9.6,1.523,HD-129-0 (hermana),HD-131-0,SI,NO,-1.906,0.413,ok,,medido
HD-13-0,HD,13,0,2TTx56,4,NO,NO,659660.329,4331828.714,4331903.389,722.039,723.084,1.399,1.337,3.388,-3.105,111.5,113.3,3.642,3.381,0.023,0.065,no,sí,,,3.682,110.0,3.917,-3.195,112.7,3.464,HD-11-1,HD-13-1 (hermana),NO,SI,1.123,0.276,ok,,medido
HD-13-1,HD,13,1,2TTx56,4,NO,NO,659666.312,4331828.677,4331903.376,721.894,722.846,1.274,1.337,3.339,-3.397,111.8,111.5,3.597,3.651,0.023,0.12,no,sí,,,3.682,110.0,3.917,-3.195,112.7,3.464,HD-11-1,HD-13-1 (hermana),NO,SI,0.996,0.278,ok,,medido
HD-130-0,HD,130,0,2TTx56,4,NO,NO,660200.394,4331953.079,4332027.742,710.591,711.165,0.769,0.999,0.711,-2.3,144.6,113.5,1.226,2.508,0.032,0.105,sí,no,,,2.299,113.5,2.507,-2.299,113.5,2.507,HD-130-0 (hermana),HD-130-1 (hermana),SI,SI,0.85,-0.081,ok,,medido
HD-130-1,HD,130,1,2TTx56,4,NO,NO,660206.367,4331953.006,4332027.689,710.281,711.199,1.229,0.999,1.295,-1.517,127.6,123.4,1.636,1.816,0.06,0.074,sí,no,,,2.299,113.5,2.507,-2.299,113.5,2.507,HD-130-0 (hermana),HD-130-1 (hermana),SI,SI,0.932,0.297,ok,,medido
HD-131-0,HD,131,0,2TTx56,4,NO,NO,660212.284,4331839.51,4331914.124,714.085,710.738,-4.486,-4.47,1.265,-1.566,15.8,19.3,4.645,4.736,0.024,0.051,no,sí,,,2.687,31.0,5.215,-1.122,14.1,4.608,HD-131-0 (hermana),HD-133-0,SI,NO,-4.497,0.011,ok,,medido
HD-131-1,HD,131,1,2TTx56,4,NO,NO,660218.319,4331839.552,4331914.165,713.909,710.586,-4.454,-4.47,1.567,-0.861,19.3,10.9,4.736,4.552,0.068,0.014,no,sí,,,2.687,31.0,5.215,-1.122,14.1,4.608,HD-131-0 (hermana),HD-133-0,SI,NO,-4.462,0.008,ok,,medido
HD-132-0,HD,132,0,2TTx56,4,NO,NO,660212.312,4331914.405,4331989.076,710.734,710.114,-0.83,-0.728,2.243,-0.957,72.0,52.7,2.358,1.203,0.199,0.029,sí,no,,,4.019,79.7,4.085,-1.027,54.7,1.259,HD-130-1,HD-134-0,NO,NO,-0.765,-0.065,ok,,medido
HD-132-1,HD,132,1,2TTx56,4,NO,NO,660218.333,4331914.399,4331989.09,710.585,710.117,-0.627,-0.728,2.214,-0.718,71.8,44.6,2.331,1.023,0.102,0.03,sí,no,,,4.019,79.7,4.085,-1.027,54.7,1.259,HD-130-1,HD-134-0,NO,NO,-0.622,-0.005,ok,,medido
HD-133-0,HD,133,0,2TTx56,4,NO,NO,660224.284,4331839.561,4331914.158,713.895,710.466,-4.597,-4.626,1.69,-0.756,20.1,9.3,4.925,4.687,0.031,0.007,no,sí,,,1.185,14.4,4.775,-0.411,5.1,4.644,HD-133-0 (hermana),HD-136-0,SI,NO,-4.533,-0.064,ok,,medido
HD-133-1,HD,133,1,2TTx56,4,NO,NO,660230.306,4331839.568,4331914.156,713.845,710.373,-4.655,-4.626,1.615,-0.62,19.2,7.6,4.9,4.667,0.04,0.016,no,sí,,,1.185,14.4,4.775,-0.411,5.1,4.644,HD-133-0 (hermana),HD-136-0,SI,NO,-4.512,-0.143,ok,,medido
HD-134-0,HD,134,0,2TTx56,4,NO,NO,660224.38,4331914.388,4331989.064,710.447,710.131,-0.423,-0.433,1.948,-0.623,77.5,55.2,1.996,0.759,0.055,0.031,sí,no,,,1.027,67.1,1.115,-0.129,16.6,0.452,HD-132-1,HD-137-0,NO,NO,-0.503,0.08,ok,,medido
HD-134-1,HD,134,1,2TTx56,4,NO,NO,660230.368,4331914.412,4331989.101,710.396,710.065,-0.443,-0.433,1.616,-0.637,75.0,55.8,1.673,0.77,0.1,0.054,sí,no,,,1.027,67.1,1.115,-0.129,16.6,0.452,HD-132-1,HD-137-0,NO,NO,-0.407,-0.036,ok,,medido
HD-135-0,HD,135,0,2TTx56,4,NO,NO,660236.304,4331764.492,4331839.146,716.603,713.709,-3.877,-3.8,,-1.881,,26.3,,4.24,,0.05,no,sí,,,1.045,15.4,3.941,-1.045,15.4,3.941,HD-135-0 (hermana),HD-135-1 (hermana),SI,SI,-3.518,-0.359,ok,,medido
HD-135-1,HD,135,1,2TTx56,4,NO,NO,660242.317,4331764.514,4331839.185,716.482,713.702,-3.723,-3.8,1.045,-2.195,15.4,30.0,3.941,4.388,0.0,0.022,no,sí,,,1.045,15.4,3.941,-1.045,15.4,3.941,HD-135-0 (hermana),HD-135-1 (hermana),SI,SI,-3.442,-0.281,ok,,medido
HD-136-0,HD,136,0,2TTx56,4,SI,SI,660236.341,4331839.418,4331914.199,713.685,710.488,-4.275,-4.296,1.034,-0.905,13.5,11.9,4.419,4.391,0.077,0.027,sí,sí,,,0.562,7.4,4.333,-0.562,7.4,4.333,HD-136-0 (hermana),HD-136-1 (hermana),SI,SI,-4.711,0.436,ok,,medido
HD-136-1,HD,136,1,2TTx56,4,SI,SI,660242.354,4331839.629,4331914.371,713.658,710.431,-4.318,-4.296,0.736,-1.269,9.7,16.5,4.359,4.48,0.02,0.046,sí,sí,,,0.562,7.4,4.333,-0.562,7.4,4.333,HD-136-0 (hermana),HD-136-1 (hermana),SI,SI,-4.569,0.251,ok,,medido
HD-137-0,HD,137,0,2TTx56,4,NO,NO,660236.346,4331914.576,4331989.259,710.414,710.03,-0.514,-0.544,1.097,-0.843,63.6,57.2,1.224,1.003,0.078,0.036,sí,no,,,0.247,24.4,0.597,-0.247,24.4,0.597,HD-137-0 (hermana),HD-137-1 (hermana),SI,SI,-0.3,-0.214,ok,,medido
HD-137-1,HD,137,1,2TTx56,4,NO,NO,660242.346,4331914.602,4331989.307,710.421,709.993,-0.573,-0.544,0.486,-1.122,41.8,64.2,0.729,1.247,0.026,0.019,sí,no,,,0.247,24.4,0.597,-0.247,24.4,0.597,HD-137-0 (hermana),HD-137-1 (hermana),SI,SI,-0.318,-0.255,ok,,medido
HD-138-0,HD,138,0,2TTx56,4,NO,NO,660248.302,4331764.513,4331839.166,716.312,713.607,-3.623,-3.567,1.749,-2.274,26.1,32.5,3.973,4.23,0.028,0.038,no,sí,,,2.501,35.0,4.357,-2.124,30.8,4.152,HD-138-0 (hermana),HD-141-0,SI,NO,-3.275,-0.348,ok,,medido
HD-138-1,HD,138,1,2TTx56,4,NO,NO,660254.336,4331764.518,4331839.193,716.119,713.497,-3.511,-3.567,2.089,-2.259,30.4,32.3,4.134,4.222,0.033,0.05,no,sí,,,2.501,35.0,4.357,-2.124,30.8,4.152,HD-138-0 (hermana),HD-141-0,SI,NO,-3.16,-0.351,ok,,medido
HD-139-0,HD,139,0,2TTx56,4,NO,NO,660248.296,4331839.452,4331914.086,713.678,710.336,-4.478,-4.354,0.746,-1.452,9.7,18.4,4.417,4.589,0.021,0.029,sí,sí,,,0.965,12.5,4.459,-0.965,12.5,4.459,HD-139-0 (hermana),HD-139-1 (hermana),SI,SI,-4.631,0.153,ok,,medido
HD-139-1,HD,139,1,2TTx56,4,NO,NO,660254.294,4331839.46,4331914.106,713.527,710.37,-4.229,-4.354,0.746,-1.598,9.7,20.2,4.417,4.638,0.016,0.019,sí,sí,,,0.965,12.5,4.459,-0.965,12.5,4.459,HD-139-0 (hermana),HD-139-1 (hermana),SI,SI,-4.529,0.3,ok,,medido
HD-14-0,HD,14,0,2TTx56,4,NO,NO,659660.345,4331903.625,4331978.323,723.082,722.432,-0.87,-0.888,4.088,-4.183,77.7,78.0,4.183,4.276,0.073,0.034,sí,no,,,5.3,80.5,5.374,-4.245,78.2,4.337,HD-12-1,HD-14-1 (hermana),NO,SI,-0.868,-0.002,ok,,medido
HD-14-1,HD,14,1,2TTx56,4,NO,NO,659666.329,4331903.625,4331978.317,722.841,722.165,-0.905,-0.888,4.213,-4.111,78.1,77.8,4.305,4.206,0.068,0.024,sí,no,,,5.3,80.5,5.374,-4.245,78.2,4.337,HD-12-1,HD-14-1 (hermana),NO,SI,-0.827,-0.078,ok,,medido
HD-140-0,HD,140,0,2TTx56,4,NO,NO,660248.313,4331914.385,4331989.051,710.371,709.887,-0.648,-0.736,0.706,-1.048,43.8,54.9,1.02,1.281,0.037,0.027,sí,no,,,1.331,61.1,1.521,-0.592,38.8,0.944,HD-137-1,HD-140-1 (hermana),NO,SI,-0.386,-0.262,ok,,medido
HD-140-1,HD,140,1,2TTx56,4,NO,NO,660254.304,4331914.382,4331989.063,710.401,709.786,-0.824,-0.736,0.663,-1.239,42.0,59.3,0.99,1.441,0.036,0.017,sí,no,,,1.331,61.1,1.521,-0.592,38.8,0.944,HD-137-1,HD-140-1 (hermana),NO,SI,-0.365,-0.459,ok,,medido
HD-141-0,HD,141,0,2TTx56,4,NO,NO,660260.346,4331764.52,4331839.182,715.997,713.364,-3.527,-3.459,2.116,-2.31,31.5,33.7,4.055,4.16,0.03,0.045,no,sí,,,2.124,31.6,4.059,-1.564,24.3,3.796,HD-138-1,HD-141-1 (hermana),NO,SI,-3.092,-0.435,ok,,medido
HD-141-1,HD,141,1,2TTx56,4,NO,NO,660266.329,4331764.526,4331839.202,715.853,713.32,-3.392,-3.459,2.039,-2.576,30.5,36.7,4.015,4.313,0.015,0.024,no,sí,,,2.124,31.6,4.059,-1.564,24.3,3.796,HD-138-1,HD-141-1 (hermana),NO,SI,-3.093,-0.299,ok,,medido
HD-142-0,HD,142,0,2TTx56,4,NO,NO,660260.363,4331839.48,4331914.12,713.349,710.318,-4.061,-4.066,1.182,-1.443,16.2,19.5,4.235,4.315,0.043,0.025,sí,sí,,,1.883,24.8,4.481,-1.408,19.1,4.303,HD-139-1,HD-145-0,NO,NO,-4.483,0.422,ok,,medido
HD-142-1,HD,142,1,2TTx56,4,NO,NO,660266.367,4331839.488,4331914.118,713.256,710.217,-4.072,-4.066,1.437,-1.209,19.5,16.6,4.313,4.242,0.038,0.186,sí,sí,,,1.883,24.8,4.481,-1.408,19.1,4.303,HD-139-1,HD-145-0,NO,NO,-4.359,0.287,ok,,medido
HD-143-0,HD,143,0,2TTx56,4,NO,NO,660260.363,4331914.304,4331988.996,710.284,709.702,-0.779,-0.755,0.95,-0.646,51.5,40.5,1.214,0.994,0.045,0.053,sí,no,,,1.668,65.6,1.831,-0.598,38.4,0.963,HD-140-1,HD-146-0,NO,NO,-0.377,-0.402,ok,,medido
HD-143-1,HD,143,1,2TTx56,4,NO,NO,660266.361,4331914.311,4331988.986,710.197,709.651,-0.731,-0.755,1.201,-0.444,57.8,30.5,1.419,0.876,0.025,0.047,sí,no,,,1.668,65.6,1.831,-0.598,38.4,0.963,HD-140-1,HD-146-0,NO,NO,-0.361,-0.37,ok,,medido
HD-144-0,HD,144,0,2TTx56,4,NO,NO,660272.318,4331764.528,4331839.192,715.616,713.164,-3.284,-3.28,2.393,-1.945,36.1,30.7,4.06,3.813,0.053,0.042,no,sí,,,3.283,45.0,4.641,-1.716,27.6,3.702,HD-141-1,HD-144-1 (hermana),NO,SI,-3.094,-0.19,ok,,medido
HD-144-1,HD,144,1,2TTx56,4,NO,NO,660278.319,4331764.494,4331839.166,715.511,713.065,-3.276,-3.28,2.205,-1.732,33.9,27.8,3.952,3.709,0.035,0.054,no,sí,,,3.283,45.0,4.641,-1.716,27.6,3.702,HD-141-1,HD-144-1 (hermana),NO,SI,-3.151,-0.125,ok,,medido
HD-145-0,HD,145,0,2TTx56,4,NO,NO,660272.314,4331839.484,4331914.111,713.177,710.129,-4.084,-4.001,1.438,-1.129,19.8,15.8,4.251,4.157,0.036,0.182,sí,sí,,,1.408,19.4,4.241,-1.172,16.3,4.169,HD-142-1,HD-145-1 (hermana),NO,SI,-4.23,0.146,ok,,medido
HD-145-1,HD,145,1,2TTx56,4,NO,NO,660278.301,4331839.473,4331914.09,713.045,710.122,-3.917,-4.001,1.442,-1.073,19.8,15.0,4.253,4.142,0.019,0.136,sí,sí,,,1.408,19.4,4.241,-1.172,16.3,4.169,HD-142-1,HD-145-1 (hermana),NO,SI,-4.115,0.198,ok,,medido
HD-146-0,HD,146,0,2TTx56,4,NO,NO,660272.314,4331914.378,4331989.032,710.124,709.652,-0.632,-0.679,1.04,-0.317,56.9,25.0,1.242,0.749,0.018,0.04,sí,no,,,1.465,65.1,1.615,1.489,294.5,1.637,HD-146-0 (hermana),HD-149-0,SI,NO,-0.35,-0.282,ok,,medido
HD-146-1,HD,146,1,2TTx56,4,NO,NO,660278.329,4331914.352,4331989.027,710.071,709.529,-0.726,-0.679,1.161,-0.067,59.7,5.6,1.345,0.682,0.018,0.094,sí,no,,,1.465,65.1,1.615,1.489,294.5,1.637,HD-146-0 (hermana),HD-149-0,SI,NO,-0.358,-0.368,ok,,medido
HD-147-0,HD,147,0,2TTx56,4,NO,NO,660284.298,4331764.519,4331839.18,715.321,712.879,-3.271,-3.232,2.456,-1.115,37.2,19.0,4.06,3.419,0.046,0.025,no,sí,,,3.134,44.1,4.502,-0.727,12.7,3.313,HD-144-1,HD-150-0,NO,NO,-3.175,-0.096,ok,,medido
HD-147-1,HD,147,1,2TTx56,4,NO,NO,660290.299,4331764.425,4331839.094,715.189,712.804,-3.194,-3.232,2.334,-0.808,35.8,14.0,3.987,3.332,0.034,0.031,no,sí,,,3.134,44.1,4.502,-0.727,12.7,3.313,HD-144-1,HD-150-0,NO,NO,-3.135,-0.059,ok,,medido
HD-148-0,HD,148,0,2TTx56,4,NO,NO,660284.301,4331839.452,4331914.088,712.865,710.053,-3.768,-3.765,1.59,-0.862,22.9,12.9,4.087,3.863,0.03,0.119,sí,sí,,,2.082,28.9,4.303,0.753,348.7,3.84,HD-145-1,HD-152-0,NO,NO,-3.968,0.2,ok,,medido
HD-148-1,HD,148,1,2TTx56,4,NO,NO,660290.288,4331839.471,4331914.098,712.831,710.023,-3.763,-3.765,1.306,-0.804,19.1,12.1,3.985,3.85,0.016,0.128,sí,sí,,,2.082,28.9,4.303,0.753,348.7,3.84,HD-145-1,HD-152-0,NO,NO,-3.824,0.061,ok,,medido
HD-149-0,HD,149,0,2TTx56,4,NO,NO,660284.384,4331914.296,4331988.989,710.132,709.649,-0.647,-0.629,0.23,-0.668,20.1,46.7,0.669,0.917,0.047,0.063,sí,no,,,1.18,62.0,1.337,-0.005,0.4,0.629,HD-149-0 (hermana),HD-152-0,SI,NO,-0.309,-0.338,ok,,medido
HD-149-1,HD,149,1,2TTx56,4,NO,NO,660290.357,4331914.301,4331988.987,710.048,709.592,-0.611,-0.629,0.46,-0.467,36.2,36.6,0.779,0.783,0.043,0.061,sí,no,,,1.18,62.0,1.337,-0.005,0.4,0.629,HD-149-0 (hermana),HD-152-0,SI,NO,-0.29,-0.321,ok,,medido
HD-15-0,HD,15,0,2TTx56,4,NO,NO,659672.299,4331828.68,4331903.381,721.764,722.552,1.055,0.956,3.418,-3.638,105.6,104.7,3.549,3.761,0.012,0.152,no,sí,,,3.542,105.1,3.668,-1.415,124.0,1.708,HD-13-1,HD-17-0,NO,NO,0.843,0.212,ok,,medido
HD-15-1,HD,15,1,2TTx56,4,NO,NO,659678.309,4331828.648,4331903.345,721.633,722.273,0.857,0.956,3.394,-3.819,105.7,104.1,3.526,3.937,0.015,0.144,no,sí,,,3.542,105.1,3.668,-1.415,124.0,1.708,HD-13-1,HD-17-0,NO,NO,0.637,0.22,ok,,medido
HD-150-0,HD,150,0,2TTx42,3,NO,NO,660296.355,4331764.478,4331820.755,715.051,713.438,-2.866,-2.896,1.768,-0.966,31.4,18.4,3.393,3.053,0.026,0.031,no,sí,,,0.727,14.1,2.986,-0.452,8.9,2.931,HD-147-1,HD-150-1 (hermana),NO,SI,-2.983,0.117,ok,,medido
HD-150-1,HD,150,1,2TTx42,3,NO,NO,660302.361,4331764.466,4331820.721,715.041,713.395,-2.926,-2.896,1.226,-1.123,22.9,21.2,3.145,3.106,0.078,0.008,no,sí,,,0.727,14.1,2.986,-0.452,8.9,2.931,HD-147-1,HD-150-1 (hermana),NO,SI,-2.906,-0.02,ok,,medido
HD-151-0,HD,151,0,2TTx56,4,NO,NO,660296.338,4331821.029,4331895.657,713.379,710.566,-3.769,-3.781,1.673,-0.75,23.9,11.2,4.135,3.855,0.048,0.052,sí,sí,,,2.463,33.1,4.513,-0.734,11.0,3.852,HD-148-1,HD-151-1 (hermana),NO,SI,-3.788,0.019,ok,,medido
HD-151-1,HD,151,1,2TTx56,4,NO,NO,660302.354,4331820.996,4331895.629,713.345,710.514,-3.793,-3.781,1.336,-0.773,19.5,11.6,4.01,3.859,0.045,0.054,sí,sí,,,2.463,33.1,4.513,-0.734,11.0,3.852,HD-148-1,HD-151-1 (hermana),NO,SI,-3.845,0.052,ok,,medido
HD-152-0,HD,152,0,2TTx56,4,NO,NO,660296.365,4331895.907,4331970.542,710.541,709.474,-1.43,-1.461,0.347,-0.754,13.4,27.3,1.502,1.644,0.073,0.024,sí,no,,,1.208,39.6,1.896,0.097,356.2,1.464,HD-152-0 (hermana),HD-155-0,SI,NO,-1.011,-0.419,ok,,medido
HD-152-1,HD,152,1,2TTx56,4,NO,NO,660302.338,4331895.868,4331970.557,710.493,709.378,-1.493,-1.461,0.448,-0.451,17.0,17.2,1.528,1.529,0.072,0.033,sí,no,,,1.208,39.6,1.896,0.097,356.2,1.464,HD-152-0 (hermana),HD-155-0,SI,NO,-1.044,-0.449,ok,,medido
HD-153-0,HD,153,0,2TTx42,3,NO,NO,660308.379,4331764.472,4331820.713,714.956,713.288,-2.966,-2.871,1.089,-0.866,20.8,16.8,3.071,2.999,0.03,0.017,no,sí,,,1.596,29.1,3.285,-0.577,11.4,2.928,HD-150-1,HD-153-1 (hermana),NO,SI,-2.898,-0.068,ok,,medido
HD-153-1,HD,153,1,2TTx42,3,NO,NO,660314.395,4331764.509,4331820.768,714.867,713.305,-2.776,-2.871,0.873,-1.314,16.9,24.6,3.001,3.158,0.026,0.008,no,sí,,,1.596,29.1,3.285,-0.577,11.4,2.928,HD-150-1,HD-153-1 (hermana),NO,SI,-2.916,0.14,ok,,medido
HD-154-0,HD,154,0,2TTx56,4,NO,NO,660308.366,4331821.067,4331895.688,713.249,710.467,-3.728,-3.702,1.155,-0.556,17.3,8.5,3.878,3.744,0.05,0.064,sí,sí,,,1.149,17.2,3.876,0.508,352.2,3.737,HD-151-1,HD-154-1 (hermana),NO,SI,-3.869,0.141,ok,,medido
HD-154-1,HD,154,1,2TTx56,4,NO,NO,660314.343,4331820.99,4331895.624,713.263,710.519,-3.677,-3.702,0.666,-1.244,10.2,18.6,3.762,3.906,0.063,0.011,sí,sí,,,1.149,17.2,3.876,0.508,352.2,3.737,HD-151-1,HD-154-1 (hermana),NO,SI,-3.754,0.077,ok,,medido
HD-155-0,HD,155,0,2TTx56,4,NO,NO,660308.36,4331895.864,4331970.536,710.3,709.583,-0.96,-1.251,0.54,-1.277,23.4,45.6,1.362,1.788,0.056,0.0,sí,no,,,1.277,45.6,1.787,-1.277,45.6,1.787,HD-155-0 (hermana),HD-155-1 (hermana),SI,SI,-1.169,0.209,ok,,medido
HD-155-1,HD,155,1,2TTx56,4,NO,NO,660314.359,4331895.897,4331970.567,710.44,709.289,-1.541,-1.251,0.624,,26.5,,1.398,,0.04,,sí,no,,,1.277,45.6,1.787,-1.277,45.6,1.787,HD-155-0 (hermana),HD-155-1 (hermana),SI,SI,-1.151,-0.39,ok,,medido
HD-156-0,HD,156,0,2TTx56,4,NO,NO,660320.339,4331789.112,4331863.759,714.188,711.654,-3.395,-3.376,0.937,-0.789,15.5,13.2,3.503,3.467,0.041,0.0,no,no,,,1.615,25.6,3.742,-0.789,13.2,3.466,HD-154-1,HD-156-1 (hermana),NO,SI,-3.334,-0.061,ok,,medido
HD-156-1,HD,156,1,2TTx56,4,NO,NO,660326.338,4331789.066,4331863.727,714.128,711.622,-3.357,-3.376,0.908,,15.1,,3.496,,0.044,,no,no,,,1.615,25.6,3.742,-0.789,13.2,3.466,HD-154-1,HD-156-1 (hermana),NO,SI,-3.316,-0.041,ok,,medido
HD-16-0,HD,16,0,2TTx56,4,NO,NO,659672.371,4331903.622,4331978.299,722.533,721.872,-0.885,-0.825,4.709,-3.801,80.1,77.8,4.781,3.889,0.024,0.04,sí,no,,,4.975,80.6,5.043,-3.218,75.6,3.322,HD-14-1,HD-18-0,NO,NO,-0.766,-0.119,ok,,medido
HD-16-1,HD,16,1,2TTx56,4,NO,NO,659678.352,4331903.673,4331978.381,722.268,721.697,-0.764,-0.825,4.416,-3.901,79.4,78.1,4.492,3.987,0.032,0.041,sí,no,,,4.975,80.6,5.043,-3.218,75.6,3.322,HD-14-1,HD-18-0,NO,NO,-0.827,0.063,ok,,medido
HD-17-0,HD,17,0,2TTx56,4,NO,NO,659684.308,4331823.69,4331898.394,721.704,721.972,0.359,0.463,2.836,-4.655,99.3,95.7,2.874,4.678,0.051,0.084,no,sí,,,4.416,96.0,4.44,-4.416,96.0,4.44,HD-17-0 (hermana),HD-17-1 (hermana),SI,SI,0.257,0.102,ok,,medido
HD-17-1,HD,17,1,2TTx56,4,NO,NO,659690.312,4331823.726,4331898.42,721.361,721.785,0.568,0.463,3.119,-4.43,98.4,96.0,3.153,4.454,0.078,0.094,no,sí,,,4.416,96.0,4.44,-4.416,96.0,4.44,HD-17-0 (hermana),HD-17-1 (hermana),SI,SI,0.268,0.3,ok,,medido
HD-18-0,HD,18,0,2TTx56,4,NO,NO,659684.315,4331898.641,4331973.352,722.034,721.614,-0.562,-0.594,3.919,-4.095,81.4,81.8,3.964,4.138,0.029,0.019,sí,no,,,4.611,82.7,4.65,-3.821,81.2,3.867,HD-18-0 (hermana),HD-20-0,SI,NO,-0.675,0.113,ok,,medido
HD-18-1,HD,18,1,2TTx56,4,NO,NO,659690.333,4331898.644,4331973.342,721.78,721.313,-0.625,-0.594,4.098,-3.959,81.8,81.5,4.141,4.003,0.031,0.023,sí,no,,,4.611,82.7,4.65,-3.821,81.2,3.867,HD-18-0 (hermana),HD-20-0,SI,NO,-0.64,0.015,ok,,medido
HD-19-0,HD,19,0,2TTx56,4,NO,NO,659696.303,4331823.736,4331898.438,720.889,721.476,0.786,0.875,4.03,-3.63,102.3,103.6,4.124,3.734,0.172,0.027,no,sí,,,6.52,97.6,6.578,-3.648,103.5,3.752,HD-17-1,HD-21-0,NO,NO,0.58,0.206,ok,,medido
HD-19-1,HD,19,1,2TTx56,4,NO,NO,659702.299,4331823.712,4331898.42,720.571,721.292,0.965,0.875,4.256,-3.245,101.6,105.1,4.345,3.361,0.141,0.02,no,sí,,,6.52,97.6,6.578,-3.648,103.5,3.752,HD-17-1,HD-21-0,NO,NO,0.732,0.233,ok,,medido
HD-2-0,HD,2,0,2TTx56,4,NO,NO,659576.355,4331903.691,4331978.387,725.897,725.655,-0.324,-0.351,3.098,-3.127,83.5,83.6,3.118,3.147,0.121,0.009,no,no,,,3.486,84.2,3.503,-2.721,82.6,2.743,HD-1-1,HD-3-0,NO,NO,-0.4,0.076,ok,,medido
HD-2-1,HD,2,1,2TTx56,4,NO,NO,659582.356,4331903.678,4331978.37,725.71,725.427,-0.379,-0.351,3.237,-3.006,83.8,83.3,3.256,3.026,0.116,0.017,no,no,,,3.486,84.2,3.503,-2.721,82.6,2.743,HD-1-1,HD-3-0,NO,NO,-0.459,0.08,ok,,medido
HD-20-0,HD,20,0,2TTx56,4,NO,NO,659696.309,4331898.681,4331973.356,721.502,721.134,-0.493,-0.512,3.976,-3.942,82.7,82.6,4.009,3.975,0.029,0.027,sí,no,,,3.821,82.4,3.855,-3.709,82.1,3.744,HD-18-1,HD-20-1 (hermana),NO,SI,-0.578,0.085,ok,,medido
HD-20-1,HD,20,1,2TTx56,4,NO,NO,659702.311,4331898.65,4331973.338,721.294,720.897,-0.532,-0.512,3.854,-4.017,82.4,82.7,3.888,4.05,0.035,0.031,sí,no,,,3.821,82.4,3.855,-3.709,82.1,3.744,HD-18-1,HD-20-1 (hermana),NO,SI,-0.589,0.057,ok,,medido
HD-21-0,HD,21,0,2TTx56,4,NO,NO,659708.312,4331823.756,4331898.453,720.375,721.05,0.904,0.815,4.579,-2.782,100.1,106.3,4.651,2.899,0.036,0.054,no,sí,,,3.648,102.6,3.738,-3.103,104.7,3.208,HD-19-1,HD-21-1 (hermana),NO,SI,0.71,0.194,ok,,medido
HD-21-1,HD,21,1,2TTx56,4,NO,NO,659714.289,4331823.748,4331898.45,720.256,720.798,0.726,0.815,4.156,-2.404,101.1,108.7,4.235,2.538,0.065,0.04,no,sí,,,3.648,102.6,3.738,-3.103,104.7,3.208,HD-19-1,HD-21-1 (hermana),NO,SI,0.569,0.157,ok,,medido
HD-22-0,HD,22,0,2TTx56,4,NO,NO,659708.34,4331898.69,4331973.367,721.04,720.61,-0.576,-0.58,4.05,-3.651,81.9,81.0,4.091,3.697,0.026,0.034,sí,no,,,4.483,82.6,4.521,-3.52,80.6,3.568,HD-20-1,HD-22-1 (hermana),NO,SI,-0.616,0.04,ok,,medido
HD-22-1,HD,22,1,2TTx56,4,NO,NO,659714.309,4331898.656,4331973.354,720.833,720.397,-0.584,-0.58,3.957,-3.684,81.7,81.1,3.999,3.729,0.022,0.032,sí,no,,,4.483,82.6,4.521,-3.52,80.6,3.568,HD-20-1,HD-22-1 (hermana),NO,SI,-0.625,0.041,ok,,medido
HD-23-0,HD,23,0,2TTx56,4,NO,NO,659720.311,4331823.736,4331898.425,720.134,720.543,0.548,0.408,3.715,-2.007,96.3,101.5,3.737,2.048,0.12,0.012,no,sí,,,3.128,97.4,3.155,-1.238,108.3,1.304,HD-21-1,HD-25-0,NO,NO,0.359,0.189,ok,,medido
HD-23-1,HD,23,1,2TTx56,4,NO,NO,659726.313,4331823.712,4331898.394,720.072,720.273,0.269,0.408,3.07,-1.709,97.6,103.4,3.097,1.757,0.022,0.028,no,sí,,,3.128,97.4,3.155,-1.238,108.3,1.304,HD-21-1,HD-25-0,NO,NO,0.121,0.148,ok,,medido
HD-24-0,HD,24,0,2TTx56,4,NO,NO,659720.319,4331898.652,4331973.341,720.536,720.143,-0.526,-0.507,4.081,-3.717,82.9,82.2,4.112,3.751,0.03,0.09,sí,no,,,4.585,83.7,4.613,-2.957,80.3,3.0,HD-22-1,HD-24-1 (hermana),NO,SI,-0.646,0.12,ok,,medido
HD-24-1,HD,24,1,2TTx56,4,NO,NO,659726.305,4331898.653,4331973.346,720.345,719.98,-0.489,-0.507,3.814,-4.033,82.4,82.8,3.848,4.065,0.018,0.064,sí,no,,,4.585,83.7,4.613,-2.957,80.3,3.0,HD-22-1,HD-24-1 (hermana),NO,SI,-0.704,0.215,ok,,medido
HD-25-0,HD,25,0,2TTx56,4,NO,NO,659732.33,4331823.69,4331898.408,720.084,720.112,0.037,-0.088,2.385,-1.721,87.9,87.1,2.387,1.723,0.041,0.057,no,sí,,,1.82,87.2,1.822,-1.82,87.2,1.822,HD-25-0 (hermana),HD-25-1 (hermana),SI,SI,-0.154,0.191,ok,,medido
HD-25-1,HD,25,1,2TTx56,4,NO,NO,659738.319,4331823.693,4331898.377,720.069,719.909,-0.214,-0.088,2.04,-1.625,87.5,86.9,2.042,1.627,0.047,0.04,no,sí,,,1.82,87.2,1.822,-1.82,87.2,1.822,HD-25-0 (hermana),HD-25-1 (hermana),SI,SI,-0.395,0.181,ok,,medido
HD-26-0,HD,26,0,2TTx56,4,NO,NO,659732.319,4331898.614,4331973.296,720.165,719.803,-0.485,-0.519,3.417,-4.388,81.4,83.3,3.456,4.419,0.022,0.04,sí,no,,,4.312,83.1,4.344,-4.312,83.1,4.344,HD-26-0 (hermana),HD-26-1 (hermana),SI,SI,-0.804,0.319,ok,,medido
HD-26-1,HD,26,1,2TTx56,4,NO,NO,659738.314,4331898.599,4331973.3,719.932,719.519,-0.553,-0.519,3.648,-4.162,81.9,82.9,3.685,4.194,0.04,0.087,sí,no,,,4.312,83.1,4.344,-4.312,83.1,4.344,HD-26-0 (hermana),HD-26-1 (hermana),SI,SI,-0.811,0.258,ok,,medido
HD-27-0,HD,27,0,2TTx56,4,NO,NO,659744.32,4331823.697,4331898.394,720.017,719.7,-0.424,-0.612,1.928,-1.41,72.4,66.5,2.023,1.537,0.017,0.034,no,sí,,,2.37,75.5,2.448,-0.509,39.8,0.796,HD-27-0 (hermana),HD-29-0,SI,NO,-0.676,0.252,ok,,medido
HD-27-1,HD,27,1,2TTx56,4,NO,NO,659750.314,4331823.683,4331898.394,720.015,719.418,-0.799,-0.612,2.032,-1.07,73.2,60.2,2.122,1.233,0.029,0.051,no,sí,,,2.37,75.5,2.448,-0.509,39.8,0.796,HD-27-0 (hermana),HD-29-0,SI,NO,-1.101,0.302,ok,,medido
HD-28-0,HD,28,0,2TTx56,4,NO,NO,659744.314,4331898.646,4331973.334,719.687,719.242,-0.596,-0.764,3.83,-4.051,78.7,79.3,3.905,4.122,0.06,0.071,sí,no,,,5.519,82.1,5.572,-3.538,77.8,3.619,HD-28-0 (hermana),HD-30-0,SI,NO,-0.868,0.272,ok,,medido
HD-28-1,HD,28,1,2TTx56,4,NO,NO,659750.308,4331898.604,4331973.286,719.482,718.786,-0.932,-0.764,4.307,-3.238,79.9,76.7,4.374,3.327,0.075,0.013,sí,no,,,5.519,82.1,5.572,-3.538,77.8,3.619,HD-28-0 (hermana),HD-30-0,SI,NO,-0.967,0.035,ok,,medido
HD-29-0,HD,29,0,2TTx56,4,NO,NO,659756.306,4331823.695,4331898.379,720.062,719.31,-1.007,-1.16,1.627,-1.362,54.5,49.6,1.998,1.789,0.022,0.035,no,sí,,,0.781,34.0,1.398,-0.781,34.0,1.398,HD-29-0 (hermana),HD-29-1 (hermana),SI,SI,-1.347,0.34,ok,,medido
HD-29-1,HD,29,1,2TTx56,4,NO,NO,659762.312,4331823.706,4331898.384,720.129,719.149,-1.312,-1.16,1.381,-1.743,50.0,56.4,1.803,2.093,0.045,0.035,no,sí,,,0.781,34.0,1.398,-0.781,34.0,1.398,HD-29-0 (hermana),HD-29-1 (hermana),SI,SI,-1.429,0.117,ok,,medido
HD-3-0,HD,3,0,2TTx56,4,NO,NO,659588.351,4331903.658,4331978.341,725.611,725.2,-0.55,-0.658,3.283,-3.244,78.7,78.5,3.348,3.31,0.095,0.025,no,no,,,3.505,79.4,3.567,-2.731,76.5,2.809,HD-3-0 (hermana),HD-4-0,SI,NO,-0.562,0.012,ok,,medido
HD-3-1,HD,3,1,2TTx56,4,NO,NO,659594.349,4331903.69,4331978.381,725.481,724.909,-0.766,-0.658,3.346,-3.208,78.9,78.4,3.41,3.275,0.032,0.037,no,no,,,3.505,79.4,3.567,-2.731,76.5,2.809,HD-3-0 (hermana),HD-4-0,SI,NO,-0.73,-0.036,ok,,medido
HD-30-0,HD,30,0,2TTx56,4,NO,NO,659756.332,4331898.584,4331973.284,719.268,718.574,-0.929,-1.013,4.422,-2.938,77.1,71.0,4.536,3.108,0.012,0.028,sí,no,,,3.551,74.1,3.693,-2.402,67.1,2.607,HD-30-0 (hermana),HD-32-0,SI,NO,-1.09,0.161,ok,,medido
HD-30-1,HD,30,1,2TTx56,4,NO,NO,659762.3,4331898.638,4331973.338,719.118,718.299,-1.096,-1.013,4.177,-2.574,76.4,68.5,4.298,2.766,0.023,0.013,sí,no,,,3.551,74.1,3.693,-2.402,67.1,2.607,HD-30-0 (hermana),HD-32-0,SI,NO,-1.214,0.118,ok,,medido
HD-31-0,HD,31,0,2TTx56,4,NO,NO,659768.292,4331823.718,4331898.41,720.082,718.945,-1.522,-1.581,1.466,-1.564,42.8,44.7,2.156,2.224,0.038,0.034,no,sí,,,2.094,52.9,2.624,-1.232,37.9,2.005,HD-29-1,HD-33-0,NO,NO,-1.632,0.11,ok,,medido
HD-31-1,HD,31,1,2TTx56,4,NO,NO,659774.319,4331823.718,4331898.402,720.046,718.821,-1.64,-1.581,1.364,-1.616,40.8,45.6,2.088,2.261,0.041,0.035,no,sí,,,2.094,52.9,2.624,-1.232,37.9,2.005,HD-29-1,HD-33-0,NO,NO,-1.724,0.084,ok,,medido
HD-32-0,HD,32,0,2TTx56,4,NO,NO,659768.275,4331898.64,4331973.335,718.948,718.182,-1.026,-1.111,3.631,-2.731,73.0,67.9,3.797,2.948,0.072,0.031,sí,no,,,3.239,71.1,3.424,-2.094,62.1,2.37,HD-32-0 (hermana),HD-34-0,SI,NO,-1.342,0.316,ok,,medido
HD-32-1,HD,32,1,2TTx56,4,NO,NO,659774.328,4331898.594,4331973.276,718.816,717.923,-1.196,-1.111,3.101,-2.62,70.3,67.0,3.294,2.846,0.02,0.049,sí,no,,,3.239,71.1,3.424,-2.094,62.1,2.37,HD-32-0 (hermana),HD-34-0,SI,NO,-1.41,0.214,ok,,medido
HD-33-0,HD,33,0,2TTx56,4,NO,NO,659780.359,4331823.718,4331898.409,720.019,718.699,-1.767,-1.777,1.401,-1.881,38.2,46.6,2.263,2.588,0.027,0.062,no,sí,,,2.709,56.7,3.24,-0.9,26.9,1.992,HD-33-0 (hermana),HD-35-0,SI,NO,-1.818,0.051,ok,,medido
HD-33-1,HD,33,1,2TTx56,4,NO,NO,659786.36,4331823.717,4331898.401,719.864,718.529,-1.788,-1.777,1.86,-1.724,46.3,44.1,2.573,2.476,0.051,0.082,no,sí,,,2.709,56.7,3.24,-0.9,26.9,1.992,HD-33-0 (hermana),HD-35-0,SI,NO,-1.781,-0.007,ok,,medido
HD-34-0,HD,34,0,2TTx56,4,NO,NO,659780.372,4331898.625,4331973.319,718.7,717.785,-1.225,-1.217,2.703,-2.121,65.8,60.2,2.964,2.445,0.028,0.109,sí,no,,,2.339,62.5,2.637,-2.339,62.5,2.637,HD-34-0 (hermana),HD-34-1 (hermana),SI,SI,-1.421,0.196,ok,,medido
HD-34-1,HD,34,1,2TTx56,4,NO,NO,659786.366,4331898.618,4331973.29,718.554,717.651,-1.209,-1.217,2.485,-1.63,63.9,53.3,2.767,2.034,0.013,0.119,sí,no,,,2.339,62.5,2.637,-2.339,62.5,2.637,HD-34-0 (hermana),HD-34-1 (hermana),SI,SI,-1.531,0.322,ok,,medido
HD-35-0,HD,35,0,2TTx56,4,NO,NO,659792.362,4331823.719,4331898.395,719.811,718.474,-1.79,-1.88,1.577,-1.559,40.0,39.7,2.454,2.442,0.027,0.156,no,sí,,,2.1,48.2,2.818,-1.107,30.5,2.181,HD-35-0 (hermana),HD-37-0,SI,NO,-1.979,0.189,ok,,medido
HD-35-1,HD,35,1,2TTx56,4,NO,NO,659798.357,4331823.712,4331898.415,719.752,718.281,-1.969,-1.88,1.766,-1.276,43.2,34.2,2.579,2.272,0.025,0.12,no,sí,,,2.1,48.2,2.818,-1.107,30.5,2.181,HD-35-0 (hermana),HD-37-0,SI,NO,-2.107,0.138,ok,,medido
HD-36-0,HD,36,0,2TTx56,4,NO,NO,659792.35,4331898.644,4331973.341,718.478,717.298,-1.58,-1.62,2.813,-1.384,60.1,40.5,3.246,2.131,0.046,0.072,sí,no,,,3.575,65.6,3.925,-1.272,38.1,2.06,HD-34-1,HD-38-0,NO,NO,-1.788,0.208,ok,,medido
HD-36-1,HD,36,1,2TTx56,4,NO,NO,659798.333,4331898.626,4331973.302,718.334,717.094,-1.661,-1.62,2.868,-0.561,60.5,19.1,3.294,1.714,0.045,0.044,sí,no,,,3.575,65.6,3.925,-1.272,38.1,2.06,HD-34-1,HD-38-0,NO,NO,-1.744,0.083,ok,,medido
HD-37-0,HD,37,0,2TTx56,4,NO,NO,659804.307,4331803.763,4331878.424,720.523,718.352,-2.908,-2.976,1.487,-1.222,26.5,22.3,3.327,3.217,0.032,0.13,no,sí,,,1.698,29.7,3.426,1.396,334.9,3.287,HD-37-0 (hermana),HD-39-0,SI,NO,-3.146,0.238,ok,,medido
HD-37-1,HD,37,1,2TTx56,4,NO,NO,659810.315,4331803.761,4331878.391,720.472,718.2,-3.044,-2.976,1.586,-1.196,28.1,21.9,3.372,3.207,0.029,0.157,no,sí,,,1.698,29.7,3.426,1.396,334.9,3.287,HD-37-0 (hermana),HD-39-0,SI,NO,-3.209,0.165,ok,,medido
HD-38-0,HD,38,0,2TTx28,2,NO,NO,659804.356,4331878.674,4331916.438,718.393,718.022,-0.982,-0.872,2.193,-0.685,68.3,38.2,2.36,1.109,0.091,0.047,sí,no,,,2.989,73.7,3.114,-0.055,3.6,0.873,HD-35-1,HD-40-0,NO,NO,-0.825,-0.157,ok,,medido
HD-38-1,HD,38,1,2TTx28,2,NO,NO,659810.364,4331878.665,4331916.382,718.284,717.997,-0.761,-0.872,1.812,-0.691,64.3,38.4,2.011,1.112,0.115,0.073,sí,no,,,2.989,73.7,3.114,-0.055,3.6,0.873,HD-35-1,HD-40-0,NO,NO,-0.552,-0.209,ok,,medido
HD-39-0,HD,39,0,2TTx56,4,SI,SI,659816.369,4331803.842,4331878.63,720.599,718.232,-3.165,-3.173,0.64,-1.858,11.4,30.3,3.237,3.677,0.065,0.079,no,sí,,,1.944,31.5,3.721,-1.944,31.5,3.721,HD-39-0 (hermana),HD-39-1 (hermana),SI,SI,-3.214,0.049,ok,,medido
HD-39-1,HD,39,1,2TTx56,4,SI,SI,659822.352,4331803.87,4331878.677,720.488,718.108,-3.182,-3.173,0.963,-1.764,16.9,29.1,3.316,3.631,0.059,0.064,no,sí,,,1.944,31.5,3.721,-1.944,31.5,3.721,HD-39-0 (hermana),HD-39-1 (hermana),SI,SI,-3.23,0.048,ok,,medido
HD-4-0,HD,4,0,2TTx56,4,NO,NO,659600.359,4331903.691,4331978.351,725.328,724.734,-0.796,-0.771,3.058,-3.482,75.8,77.5,3.154,3.566,0.011,0.046,no,no,,,3.073,75.9,3.168,-3.073,75.9,3.168,HD-4-0 (hermana),HD-4-1 (hermana),SI,SI,-0.805,0.009,ok,,medido
HD-4-1,HD,4,1,2TTx56,4,NO,NO,659606.346,4331903.676,4331978.376,725.126,724.568,-0.747,-0.771,3.058,-3.636,75.8,78.0,3.154,3.717,0.012,0.04,no,no,,,3.073,75.9,3.168,-3.073,75.9,3.168,HD-4-0 (hermana),HD-4-1 (hermana),SI,SI,-0.833,0.086,ok,,medido
HD-40-0,HD,40,0,2TTx28,2,NO,NO,659816.366,4331878.885,4331916.666,718.251,718.02,-0.611,-0.49,1.257,-0.951,68.7,62.8,1.349,1.07,0.156,0.051,sí,no,,,0.097,11.3,0.499,-0.097,11.3,0.499,HD-40-0 (hermana),HD-40-1 (hermana),SI,SI,-0.512,-0.099,ok,,medido
HD-40-1,HD,40,1,2TTx28,2,NO,NO,659822.351,4331878.919,4331916.699,718.199,718.06,-0.368,-0.49,1.005,-1.336,64.0,69.9,1.118,1.423,0.184,0.024,sí,no,,,0.097,11.3,0.499,-0.097,11.3,0.499,HD-40-0 (hermana),HD-40-1 (hermana),SI,SI,-0.27,-0.098,ok,,medido
HD-41-0,HD,41,0,2TTx56,4,NO,NO,659828.308,4331782.038,4331856.677,721.17,718.412,-3.695,-3.752,1.616,-0.614,23.3,9.3,4.086,3.802,0.182,0.075,no,sí,,,4.371,49.4,5.761,0.576,351.3,3.796,HD-39-1,HD-43-0,NO,NO,-4.157,0.462,ok,,medido
HD-41-1,HD,41,1,2TTx56,4,NO,NO,659834.321,4331782.054,4331856.681,721.168,718.325,-3.81,-3.752,1.837,-0.727,26.1,11.0,4.178,3.822,0.101,0.078,no,sí,,,4.371,49.4,5.761,0.576,351.3,3.796,HD-39-1,HD-43-0,NO,NO,-4.135,0.325,ok,,medido
HD-42-0,HD,42,0,2TTx28,2,NO,NO,659828.365,4331856.888,4331894.655,718.434,718.03,-1.07,-1.144,1.114,-1.674,44.2,55.7,1.597,2.027,0.125,-0.0,sí,no,,,2.281,63.4,2.552,-1.674,55.7,2.028,HD-39-1,HD-42-1 (hermana),NO,SI,-0.457,-0.613,atencion,,medido
HD-42-1,HD,42,1,2TTx28,2,NO,NO,659834.375,4331856.919,4331894.691,718.361,717.901,-1.218,-1.144,1.309,,48.9,,1.738,,0.111,,sí,no,,,2.281,63.4,2.552,-1.674,55.7,2.028,HD-39-1,HD-42-1 (hermana),NO,SI,-0.294,-0.924,atencion,,medido
HD-43-0,HD,43,0,2TTx42,3,NO,NO,659840.333,4331782.188,4331838.363,721.271,718.984,-4.071,-4.013,1.215,-1.14,16.8,15.9,4.193,4.172,0.075,0.042,no,no,,,2.09,27.5,4.525,-0.824,11.6,4.097,HD-43-0 (hermana),HD-45-0,SI,NO,-4.012,-0.059,ok,,medido
HD-43-1,HD,43,1,2TTx42,3,NO,NO,659846.32,4331781.997,4331838.174,721.121,718.899,-3.955,-4.013,1.372,-0.785,18.9,11.1,4.241,4.089,0.067,0.013,no,no,,,2.09,27.5,4.525,-0.824,11.6,4.097,HD-43-0 (hermana),HD-45-0,SI,NO,-3.796,-0.159,ok,,medido
HD-44-0,HD,44,0,2TTx28,2,NO,NO,659840.342,4331953.44,4331991.201,716.529,715.207,-3.501,-3.385,,-1.206,,19.6,,3.593,,0.055,no,no,,,1.574,24.9,3.733,-0.928,15.3,3.509,HD-44-0 (hermana),HD-46-0,SI,NO,-3.583,0.082,ok,,medido
HD-44-1,HD,44,1,2TTx28,2,NO,NO,659846.34,4331953.4,4331991.157,716.392,715.158,-3.268,-3.385,1.574,-1.002,24.9,16.5,3.733,3.53,-0.0,0.028,no,no,,,1.574,24.9,3.733,-0.928,15.3,3.509,HD-44-0 (hermana),HD-46-0,SI,NO,-3.497,0.229,ok,,medido
HD-45-0,HD,45,0,2TTx42,3,NO,NO,659852.382,4331782.02,4331838.205,721.043,718.875,-3.859,-3.801,0.839,-0.768,12.4,11.4,3.892,3.878,0.074,0.012,no,no,,,0.824,12.2,3.889,-0.776,11.5,3.879,HD-43-1,HD-45-1 (hermana),NO,SI,-3.777,-0.082,ok,,medido
HD-45-1,HD,45,1,2TTx42,3,NO,NO,659858.36,4331781.998,4331838.18,720.965,718.862,-3.743,-3.801,0.914,-0.762,13.5,11.3,3.909,3.877,0.056,0.012,no,no,,,0.824,12.2,3.889,-0.776,11.5,3.879,HD-43-1,HD-45-1 (hermana),NO,SI,-3.685,-0.058,ok,,medido
HD-46-0,HD,46,0,2TTx28,2,NO,NO,659852.383,4331953.446,4331991.201,716.312,715.123,-3.149,-3.173,1.184,-0.839,20.5,14.8,3.386,3.282,0.008,0.062,no,no,,,1.183,20.4,3.386,-1.183,20.4,3.386,HD-46-0 (hermana),HD-46-1 (hermana),SI,SI,-3.269,0.12,ok,,medido
HD-46-1,HD,46,1,2TTx28,2,NO,NO,659858.37,4331953.414,4331991.181,716.251,715.044,-3.196,-3.173,1.175,-0.701,20.3,12.5,3.383,3.249,0.009,0.049,no,no,,,1.183,20.4,3.386,-1.183,20.4,3.386,HD-46-0 (hermana),HD-46-1 (hermana),SI,SI,-3.007,-0.189,ok,,medido
HD-47-0,HD,47,0,2TTx42,3,NO,NO,659864.374,4331781.98,4331838.167,720.859,718.847,-3.581,-3.427,1.041,-0.642,16.9,10.6,3.582,3.487,0.032,0.02,no,no,,,1.015,16.5,3.575,-0.302,5.0,3.441,HD-45-1,HD-47-1 (hermana),NO,SI,-3.494,-0.087,ok,,medido
HD-47-1,HD,47,1,2TTx42,3,NO,NO,659870.333,4331782.03,4331838.233,720.753,718.913,-3.274,-3.427,0.835,-0.869,13.7,14.2,3.528,3.536,0.049,0.011,no,no,,,1.015,16.5,3.575,-0.302,5.0,3.441,HD-45-1,HD-47-1 (hermana),NO,SI,-3.244,-0.03,ok,,medido
HD-48-0,HD,48,0,2TTx56,4,NO,NO,659864.355,4331916.592,4331991.275,716.827,715.077,-2.343,-2.218,1.48,-0.985,33.7,23.9,2.666,2.427,0.037,0.063,no,no,,,2.102,43.5,3.056,-0.102,2.6,2.22,HD-46-1,HD-48-1 (hermana),NO,SI,-2.436,0.093,ok,,medido
HD-48-1,HD,48,1,2TTx56,4,NO,NO,659870.34,4331916.603,4331991.303,716.727,715.164,-2.092,-2.218,0.92,-1.508,22.5,34.2,2.401,2.682,0.031,0.073,no,no,,,2.102,43.5,3.056,-0.102,2.6,2.22,HD-46-1,HD-48-1 (hermana),NO,SI,-2.187,0.095,ok,,medido
HD-49-0,HD,49,0,2TTx42,3,NO,NO,659876.373,4331781.982,4331838.196,720.466,719.055,-2.51,-2.561,0.841,-0.337,18.2,7.5,2.695,2.583,0.023,0.0,no,no,,,1.22,25.5,2.837,-0.337,7.5,2.583,HD-47-1,HD-49-1 (hermana),NO,SI,-2.952,0.442,ok,,medido
HD-49-1,HD,49,1,2TTx42,3,NO,NO,659882.378,4331781.949,4331838.17,720.475,719.007,-2.611,-2.561,0.708,-3.452,15.5,53.4,2.657,4.298,0.009,0.0,no,no,,,1.22,25.5,2.837,-0.337,7.5,2.583,HD-47-1,HD-49-1 (hermana),NO,SI,-2.614,0.003,ok,,medido
HD-5-0,HD,5,0,2TTx56,4,NO,NO,659612.329,4331828.682,4331903.349,723.62,724.982,1.824,1.905,,-3.703,,117.2,,4.164,,0.106,no,sí,,,1.943,134.4,2.721,-1.943,134.4,2.721,HD-5-0 (hermana),HD-5-1 (hermana),SI,SI,1.908,-0.084,ok,,medido
HD-5-1,HD,5,1,2TTx56,4,NO,NO,659618.328,4331828.689,4331903.349,723.443,724.926,1.986,1.905,1.943,-4.343,134.4,113.7,2.721,4.743,0.0,0.052,no,sí,,,1.943,134.4,2.721,-1.943,134.4,2.721,HD-5-0 (hermana),HD-5-1 (hermana),SI,SI,1.92,0.066,ok,,medido
HD-50-0,HD,50,0,2TTx42,3,NO,NO,659876.306,4331860.042,4331916.268,717.305,716.467,-1.49,-1.471,,-0.75,,27.0,,1.651,,0.021,no,sí,,,0.74,26.7,1.646,-0.407,15.5,1.526,HD-50-0 (hermana),HD-52-0,SI,NO,-0.941,-0.549,atencion,,medido
HD-50-1,HD,50,1,2TTx42,3,NO,NO,659882.305,4331860.007,4331916.253,717.25,716.434,-1.451,-1.471,0.74,-0.88,26.7,30.9,1.646,1.714,0.0,0.028,no,sí,,,0.74,26.7,1.646,-0.407,15.5,1.526,HD-50-0 (hermana),HD-52-0,SI,NO,-1.062,-0.389,ok,,medido
HD-51-0,HD,51,0,2TTx56,4,NO,NO,659876.33,4331916.555,4331991.224,716.526,715.148,-1.845,-1.766,0.929,-1.322,27.8,36.8,1.995,2.206,0.054,0.081,sí,no,,,1.833,46.1,2.545,0.04,358.7,1.766,HD-48-1,HD-51-1 (hermana),NO,SI,-2.007,0.162,ok,,medido
HD-51-1,HD,51,1,2TTx56,4,NO,NO,659882.306,4331916.485,4331991.165,716.47,715.211,-1.686,-1.766,0.6,-1.693,18.8,43.8,1.865,2.446,0.036,0.016,sí,no,,,1.833,46.1,2.545,0.04,358.7,1.766,HD-48-1,HD-51-1 (hermana),NO,SI,-1.789,0.103,ok,,medido
HD-52-0,HD,52,0,2TTx42,3,NO,NO,659888.294,4331860.059,4331916.286,717.276,716.358,-1.633,-1.626,0.54,-0.962,18.4,30.6,1.713,1.889,0.004,0.032,no,sí,,,1.352,39.7,2.114,-0.49,16.8,1.698,HD-52-0 (hermana),HD-54-0,SI,NO,-1.237,-0.396,ok,,medido
HD-52-1,HD,52,1,2TTx42,3,NO,NO,659894.318,4331860.031,4331916.26,717.191,716.281,-1.618,-1.626,0.884,-0.649,28.5,21.8,1.85,1.75,0.028,0.024,no,sí,,,1.352,39.7,2.114,-0.49,16.8,1.698,HD-52-0 (hermana),HD-54-0,SI,NO,-1.552,-0.066,ok,,medido
HD-53-0,HD,53,0,2TTx56,4,NO,NO,659888.336,4331916.535,4331991.201,716.318,715.129,-1.592,-1.63,0.916,-1.482,29.3,42.3,1.87,2.203,0.061,0.027,sí,no,,,1.991,50.7,2.573,-0.884,28.5,1.854,HD-53-0 (hermana),HD-55-0,SI,NO,-1.672,0.08,ok,,medido
HD-53-1,HD,53,1,2TTx56,4,NO,NO,659894.341,4331916.501,4331991.169,716.227,714.982,-1.667,-1.63,1.337,-2.077,39.4,51.9,2.108,2.64,0.075,0.138,sí,no,,,1.991,50.7,2.573,-0.884,28.5,1.854,HD-53-0 (hermana),HD-55-0,SI,NO,-1.784,0.117,ok,,medido
HD-54-0,HD,54,0,2TTx56,4,NO,NO,659900.326,4331857.885,4331932.552,717.261,715.893,-1.832,-1.829,1.288,-1.561,35.2,40.5,2.237,2.405,0.135,0.136,no,sí,,,1.679,42.5,2.483,-0.099,3.1,1.832,HD-54-0 (hermana),HD-57-0,SI,NO,-1.603,-0.229,ok,,medido
HD-54-1,HD,54,1,2TTx56,4,NO,NO,659906.323,4331857.89,4331932.584,717.158,715.794,-1.826,-1.829,1.34,-1.573,36.2,40.7,2.267,2.412,0.071,0.144,no,sí,,,1.679,42.5,2.483,-0.099,3.1,1.832,HD-54-0 (hermana),HD-57-0,SI,NO,-1.747,-0.079,ok,,medido
HD-55-0,HD,55,0,2TTx28,2,NO,NO,659900.371,4331932.836,4331970.596,715.927,715.246,-1.803,-1.876,1.345,-3.005,35.6,58.0,2.308,3.542,0.047,0.158,sí,no,,,2.194,49.5,2.887,-1.17,32.0,2.211,HD-55-0 (hermana),HD-58-0,SI,NO,-1.747,-0.056,ok,,medido
HD-55-1,HD,55,1,2TTx28,2,NO,NO,659906.339,4331932.857,4331970.632,715.823,715.087,-1.948,-1.876,1.715,-3.265,42.4,60.1,2.542,3.766,0.029,0.136,sí,no,,,2.194,49.5,2.887,-1.17,32.0,2.211,HD-55-0 (hermana),HD-58-0,SI,NO,-1.607,-0.341,ok,,medido
HD-56-0,HD,56,0,2TTx56,4,NO,NO,659912.31,4331782.978,4331857.662,719.463,717.383,-2.785,-2.682,3.452,-2.181,52.2,39.1,4.371,3.457,0.0,0.067,no,sí,,,2.17,39.0,3.45,-2.17,39.0,3.45,HD-56-0 (hermana),HD-56-1 (hermana),SI,SI,-2.991,0.206,ok,,medido
HD-56-1,HD,56,1,2TTx56,4,NO,NO,659918.304,4331782.974,4331857.661,719.256,717.33,-2.579,-2.682,2.17,-1.628,39.0,31.3,3.45,3.137,0.0,0.105,no,sí,,,2.17,39.0,3.45,-2.17,39.0,3.45,HD-56-0 (hermana),HD-56-1 (hermana),SI,SI,-2.731,0.152,ok,,medido
HD-57-0,HD,57,0,2TTx56,4,SI,SI,659912.344,4331857.905,4331932.716,717.251,715.686,-2.092,-2.266,1.033,-2.036,24.5,41.9,2.49,3.046,0.086,0.083,sí,sí,,,0.651,16.0,2.357,-0.651,16.0,2.357,HD-57-0 (hermana),HD-57-1 (hermana),SI,SI,-2.316,0.224,ok,,medido
HD-57-1,HD,57,1,2TTx56,4,SI,SI,659918.343,4331857.986,4331932.767,717.34,715.516,-2.439,-2.266,0.941,-2.192,22.6,44.1,2.453,3.152,0.151,0.109,sí,sí,,,0.651,16.0,2.357,-0.651,16.0,2.357,HD-57-0 (hermana),HD-57-1 (hermana),SI,SI,-2.553,0.114,ok,,medido
HD-58-0,HD,58,0,2TTx28,2,NO,NO,659912.343,4331933.05,4331970.827,715.744,715.018,-1.922,-1.867,1.517,-3.735,39.1,63.4,2.406,4.176,0.02,0.109,sí,no,,,3.096,58.9,3.616,-3.096,58.9,3.616,HD-58-0 (hermana),HD-58-1 (hermana),SI,SI,-1.329,-0.593,atencion,,medido
HD-58-1,HD,58,1,2TTx28,2,NO,NO,659918.357,4331933.063,4331970.845,715.537,714.852,-1.813,-1.867,2.015,-3.507,47.2,62.0,2.747,3.973,0.065,0.136,sí,no,,,3.096,58.9,3.616,-3.096,58.9,3.616,HD-58-0 (hermana),HD-58-1 (hermana),SI,SI,-1.353,-0.46,ok,,medido
HD-59-0,HD,59,0,2TTx56,4,NO,NO,659924.319,4331782.989,4331857.658,719.024,717.127,-2.541,-2.43,3.037,-1.18,51.3,25.9,3.889,2.701,0.035,0.144,no,sí,,,3.613,56.1,4.354,-0.513,11.9,2.483,HD-56-1,HD-62-0,NO,NO,-2.459,-0.082,ok,,medido
HD-59-1,HD,59,1,2TTx56,4,NO,NO,659930.342,4331782.982,4331857.661,718.863,717.131,-2.319,-2.43,2.314,-1.176,43.6,25.8,3.355,2.7,0.017,0.151,no,sí,,,3.613,56.1,4.354,-0.513,11.9,2.483,HD-56-1,HD-62-0,NO,NO,-2.122,-0.197,ok,,medido
HD-6-0,HD,6,0,2TTx56,4,NO,NO,659612.374,4331903.658,4331978.36,724.916,724.291,-0.837,-1.064,3.375,-3.625,72.5,73.6,3.539,3.778,0.04,0.064,sí,no,,,4.042,75.3,4.179,-2.569,67.5,2.78,HD-4-1,HD-6-1 (hermana),NO,SI,-0.853,0.016,ok,,medido
HD-6-1,HD,6,1,2TTx56,4,NO,NO,659618.384,4331903.614,4331978.337,724.932,723.967,-1.291,-1.064,3.151,-3.907,71.3,74.8,3.326,4.049,0.019,0.039,sí,no,,,4.042,75.3,4.179,-2.569,67.5,2.78,HD-4-1,HD-6-1 (hermana),NO,SI,-0.857,-0.434,ok,,medido
HD-60-0,HD,60,0,2TTx56,4,SI,SI,659924.326,4331858.012,4331932.79,717.081,715.157,-2.573,-2.723,2.274,-1.088,39.9,21.8,3.548,2.933,0.172,0.02,sí,sí,,,5.154,62.1,5.83,-0.961,19.4,2.888,HD-57-1,HD-63-0,NO,NO,-2.77,0.197,ok,,medido
HD-60-1,HD,60,1,2TTx56,4,SI,SI,659930.324,4331858.061,4331932.839,717.128,714.979,-2.874,-2.723,1.91,-1.096,35.0,21.9,3.326,2.936,0.144,0.02,sí,sí,,,5.154,62.1,5.83,-0.961,19.4,2.888,HD-57-1,HD-63-0,NO,NO,-3.156,0.282,ok,,medido
HD-61-0,HD,61,0,2TTx56,4,SI,NO,659924.293,4331932.994,4332007.782,715.159,713.608,-2.074,-2.081,3.503,-2.339,59.3,48.3,4.074,3.131,0.221,0.021,sí,no,,,7.222,73.9,7.516,-2.146,45.9,2.99,HD-58-1,HD-64-0,NO,NO,-2.37,0.296,ok,,medido
HD-61-1,HD,61,1,2TTx56,4,SI,NO,659930.301,4331933.193,4332007.955,714.987,713.426,-2.088,-2.081,3.67,-1.946,60.4,43.1,4.219,2.849,0.161,0.025,sí,no,,,7.222,73.9,7.516,-2.146,45.9,2.99,HD-58-1,HD-64-0,NO,NO,-2.215,0.127,ok,,medido
HD-62-0,HD,62,0,2TTx56,4,NO,NO,659936.322,4331782.97,4331857.66,718.82,717.113,-2.285,-1.933,1.697,-1.047,41.3,28.4,2.572,2.198,0.049,0.112,no,sí,,,0.513,14.9,2.0,0.675,340.7,2.047,HD-59-1,HD-62-1 (hermana),NO,SI,-1.856,-0.429,ok,,medido
HD-62-1,HD,62,1,2TTx56,4,NO,NO,659942.326,4331782.914,4331857.783,718.598,717.415,-1.58,-1.933,0.716,-2.037,20.3,46.5,2.061,2.808,0.114,0.187,no,,,,0.513,14.9,2.0,0.675,340.7,2.047,HD-59-1,HD-62-1 (hermana),NO,SI,-1.58,,sin dato,,extremo estimado con pendiente de proyecto
HD-63-0,HD,63,0,2TTx56,4,NO,NO,659936.316,4331857.889,4331932.563,717.129,714.876,-3.017,-3.007,1.767,-1.025,30.4,18.8,3.488,3.177,0.112,0.025,sí,sí,,,1.769,30.5,3.489,-0.229,4.4,3.016,HD-63-0 (hermana),HD-66-0,SI,NO,-3.498,0.481,ok,,medido
HD-63-1,HD,63,1,2TTx56,4,NO,NO,659942.289,4331857.915,4331932.592,717.015,714.777,-2.997,-3.007,1.859,-0.537,31.7,10.1,3.535,3.055,0.09,0.027,sí,sí,,,1.769,30.5,3.489,-0.229,4.4,3.016,HD-63-0 (hermana),HD-66-0,SI,NO,-3.726,0.729,atencion,,medido
HD-64-0,HD,64,0,2TTx56,4,NO,NO,659936.275,4331932.824,4332007.482,714.956,713.219,-2.327,-2.283,3.329,-1.825,55.6,38.6,4.036,2.923,0.087,0.015,sí,no,,,2.146,43.2,3.133,-1.927,40.2,2.987,HD-61-1,HD-67-0,NO,NO,-2.154,-0.173,ok,,medido
HD-64-1,HD,64,1,2TTx56,4,NO,NO,659942.289,4331932.817,4332007.495,714.8,713.128,-2.239,-2.283,3.107,-1.679,53.7,36.3,3.855,2.834,0.079,0.08,sí,no,,,2.146,43.2,3.133,-1.927,40.2,2.987,HD-61-1,HD-67-0,NO,NO,-2.127,-0.112,ok,,medido
HD-65-0,HD,65,0,2TTx56,4,NO,NO,659948.305,4331782.945,4331857.632,718.475,717.076,-1.873,-1.625,1.382,-1.405,40.4,40.8,2.133,2.148,0.149,0.221,no,sí,,,3.879,67.3,4.206,3.108,297.6,3.508,HD-62-1,HD-68-0,NO,NO,-1.253,-0.62,atencion,,medido
HD-65-1,HD,65,1,2TTx56,4,NO,NO,659954.311,4331782.934,4331857.634,718.153,717.124,-1.378,-1.625,1.663,-1.723,45.7,46.7,2.325,2.369,0.17,0.293,no,sí,,,3.879,67.3,4.206,3.108,297.6,3.508,HD-62-1,HD-68-0,NO,NO,-0.776,-0.602,atencion,,medido
HD-66-0,HD,66,0,2TTx56,4,NO,NO,659948.343,4331857.944,4331932.605,717.1,714.663,-3.264,-3.278,1.361,-1.21,22.5,20.3,3.549,3.494,0.141,0.13,sí,sí,,,1.453,23.9,3.586,-0.245,4.3,3.287,HD-66-0 (hermana),HD-69-0,SI,NO,-3.932,0.668,atencion,,medido
HD-66-1,HD,66,1,2TTx56,4,NO,NO,659954.304,4331857.937,4331932.605,717.024,714.566,-3.292,-3.278,1.091,-1.143,18.4,19.2,3.455,3.472,0.022,0.136,sí,sí,,,1.453,23.9,3.586,-0.245,4.3,3.287,HD-66-0 (hermana),HD-69-0,SI,NO,-4.289,0.997,atencion,,medido
HD-67-0,HD,67,0,2TTx56,4,NO,NO,659948.324,4331932.845,4332007.488,714.732,712.963,-2.37,-2.365,2.556,-1.494,47.2,32.3,3.482,2.797,0.15,0.061,sí,no,,,1.927,39.2,3.05,-1.239,27.6,2.67,HD-64-1,HD-67-1 (hermana),NO,SI,-2.165,-0.205,ok,,medido
HD-67-1,HD,67,1,2TTx56,4,NO,NO,659954.303,4331932.813,4332007.471,714.655,712.893,-2.36,-2.365,1.757,-1.581,36.6,33.8,2.946,2.845,0.02,0.056,sí,no,,,1.927,39.2,3.05,-1.239,27.6,2.67,HD-64-1,HD-67-1 (hermana),NO,SI,-2.188,-0.172,ok,,medido
HD-68-0,HD,68,0,2TTx56,4,NO,NO,659960.379,4331782.948,4331857.637,718.367,717.287,-1.446,-1.333,0.447,-3.489,18.5,69.1,1.406,3.735,0.1,0.067,no,sí,,,2.372,60.7,2.721,-2.372,60.7,2.721,HD-68-0 (hermana),HD-68-1 (hermana),SI,SI,-0.484,-0.962,atencion,,medido
HD-68-1,HD,68,1,2TTx56,4,NO,NO,659966.356,4331782.958,4331857.658,718.141,717.229,-1.221,-1.333,0.89,-3.744,33.7,70.4,1.603,3.974,0.108,0.086,no,sí,,,2.372,60.7,2.721,-2.372,60.7,2.721,HD-68-0 (hermana),HD-68-1 (hermana),SI,SI,-0.15,-1.071,revisar,,medido
HD-69-0,HD,69,0,2TTx56,4,NO,NO,659960.344,4331857.946,4331932.578,717.015,714.546,-3.308,-3.236,0.802,-1.6,13.9,26.3,3.334,3.61,0.028,0.125,sí,sí,,,0.245,4.3,3.245,0.217,356.2,3.243,HD-66-1,HD-69-1 (hermana),NO,SI,-4.148,0.84,atencion,,medido
HD-69-1,HD,69,1,2TTx56,4,NO,NO,659966.349,4331857.911,4331932.553,716.975,714.614,-3.163,-3.236,0.368,-2.274,6.5,35.1,3.257,3.955,0.022,0.141,sí,sí,,,0.245,4.3,3.245,0.217,356.2,3.243,HD-66-1,HD-69-1 (hermana),NO,SI,-4.277,1.114,revisar,,medido
HD-7-0,HD,7,0,2TTx56,4,NO,NO,659624.337,4331828.693,4331903.39,723.198,724.577,1.846,2.0,3.748,-3.829,118.1,117.6,4.248,4.32,0.072,0.043,no,sí,,,4.95,112.0,5.338,-4.038,116.3,4.506,HD-5-1,HD-7-1 (hermana),NO,SI,1.947,-0.101,ok,,medido
HD-7-1,HD,7,1,2TTx56,4,NO,NO,659630.323,4331828.727,4331903.38,722.842,724.45,2.154,2.0,3.915,-3.728,117.1,118.2,4.396,4.231,0.07,0.031,no,sí,,,4.95,112.0,5.338,-4.038,116.3,4.506,HD-5-1,HD-7-1 (hermana),NO,SI,1.871,0.283,ok,,medido
HD-70-0,HD,70,0,2TTx56,4,NO,NO,659960.36,4331932.81,4332007.5,714.558,712.742,-2.431,-2.57,1.777,-1.501,34.7,30.3,3.125,2.976,0.016,0.08,sí,no,,,2.042,38.5,3.283,-0.172,3.8,2.576,HD-67-1,HD-70-1 (hermana),NO,SI,-2.225,-0.206,ok,,medido
HD-70-1,HD,70,1,2TTx56,4,NO,NO,659966.352,4331932.821,4332007.504,714.651,712.628,-2.709,-2.57,1.219,-1.676,25.4,33.1,2.845,3.068,0.031,0.14,sí,no,,,2.042,38.5,3.283,-0.172,3.8,2.576,HD-67-1,HD-70-1 (hermana),NO,SI,-2.282,-0.427,ok,,medido
HD-71-0,HD,71,0,2TTx56,4,NO,NO,659972.316,4331757.925,4331832.662,717.918,717.252,-0.891,-0.85,2.498,-2.721,71.2,72.7,2.639,2.851,0.236,0.063,no,sí,,,6.109,82.1,6.168,-1.68,63.2,1.883,HD-68-1,HD-71-1 (hermana),NO,SI,-0.759,-0.132,ok,,medido
HD-71-1,HD,71,1,2TTx56,4,NO,NO,659978.324,4331757.953,4331832.651,717.786,717.182,-0.809,-0.85,2.554,-3.094,71.6,74.6,2.692,3.209,0.166,0.022,no,sí,,,6.109,82.1,6.168,-1.68,63.2,1.883,HD-68-1,HD-71-1 (hermana),NO,SI,-0.676,-0.133,ok,,medido
HD-72-0,HD,72,0,2TTx56,4,SI,SI,659972.295,4331832.921,4331907.738,717.299,715.174,-2.84,-2.739,2.118,-1.5,37.7,28.7,3.462,3.123,0.307,0.223,sí,sí,,,7.279,69.4,7.777,-0.899,18.2,2.883,HD-68-1,HD-72-1 (hermana),NO,SI,-3.406,0.566,atencion,,medido
HD-72-1,HD,72,1,2TTx56,4,SI,SI,659978.308,4331833.035,4331907.837,717.166,715.193,-2.638,-2.739,2.0,-1.578,36.1,29.9,3.391,3.161,0.299,0.209,sí,sí,,,7.279,69.4,7.777,-0.899,18.2,2.883,HD-68-1,HD-72-1 (hermana),NO,SI,-3.374,0.736,atencion,,medido
HD-73-0,HD,73,0,2TTx56,4,NO,NO,659972.291,4331908.091,4331982.786,715.133,713.146,-2.66,-2.695,1.258,-1.172,25.0,23.5,2.975,2.939,0.119,0.068,sí,sí,,,3.252,50.3,4.224,-1.303,25.8,2.994,HD-69-1,HD-73-1 (hermana),NO,SI,-2.71,0.05,ok,,medido
HD-73-1,HD,73,1,2TTx56,4,NO,NO,659978.285,4331908.025,4331982.733,715.083,713.043,-2.731,-2.695,1.272,-0.982,25.3,20.0,2.98,2.869,0.102,0.055,sí,sí,,,3.252,50.3,4.224,-1.303,25.8,2.994,HD-69-1,HD-73-1 (hermana),NO,SI,-2.763,0.032,ok,,medido
HD-74-0,HD,74,0,2TTx28,2,NO,NO,659972.289,4331983.023,4332020.786,713.118,712.257,-2.28,-2.27,1.826,-1.045,38.8,24.7,2.913,2.499,0.015,0.085,sí,no,,,2.032,41.8,3.047,-1.225,28.3,2.579,HD-70-1,HD-74-1 (hermana),NO,SI,-1.97,-0.31,ok,,medido
HD-74-1,HD,74,1,2TTx28,2,NO,NO,659978.311,4331983.043,4332020.832,713.04,712.186,-2.26,-2.27,1.639,-0.781,35.8,19.0,2.8,2.401,0.024,0.049,sí,no,,,2.032,41.8,3.047,-1.225,28.3,2.579,HD-70-1,HD-74-1 (hermana),NO,SI,-1.956,-0.304,ok,,medido
HD-75-0,HD,75,0,2TTx56,4,NO,NO,659984.306,4331757.945,4331832.659,717.615,717.011,-0.808,-0.85,2.66,-3.115,72.3,74.7,2.792,3.229,0.159,0.019,no,sí,,,3.446,76.1,3.549,-2.905,73.7,3.027,HD-75-0 (hermana),HD-80-0,SI,NO,-0.708,-0.1,ok,,medido
HD-75-1,HD,75,1,2TTx56,4,NO,NO,659990.291,4331757.916,4331832.629,717.44,716.774,-0.891,-0.85,3.289,-2.949,75.5,73.9,3.397,3.069,0.055,0.033,no,sí,,,3.446,76.1,3.549,-2.905,73.7,3.027,HD-75-0 (hermana),HD-80-0,SI,NO,-0.695,-0.196,ok,,medido
HD-76-0,HD,76,0,2TTx56,4,SI,SI,659984.314,4331832.939,4331907.749,716.892,715.086,-2.414,-2.385,3.049,-1.241,52.0,27.5,3.871,2.688,0.239,0.183,sí,sí,,,3.21,53.4,3.999,1.488,328.0,2.811,HD-72-1,HD-81-0,NO,NO,-3.176,0.762,atencion,,medido
HD-76-1,HD,76,1,2TTx56,4,SI,SI,659990.313,4331833.03,4331907.868,716.749,714.986,-2.356,-2.385,2.793,-1.321,49.5,29.0,3.673,2.726,0.251,0.22,sí,sí,,,3.21,53.4,3.999,1.488,328.0,2.811,HD-72-1,HD-81-0,NO,NO,-3.116,0.76,atencion,,medido
HD-77-0,HD,77,0,2TTx56,4,NO,NO,659984.308,4331908.094,4331982.78,715.039,712.893,-2.873,-2.885,1.483,-0.833,27.2,16.1,3.244,3.003,0.097,0.051,sí,sí,,,1.606,29.1,3.302,0.801,344.5,2.994,HD-77-0 (hermana),HD-82-0,SI,NO,-2.82,-0.053,ok,,medido
HD-77-1,HD,77,1,2TTx56,4,NO,NO,659990.285,4331908.079,4331982.761,714.952,712.789,-2.896,-2.885,1.516,-0.92,27.7,17.7,3.259,3.028,0.1,0.105,sí,sí,,,1.606,29.1,3.302,0.801,344.5,2.994,HD-77-0 (hermana),HD-82-0,SI,NO,-3.171,0.275,ok,,medido
HD-78-0,HD,78,0,2TTx28,2,NO,NO,659984.31,4331983.027,4332020.812,712.898,712.157,-1.961,-1.913,1.578,-0.575,39.5,16.7,2.48,1.997,0.018,0.063,sí,no,,,1.931,45.3,2.718,1.824,316.4,2.643,HD-78-0 (hermana),HD-82-0,SI,NO,-1.932,-0.029,ok,,medido
HD-78-1,HD,78,1,2TTx28,2,NO,NO,659990.312,4331983.024,4332020.776,712.764,712.06,-1.865,-1.913,1.687,-0.294,41.4,8.7,2.551,1.935,0.02,0.127,sí,no,,,1.931,45.3,2.718,1.824,316.4,2.643,HD-78-0 (hermana),HD-82-0,SI,NO,-1.938,0.073,ok,,medido
HD-79-0,HD,79,0,2TTx42,3,NO,NO,659996.295,4331757.95,4331814.186,717.23,716.729,-0.891,-0.949,3.316,-2.64,74.0,70.2,3.449,2.805,0.09,0.03,no,sí,,,3.49,74.8,3.617,-2.34,67.9,2.525,HD-75-1,HD-79-1 (hermana),NO,SI,-0.961,0.07,ok,,medido
HD-79-1,HD,79,1,2TTx42,3,NO,NO,660002.304,4331757.934,4331814.18,717.122,716.556,-1.006,-0.949,2.882,-2.412,71.8,68.5,3.034,2.592,0.03,0.075,no,sí,,,3.49,74.8,3.617,-2.34,67.9,2.525,HD-75-1,HD-79-1 (hermana),NO,SI,-0.985,-0.021,ok,,medido
HD-8-0,HD,8,0,2TTx56,4,NO,NO,659624.341,4331903.626,4331978.306,724.565,723.837,-0.975,-1.138,3.423,-3.774,71.6,73.2,3.607,3.942,0.045,0.023,sí,no,,,4.174,74.7,4.326,-4.089,74.4,4.245,HD-6-1,HD-8-1 (hermana),NO,SI,-0.908,-0.067,ok,,medido
HD-8-1,HD,8,1,2TTx56,4,NO,NO,659630.35,4331903.645,4331978.334,724.441,723.469,-1.301,-1.138,3.678,-3.805,72.8,73.3,3.85,3.972,0.054,0.047,sí,no,,,4.174,74.7,4.326,-4.089,74.4,4.245,HD-6-1,HD-8-1 (hermana),NO,SI,-0.923,-0.378,ok,,medido
HD-80-0,HD,80,0,2TTx56,4,SI,SI,659996.355,4331814.421,4331889.27,716.841,715.509,-1.78,-1.702,2.779,-2.826,58.5,58.9,3.259,3.299,0.203,0.069,sí,sí,,,2.905,59.6,3.367,-1.882,47.9,2.537,HD-75-1,HD-80-1 (hermana),NO,SI,-1.782,0.002,ok,,medido
HD-80-1,HD,80,1,2TTx56,4,SI,SI,660002.361,4331814.535,4331889.39,716.668,715.452,-1.624,-1.702,2.454,-2.977,55.3,60.2,2.986,3.429,0.144,0.13,sí,sí,,,2.905,59.6,3.367,-1.882,47.9,2.537,HD-75-1,HD-80-1 (hermana),NO,SI,-1.679,0.055,ok,,medido
HD-81-0,HD,81,0,2TTx56,4,NO,NO,659996.378,4331889.661,4331964.342,715.563,713.329,-2.991,-3.004,0.631,-2.022,11.9,33.9,3.07,3.621,0.062,0.349,sí,sí,,,0.615,11.6,3.066,-0.615,11.6,3.066,HD-81-0 (hermana),HD-81-1 (hermana),SI,SI,-3.208,0.217,ok,,medido
HD-81-1,HD,81,1,2TTx56,4,NO,NO,660002.375,4331889.616,4331964.297,715.537,713.284,-3.017,-3.004,0.496,-2.512,9.4,39.9,3.045,3.916,0.062,0.353,sí,sí,,,0.615,11.6,3.066,-0.615,11.6,3.066,HD-81-0 (hermana),HD-81-1 (hermana),SI,SI,-3.075,0.058,ok,,medido
HD-82-0,HD,82,0,2TTx56,4,NO,NO,659996.324,4331964.547,4332039.22,713.288,711.756,-2.052,-2.045,0.869,-1.363,23.0,33.7,2.222,2.458,0.102,0.014,sí,no,,,1.134,29.0,2.339,-1.134,29.0,2.339,HD-82-0 (hermana),HD-82-1 (hermana),SI,SI,-1.938,-0.114,ok,,medido
HD-82-1,HD,82,1,2TTx56,4,NO,NO,660002.347,4331964.495,4332039.191,713.216,711.693,-2.039,-2.045,0.655,-1.53,17.8,36.8,2.148,2.554,0.104,0.002,sí,no,,,1.134,29.0,2.339,-1.134,29.0,2.339,HD-82-0 (hermana),HD-82-1 (hermana),SI,SI,-1.845,-0.194,ok,,medido
HD-83-0,HD,83,0,2TTx42,3,NO,NO,660008.346,4331757.973,4331814.228,716.959,716.339,-1.102,-1.162,3.005,-2.001,68.9,59.9,3.222,2.314,0.016,0.044,no,sí,,,3.137,69.7,3.345,-1.529,52.8,1.92,HD-79-1,HD-87-0,NO,NO,-1.082,-0.02,ok,,medido
HD-83-1,HD,83,1,2TTx42,3,NO,NO,660014.338,4331757.965,4331814.225,716.809,716.122,-1.221,-1.162,2.974,-1.61,68.7,54.2,3.193,1.985,0.015,0.061,no,sí,,,3.137,69.7,3.345,-1.529,52.8,1.92,HD-79-1,HD-87-0,NO,NO,-1.203,-0.018,ok,,medido
HD-84-0,HD,84,0,2TTx56,4,SI,SI,660008.375,4331814.426,4331889.273,716.502,715.29,-1.619,-1.516,2.427,-3.108,58.0,64.0,2.862,3.458,0.146,0.164,sí,sí,,,2.757,61.2,3.147,-2.693,60.6,3.09,HD-80-1,HD-84-1 (hermana),NO,SI,-1.713,0.094,ok,,medido
HD-84-1,HD,84,1,2TTx56,4,SI,SI,660014.371,4331814.523,4331889.381,716.262,715.204,-1.413,-1.516,2.513,-3.042,58.9,63.5,2.935,3.399,0.115,0.156,sí,sí,,,2.757,61.2,3.147,-2.693,60.6,3.09,HD-80-1,HD-84-1 (hermana),NO,SI,-1.577,0.164,ok,,medido
HD-85-0,HD,85,0,2TTx56,4,NO,NO,660008.331,4331889.63,4331964.308,715.329,713.129,-2.946,-2.991,1.104,-2.243,20.3,36.9,3.188,3.738,0.115,0.352,sí,sí,,,3.041,45.5,4.265,4.346,304.5,5.276,HD-81-1,HD-89-0,NO,NO,-2.951,0.005,ok,,medido
HD-85-1,HD,85,1,2TTx56,4,NO,NO,660014.336,4331889.611,4331964.289,715.184,712.917,-3.036,-2.991,1.715,-2.142,29.8,35.6,3.448,3.679,0.155,0.39,sí,sí,,,3.041,45.5,4.265,4.346,304.5,5.276,HD-81-1,HD-89-0,NO,NO,-2.707,-0.329,ok,,medido
HD-86-0,HD,86,0,2TTx56,4,NO,NO,660008.329,4331964.498,4332039.189,713.131,711.585,-2.07,-1.973,0.746,-1.406,20.7,35.5,2.11,2.423,0.075,0.0,sí,no,,,1.613,39.3,2.549,-1.406,35.5,2.423,HD-82-1,HD-86-1 (hermana),NO,SI,-1.815,-0.255,ok,,medido
HD-86-1,HD,86,1,2TTx56,4,NO,NO,660014.318,4331964.539,4332039.229,712.974,711.572,-1.877,-1.973,0.996,,26.8,,2.211,,0.07,,sí,no,,,1.613,39.3,2.549,-1.406,35.5,2.423,HD-82-1,HD-86-1 (hermana),NO,SI,-1.728,-0.149,ok,,medido
HD-87-0,HD,87,0,2TTx56,4,NO,NO,660020.358,4331757.99,4331832.703,716.741,715.764,-1.308,-1.428,2.981,-1.976,64.4,54.1,3.305,2.438,0.113,0.056,no,sí,,,4.187,71.2,4.424,-1.05,36.3,1.772,HD-84-1,HD-87-1 (hermana),NO,SI,-1.127,-0.181,ok,,medido
HD-87-1,HD,87,1,2TTx56,4,NO,NO,660026.361,4331757.918,4331832.633,716.769,715.612,-1.549,-1.428,2.524,-2.614,60.5,61.4,2.9,2.979,0.163,0.117,no,sí,,,4.187,71.2,4.424,-1.05,36.3,1.772,HD-84-1,HD-87-1 (hermana),NO,SI,-1.678,0.129,ok,,medido
HD-88-0,HD,88,0,2TTx56,4,NO,NO,660020.348,4331832.803,4331907.711,715.925,714.309,-2.157,-2.106,3.526,-1.548,59.1,36.3,4.107,2.614,0.193,0.06,sí,,,,6.737,72.6,7.059,-0.227,6.1,2.118,HD-85-1,HD-91-0,NO,NO,-2.157,,sin dato,,extremo estimado con pendiente de proyecto
HD-88-1,HD,88,1,2TTx56,4,NO,NO,660026.355,4331832.87,4331907.711,715.773,714.235,-2.055,-2.106,3.089,-2.282,55.7,47.3,3.739,3.105,0.117,0.134,sí,,,,6.737,72.6,7.059,-0.227,6.1,2.118,HD-85-1,HD-91-0,NO,NO,-2.055,,sin dato,,extremo estimado con pendiente de proyecto
HD-89-0,HD,89,0,2TTx28,2,NO,NO,660020.352,4331907.711,4331945.628,715.188,713.453,-4.576,-4.307,0.227,-4.118,3.0,43.7,4.313,5.959,0.081,0.0,,no,,,4.118,43.7,5.959,-4.118,43.7,5.959,HD-89-0 (hermana),HD-89-1 (hermana),SI,SI,-4.577,,sin dato,,extremo estimado con pendiente de proyecto
HD-89-1,HD,89,1,2TTx28,2,NO,NO,660026.331,4331907.711,4331945.575,714.84,713.311,-4.038,-4.307,1.21,-3.159,15.7,36.3,4.474,5.341,0.174,0.0,,no,,,4.118,43.7,5.959,-4.118,43.7,5.959,HD-89-0 (hermana),HD-89-1 (hermana),SI,SI,-4.037,,sin dato,,extremo estimado con pendiente de proyecto
HD-9-0,HD,9,0,2TTx56,4,NO,NO,659636.333,4331828.718,4331903.402,722.678,724.039,1.822,1.821,4.221,-3.281,113.3,119.0,4.597,3.752,0.067,0.033,no,sí,,,4.786,110.8,5.12,-2.73,123.7,3.282,HD-7-1,HD-9-1 (hermana),NO,SI,1.774,0.048,ok,,medido
HD-9-1,HD,9,1,2TTx56,4,NO,NO,659642.322,4331828.692,4331903.372,722.515,723.874,1.82,1.821,3.831,-3.469,115.4,117.7,4.242,3.918,0.071,0.008,no,sí,,,4.786,110.8,5.12,-2.73,123.7,3.282,HD-7-1,HD-9-1 (hermana),NO,SI,1.69,0.13,ok,,medido
HD-90-0,HD,90,0,2TTx56,4,NO,NO,660032.368,4331757.979,4331832.693,716.676,715.328,-1.804,-1.934,2.686,-2.355,54.3,50.6,3.31,3.047,0.217,0.1,no,sí,,,3.121,58.2,3.672,-1.801,43.0,2.642,HD-87-1,HD-90-1 (hermana),NO,SI,-1.979,0.175,ok,,medido
HD-90-1,HD,90,1,2TTx56,4,NO,NO,660038.358,4331757.914,4331832.617,716.666,715.125,-2.063,-1.934,2.769,-2.369,55.1,50.8,3.377,3.058,0.212,0.069,no,sí,,,3.121,58.2,3.672,-1.801,43.0,2.642,HD-87-1,HD-90-1 (hermana),NO,SI,-2.298,0.235,ok,,medido
HD-91-0,HD,91,0,2TTx56,4,NO,NO,660032.345,4331832.864,4331907.562,715.635,714.349,-1.722,-1.68,2.401,-3.031,55.0,61.0,2.931,3.466,0.043,0.101,sí,no,,,2.704,58.1,3.184,-1.682,45.0,2.378,HD-91-0 (hermana),HD-93-0,SI,NO,-1.878,0.156,ok,,medido
HD-91-1,HD,91,1,2TTx56,4,NO,NO,660038.361,4331832.887,4331907.576,715.441,714.217,-1.639,-1.68,2.325,-3.042,54.1,61.1,2.869,3.475,0.07,0.082,sí,no,,,2.704,58.1,3.184,-1.682,45.0,2.378,HD-91-0 (hermana),HD-93-0,SI,NO,-1.708,0.069,ok,,medido
HD-92-0,HD,92,0,2TTx56,4,NO,NO,660044.332,4331757.966,4331832.67,716.585,714.916,-2.234,-2.272,2.418,-2.071,46.8,42.4,3.318,3.074,0.291,0.053,no,sí,,,2.408,46.7,3.311,-1.183,27.5,2.561,HD-90-1,HD-92-1 (hermana),NO,SI,-2.5,0.266,ok,,medido
HD-92-1,HD,92,1,2TTx56,4,NO,NO,660050.345,4331757.955,4331832.667,716.542,714.817,-2.309,-2.272,1.934,-2.278,40.4,45.1,2.983,3.217,0.046,0.051,no,sí,,,2.408,46.7,3.311,-1.183,27.5,2.561,HD-90-1,HD-92-1 (hermana),NO,SI,-2.686,0.377,ok,,medido
HD-93-0,HD,93,0,2TTx56,4,NO,NO,660044.368,4331832.878,4331907.576,715.217,714.239,-1.309,-1.307,2.059,-3.236,57.6,68.0,2.439,3.49,0.138,0.177,sí,no,,,3.932,71.6,4.144,-3.884,71.4,4.098,HD-93-0 (hermana),HD-94-0,SI,NO,-1.644,0.335,ok,,medido
HD-93-1,HD,93,1,2TTx56,4,NO,NO,660050.37,4331832.835,4331907.543,714.98,714.005,-1.305,-1.307,2.478,-2.59,62.2,63.2,2.802,2.901,0.087,0.261,sí,no,,,3.932,71.6,4.144,-3.884,71.4,4.098,HD-93-0 (hermana),HD-94-0,SI,NO,-1.508,0.203,ok,,medido
HD-94-0,HD,94,0,2TTx56,4,NO,NO,660056.321,4331801.396,4331876.075,715.163,714.183,-1.312,-1.38,3.023,-1.32,65.5,43.7,3.323,1.909,0.106,0.203,no,sí,,,3.884,70.4,4.122,-1.5,47.4,2.038,HD-93-1,HD-94-1 (hermana),NO,SI,-1.014,-0.298,ok,,medido
HD-94-1,HD,94,1,2TTx56,4,NO,NO,660062.323,4331801.348,4331876.043,715.124,714.043,-1.447,-1.38,2.667,-1.268,62.6,42.6,3.003,1.874,0.108,0.254,no,sí,,,3.884,70.4,4.122,-1.5,47.4,2.038,HD-93-1,HD-94-1 (hermana),NO,SI,-1.042,-0.405,ok,,medido
HD-95-0,HD,95,0,2TTx56,4,NO,NO,660056.329,4331876.351,4331951.019,714.221,712.598,-2.174,-2.173,2.979,-2.025,53.9,43.0,3.688,2.971,0.205,0.069,sí,sí,,,5.48,68.4,5.895,-1.583,36.1,2.689,HD-93-1,HD-98-0,NO,NO,-2.534,0.36,ok,,medido
HD-95-1,HD,95,1,2TTx56,4,NO,NO,660062.324,4331876.315,4331951.001,714.039,712.416,-2.173,-2.173,3.375,-1.63,57.2,36.9,4.014,2.717,0.138,0.111,sí,sí,,,5.48,68.4,5.895,-1.583,36.1,2.689,HD-93-1,HD-98-0,NO,NO,-2.578,0.405,ok,,medido
HD-96-0,HD,96,0,2TTx56,4,NO,NO,660056.316,4331951.266,4332025.958,712.554,711.432,-1.502,-1.471,,-1.281,,41.1,,1.95,,0.013,sí,no,,,2.666,61.1,3.045,0.322,347.7,1.505,HD-96-0 (hermana),HD-99-0,SI,NO,-1.291,-0.211,ok,,medido
HD-96-1,HD,96,1,2TTx56,4,NO,NO,660062.337,4331951.261,4332025.957,712.37,711.295,-1.439,-1.471,2.666,-0.781,61.1,28.0,3.045,1.665,0.0,0.067,sí,no,,,2.666,61.1,3.045,0.322,347.7,1.505,HD-96-0 (hermana),HD-99-0,SI,NO,-1.397,-0.042,ok,,medido
HD-97-0,HD,97,0,2TTx56,4,NO,NO,660068.307,4331801.453,4331876.123,714.94,713.95,-1.326,-1.385,2.55,-0.969,61.5,35.0,2.902,1.69,0.087,0.343,no,sí,,,2.293,58.9,2.679,2.923,295.3,3.234,HD-94-1,HD-100-0,NO,NO,-1.15,-0.176,ok,,medido
HD-97-1,HD,97,1,2TTx56,4,NO,NO,660074.316,4331801.446,4331876.114,714.908,713.83,-1.444,-1.385,2.17,-0.423,57.5,17.0,2.574,1.448,0.142,0.259,no,sí,,,2.293,58.9,2.679,2.923,295.3,3.234,HD-94-1,HD-100-0,NO,NO,-1.383,-0.061,ok,,medido
HD-98-0,HD,98,0,2TTx56,4,NO,NO,660068.305,4331876.376,4331951.066,713.908,712.355,-2.079,-2.078,3.161,-1.76,56.7,40.3,3.783,2.723,0.103,0.106,sí,sí,,,1.583,37.3,2.612,-1.196,29.9,2.397,HD-95-1,HD-98-1 (hermana),NO,SI,-2.466,0.387,ok,,medido
HD-98-1,HD,98,1,2TTx56,4,NO,NO,660074.276,4331876.357,4331951.048,713.836,712.285,-2.077,-2.078,2.704,-1.967,52.5,43.4,3.41,2.861,0.123,0.096,sí,sí,,,1.583,37.3,2.612,-1.196,29.9,2.397,HD-95-1,HD-98-1 (hermana),NO,SI,-2.292,0.215,ok,,medido
HD-99-0,HD,99,0,2TTx56,4,NO,NO,660068.382,4331951.261,4332025.95,712.34,711.364,-1.307,-1.337,0.87,-1.093,33.1,39.3,1.595,1.727,0.036,0.017,sí,no,,,1.379,45.9,1.92,-1.061,38.4,1.707,HD-99-0 (hermana),HD-102-0,SI,NO,-1.334,0.027,ok,,medido
HD-99-1,HD,99,1,2TTx56,4,NO,NO,660074.355,4331951.263,4332025.97,712.28,711.259,-1.367,-1.337,1.044,-1.02,38.0,37.3,1.696,1.681,0.035,0.02,sí,no,,,1.379,45.9,1.92,-1.061,38.4,1.707,HD-99-0 (hermana),HD-102-0,SI,NO,-1.282,-0.085,ok,,medido
PD-1-0,PD,1,0,2TTx28,2,NO,NO,657843.114,4330396.819,4330434.5,788.288,786.357,-5.125,-5.45,,-3.882,,35.5,,6.691,,0.123,no,no,,,5.532,45.4,7.766,-4.057,36.7,6.794,PD-1-0 (hermana),PD-2-0,SI,NO,-5.722,0.597,atencion,,medido
PD-1-1,PD,1,1,2TTx28,2,NO,NO,657849.103,4330396.898,4330434.558,788.075,785.9,-5.775,-5.45,5.532,-3.098,45.4,29.6,7.766,6.269,-0.0,0.049,no,no,,,5.532,45.4,7.766,-4.057,36.7,6.794,PD-1-0 (hermana),PD-2-0,SI,NO,-5.458,-0.317,ok,,medido
PD-10-0,PD,10,0,2TTx56,4,NO,NO,657915.084,4330408.345,4330482.988,785.416,784.295,-1.502,-1.51,2.069,-1.482,53.9,44.5,2.561,2.116,0.072,0.011,sí,no,,,3.052,63.7,3.405,-1.424,43.3,2.075,PD-8-1,PD-10-1 (hermana),NO,SI,-1.54,0.038,ok,,medido
PD-10-1,PD,10,1,2TTx56,4,NO,NO,657921.101,4330408.303,4330482.941,785.337,784.204,-1.518,-1.51,1.921,-1.458,51.8,44.0,2.443,2.099,0.066,0.012,sí,no,,,3.052,63.7,3.405,-1.424,43.3,2.075,PD-8-1,PD-10-1 (hermana),NO,SI,-1.396,-0.122,ok,,medido
PD-100-0,PD,100,0,2TTx42,3,NO,NO,658155.11,4331057.253,4331113.374,767.749,765.145,-4.64,-4.495,-3.746,4.636,320.2,314.1,5.851,6.457,0.021,0.125,no,no,,,-4.641,314.1,6.461,6.635,304.1,8.014,PD-92-1,PD-109-0,NO,NO,-4.442,-0.198,ok,,medido
PD-100-1,PD,100,1,2TTx42,3,NO,NO,658161.096,4331057.249,4331113.385,767.951,765.509,-4.35,-4.495,-4.159,4.164,317.2,317.2,6.124,6.127,0.047,0.148,no,no,,,-4.641,314.1,6.461,6.635,304.1,8.014,PD-92-1,PD-109-0,NO,NO,-4.3,-0.05,ok,,medido
PD-101-0,PD,101,0,2TTx56,4,NO,NO,658155.079,4331123.543,4331198.086,764.79,761.174,-4.851,-4.919,-2.95,2.601,329.0,332.1,5.736,5.564,0.009,0.092,no,sí,,,-2.798,330.4,5.659,4.539,317.3,6.693,PD-93-1,PD-110-0,NO,NO,-4.718,-0.133,ok,,medido
PD-101-1,PD,101,1,2TTx56,4,NO,NO,658161.084,4331123.626,4331198.178,765.009,761.291,-4.987,-4.919,-2.909,2.419,329.4,333.8,5.715,5.482,0.009,0.125,no,sí,,,-2.798,330.4,5.659,4.539,317.3,6.693,PD-93-1,PD-110-0,NO,NO,-4.924,-0.063,ok,,medido
PD-102-0,PD,102,0,2TTx56,4,NO,NO,658155.029,4331198.452,4331273.036,761.149,758.491,-3.564,-3.599,,0.871,,346.4,,3.703,,0.14,sí,no,,,-0.825,347.1,3.692,1.479,337.7,3.891,PD-102-0 (hermana),PD-110-0,SI,NO,-3.521,-0.043,ok,,medido
PD-102-1,PD,102,1,2TTx56,4,NO,NO,658161.036,4331198.367,4331272.958,761.228,758.517,-3.634,-3.599,-0.825,0.889,347.1,346.1,3.692,3.707,0.0,0.161,sí,no,,,-0.825,347.1,3.692,1.479,337.7,3.891,PD-102-0 (hermana),PD-110-0,SI,NO,-3.704,0.07,ok,,medido
PD-103-0,PD,103,0,2TTx56,4,NO,NO,658167.109,4330637.703,4330712.331,779.794,778.684,-1.487,-1.511,1.298,-1.353,40.7,41.8,1.992,2.029,0.017,0.047,no,no,,,1.16,37.5,1.905,-1.16,37.5,1.905,PD-103-0 (hermana),PD-103-1 (hermana),SI,SI,-1.33,-0.157,ok,,medido
PD-103-1,PD,103,1,2TTx56,4,NO,NO,658173.1,4330637.601,4330712.235,779.744,778.598,-1.535,-1.511,1.258,-1.275,39.8,40.1,1.966,1.977,0.019,0.041,no,no,,,1.16,37.5,1.905,-1.16,37.5,1.905,PD-103-0 (hermana),PD-103-1 (hermana),SI,SI,-1.499,-0.036,ok,,medido
PD-104-0,PD,104,0,2TTx28,2,NO,NO,658179.127,4330190.182,4330227.88,795.129,793.79,-3.552,-3.538,2.055,-1.811,30.1,27.1,4.092,3.975,0.018,0.146,no,sí,,,3.151,41.7,4.738,1.91,331.6,4.021,PD-104-0 (hermana),PD-113-0,SI,NO,-3.387,-0.165,ok,,medido
PD-104-1,PD,104,1,2TTx28,2,NO,NO,658185.132,4330190.172,4330227.876,794.935,793.606,-3.525,-3.538,2.261,-2.082,32.6,30.5,4.199,4.105,0.053,0.256,no,sí,,,3.151,41.7,4.738,1.91,331.6,4.021,PD-104-0 (hermana),PD-113-0,SI,NO,-3.125,-0.4,ok,,medido
PD-105-0,PD,105,0,2TTx56,4,NO,NO,658179.173,4330228.27,4330302.793,793.993,789.804,-5.621,-5.538,0.732,-1.182,7.5,12.0,5.586,5.663,0.105,0.185,sí,sí,,,1.408,14.3,5.715,1.226,347.5,5.672,PD-105-0 (hermana),PD-113-0,SI,NO,-5.636,0.015,ok,,medido
PD-105-1,PD,105,1,2TTx56,4,NO,NO,658185.177,4330228.247,4330302.814,793.848,789.78,-5.455,-5.538,1.17,-1.153,11.9,11.8,5.661,5.657,0.111,0.178,sí,sí,,,1.408,14.3,5.715,1.226,347.5,5.672,PD-105-0 (hermana),PD-113-0,SI,NO,-5.531,0.076,ok,,medido
PD-106-0,PD,106,0,2TTx42,3,NO,NO,658167.074,4330837.107,4330893.288,776.069,775.347,-1.285,-1.227,1.72,-1.567,54.5,51.9,2.113,1.99,0.077,0.022,no,no,,,3.014,67.8,3.254,-1.37,48.1,1.839,PD-96-1,PD-106-1 (hermana),NO,SI,-1.208,-0.077,ok,,medido
PD-106-1,PD,106,1,2TTx42,3,NO,NO,658173.095,4330837.104,4330893.294,775.954,775.297,-1.169,-1.227,1.862,-1.507,56.6,50.8,2.23,1.943,0.037,0.031,no,no,,,3.014,67.8,3.254,-1.37,48.1,1.839,PD-96-1,PD-106-1 (hermana),NO,SI,-1.269,0.1,ok,,medido
PD-107-0,PD,107,0,2TTx56,4,NO,NO,658179.125,4330303.295,4330377.76,789.798,784.398,-7.252,-7.168,-0.545,-0.729,355.7,5.8,7.188,7.205,0.069,0.088,sí,no,,,-0.076,359.4,7.168,0.433,356.5,7.181,PD-98-1,PD-107-1 (hermana),NO,SI,-7.171,-0.081,ok,,medido
PD-107-1,PD,107,1,2TTx56,4,NO,NO,658185.132,4330303.244,4330377.728,789.765,784.489,-7.083,-7.168,-0.398,-0.922,356.8,7.3,7.179,7.227,0.096,0.153,sí,no,,,-0.076,359.4,7.168,0.433,356.5,7.181,PD-98-1,PD-107-1 (hermana),NO,SI,-6.966,-0.117,ok,,medido
PD-108-0,PD,108,0,2TTx56,4,NO,NO,658167.057,4330908.442,4330983.013,775.26,772.419,-3.81,-3.829,,-1.384,,19.9,,4.071,,0.098,no,no,,,1.759,24.7,4.214,-0.592,8.8,3.874,PD-108-0 (hermana),PD-117-0,SI,NO,-4.107,0.297,ok,,medido
PD-108-1,PD,108,1,2TTx56,4,NO,NO,658173.045,4330908.417,4330982.996,775.17,772.3,-3.848,-3.829,1.759,-1.217,24.7,17.6,4.214,4.018,0.0,0.1,no,no,,,1.759,24.7,4.214,-0.592,8.8,3.874,PD-108-0 (hermana),PD-117-0,SI,NO,-3.728,-0.12,ok,,medido
PD-109-0,PD,109,0,2TTx56,4,NO,NO,658167.079,4331038.847,4331113.408,769.079,765.947,-4.201,-4.204,-4.851,3.263,310.9,322.2,6.419,5.322,0.106,0.066,no,no,,,-3.351,321.4,5.376,4.064,316.0,5.847,PD-109-0 (hermana),PD-118-0,SI,NO,-4.289,0.088,ok,,medido
PD-109-1,PD,109,1,2TTx56,4,NO,NO,658173.062,4331038.878,4331113.447,769.281,766.143,-4.208,-4.204,-4.687,3.223,311.9,322.5,6.296,5.298,0.08,0.071,no,no,,,-3.351,321.4,5.376,4.064,316.0,5.847,PD-109-0 (hermana),PD-118-0,SI,NO,-4.16,-0.048,ok,,medido
PD-11-0,PD,11,0,2TTx56,4,NO,NO,657927.074,4330333.423,4330408.061,786.624,785.122,-2.012,-2.091,3.033,-1.608,55.4,37.6,3.684,2.638,0.091,0.029,no,sí,,,2.255,47.2,3.075,-0.824,21.5,2.248,PD-9-1,PD-13-0,NO,NO,-2.068,0.056,ok,,medido
PD-11-1,PD,11,1,2TTx56,4,NO,NO,657933.096,4330333.366,4330407.989,786.569,784.95,-2.17,-2.091,2.727,-1.57,52.5,36.9,3.436,2.615,0.1,0.045,no,sí,,,2.255,47.2,3.075,-0.824,21.5,2.248,PD-9-1,PD-13-0,NO,NO,-2.293,0.123,ok,,medido
PD-110-0,PD,110,0,2TTx42,3,NO,NO,658167.003,4331180.316,4331236.438,762.443,759.691,-4.904,-4.929,-2.614,1.616,332.1,341.8,5.58,5.188,0.163,0.01,no,sí,,,-1.479,343.3,5.147,1.737,340.6,5.226,PD-102-1,PD-119-0,NO,NO,-4.792,-0.112,ok,,medido
PD-110-1,PD,110,1,2TTx42,3,NO,NO,658173.023,4331180.322,4331236.443,762.55,759.769,-4.955,-4.929,-2.325,1.873,334.7,339.2,5.45,5.273,0.18,0.045,no,sí,,,-1.479,343.3,5.147,1.737,340.6,5.226,PD-102-1,PD-119-0,NO,NO,-4.829,-0.126,ok,,medido
PD-111-0,PD,111,0,2TTx56,4,NO,NO,658166.962,4331236.819,4331311.447,759.643,757.63,-2.697,-2.687,-0.062,0.521,358.7,349.0,2.687,2.737,0.022,0.122,sí,no,,,0.306,6.5,2.704,0.489,349.7,2.731,PD-102-1,PD-120-0,NO,NO,-2.674,-0.023,ok,,medido
PD-111-1,PD,111,1,2TTx56,4,NO,NO,658172.998,4331236.769,4331311.395,759.649,757.652,-2.676,-2.687,-0.087,0.694,358.1,345.5,2.688,2.775,0.02,0.15,sí,no,,,0.306,6.5,2.704,0.489,349.7,2.731,PD-102-1,PD-120-0,NO,NO,-2.82,0.144,ok,,medido
PD-112-0,PD,112,0,2TTx42,3,NO,NO,658179.046,4330653.556,4330709.742,779.322,778.581,-1.319,-1.171,1.476,-1.007,51.6,40.7,1.884,1.544,0.028,0.019,no,no,,,1.953,59.1,2.277,-1.08,42.7,1.593,PD-103-1,PD-112-1 (hermana),NO,SI,-1.187,-0.132,ok,,medido
PD-112-1,PD,112,1,2TTx42,3,NO,NO,658185.07,4330653.541,4330709.747,779.174,778.599,-1.023,-1.171,1.358,-0.944,49.2,38.9,1.793,1.504,0.019,0.015,no,no,,,1.953,59.1,2.277,-1.08,42.7,1.593,PD-103-1,PD-112-1 (hermana),NO,SI,-1.206,0.183,ok,,medido
PD-113-0,PD,113,0,2TTx28,2,NO,NO,658191.117,4330208.63,4330246.338,794.379,793.127,-3.32,-3.173,0.978,-2.944,17.1,42.9,3.321,4.329,0.184,0.117,no,sí,,,1.341,22.9,3.445,-1.341,22.9,3.445,PD-113-0 (hermana),PD-113-1 (hermana),SI,SI,-3.926,0.606,atencion,,medido
PD-113-1,PD,113,1,2TTx28,2,NO,NO,658197.137,4330208.626,4330246.329,794.243,793.102,-3.026,-3.173,0.805,-3.357,14.2,46.6,3.274,4.619,0.099,0.078,no,sí,,,1.341,22.9,3.445,-1.341,22.9,3.445,PD-113-0 (hermana),PD-113-1 (hermana),SI,SI,-3.475,0.449,ok,,medido
PD-114-0,PD,114,0,2TTx42,3,NO,NO,658179.107,4330834.106,4330890.336,775.989,775.175,-1.448,-1.568,1.795,-1.555,48.9,44.8,2.383,2.208,0.023,0.031,no,no,,,1.948,51.2,2.501,-1.8,48.9,2.387,PD-114-0 (hermana),PD-124-0,SI,NO,-1.485,0.037,ok,,medido
PD-114-1,PD,114,1,2TTx42,3,NO,NO,658185.102,4330834.096,4330890.306,775.94,774.991,-1.688,-1.568,1.85,-1.266,49.7,38.9,2.425,2.015,0.026,0.016,no,no,,,1.948,51.2,2.501,-1.8,48.9,2.387,PD-114-0 (hermana),PD-124-0,SI,NO,-1.388,-0.3,ok,,medido
PD-115-0,PD,115,0,2TTx56,4,NO,NO,658191.091,4330246.723,4330321.247,793.084,788.458,-6.207,-6.303,0.389,-1.434,3.5,12.8,6.315,6.464,0.113,0.129,sí,sí,,,1.857,16.4,6.571,-0.006,0.1,6.303,PD-107-1,PD-125-0,NO,NO,-6.022,-0.185,ok,,medido
PD-115-1,PD,115,1,2TTx56,4,NO,NO,658197.201,4330246.718,4330321.232,793.084,788.316,-6.399,-6.303,0.858,-1.51,7.8,13.5,6.361,6.481,0.133,0.204,sí,sí,,,1.857,16.4,6.571,-0.006,0.1,6.303,PD-107-1,PD-125-0,NO,NO,-6.048,-0.351,ok,,medido
PD-116-0,PD,116,0,2TTx42,3,NO,NO,658191.167,4330321.673,4330377.753,788.397,784.468,-7.006,-6.897,-0.017,-0.368,359.9,3.1,6.897,6.907,0.042,0.072,sí,no,,,1.417,11.6,7.041,-0.192,1.6,6.9,PD-116-0 (hermana),PD-128-0,SI,NO,-6.854,-0.152,ok,,medido
PD-116-1,PD,116,1,2TTx42,3,NO,NO,658197.143,4330321.647,4330377.731,788.253,784.446,-6.788,-6.897,0.503,-0.09,4.2,0.7,6.915,6.898,0.065,0.085,sí,no,,,1.417,11.6,7.041,-0.192,1.6,6.9,PD-116-0 (hermana),PD-128-0,SI,NO,-6.717,-0.071,ok,,medido
PD-117-0,PD,117,0,2TTx56,4,NO,NO,658179.084,4330908.423,4330983.004,775.218,772.18,-4.073,-3.967,1.056,-1.611,14.9,22.1,4.105,4.282,0.014,0.086,no,no,,,0.592,8.5,4.011,-0.188,2.7,3.972,PD-108-1,PD-117-1 (hermana),NO,SI,-3.803,-0.27,ok,,medido
PD-117-1,PD,117,1,2TTx56,4,NO,NO,658185.114,4330908.28,4330983.001,775.133,772.248,-3.861,-3.967,0.667,-1.267,9.5,17.7,4.023,4.165,0.032,0.238,no,no,,,0.592,8.5,4.011,-0.188,2.7,3.972,PD-108-1,PD-117-1 (hermana),NO,SI,-3.621,-0.24,ok,,medido
PD-118-0,PD,118,0,2TTx56,4,NO,NO,658179.097,4331038.885,4331113.452,769.571,766.343,-4.329,-4.143,-4.491,2.802,312.7,325.9,6.11,5.002,0.094,0.118,no,no,,,-2.667,327.2,4.927,3.103,323.2,5.176,PD-118-0 (hermana),PD-130-0,SI,NO,-4.143,-0.186,ok,,medido
PD-118-1,PD,118,1,2TTx56,4,NO,NO,658185.08,4331038.857,4331113.435,769.593,766.642,-3.957,-4.143,-4.07,2.485,315.5,329.0,5.808,4.831,0.127,0.096,no,no,,,-2.667,327.2,4.927,3.103,323.2,5.176,PD-118-0 (hermana),PD-130-0,SI,NO,-4.068,0.111,ok,,medido
PD-119-0,PD,119,0,2TTx42,3,NO,NO,658179.09,4331180.337,4331236.443,762.636,759.893,-4.889,-4.986,-1.979,2.04,338.4,337.7,5.365,5.387,0.126,0.056,no,sí,,,-1.737,340.8,5.28,1.739,340.8,5.281,PD-110-1,PD-119-1 (hermana),NO,SI,-4.939,0.05,ok,,medido
PD-119-1,PD,119,1,2TTx42,3,NO,NO,658185.079,4331180.331,4331236.436,762.795,759.943,-5.083,-4.986,-2.12,2.1,337.0,337.2,5.418,5.41,0.135,0.034,no,sí,,,-1.737,340.8,5.28,1.739,340.8,5.281,PD-110-1,PD-119-1 (hermana),NO,SI,-5.022,-0.061,ok,,medido
PD-12-0,PD,12,0,2TTx56,4,NO,NO,657927.094,4330408.359,4330483.004,785.13,784.224,-1.214,-1.123,1.705,-1.414,56.6,51.6,2.041,1.806,0.081,0.009,sí,no,,,1.547,54.0,1.911,-1.29,49.0,1.71,PD-10-1,PD-12-1 (hermana),NO,SI,-1.233,0.019,ok,,medido
PD-12-1,PD,12,1,2TTx56,4,NO,NO,657933.092,4330408.331,4330482.964,784.985,784.215,-1.032,-1.123,1.638,-1.237,55.6,47.8,1.986,1.671,0.089,0.048,sí,no,,,1.547,54.0,1.911,-1.29,49.0,1.71,PD-10-1,PD-12-1 (hermana),NO,SI,-1.07,0.038,ok,,medido
PD-120-0,PD,120,0,2TTx56,4,NO,NO,658179.071,4331236.787,4331311.392,759.813,757.547,-3.037,-3.112,-0.49,0.339,351.1,353.8,3.151,3.131,0.017,0.124,sí,no,,,-0.34,353.8,3.131,0.786,345.8,3.21,PD-120-0 (hermana),PD-132-0,SI,NO,-2.988,-0.049,ok,,medido
PD-120-1,PD,120,1,2TTx56,4,NO,NO,658185.044,4331236.794,4331311.403,759.889,757.511,-3.187,-3.112,-0.478,0.491,351.3,351.0,3.149,3.151,0.024,0.14,sí,no,,,-0.34,353.8,3.131,0.786,345.8,3.21,PD-120-0 (hermana),PD-132-0,SI,NO,-3.203,0.016,ok,,medido
PD-121-0,PD,121,0,2TTx42,3,NO,NO,658191.073,4330653.686,4330709.884,779.041,778.508,-0.948,-1.004,1.484,-0.586,55.9,30.3,1.792,1.162,0.024,0.041,no,no,,,1.843,61.4,2.098,0.095,354.6,1.008,PD-112-1,PD-121-1 (hermana),NO,SI,-1.217,0.269,ok,,medido
PD-121-1,PD,121,1,2TTx42,3,NO,NO,658197.078,4330653.563,4330709.754,779.079,778.484,-1.059,-1.004,1.107,-1.052,47.8,46.3,1.494,1.454,0.027,0.027,no,no,,,1.843,61.4,2.098,0.095,354.6,1.008,PD-112-1,PD-121-1 (hermana),NO,SI,-1.396,0.337,ok,,medido
PD-122-0,PD,122,0,2TTx28,2,NO,NO,658191.049,4330767.443,4330805.179,777.517,776.636,-2.335,-2.298,,-0.286,,7.1,,2.315,,0.035,no,no,,,0.991,23.3,2.502,-0.386,9.5,2.33,PD-122-0 (hermana),PD-135-0,SI,NO,-2.031,-0.304,ok,,medido
PD-122-1,PD,122,1,2TTx28,2,NO,NO,658197.055,4330767.38,4330805.111,777.445,776.592,-2.261,-2.298,0.991,0.008,23.3,359.8,2.502,2.298,0.0,0.029,no,no,,,0.991,23.3,2.502,-0.386,9.5,2.33,PD-122-0 (hermana),PD-135-0,SI,NO,-1.894,-0.367,ok,,medido
PD-123-0,PD,123,0,2TTx28,2,NO,NO,658203.122,4330208.587,4330246.282,793.804,792.758,-2.775,-2.567,2.238,-2.295,41.1,41.8,3.405,3.443,0.259,0.106,no,sí,,,6.562,68.6,7.046,0.07,358.4,2.568,PD-113-1,PD-136-0,NO,NO,-2.874,0.099,ok,,medido
PD-123-1,PD,123,1,2TTx28,2,NO,NO,658209.157,4330208.646,4330246.336,793.51,792.621,-2.359,-2.567,2.693,-2.123,46.4,39.6,3.72,3.331,0.283,0.13,no,sí,,,6.562,68.6,7.046,0.07,358.4,2.568,PD-113-1,PD-136-0,NO,NO,-2.825,0.466,ok,,medido
PD-124-0,PD,124,0,2TTx42,3,NO,NO,658191.145,4330831.114,4330887.315,775.839,774.971,-1.544,-1.618,1.666,-0.41,45.8,14.2,2.323,1.67,0.021,0.0,no,no,,,1.8,48.0,2.421,-0.41,14.2,1.67,PD-114-1,PD-124-1 (hermana),NO,SI,-1.523,-0.021,ok,,medido
PD-124-1,PD,124,1,2TTx42,3,NO,NO,658197.09,4330831.062,4330887.255,775.857,774.906,-1.692,-1.618,1.314,,39.1,,2.085,,0.015,,no,no,,,1.8,48.0,2.421,-0.41,14.2,1.67,PD-114-1,PD-124-1 (hermana),NO,SI,-1.75,0.058,ok,,medido
PD-125-0,PD,125,0,2TTx56,4,NO,NO,658203.13,4330246.721,4330321.25,793.053,788.345,-6.317,-6.265,0.613,-1.87,5.6,16.6,6.295,6.538,0.103,0.157,sí,sí,,,2.459,21.4,6.73,0.092,359.2,6.265,PD-125-0 (hermana),PD-138-0,SI,NO,-6.05,-0.267,ok,,medido
PD-125-1,PD,125,1,2TTx56,4,NO,NO,658209.15,4330246.738,4330321.264,792.865,788.235,-6.213,-6.265,1.047,-1.799,9.5,16.0,6.352,6.518,0.085,0.154,sí,sí,,,2.459,21.4,6.73,0.092,359.2,6.265,PD-125-0 (hermana),PD-138-0,SI,NO,-5.919,-0.294,ok,,medido
PD-126-0,PD,126,0,2TTx56,4,NO,NO,658168.491,4331962.253,4332036.921,743.22,741.834,-1.856,-1.877,,1.132,,328.9,,2.192,,0.017,no,sí,,,-1.287,325.6,2.276,1.287,325.6,2.276,PD-126-0 (hermana),PD-126-1 (hermana),SI,SI,-1.938,0.082,ok,,medido
PD-126-1,PD,126,1,2TTx56,4,NO,NO,658174.479,4331962.191,4332036.885,743.314,741.896,-1.898,-1.877,-1.287,0.673,325.6,340.3,2.276,1.994,0.0,0.064,no,sí,,,-1.287,325.6,2.276,1.287,325.6,2.276,PD-126-0 (hermana),PD-126-1 (hermana),SI,SI,-1.807,-0.091,ok,,medido
PD-127-0,PD,127,0,2TTx56,4,NO,NO,658191.134,4330905.484,4330980.043,774.819,772.248,-3.448,-3.339,1.88,-0.147,29.4,2.5,3.832,3.342,0.149,0.111,no,no,,,4.357,52.5,5.489,0.326,354.4,3.355,PD-117-1,PD-127-1 (hermana),NO,SI,-3.393,-0.055,ok,,medido
PD-127-1,PD,127,1,2TTx56,4,NO,NO,658197.142,4330905.451,4330980.052,774.758,772.349,-3.229,-3.339,1.309,-0.372,21.4,6.4,3.586,3.359,0.082,0.095,no,no,,,4.357,52.5,5.489,0.326,354.4,3.355,PD-117-1,PD-127-1 (hermana),NO,SI,-3.245,0.016,ok,,medido
PD-128-0,PD,128,0,2TTx42,3,NO,NO,658203.148,4330321.649,4330377.744,788.168,784.507,-6.526,-6.395,0.554,-0.238,5.0,2.1,6.419,6.399,0.037,0.109,sí,no,,,1.178,10.4,6.503,2.521,338.5,6.874,PD-128-0 (hermana),PD-138-0,SI,NO,-6.551,0.025,ok,,medido
PD-128-1,PD,128,1,2TTx42,3,NO,NO,658209.141,4330321.66,4330377.762,788.023,784.509,-6.264,-6.395,0.87,-0.267,7.7,2.4,6.454,6.401,0.018,0.167,sí,no,,,1.178,10.4,6.503,2.521,338.5,6.874,PD-128-0 (hermana),PD-138-0,SI,NO,-6.426,0.162,ok,,medido
PD-129-0,PD,129,0,2TTx56,4,NO,NO,658168.527,4332037.191,4332111.84,741.776,739.977,-2.41,-2.448,,1.903,,322.1,,3.101,,0.069,sí,no,,,-2.002,320.7,3.162,2.002,320.7,3.162,PD-129-0 (hermana),PD-129-1 (hermana),SI,SI,-2.257,-0.153,ok,,medido
PD-129-1,PD,129,1,2TTx56,4,NO,NO,658174.489,4332037.136,4332111.8,741.925,740.069,-2.486,-2.448,-2.002,1.306,320.7,331.9,3.162,2.774,-0.0,0.171,sí,no,,,-2.002,320.7,3.162,2.002,320.7,3.162,PD-129-0 (hermana),PD-129-1 (hermana),SI,SI,-2.365,-0.121,ok,,medido
PD-13-0,PD,13,0,2TTx56,4,NO,NO,657939.155,4330333.455,4330408.077,786.631,784.784,-2.475,-2.501,1.799,-1.652,35.7,33.4,3.081,2.998,0.06,0.044,no,sí,,,1.92,37.5,3.153,-1.92,37.5,3.153,PD-13-0 (hermana),PD-13-1 (hermana),SI,SI,-2.547,0.072,ok,,medido
PD-13-1,PD,13,1,2TTx56,4,NO,NO,657945.153,4330333.429,4330408.05,786.536,784.65,-2.527,-2.501,1.63,-1.535,33.1,31.5,2.986,2.935,0.023,0.039,no,sí,,,1.92,37.5,3.153,-1.92,37.5,3.153,PD-13-0 (hermana),PD-13-1 (hermana),SI,SI,-2.67,0.143,ok,,medido
PD-130-0,PD,130,0,2TTx42,3,NO,NO,658191.049,4331019.08,4331075.201,770.561,768.34,-3.958,-3.832,-3.341,1.4,318.9,339.9,5.084,4.08,0.126,0.033,no,sí,,,-1.953,333.0,4.301,2.077,331.5,4.359,PD-130-0 (hermana),PD-142-0,SI,NO,-3.956,-0.002,ok,,medido
PD-130-1,PD,130,1,2TTx42,3,NO,NO,658197.045,4331019.104,4331075.234,770.607,768.526,-3.707,-3.832,-2.787,1.137,324.0,343.5,4.739,3.998,0.085,0.074,no,sí,,,-1.953,333.0,4.301,2.077,331.5,4.359,PD-130-0 (hermana),PD-142-0,SI,NO,-3.822,0.115,ok,,medido
PD-131-0,PD,131,0,2TTx28,2,NO,NO,658191.091,4331075.597,4331113.299,768.209,766.903,-3.464,-3.795,-3.68,1.937,315.9,333.0,5.286,4.261,0.071,0.116,sí,no,,,-2.707,324.5,4.661,3.873,314.4,5.423,PD-118-1,PD-131-1 (hermana),NO,SI,-3.998,0.534,atencion,,medido
PD-131-1,PD,131,1,2TTx28,2,NO,NO,658197.064,4331075.601,4331113.313,768.565,767.009,-4.126,-3.795,-3.482,1.039,317.5,344.7,5.15,3.935,0.023,0.018,sí,no,,,-2.707,324.5,4.661,3.873,314.4,5.423,PD-118-1,PD-131-1 (hermana),NO,SI,-3.886,-0.24,ok,,medido
PD-132-0,PD,132,0,2TTx56,4,NO,NO,658191.032,4331180.354,4331254.919,762.793,759.212,-4.803,-4.98,-1.485,2.157,343.4,336.6,5.196,5.427,0.11,0.12,no,sí,,,-0.786,351.0,5.041,2.912,329.7,5.769,PD-120-1,PD-132-1 (hermana),NO,SI,-4.963,0.16,ok,,medido
PD-132-1,PD,132,1,2TTx56,4,NO,NO,658197.042,4331180.317,4331254.877,763.102,759.257,-5.157,-4.98,-1.685,1.738,341.3,340.8,5.257,5.274,0.118,0.045,no,sí,,,-0.786,351.0,5.041,2.912,329.7,5.769,PD-120-1,PD-132-1 (hermana),NO,SI,-4.992,-0.165,ok,,medido
PD-133-0,PD,133,0,2TTx42,3,NO,NO,658203.096,4330652.105,4330708.294,779.145,778.352,-1.411,-1.355,0.97,-1.188,35.6,41.2,1.667,1.802,0.05,0.026,no,no,,,1.227,42.2,1.828,-0.692,27.0,1.522,PD-133-0 (hermana),PD-147-0,SI,NO,-1.44,0.029,ok,,medido
PD-133-1,PD,133,1,2TTx42,3,NO,NO,658209.103,4330652.096,4330708.274,779.04,778.31,-1.299,-1.355,0.881,-1.038,33.0,37.4,1.617,1.707,0.021,0.026,no,no,,,1.227,42.2,1.828,-0.692,27.0,1.522,PD-133-0 (hermana),PD-147-0,SI,NO,-1.412,0.113,ok,,medido
PD-134-0,PD,134,0,2TTx56,4,NO,NO,658191.027,4331255.258,4331329.891,759.153,757.232,-2.574,-2.678,-0.233,0.311,355.0,353.4,2.688,2.696,0.015,0.18,sí,no,,,0.401,8.5,2.708,-0.239,5.1,2.688,PD-134-0 (hermana),PD-146-0,SI,NO,-2.687,0.113,ok,,medido
PD-134-1,PD,134,1,2TTx56,4,NO,NO,658197.037,4331255.237,4331329.868,759.207,757.131,-2.782,-2.678,-0.102,0.352,357.8,352.5,2.68,2.701,0.03,0.154,sí,no,,,0.401,8.5,2.708,-0.239,5.1,2.688,PD-134-0 (hermana),PD-146-0,SI,NO,-2.701,-0.081,ok,,medido
PD-135-0,PD,135,0,2TTx28,2,NO,NO,658203.113,4330767.383,4330805.116,777.474,776.516,-2.539,-2.322,0.627,-0.591,15.1,14.3,2.405,2.396,0.007,0.122,no,no,,,0.386,9.4,2.354,1.397,329.0,2.709,PD-122-1,PD-149-0,NO,NO,-1.808,-0.731,atencion,,medido
PD-135-1,PD,135,1,2TTx28,2,NO,NO,658209.115,4330767.325,4330805.057,777.373,776.579,-2.104,-2.322,0.495,-0.638,12.0,15.4,2.374,2.408,0.014,0.138,no,no,,,0.386,9.4,2.354,1.397,329.0,2.709,PD-122-1,PD-149-0,NO,NO,-1.719,-0.385,ok,,medido
PD-136-0,PD,136,0,2TTx56,4,NO,NO,658215.076,4330228.301,4330302.849,793.294,789.523,-5.058,-4.915,1.928,-2.085,21.4,23.0,5.279,5.339,0.191,0.141,no,sí,,,3.047,31.8,5.782,-3.047,31.8,5.782,PD-136-0 (hermana),PD-136-1 (hermana),SI,SI,-4.996,-0.062,ok,,medido
PD-136-1,PD,136,1,2TTx56,4,NO,NO,658221.068,4330228.263,4330302.823,793.006,789.449,-4.771,-4.915,2.514,-1.732,27.1,19.4,5.52,5.211,0.199,0.113,no,sí,,,3.047,31.8,5.782,-3.047,31.8,5.782,PD-136-0 (hermana),PD-136-1 (hermana),SI,SI,-4.871,0.1,ok,,medido
PD-137-0,PD,137,0,2TTx56,4,NO,NO,658180.475,4331962.211,4332036.913,743.312,741.991,-1.768,-1.704,-0.985,-0.721,330.0,22.9,1.968,1.85,0.012,0.226,no,sí,,,-0.783,335.3,1.875,1.608,316.7,2.343,PD-126-1,PD-137-1 (hermana),NO,SI,-1.606,-0.162,ok,,medido
PD-137-1,PD,137,1,2TTx56,4,NO,NO,658186.511,4331962.209,4332036.865,743.361,742.137,-1.64,-1.704,-1.246,-1.72,323.8,45.3,2.111,2.421,0.006,0.146,no,sí,,,-0.783,335.3,1.875,1.608,316.7,2.343,PD-126-1,PD-137-1 (hermana),NO,SI,-1.396,-0.244,ok,,medido
PD-138-0,PD,138,0,2TTx56,4,NO,NO,658215.132,4330303.189,4330377.703,789.377,784.636,-6.363,-6.351,0.298,-1.457,2.7,12.9,6.358,6.516,0.144,0.027,sí,no,,,1.008,9.0,6.431,-1.008,9.0,6.431,PD-138-0 (hermana),PD-138-1 (hermana),SI,SI,-6.894,0.531,atencion,,medido
PD-138-1,PD,138,1,2TTx56,4,NO,NO,658221.144,4330303.153,4330377.672,789.31,784.586,-6.339,-6.351,0.285,-1.174,2.6,10.5,6.357,6.459,0.129,0.061,sí,no,,,1.008,9.0,6.431,-1.008,9.0,6.431,PD-138-0 (hermana),PD-138-1 (hermana),SI,SI,-6.318,-0.021,ok,,medido
PD-139-0,PD,139,0,2TTx56,4,NO,NO,658203.075,4330902.562,4330977.054,774.494,772.513,-2.659,-2.931,1.72,0.121,30.4,357.6,3.399,2.934,0.069,0.072,no,no,,,2.306,38.2,3.73,2.935,315.0,4.148,PD-127-1,PD-153-0,NO,NO,-2.998,0.339,ok,,medido
PD-139-1,PD,139,1,2TTx56,4,NO,NO,658209.13,4330902.39,4330976.998,774.697,772.307,-3.203,-2.931,1.277,1.027,23.5,340.7,3.197,3.106,0.092,0.114,no,no,,,2.306,38.2,3.73,2.935,315.0,4.148,PD-127-1,PD-153-0,NO,NO,-2.885,-0.318,ok,,medido
PD-14-0,PD,14,0,2TTx56,4,NO,NO,657939.151,4330408.33,4330482.956,784.825,784.155,-0.898,-0.809,1.544,-0.931,62.4,49.0,1.743,1.233,0.016,0.028,sí,no,,,1.816,66.0,1.988,-0.975,50.3,1.267,PD-12-1,PD-14-1 (hermana),NO,SI,-0.848,-0.05,ok,,medido
PD-14-1,PD,14,1,2TTx56,4,NO,NO,657945.145,4330408.326,4330482.979,784.7,784.163,-0.719,-0.809,1.379,-0.853,59.6,46.5,1.599,1.175,0.007,0.022,sí,no,,,1.816,66.0,1.988,-0.975,50.3,1.267,PD-12-1,PD-14-1 (hermana),NO,SI,-0.664,-0.055,ok,,medido
PD-140-0,PD,140,0,2TTx56,4,NO,NO,658180.502,4332037.167,4332111.818,741.997,740.101,-2.54,-2.515,-1.323,0.769,332.3,343.0,2.842,2.63,0.027,0.262,sí,no,,,-0.875,340.8,2.663,3.996,302.2,4.722,PD-129-1,PD-154-0,NO,NO,-2.436,-0.104,ok,,medido
PD-140-1,PD,140,1,2TTx56,4,NO,NO,658186.488,4332037.16,4332111.817,742.091,740.232,-2.49,-2.515,-1.545,0.297,328.4,353.3,2.952,2.532,0.02,0.224,sí,no,,,-0.875,340.8,2.663,3.996,302.2,4.722,PD-129-1,PD-154-0,NO,NO,-2.504,0.014,ok,,medido
PD-141-0,PD,141,0,2TTx56,4,NO,NO,658177.975,4332164.831,4332239.504,739.179,737.833,-1.803,-1.827,,-0.368,,11.4,,1.864,,0.046,no,sí,,,1.438,38.2,2.325,-0.379,11.7,1.866,PD-141-0 (hermana),PD-155-0,SI,NO,-1.883,0.08,ok,,medido
PD-141-1,PD,141,1,2TTx56,4,NO,NO,658183.964,4332164.745,4332239.414,739.113,737.73,-1.852,-1.827,1.438,0.407,38.2,347.4,2.325,1.872,-0.0,0.047,no,sí,,,1.438,38.2,2.325,-0.379,11.7,1.866,PD-141-0 (hermana),PD-155-0,SI,NO,-1.941,0.089,ok,,medido
PD-142-0,PD,142,0,2TTx28,2,NO,NO,658203.07,4331002.782,4331040.482,771.177,770.003,-3.114,-3.117,-1.738,0.888,330.9,344.1,3.568,3.241,0.01,0.032,no,no,,,-1.425,335.4,3.427,1.425,335.4,3.427,PD-142-0 (hermana),PD-142-1 (hermana),SI,SI,-3.764,0.65,atencion,,medido
PD-142-1,PD,142,1,2TTx28,2,NO,NO,658209.069,4331002.795,4331040.499,771.263,770.087,-3.119,-3.117,-1.614,0.467,332.6,351.5,3.51,3.151,0.011,0.019,no,no,,,-1.425,335.4,3.427,1.425,335.4,3.427,PD-142-0 (hermana),PD-142-1 (hermana),SI,SI,-3.625,0.506,atencion,,medido
PD-143-0,PD,143,0,2TTx56,4,NO,NO,658177.991,4332239.749,4332314.401,737.803,735.98,-2.442,-2.445,,-0.889,,20.0,,2.602,,0.021,sí,no,,,1.26,27.3,2.751,-0.455,10.5,2.487,PD-143-0 (hermana),PD-157-0,SI,NO,-2.323,-0.119,ok,,medido
PD-143-1,PD,143,1,2TTx56,4,NO,NO,658184.003,4332239.698,4332314.348,737.731,735.903,-2.449,-2.445,1.26,-0.686,27.3,15.7,2.751,2.54,0.0,0.019,sí,no,,,1.26,27.3,2.751,-0.455,10.5,2.487,PD-143-0 (hermana),PD-157-0,SI,NO,-2.393,-0.056,ok,,medido
PD-144-0,PD,144,0,2TTx28,2,NO,NO,658203.09,4331075.685,4331113.381,768.546,767.087,-3.87,-4.032,-2.476,1.026,328.4,345.7,4.732,4.161,0.117,0.049,no,no,,,-0.54,352.4,4.068,1.842,335.5,4.433,PD-131-1,PD-144-1 (hermana),NO,SI,-4.017,0.147,ok,,medido
PD-144-1,PD,144,1,2TTx28,2,NO,NO,658209.118,4331075.56,4331113.259,768.723,767.142,-4.194,-4.032,-2.037,0.714,333.2,350.0,4.517,4.095,0.102,0.032,no,no,,,-0.54,352.4,4.068,1.842,335.5,4.433,PD-131-1,PD-144-1 (hermana),NO,SI,-4.105,-0.089,ok,,medido
PD-145-0,PD,145,0,2TTx56,4,NO,NO,658203.03,4331123.611,4331198.109,766.417,762.249,-5.595,-5.578,-2.366,1.586,337.0,344.1,6.059,5.799,0.038,0.03,no,sí,,,-1.66,343.4,5.82,1.66,343.4,5.82,PD-145-0 (hermana),PD-145-1 (hermana),SI,SI,-5.769,0.174,ok,,medido
PD-145-1,PD,145,1,2TTx56,4,NO,NO,658209.031,4331123.564,4331198.071,766.507,762.363,-5.562,-5.578,-2.218,1.514,338.3,344.8,6.003,5.78,0.053,0.039,no,sí,,,-1.66,343.4,5.82,1.66,343.4,5.82,PD-145-0 (hermana),PD-145-1 (hermana),SI,SI,-5.656,0.094,ok,,medido
PD-146-0,PD,146,0,2TTx56,4,NO,NO,658203.018,4331198.416,4331272.96,762.224,758.504,-4.99,-5.032,-1.414,1.422,344.3,344.2,5.227,5.229,0.196,0.047,sí,sí,,,0.239,2.7,5.038,2.003,338.3,5.416,PD-134-1,PD-160-0,NO,NO,-4.744,-0.246,ok,,medido
PD-146-1,PD,146,1,2TTx56,4,NO,NO,658209.029,4331198.432,4331272.991,762.352,758.569,-5.074,-5.032,-1.306,1.327,345.5,345.2,5.199,5.204,0.167,0.041,sí,sí,,,0.239,2.7,5.038,2.003,338.3,5.416,PD-134-1,PD-160-0,NO,NO,-4.851,-0.223,ok,,medido
PD-147-0,PD,147,0,2TTx42,3,NO,NO,658215.124,4330649.099,4330705.291,779.083,778.266,-1.454,-1.373,0.768,-1.189,29.2,40.9,1.573,1.816,0.025,0.031,no,no,,,1.969,55.1,2.401,-0.761,29.0,1.57,PD-147-0 (hermana),PD-161-0,SI,NO,-1.694,0.24,ok,,medido
PD-147-1,PD,147,1,2TTx42,3,NO,NO,658221.115,4330649.069,4330705.251,778.92,778.194,-1.292,-1.373,1.243,-0.566,42.2,22.4,1.852,1.485,0.044,0.006,no,no,,,1.969,55.1,2.401,-0.761,29.0,1.57,PD-147-0 (hermana),PD-161-0,SI,NO,-1.585,0.293,ok,,medido
PD-148-0,PD,148,0,2TTx56,4,NO,NO,658203.012,4331273.336,4331347.973,758.509,756.783,-2.313,-2.44,0.357,-0.046,8.3,1.1,2.466,2.441,0.062,0.029,sí,no,,,1.036,23.0,2.651,-0.056,1.3,2.441,PD-134-1,PD-162-0,NO,NO,-2.392,0.079,ok,,medido
PD-148-1,PD,148,1,2TTx56,4,NO,NO,658209.059,4331273.311,4331347.948,758.576,756.659,-2.568,-2.44,0.247,0.133,5.8,356.9,2.453,2.444,0.066,0.034,sí,no,,,1.036,23.0,2.651,-0.056,1.3,2.441,PD-134-1,PD-162-0,NO,NO,-2.615,0.047,ok,,medido
PD-149-0,PD,149,0,2TTx56,4,NO,NO,658215.054,4330718.575,4330793.212,778.335,776.942,-1.866,-1.869,-0.062,-1.57,358.1,40.0,1.87,2.441,0.049,0.074,no,no,,,0.336,10.2,1.899,-0.336,10.2,1.899,PD-149-0 (hermana),PD-149-1 (hermana),SI,SI,-1.727,-0.139,ok,,medido
PD-149-1,PD,149,1,2TTx56,4,NO,NO,658221.049,4330718.559,4330793.213,778.317,776.92,-1.871,-1.869,0.028,-1.961,0.9,46.4,1.869,2.709,0.047,0.036,no,no,,,0.336,10.2,1.899,-0.336,10.2,1.899,PD-149-0 (hermana),PD-149-1 (hermana),SI,SI,-1.75,-0.121,ok,,medido
PD-15-0,PD,15,0,2TTx28,2,NO,NO,657951.118,4330262.952,4330300.662,790.201,788.453,-4.635,-4.587,,-0.366,,4.6,,4.602,,0.031,no,no,,,-0.156,358.1,4.59,0.156,358.1,4.59,PD-15-0 (hermana),PD-15-1 (hermana),SI,SI,-5.019,0.384,ok,,medido
PD-15-1,PD,15,1,2TTx28,2,NO,NO,657957.091,4330262.932,4330300.631,790.193,788.482,-4.539,-4.587,-0.156,-0.555,358.1,6.9,4.59,4.62,0.0,0.018,no,no,,,-0.156,358.1,4.59,0.156,358.1,4.59,PD-15-0 (hermana),PD-15-1 (hermana),SI,SI,-5.047,0.508,atencion,,medido
PD-150-0,PD,150,0,2TTx56,4,NO,NO,658227.104,4330236.141,4330310.686,792.596,788.676,-5.259,-5.212,2.664,-0.817,27.1,8.9,5.853,5.276,0.13,0.114,no,sí,,,3.308,32.4,6.173,1.441,344.5,5.408,PD-138-1,PD-164-0,NO,NO,-5.046,-0.213,ok,,medido
PD-150-1,PD,150,1,2TTx56,4,NO,NO,658233.139,4330236.131,4330310.665,792.491,788.641,-5.165,-5.212,2.297,-1.229,23.8,13.3,5.696,5.355,0.036,0.16,no,sí,,,3.308,32.4,6.173,1.441,344.5,5.408,PD-138-1,PD-164-0,NO,NO,-4.947,-0.218,ok,,medido
PD-151-0,PD,151,0,2TTx56,4,NO,NO,658192.564,4331962.209,4332036.88,743.221,742.361,-1.152,-1.049,-1.069,-4.047,314.5,75.5,1.498,4.181,0.023,0.138,no,sí,,,1.756,59.1,2.045,-1.756,59.1,2.045,PD-151-0 (hermana),PD-151-1 (hermana),SI,SI,-1.266,0.114,ok,,medido
PD-151-1,PD,151,1,2TTx56,4,NO,NO,658198.575,4331962.198,4332036.883,743.039,742.332,-0.947,-1.049,-0.106,-5.03,354.2,78.2,1.055,5.138,0.112,0.089,no,sí,,,1.756,59.1,2.045,-1.756,59.1,2.045,PD-151-0 (hermana),PD-151-1 (hermana),SI,SI,-1.112,0.165,ok,,medido
PD-152-0,PD,152,0,2TTx42,3,NO,NO,658227.104,4330311.065,4330367.173,788.569,785.313,-5.803,-5.943,0.809,-0.974,7.8,9.3,5.998,6.023,0.199,0.043,sí,no,,,1.493,14.1,6.128,-1.434,13.6,6.114,PD-138-1,PD-152-1 (hermana),NO,SI,-6.666,0.863,atencion,,medido
PD-152-1,PD,152,1,2TTx42,3,NO,NO,658233.083,4330311.03,4330367.133,788.564,785.151,-6.083,-5.943,0.944,-0.775,9.0,7.4,6.018,5.994,0.132,0.035,sí,no,,,1.493,14.1,6.128,-1.434,13.6,6.114,PD-138-1,PD-152-1 (hermana),NO,SI,-6.624,0.541,atencion,,medido
PD-153-0,PD,153,0,2TTx28,2,NO,NO,658215.091,4330936.274,4330974.016,773.818,772.546,-3.37,-3.145,-0.008,-1.795,359.9,29.7,3.145,3.621,0.144,0.0,no,no,,,1.795,29.7,3.621,-1.795,29.7,3.621,PD-153-0 (hermana),PD-153-1 (hermana),SI,SI,-2.978,-0.392,ok,,medido
PD-153-1,PD,153,1,2TTx28,2,NO,NO,658221.125,4330936.293,4330974.009,773.624,772.523,-2.919,-3.145,0.159,-2.349,2.9,36.8,3.149,3.925,0.099,0.0,no,no,,,1.795,29.7,3.621,-1.795,29.7,3.621,PD-153-0 (hermana),PD-153-1 (hermana),SI,SI,-2.639,-0.28,ok,,medido
PD-154-0,PD,154,0,2TTx56,4,NO,NO,658192.549,4332037.158,4332111.797,742.378,740.43,-2.61,-2.529,-2.373,-2.646,316.8,46.3,3.468,3.66,0.043,0.139,sí,no,,,0.324,7.3,2.55,-0.324,7.3,2.55,PD-154-0 (hermana),PD-154-1 (hermana),SI,SI,-2.459,-0.151,ok,,medido
PD-154-1,PD,154,1,2TTx56,4,NO,NO,658198.557,4332037.16,4332111.796,742.298,740.471,-2.448,-2.529,-1.652,-3.291,326.8,52.5,3.021,4.15,0.119,0.093,sí,no,,,0.324,7.3,2.55,-0.324,7.3,2.55,PD-154-0 (hermana),PD-154-1 (hermana),SI,SI,-2.293,-0.155,ok,,medido
PD-155-0,PD,155,0,2TTx56,4,NO,NO,658189.966,4332164.811,4332239.481,739.123,737.672,-1.943,-1.967,0.802,0.896,22.2,335.5,2.125,2.162,0.013,0.019,no,sí,,,0.379,10.9,2.004,0.755,339.0,2.107,PD-141-1,PD-155-1 (hermana),NO,SI,-1.996,0.053,ok,,medido
PD-155-1,PD,155,1,2TTx56,4,NO,NO,658195.975,4332164.784,4332239.445,739.187,737.7,-1.992,-1.967,0.119,0.641,3.5,342.0,1.971,2.069,0.042,0.073,no,sí,,,0.379,10.9,2.004,0.755,339.0,2.107,PD-141-1,PD-155-1 (hermana),NO,SI,-2.111,0.119,ok,,medido
PD-156-0,PD,156,0,2TTx28,2,NO,NO,658215.098,4331002.788,4331040.484,771.405,770.039,-3.624,-3.631,-1.172,0.004,342.1,359.9,3.816,3.631,0.024,0.0,no,no,,,-0.004,359.9,3.631,0.004,359.9,3.631,PD-156-0 (hermana),PD-156-1 (hermana),SI,SI,-3.578,-0.046,ok,,medido
PD-156-1,PD,156,1,2TTx28,2,NO,NO,658221.099,4331002.79,4331040.496,771.408,770.036,-3.639,-3.631,-0.749,-0.263,348.3,4.1,3.708,3.641,0.045,0.0,no,no,,,-0.004,359.9,3.631,0.004,359.9,3.631,PD-156-0 (hermana),PD-156-1 (hermana),SI,SI,-3.406,-0.233,ok,,medido
PD-157-0,PD,157,0,2TTx56,4,NO,NO,658189.985,4332239.74,4332314.409,737.703,735.874,-2.449,-2.501,0.778,-0.729,17.3,16.2,2.619,2.605,0.01,0.015,sí,no,,,0.601,13.5,2.572,-0.601,13.5,2.572,PD-157-0 (hermana),PD-157-1 (hermana),SI,SI,-2.421,-0.028,ok,,medido
PD-157-1,PD,157,1,2TTx56,4,NO,NO,658195.96,4332239.729,4332314.386,737.706,735.8,-2.553,-2.501,0.691,-0.783,15.4,17.4,2.595,2.621,0.015,0.017,sí,no,,,0.601,13.5,2.572,-0.601,13.5,2.572,PD-157-0 (hermana),PD-157-1 (hermana),SI,SI,-2.588,0.035,ok,,medido
PD-158-0,PD,158,0,2TTx28,2,NO,NO,658215.102,4331075.717,4331113.414,768.785,767.12,-4.417,-4.3,-1.341,0.818,342.7,349.2,4.504,4.377,0.072,0.042,no,no,,,-0.446,354.1,4.323,1.518,340.6,4.56,PD-144-1,PD-158-1 (hermana),NO,SI,-4.054,-0.363,ok,,medido
PD-158-1,PD,158,1,2TTx28,2,NO,NO,658221.1,4331075.625,4331113.321,768.836,767.259,-4.183,-4.3,-1.142,0.091,345.1,358.8,4.449,4.301,0.019,0.032,no,no,,,-0.446,354.1,4.323,1.518,340.6,4.56,PD-144-1,PD-158-1 (hermana),NO,SI,-3.98,-0.203,ok,,medido
PD-159-0,PD,159,0,2TTx56,4,NO,NO,658215.035,4331123.59,4331198.096,766.522,762.515,-5.378,-5.45,-2.198,1.349,338.0,346.1,5.876,5.614,0.079,0.064,no,sí,,,-1.048,349.1,5.55,2.716,333.5,6.089,PD-159-0 (hermana),PD-170-0,SI,NO,-5.58,0.202,ok,,medido
PD-159-1,PD,159,1,2TTx56,4,NO,NO,658221.012,4331123.591,4331198.082,766.638,762.525,-5.521,-5.45,-1.766,1.294,342.0,346.6,5.729,5.601,0.07,0.086,no,sí,,,-1.048,349.1,5.55,2.716,333.5,6.089,PD-159-0 (hermana),PD-170-0,SI,NO,-5.627,0.106,ok,,medido
PD-16-0,PD,16,0,2TTx56,4,NO,NO,657951.14,4330333.43,4330408.04,786.482,784.454,-2.718,-2.702,1.717,-1.667,32.4,31.7,3.201,3.175,0.035,0.089,no,sí,,,2.09,37.7,3.416,-0.091,1.9,2.703,PD-13-1,PD-20-0,NO,NO,-2.766,0.048,ok,,medido
PD-16-1,PD,16,1,2TTx56,4,NO,NO,657957.152,4330333.462,4330408.077,786.363,784.359,-2.686,-2.702,1.771,-1.67,33.2,31.7,3.231,3.176,0.028,0.095,no,sí,,,2.09,37.7,3.416,-0.091,1.9,2.703,PD-13-1,PD-20-0,NO,NO,-2.832,0.146,ok,,medido
PD-160-0,PD,160,0,2TTx56,4,NO,NO,658215.042,4331198.445,4331272.996,762.488,758.673,-5.117,-5.063,-1.466,1.127,343.9,347.4,5.271,5.187,0.153,0.025,sí,sí,,,-0.681,352.3,5.108,0.902,349.9,5.142,PD-160-0 (hermana),PD-171-0,SI,NO,-4.909,-0.208,ok,,medido
PD-160-1,PD,160,1,2TTx56,4,NO,NO,658221.025,4331198.464,4331273.027,762.487,758.753,-5.008,-5.063,-1.293,1.417,345.7,344.4,5.225,5.257,0.114,0.011,sí,sí,,,-0.681,352.3,5.108,0.902,349.9,5.142,PD-160-0 (hermana),PD-171-0,SI,NO,-4.922,-0.086,ok,,medido
PD-161-0,PD,161,0,2TTx42,3,NO,NO,658227.101,4330646.115,4330702.289,778.989,778.118,-1.551,-1.551,1.185,-0.276,37.4,10.1,1.952,1.576,0.024,0.0,no,no,,,0.761,26.1,1.728,-0.276,10.1,1.576,PD-147-1,PD-161-1 (hermana),NO,SI,-1.823,0.272,ok,,medido
PD-161-1,PD,161,1,2TTx42,3,NO,NO,658233.12,4330646.108,4330702.281,778.973,778.101,-1.552,-1.551,0.879,-0.188,29.5,6.9,1.783,1.563,0.024,0.0,no,no,,,0.761,26.1,1.728,-0.276,10.1,1.576,PD-147-1,PD-161-1 (hermana),NO,SI,-1.675,0.123,ok,,medido
PD-162-0,PD,162,0,2TTx56,4,NO,NO,658215.058,4331273.364,4331347.98,758.667,756.559,-2.825,-2.863,0.32,0.119,6.4,357.6,2.881,2.865,0.014,0.046,sí,no,,,0.056,1.1,2.863,0.884,342.8,2.996,PD-148-1,PD-162-1 (hermana),NO,SI,-2.758,-0.067,ok,,medido
PD-162-1,PD,162,1,2TTx56,4,NO,NO,658221.057,4331273.333,4331347.945,758.749,756.585,-2.9,-2.863,-0.145,-0.186,357.1,3.7,2.866,2.869,0.023,0.014,sí,no,,,0.056,1.1,2.863,0.884,342.8,2.996,PD-148-1,PD-162-1 (hermana),NO,SI,-2.916,0.016,ok,,medido
PD-163-0,PD,163,0,2TTx56,4,NO,NO,658227.074,4330718.574,4330793.231,778.066,776.753,-1.759,-1.828,0.94,-1.167,27.2,32.6,2.055,2.169,0.152,0.01,no,no,,,3.464,62.2,3.917,-0.885,25.8,2.031,PD-149-1,PD-173-0,NO,NO,-1.571,-0.188,ok,,medido
PD-163-1,PD,163,1,2TTx56,4,NO,NO,658233.105,4330718.543,4330793.197,778.041,776.625,-1.897,-1.828,1.173,-1.1,32.7,31.0,2.172,2.133,0.144,0.013,no,no,,,3.464,62.2,3.917,-0.885,25.8,2.031,PD-149-1,PD-173-0,NO,NO,-1.657,-0.24,ok,,medido
PD-164-0,PD,164,0,2TTx28,2,NO,NO,658239.133,4330254.491,4330292.185,791.512,789.799,-4.544,-4.607,1.425,-3.36,17.2,36.1,4.822,5.702,0.13,0.057,no,sí,,,2.803,31.3,5.393,-2.803,31.3,5.393,PD-164-0 (hermana),PD-164-1 (hermana),SI,SI,-4.773,0.229,ok,,medido
PD-164-1,PD,164,1,2TTx28,2,NO,NO,658245.127,4330254.547,4330292.259,791.365,789.604,-4.67,-4.607,1.253,-3.544,15.2,37.6,4.774,5.812,0.093,0.035,no,sí,,,2.803,31.3,5.393,-2.803,31.3,5.393,PD-164-0 (hermana),PD-164-1 (hermana),SI,SI,-4.481,-0.189,ok,,medido
PD-165-0,PD,165,0,2TTx56,4,NO,NO,658204.483,4331980.318,4332054.995,742.534,741.853,-0.912,-0.869,0.3,-4.604,19.0,79.3,0.919,4.685,0.375,0.098,no,no,,,5.478,81.0,5.547,-2.972,73.7,3.096,PD-151-1,PD-165-1 (hermana),NO,SI,-0.952,0.04,ok,,medido
PD-165-1,PD,165,1,2TTx56,4,NO,NO,658210.474,4331980.313,4332054.99,742.324,741.707,-0.826,-0.869,1.381,-5.821,57.8,81.5,1.632,5.886,0.349,0.004,no,no,,,5.478,81.0,5.547,-2.972,73.7,3.096,PD-151-1,PD-165-1 (hermana),NO,SI,-0.669,-0.157,ok,,medido
PD-166-0,PD,166,0,2TTx56,4,NO,NO,658239.117,4330292.632,4330367.157,789.576,784.983,-6.163,-6.091,1.527,-1.114,14.1,10.4,6.28,6.192,0.155,0.164,sí,no,,,2.39,21.4,6.543,1.131,349.5,6.195,PD-152-1,PD-166-1 (hermana),NO,SI,-6.201,0.038,ok,,medido
PD-166-1,PD,166,1,2TTx56,4,NO,NO,658245.142,4330292.594,4330367.117,789.593,785.107,-6.02,-6.091,1.005,-2.151,9.4,19.4,6.174,6.46,0.166,0.156,sí,no,,,2.39,21.4,6.543,1.131,349.5,6.195,PD-152-1,PD-166-1 (hermana),NO,SI,-6.351,0.331,ok,,medido
PD-167-0,PD,167,0,2TTx56,4,NO,NO,658201.985,4332164.792,4332239.453,739.303,737.627,-2.245,-2.293,-0.067,0.191,358.3,355.2,2.294,2.301,0.058,0.144,no,sí,,,-0.361,351.1,2.321,1.66,324.1,2.831,PD-155-1,PD-167-1 (hermana),NO,SI,-2.202,-0.043,ok,,medido
PD-167-1,PD,167,1,2TTx56,4,NO,NO,658208.001,4332164.785,4332239.449,739.439,737.691,-2.341,-2.293,-0.788,-0.689,341.0,16.7,2.425,2.394,0.045,0.109,no,sí,,,-0.361,351.1,2.321,1.66,324.1,2.831,PD-155-1,PD-167-1 (hermana),NO,SI,-2.282,-0.059,ok,,medido
PD-168-0,PD,168,0,2TTx56,4,NO,NO,658201.997,4332239.735,4332314.392,737.681,735.652,-2.718,-2.813,0.933,-0.626,18.4,12.5,2.964,2.882,0.03,0.037,sí,no,,,1.43,27.0,3.156,-0.144,2.9,2.816,PD-157-1,PD-168-1 (hermana),NO,SI,-2.713,-0.005,ok,,medido
PD-168-1,PD,168,1,2TTx56,4,NO,NO,658208.021,4332239.71,4332314.37,737.744,735.573,-2.908,-2.813,0.679,-1.01,13.6,19.8,2.894,2.989,0.013,0.031,sí,no,,,1.43,27.0,3.156,-0.144,2.9,2.816,PD-157-1,PD-168-1 (hermana),NO,SI,-2.819,-0.089,ok,,medido
PD-169-0,PD,169,0,2TTx28,2,NO,NO,658227.087,4331075.69,4331113.405,768.819,767.345,-3.908,-3.984,-1.015,0.011,345.7,359.8,4.111,3.984,0.027,0.013,no,no,,,0.265,3.8,3.993,-0.265,3.8,3.993,PD-169-0 (hermana),PD-169-1 (hermana),SI,SI,-3.928,0.02,ok,,medido
PD-169-1,PD,169,1,2TTx28,2,NO,NO,658233.089,4331075.632,4331113.343,768.834,767.303,-4.06,-3.984,-0.659,-0.032,350.6,0.5,4.038,3.984,0.057,0.034,no,no,,,0.265,3.8,3.993,-0.265,3.8,3.993,PD-169-0 (hermana),PD-169-1 (hermana),SI,SI,-4.019,-0.041,ok,,medido
PD-17-0,PD,17,0,2TTx56,4,NO,NO,657951.142,4330408.291,4330482.962,784.508,784.166,-0.458,-0.346,1.415,0.234,76.3,325.9,1.457,0.417,0.01,0.0,sí,no,,,1.578,77.6,1.616,0.234,325.9,0.417,PD-14-1,PD-17-1 (hermana),NO,SI,-0.489,0.031,ok,,medido
PD-17-1,PD,17,1,2TTx56,4,NO,NO,657957.143,4330408.306,4330482.96,784.438,784.264,-0.233,-0.346,0.866,,68.2,,0.932,,0.041,,sí,no,,,1.578,77.6,1.616,0.234,325.9,0.417,PD-14-1,PD-17-1 (hermana),NO,SI,-0.391,0.158,ok,,medido
PD-170-0,PD,170,0,2TTx56,4,NO,NO,658227.038,4331123.6,4331198.115,766.76,762.728,-5.411,-5.393,-1.826,0.722,341.3,352.4,5.693,5.441,0.027,0.029,no,sí,,,-0.694,352.7,5.437,0.694,352.7,5.437,PD-170-0 (hermana),PD-170-1 (hermana),SI,SI,-5.491,0.08,ok,,medido
PD-170-1,PD,170,1,2TTx56,4,NO,NO,658233.042,4331123.564,4331198.102,766.79,762.784,-5.374,-5.393,-1.481,0.77,344.6,351.9,5.592,5.447,0.047,0.022,no,sí,,,-0.694,352.7,5.437,0.694,352.7,5.437,PD-170-0 (hermana),PD-170-1 (hermana),SI,SI,-5.36,-0.014,ok,,medido
PD-171-0,PD,171,0,2TTx56,4,NO,NO,658227.107,4331198.522,4331273.062,762.559,758.786,-5.062,-5.104,-1.189,1.599,346.9,342.6,5.241,5.349,0.048,0.019,sí,sí,,,-0.902,350.0,5.183,1.834,340.2,5.423,PD-160-1,PD-171-1 (hermana),NO,SI,-4.945,-0.117,ok,,medido
PD-171-1,PD,171,1,2TTx56,4,NO,NO,658233.113,4331198.435,4331272.958,762.705,758.87,-5.146,-5.104,-1.307,1.591,345.6,342.7,5.269,5.346,0.03,0.03,sí,sí,,,-0.902,350.0,5.183,1.834,340.2,5.423,PD-160-1,PD-171-1 (hermana),NO,SI,-5.017,-0.129,ok,,medido
PD-172-0,PD,172,0,2TTx56,4,NO,NO,658227.079,4331273.328,4331347.94,758.748,756.52,-2.986,-3.068,-0.004,-0.005,359.9,0.1,3.068,3.068,0.033,0.007,sí,no,,,0.55,10.2,3.117,0.117,357.8,3.07,PD-162-1,PD-172-1 (hermana),NO,SI,-3.076,0.09,ok,,medido
PD-172-1,PD,172,1,2TTx56,4,NO,NO,658233.101,4331273.368,4331347.97,758.815,756.465,-3.15,-3.068,-0.072,-0.084,358.7,1.6,3.069,3.069,0.035,0.006,sí,no,,,0.55,10.2,3.117,0.117,357.8,3.07,PD-162-1,PD-172-1 (hermana),NO,SI,-3.181,0.031,ok,,medido
PD-173-0,PD,173,0,2TTx56,4,NO,NO,658239.079,4330718.587,4330793.221,777.867,776.692,-1.574,-1.599,1.148,-1.143,35.7,35.6,1.968,1.966,0.132,0.01,no,no,,,1.606,45.1,2.266,-0.745,25.0,1.764,PD-173-0 (hermana),PD-187-0,SI,NO,-1.538,-0.036,ok,,medido
PD-173-1,PD,173,1,2TTx56,4,NO,NO,658245.103,4330718.506,4330793.149,777.79,776.578,-1.624,-1.599,1.563,-0.892,44.3,29.2,2.236,1.831,0.059,0.017,no,no,,,1.606,45.1,2.266,-0.745,25.0,1.764,PD-173-0 (hermana),PD-187-0,SI,NO,-1.387,-0.237,ok,,medido
PD-174-0,PD,174,0,2TTx42,3,NO,NO,658239.083,4330821.177,4330877.36,775.956,774.173,-3.174,-3.233,,-0.644,,11.3,,3.296,,0.02,no,no,,,1.489,24.7,3.559,0.491,351.4,3.27,PD-174-0 (hermana),PD-188-0,SI,NO,-3.235,0.061,ok,,medido
PD-174-1,PD,174,1,2TTx42,3,NO,NO,658245.083,4330821.11,4330877.314,775.902,774.052,-3.292,-3.233,1.489,-0.29,24.7,5.1,3.559,3.246,0.0,0.047,no,no,,,1.489,24.7,3.559,0.491,351.4,3.27,PD-174-0 (hermana),PD-188-0,SI,NO,-3.207,-0.085,ok,,medido
PD-175-0,PD,175,0,2TTx28,2,NO,NO,658251.157,4330254.598,4330292.279,791.11,789.498,-4.278,-4.104,1.65,-4.026,21.9,44.4,4.423,5.749,0.149,0.032,no,sí,,,4.243,46.0,5.903,-4.243,46.0,5.903,PD-175-0 (hermana),PD-175-1 (hermana),SI,SI,-4.203,-0.075,ok,,medido
PD-175-1,PD,175,1,2TTx28,2,NO,NO,658257.141,4330254.563,4330292.27,790.792,789.31,-3.93,-4.104,2.766,-4.141,34.0,45.3,4.949,5.83,0.103,0.027,no,sí,,,4.243,46.0,5.903,-4.243,46.0,5.903,PD-175-0 (hermana),PD-175-1 (hermana),SI,SI,-4.222,0.292,ok,,medido
PD-176-0,PD,176,0,2TTx56,4,NO,NO,658216.534,4331980.361,4332055.033,741.829,741.503,-0.437,-0.43,3.648,-5.908,83.3,85.8,3.673,5.924,0.239,0.0,no,no,,,5.908,85.8,5.923,-5.908,85.8,5.923,PD-176-0 (hermana),PD-176-1 (hermana),SI,SI,-0.357,-0.08,ok,,medido
PD-176-1,PD,176,1,2TTx56,4,NO,NO,658222.545,4331980.329,4332055.018,741.469,741.153,-0.423,-0.43,4.24,,84.2,,4.262,,0.234,,no,no,,,5.908,85.8,5.923,-5.908,85.8,5.923,PD-176-0 (hermana),PD-176-1 (hermana),SI,SI,-0.576,0.153,ok,,medido
PD-177-0,PD,177,0,2TTx56,4,NO,NO,658251.111,4330292.673,4330367.171,789.57,785.047,-6.071,-5.958,0.679,-2.734,6.5,24.7,5.996,6.555,0.087,0.175,sí,no,,,1.977,18.4,6.277,-1.977,18.4,6.277,PD-177-0 (hermana),PD-177-1 (hermana),SI,SI,-5.992,-0.079,ok,,medido
PD-177-1,PD,177,1,2TTx56,4,NO,NO,658257.14,4330292.657,4330367.163,789.367,785.013,-5.844,-5.958,0.931,-2.805,8.9,25.2,6.03,6.585,0.063,0.117,sí,no,,,1.977,18.4,6.277,-1.977,18.4,6.277,PD-177-0 (hermana),PD-177-1 (hermana),SI,SI,-5.728,-0.116,ok,,medido
PD-178-0,PD,178,0,2TTx56,4,NO,NO,658214.018,4332164.796,4332239.463,739.503,737.761,-2.333,-2.295,-1.056,-1.418,335.3,31.7,2.526,2.698,0.02,0.123,no,sí,,,1.79,38.0,2.91,-1.79,38.0,2.91,PD-178-0 (hermana),PD-178-1 (hermana),SI,SI,-2.339,0.006,ok,,medido
PD-178-1,PD,178,1,2TTx56,4,NO,NO,658220.019,4332164.803,4332239.464,739.367,737.682,-2.257,-2.295,-0.176,-1.223,355.6,28.1,2.302,2.6,0.118,0.104,no,sí,,,1.79,38.0,2.91,-1.79,38.0,2.91,PD-178-0 (hermana),PD-178-1 (hermana),SI,SI,-2.32,0.063,ok,,medido
PD-179-0,PD,179,0,2TTx56,4,NO,NO,658214.025,4332239.727,4332314.397,737.792,735.465,-3.116,-3.153,0.621,-1.048,11.1,18.4,3.214,3.323,0.012,0.085,sí,no,,,1.11,19.4,3.343,-1.11,19.4,3.343,PD-179-0 (hermana),PD-179-1 (hermana),SI,SI,-2.875,-0.241,ok,,medido
PD-179-1,PD,179,1,2TTx56,4,NO,NO,658220.025,4332239.751,4332314.429,737.752,735.37,-3.19,-3.153,0.741,-1.001,13.2,17.6,3.239,3.308,0.022,0.1,sí,no,,,1.11,19.4,3.343,-1.11,19.4,3.343,PD-179-0 (hermana),PD-179-1 (hermana),SI,SI,-2.93,-0.26,ok,,medido
PD-18-0,PD,18,0,2TTx28,2,NO,NO,657952.028,4330506.846,4330544.56,784.045,782.925,-2.97,-2.788,,-0.141,,2.9,,2.791,,0.012,no,no,,,0.397,8.1,2.816,-0.302,6.2,2.804,PD-18-0 (hermana),PD-21-0,SI,NO,-3.189,0.219,ok,,medido
PD-18-1,PD,18,1,2TTx28,2,NO,NO,657958.051,4330506.859,4330544.589,783.952,782.969,-2.605,-2.788,0.397,-0.008,8.1,0.2,2.816,2.788,0.0,0.013,no,no,,,0.397,8.1,2.816,-0.302,6.2,2.804,PD-18-0 (hermana),PD-21-0,SI,NO,-2.897,0.292,ok,,medido
PD-180-0,PD,180,0,2TTx56,4,NO,NO,658207.73,4332562.164,4332636.792,734.43,736.836,3.224,3.195,,-0.186,,176.7,,3.2,,0.009,no,sí,,,0.695,167.7,3.27,0.353,186.3,3.214,PD-180-0 (hermana),PD-195-0,SI,NO,3.96,-0.736,atencion,,medido
PD-180-1,PD,180,1,2TTx56,4,NO,NO,658213.748,4332562.14,4332636.775,734.409,736.772,3.166,3.195,0.695,0.186,167.7,183.3,3.27,3.2,-0.0,0.01,no,sí,,,0.695,167.7,3.27,0.353,186.3,3.214,PD-180-0 (hermana),PD-195-0,SI,NO,4.115,-0.949,atencion,,medido
PD-181-0,PD,181,0,2TTx42,3,NO,NO,658207.735,4332637.134,4332693.312,736.858,738.566,3.04,3.022,,-1.15,,159.2,,3.233,,0.044,sí,no,,,1.358,155.8,3.313,-0.317,174.0,3.038,PD-181-0 (hermana),PD-197-0,SI,NO,2.849,0.191,ok,,medido
PD-181-1,PD,181,1,2TTx42,3,NO,NO,658213.758,4332637.112,4332693.287,736.786,738.473,3.003,3.022,1.358,-0.743,155.8,166.2,3.313,3.112,0.0,0.079,sí,no,,,1.358,155.8,3.313,-0.317,174.0,3.038,PD-181-0 (hermana),PD-197-0,SI,NO,2.818,0.185,ok,,medido
PD-182-0,PD,182,0,2TTx56,4,NO,NO,658239.073,4331123.592,4331198.131,766.724,762.867,-5.174,-5.093,-1.037,0.974,348.5,349.2,5.198,5.186,0.073,0.046,no,sí,,,-0.166,358.1,5.096,1.456,344.1,5.297,PD-170-1,PD-198-0,NO,NO,-5.344,0.17,ok,,medido
PD-182-1,PD,182,1,2TTx56,4,NO,NO,658245.068,4331123.559,4331198.113,766.729,762.992,-5.012,-5.093,-0.928,0.815,349.7,350.9,5.177,5.158,0.052,0.039,no,sí,,,-0.166,358.1,5.096,1.456,344.1,5.297,PD-170-1,PD-198-0,NO,NO,-5.213,0.201,ok,,medido
PD-183-0,PD,183,0,2TTx56,4,NO,NO,658207.736,4332711.518,4332786.125,739.065,741.264,2.947,2.97,,-0.387,,172.6,,2.995,,0.099,no,sí,,,1.337,155.8,3.257,-0.199,176.2,2.977,PD-183-0 (hermana),PD-199-0,SI,NO,2.91,0.037,ok,,medido
PD-183-1,PD,183,1,2TTx56,4,NO,NO,658213.753,4332711.499,4332786.106,738.967,741.2,2.993,2.97,1.337,-0.173,155.8,176.7,3.257,2.975,0.0,0.131,no,sí,,,1.337,155.8,3.257,-0.199,176.2,2.977,PD-183-0 (hermana),PD-199-0,SI,NO,2.915,0.078,ok,,medido
PD-184-0,PD,184,0,2TTx56,4,NO,NO,658239.124,4331198.595,4331273.136,762.735,759.005,-5.004,-5.025,-1.355,1.636,344.9,342.0,5.204,5.284,0.03,0.037,sí,sí,,,-1.515,343.2,5.248,1.755,340.7,5.322,PD-171-1,PD-200-0,NO,NO,-5.04,0.036,ok,,medido
PD-184-1,PD,184,1,2TTx56,4,NO,NO,658245.133,4331198.481,4331273.021,762.853,759.092,-5.046,-5.025,-1.538,1.634,343.0,342.0,5.255,5.284,0.018,0.036,sí,sí,,,-1.515,343.2,5.248,1.755,340.7,5.322,PD-171-1,PD-200-0,NO,NO,-5.022,-0.024,ok,,medido
PD-185-0,PD,185,0,2TTx28,2,NO,NO,658207.751,4332786.447,4332824.168,741.296,742.25,2.529,2.57,,-0.324,,172.8,,2.59,,0.022,sí,no,,,-0.038,180.9,2.57,0.038,180.9,2.57,PD-185-0 (hermana),PD-185-1 (hermana),SI,SI,2.88,-0.351,ok,,medido
PD-185-1,PD,185,1,2TTx28,2,NO,NO,658213.767,4332786.372,4332824.103,741.281,742.266,2.611,2.57,-0.038,-0.433,180.8,170.4,2.57,2.606,-0.0,0.017,sí,no,,,-0.038,180.9,2.57,0.038,180.9,2.57,PD-185-0 (hermana),PD-185-1 (hermana),SI,SI,2.825,-0.214,ok,,medido
PD-186-0,PD,186,0,2TTx56,4,NO,NO,658239.083,4331273.4,4331347.986,758.844,756.401,-3.275,-3.335,0.069,0.207,1.2,356.4,3.336,3.342,0.03,0.0,sí,no,,,0.28,4.8,3.347,0.207,356.5,3.342,PD-172-1,PD-186-1 (hermana),NO,SI,-3.305,0.03,ok,,medido
PD-186-1,PD,186,1,2TTx56,4,NO,NO,658245.089,4331273.374,4331347.977,758.902,756.369,-3.395,-3.335,0.061,,1.0,,3.336,,0.016,,sí,no,,,0.28,4.8,3.347,0.207,356.5,3.342,PD-172-1,PD-186-1 (hermana),NO,SI,-3.396,0.001,ok,,medido
PD-187-0,PD,187,0,2TTx56,4,NO,NO,658251.115,4330718.55,4330793.196,777.727,776.55,-1.577,-1.589,1.108,-0.759,34.9,25.5,1.938,1.761,0.008,0.065,no,no,,,1.11,34.9,1.938,-0.936,30.5,1.844,PD-187-0 (hermana),PD-204-0,SI,NO,-1.248,-0.329,ok,,medido
PD-187-1,PD,187,1,2TTx56,4,NO,NO,658257.092,4330718.558,4330793.21,777.67,776.474,-1.602,-1.589,1.086,-0.666,34.3,22.7,1.925,1.723,0.012,0.063,no,no,,,1.11,34.9,1.938,-0.936,30.5,1.844,PD-187-0 (hermana),PD-204-0,SI,NO,-1.194,-0.408,ok,,medido
PD-188-0,PD,188,0,2TTx42,3,NO,NO,658251.123,4330818.154,4330874.322,775.898,774.298,-2.849,-2.781,0.285,-0.549,5.9,11.2,2.795,2.834,0.023,0.048,no,no,,,1.176,22.9,3.019,-0.672,13.6,2.861,PD-188-0 (hermana),PD-205-0,SI,NO,-3.126,0.277,ok,,medido
PD-188-1,PD,188,1,2TTx42,3,NO,NO,658257.079,4330818.111,4330874.288,775.791,774.267,-2.713,-2.781,0.625,-0.336,12.7,6.9,2.85,2.801,0.033,0.03,no,no,,,1.176,22.9,3.019,-0.672,13.6,2.861,PD-188-0 (hermana),PD-205-0,SI,NO,-3.009,0.296,ok,,medido
PD-189-0,PD,189,0,2TTx28,2,NO,NO,658263.154,4330272.989,4330310.658,789.853,788.03,-4.84,-4.734,3.384,-2.314,35.6,26.1,5.819,5.269,0.172,0.025,no,sí,,,6.243,52.8,7.835,-2.077,23.7,5.169,PD-177-1,PD-206-0,NO,NO,-4.806,-0.034,ok,,medido
PD-189-1,PD,189,1,2TTx28,2,NO,NO,658269.16,4330272.99,4330310.652,789.664,787.921,-4.628,-4.734,3.506,-2.425,36.5,27.1,5.891,5.319,0.082,0.021,no,sí,,,6.243,52.8,7.835,-2.077,23.7,5.169,PD-177-1,PD-206-0,NO,NO,-4.763,0.135,ok,,medido
PD-19-0,PD,19,0,2TTx42,3,NO,NO,657963.107,4330244.473,4330300.576,791.133,788.353,-4.955,-4.923,0.47,-0.075,5.5,0.9,4.945,4.924,0.025,0.038,no,no,,,0.882,10.2,5.001,-0.019,0.2,4.923,PD-15-1,PD-19-1 (hermana),NO,SI,-5.009,0.054,ok,,medido
PD-19-1,PD,19,1,2TTx42,3,NO,NO,657969.1,4330244.428,4330300.534,791.116,788.372,-4.891,-4.923,0.255,0.14,3.0,358.4,4.93,4.925,0.018,0.043,no,no,,,0.882,10.2,5.001,-0.019,0.2,4.923,PD-15-1,PD-19-1 (hermana),NO,SI,-5.015,0.124,ok,,medido
PD-190-0,PD,190,0,2TTx42,3,NO,NO,658263.132,4330311.043,4330367.177,787.979,785.082,-5.161,-5.145,1.152,-2.23,12.6,23.4,5.272,5.607,0.082,0.047,sí,no,,,2.035,21.6,5.533,-1.617,17.4,5.393,PD-177-1,PD-190-1 (hermana),NO,SI,-5.533,0.372,ok,,medido
PD-190-1,PD,190,1,2TTx42,3,NO,NO,658269.137,4330311.004,4330367.154,787.875,784.995,-5.129,-5.145,1.626,-2.393,17.5,24.9,5.396,5.674,0.024,0.039,sí,no,,,2.035,21.6,5.533,-1.617,17.4,5.393,PD-177-1,PD-190-1 (hermana),NO,SI,-5.367,0.238,ok,,medido
PD-191-0,PD,191,0,2TTx42,3,NO,NO,658251.112,4330907.039,4330963.24,773.199,772.314,-1.575,-1.612,2.349,-2.341,55.5,55.4,2.849,2.842,0.0,0.038,no,no,,,2.44,56.5,2.924,-2.44,56.5,2.924,PD-191-0 (hermana),PD-191-1 (hermana),SI,SI,-1.715,0.14,ok,,medido
PD-191-1,PD,191,1,2TTx42,3,NO,NO,658257.103,4330907.034,4330963.223,773.074,772.147,-1.65,-1.612,2.44,-2.211,56.5,53.9,2.925,2.736,0.0,0.031,no,no,,,2.44,56.5,2.924,-2.44,56.5,2.924,PD-191-0 (hermana),PD-191-1 (hermana),SI,SI,-1.719,0.069,ok,,medido
PD-192-0,PD,192,0,2TTx56,4,NO,NO,658226.052,4332164.805,4332239.476,739.225,737.57,-2.216,-2.189,0.756,-0.995,19.0,24.4,2.316,2.405,0.143,0.101,no,sí,,,2.103,43.8,3.035,0.932,336.9,2.379,PD-178-1,PD-209-0,NO,NO,-2.266,0.05,ok,,medido
PD-192-1,PD,192,1,2TTx56,4,NO,NO,658232.036,4332164.771,4332239.455,739.116,737.501,-2.162,-2.189,1.399,-0.95,32.6,23.5,2.598,2.387,0.072,0.112,no,sí,,,2.103,43.8,3.035,0.932,336.9,2.379,PD-178-1,PD-209-0,NO,NO,-2.168,0.006,ok,,medido
PD-193-0,PD,193,0,2TTx56,4,NO,NO,658251.053,4330992.772,4331067.37,771.622,769.093,-3.39,-3.427,0.263,-1.276,4.4,20.4,3.437,3.657,-0.0,0.084,no,sí,,,0.429,7.1,3.454,-0.429,7.1,3.454,PD-193-0 (hermana),PD-193-1 (hermana),SI,SI,-3.243,-0.147,ok,,medido
PD-193-1,PD,193,1,2TTx56,4,NO,NO,658257.074,4330992.736,4331067.33,771.625,769.041,-3.464,-3.427,0.429,-1.855,7.1,28.4,3.454,3.897,0.0,0.103,no,sí,,,0.429,7.1,3.454,-0.429,7.1,3.454,PD-193-0 (hermana),PD-193-1 (hermana),SI,SI,-3.231,-0.233,ok,,medido
PD-194-0,PD,194,0,2TTx56,4,NO,NO,658226.039,4332239.743,4332314.43,737.572,735.395,-2.915,-2.907,0.897,-1.056,17.2,20.0,3.042,3.092,0.037,0.043,sí,no,,,1.29,23.9,3.18,-1.095,20.6,3.106,PD-179-1,PD-194-1 (hermana),NO,SI,-2.871,-0.044,ok,,medido
PD-194-1,PD,194,1,2TTx56,4,NO,NO,658232.025,4332239.717,4332314.384,737.501,735.337,-2.898,-2.907,1.077,-1.051,20.3,19.9,3.1,3.091,0.016,0.04,sí,no,,,1.29,23.9,3.18,-1.095,20.6,3.106,PD-179-1,PD-194-1 (hermana),NO,SI,-2.879,-0.019,ok,,medido
PD-195-0,PD,195,0,2TTx56,4,NO,NO,658219.796,4332562.184,4332636.838,734.474,736.753,3.053,3.003,0.065,-0.069,178.8,178.7,3.004,3.004,0.013,0.0,no,sí,,,0.069,178.7,3.004,-0.069,178.7,3.004,PD-195-0 (hermana),PD-195-1 (hermana),SI,SI,4.126,-1.073,revisar,,medido
PD-195-1,PD,195,1,2TTx56,4,NO,NO,658225.775,4332562.083,4332636.713,734.504,736.708,2.953,3.003,0.051,,179.0,,3.003,,0.015,,no,sí,,,0.069,178.7,3.004,-0.069,178.7,3.004,PD-195-0 (hermana),PD-195-1 (hermana),SI,SI,4.027,-1.074,revisar,,medido
PD-196-0,PD,196,0,2TTx28,2,NO,NO,658251.057,4331067.616,4331105.31,769.141,767.641,-3.979,-3.784,-0.014,-0.418,359.8,6.3,3.784,3.807,0.013,0.036,sí,no,,,-0.175,357.4,3.788,0.175,357.4,3.788,PD-196-0 (hermana),PD-196-1 (hermana),SI,SI,-3.827,-0.152,ok,,medido
PD-196-1,PD,196,1,2TTx28,2,NO,NO,658257.076,4331067.586,4331105.288,769.079,767.726,-3.589,-3.784,-0.078,-0.851,358.8,12.7,3.785,3.879,0.007,0.032,sí,no,,,-0.175,357.4,3.788,0.175,357.4,3.788,PD-196-0 (hermana),PD-196-1 (hermana),SI,SI,-4.567,0.978,atencion,,medido
PD-197-0,PD,197,0,2TTx42,3,NO,NO,658219.823,4332637.126,4332693.321,736.787,738.435,2.933,2.929,0.731,-0.612,166.0,168.2,3.019,2.992,0.013,0.082,sí,no,,,1.051,160.3,3.112,-1.051,160.3,3.112,PD-197-0 (hermana),PD-197-1 (hermana),SI,SI,2.738,0.195,ok,,medido
PD-197-1,PD,197,1,2TTx42,3,NO,NO,658225.788,4332637.084,4332693.275,736.725,738.369,2.926,2.929,0.852,-0.391,163.8,172.4,3.051,2.955,0.012,0.056,sí,no,,,1.051,160.3,3.112,-1.051,160.3,3.112,PD-197-0 (hermana),PD-197-1 (hermana),SI,SI,2.791,0.135,ok,,medido
PD-198-0,PD,198,0,2TTx56,4,NO,NO,658251.05,4331123.568,4331198.127,766.819,763.075,-5.022,-5.077,-0.934,0.572,349.6,353.6,5.163,5.109,0.022,0.03,no,sí,,,-0.437,355.1,5.096,1.509,343.4,5.297,PD-198-0 (hermana),PD-216-0,SI,NO,-5.102,0.08,ok,,medido
PD-198-1,PD,198,1,2TTx56,4,NO,NO,658257.043,4331123.525,4331198.079,766.889,763.062,-5.133,-5.077,-0.851,0.758,350.5,351.5,5.148,5.134,0.025,0.045,no,sí,,,-0.437,355.1,5.096,1.509,343.4,5.297,PD-198-0 (hermana),PD-216-0,SI,NO,-5.034,-0.099,ok,,medido
PD-199-0,PD,199,0,2TTx56,4,NO,NO,658219.754,4332711.5,4332786.101,738.918,741.225,3.092,2.924,0.655,-0.196,167.4,176.2,2.997,2.931,0.014,0.134,no,sí,,,0.199,176.1,2.931,2.036,214.8,3.563,PD-183-1,PD-199-1 (hermana),NO,SI,2.945,0.147,ok,,medido
PD-199-1,PD,199,1,2TTx56,4,NO,NO,658225.739,4332711.273,4332786.055,739.159,741.22,2.756,2.924,-0.511,-0.66,189.9,167.3,2.969,2.998,0.063,0.084,no,sí,,,0.199,176.1,2.931,2.036,214.8,3.563,PD-183-1,PD-199-1 (hermana),NO,SI,2.962,-0.206,ok,,medido
PD-2-0,PD,2,0,2TTx42,3,NO,NO,657855.107,4330387.279,4330443.4,788.069,785.455,-4.658,-4.461,4.649,-2.573,46.2,30.0,6.443,5.15,0.018,0.062,no,no,,,4.057,42.3,6.03,-2.77,31.8,5.251,PD-1-1,PD-2-1 (hermana),NO,SI,-4.871,0.213,ok,,medido
PD-2-1,PD,2,1,2TTx42,3,NO,NO,657861.098,4330387.243,4330443.391,787.794,785.4,-4.264,-4.461,3.815,-2.382,40.5,28.1,5.87,5.057,0.054,0.251,no,no,,,4.057,42.3,6.03,-2.77,31.8,5.251,PD-1-1,PD-2-1 (hermana),NO,SI,-4.479,0.215,ok,,medido
PD-20-0,PD,20,0,2TTx56,4,NO,SI,657963.146,4330333.56,4330408.165,786.388,784.318,-2.775,-2.695,1.304,-2.497,25.8,42.8,2.994,3.674,0.039,0.048,no,no,,,2.155,38.6,3.451,-2.155,38.6,3.451,PD-20-0 (hermana),PD-20-1 (hermana),SI,SI,-2.619,-0.156,ok,,ARTICULADA en plano SIN cota de motor medida
PD-20-1,PD,20,1,2TTx56,4,NO,SI,657969.153,4330333.54,4330408.152,786.2,784.248,-2.616,-2.695,1.513,-2.51,29.3,43.0,3.091,3.683,0.039,0.043,no,no,,,2.155,38.6,3.451,-2.155,38.6,3.451,PD-20-0 (hermana),PD-20-1 (hermana),SI,SI,-2.656,0.04,ok,,ARTICULADA en plano SIN cota de motor medida
PD-200-0,PD,200,0,2TTx56,4,NO,NO,658251.077,4331198.443,4331272.971,762.905,759.253,-4.9,-4.954,-1.666,1.67,341.4,341.4,5.226,5.228,0.007,0.037,sí,no,,,-0.823,350.6,5.022,2.978,329.0,5.78,PD-200-0 (hermana),PD-216-0,SI,NO,-5.063,0.163,ok,,medido
PD-200-1,PD,200,1,2TTx56,4,NO,NO,658257.079,4331198.469,4331273.002,762.993,759.261,-5.007,-4.954,-1.436,2.151,343.8,336.5,5.158,5.401,0.037,0.05,sí,no,,,-0.823,350.6,5.022,2.978,329.0,5.78,PD-200-0 (hermana),PD-216-0,SI,NO,-5.097,0.09,ok,,medido
PD-201-0,PD,201,0,2TTx28,2,NO,NO,658263.062,4330646.509,4330684.259,778.901,778.334,-1.502,-1.435,0.188,-0.601,7.5,22.7,1.447,1.555,0.0,0.028,no,no,,,0.15,6.0,1.442,-0.15,6.0,1.442,PD-201-0 (hermana),PD-201-1 (hermana),SI,SI,-1.617,0.115,ok,,medido
PD-201-1,PD,201,1,2TTx28,2,NO,NO,658269.107,4330646.544,4330684.282,778.866,778.35,-1.367,-1.435,0.15,-0.871,6.0,31.3,1.442,1.678,0.0,0.033,no,no,,,0.15,6.0,1.442,-0.15,6.0,1.442,PD-201-0 (hermana),PD-201-1 (hermana),SI,SI,-1.514,0.147,ok,,medido
PD-202-0,PD,202,0,2TTx56,4,NO,NO,658219.725,4332786.472,4332861.088,741.227,743.292,2.768,2.741,0.256,-0.225,174.7,175.3,2.753,2.75,0.012,0.036,sí,sí,,,0.498,169.7,2.785,-0.179,176.3,2.746,PD-202-0 (hermana),PD-218-0,SI,NO,2.939,-0.171,ok,,medido
PD-202-1,PD,202,1,2TTx56,4,NO,NO,658225.753,4332786.397,4332861.019,741.215,743.24,2.714,2.741,0.308,0.025,173.6,180.5,2.758,2.741,0.011,0.033,sí,sí,,,0.498,169.7,2.785,-0.179,176.3,2.746,PD-202-0 (hermana),PD-218-0,SI,NO,2.937,-0.223,ok,,medido
PD-203-0,PD,203,0,2TTx56,4,NO,NO,658219.735,4332861.377,4332935.992,743.351,745.432,2.789,2.722,,-0.559,,168.4,,2.779,,0.006,sí,no,,,1.242,155.5,2.992,0.219,184.6,2.731,PD-203-0 (hermana),PD-219-0,SI,NO,2.735,0.054,ok,,medido
PD-203-1,PD,203,1,2TTx56,4,NO,NO,658225.763,4332861.31,4332935.939,743.324,745.306,2.656,2.722,1.242,-0.352,155.5,172.6,2.992,2.745,0.0,0.034,sí,no,,,1.242,155.5,2.992,0.219,184.6,2.731,PD-203-0 (hermana),PD-219-0,SI,NO,2.677,-0.021,ok,,medido
PD-204-0,PD,204,0,2TTx56,4,NO,NO,658263.128,4330718.55,4330793.22,777.606,776.425,-1.582,-1.517,1.033,-0.455,34.2,16.7,1.836,1.584,0.016,0.042,no,no,,,1.051,34.7,1.846,-0.327,12.2,1.552,PD-204-0 (hermana),PD-220-0,SI,NO,-1.173,-0.409,ok,,medido
PD-204-1,PD,204,1,2TTx56,4,NO,NO,658269.141,4330718.472,4330793.14,777.496,776.411,-1.453,-1.517,0.989,-0.259,33.1,9.7,1.811,1.539,0.008,0.054,no,no,,,1.051,34.7,1.846,-0.327,12.2,1.552,PD-204-0 (hermana),PD-220-0,SI,NO,-1.253,-0.2,ok,,medido
PD-205-0,PD,205,0,2TTx28,2,NO,NO,658263.105,4330833.586,4330871.309,775.344,774.294,-2.783,-2.898,0.543,-0.313,10.6,6.2,2.948,2.915,0.037,0.037,no,no,,,0.672,13.1,2.975,-0.247,4.9,2.909,PD-188-1,PD-221-0,NO,NO,-3.018,0.235,ok,,medido
PD-205-1,PD,205,1,2TTx28,2,NO,NO,658269.108,4330833.597,4330871.338,775.358,774.221,-3.013,-2.898,0.49,-0.29,9.6,5.7,2.939,2.913,0.043,0.041,no,no,,,0.672,13.1,2.975,-0.247,4.9,2.909,PD-188-1,PD-221-0,NO,NO,-2.945,-0.068,ok,,medido
PD-206-0,PD,206,0,2TTx56,4,NO,NO,658275.104,4330292.63,4330367.184,788.692,784.742,-5.298,-5.265,2.329,-1.986,23.9,20.7,5.757,5.627,0.065,0.051,no,no,,,3.418,33.0,6.277,-0.573,6.2,5.296,PD-190-1,PD-223-0,NO,NO,-5.21,-0.088,ok,,medido
PD-206-1,PD,206,1,2TTx56,4,NO,NO,658281.209,4330292.629,4330367.201,788.507,784.606,-5.231,-5.265,2.576,-2.188,26.1,22.6,5.861,5.701,0.047,0.096,no,no,,,3.418,33.0,6.277,-0.573,6.2,5.296,PD-190-1,PD-223-0,NO,NO,-5.213,-0.018,ok,,medido
PD-207-0,PD,207,0,2TTx42,3,NO,NO,658263.086,4330904.068,4330960.237,773.044,771.889,-2.056,-2.008,2.965,-1.817,55.9,42.1,3.581,2.708,0.022,0.035,no,no,,,3.328,58.9,3.887,-1.486,36.5,2.498,PD-191-1,PD-222-0,NO,NO,-1.902,-0.154,ok,,medido
PD-207-1,PD,207,1,2TTx42,3,NO,NO,658269.08,4330903.996,4330960.167,772.926,771.825,-1.96,-2.008,2.358,-1.825,49.6,42.3,3.097,2.714,0.011,0.025,no,no,,,3.328,58.9,3.887,-1.486,36.5,2.498,PD-191-1,PD-222-0,NO,NO,-2.023,0.063,ok,,medido
PD-208-0,PD,208,0,2TTx56,4,NO,NO,658238.002,4332151.113,4332225.801,739.059,737.868,-1.595,-1.598,1.787,-0.905,48.2,29.5,2.397,1.837,0.008,0.027,no,sí,,,1.702,46.8,2.335,-0.573,19.7,1.698,PD-192-1,PD-224-0,NO,NO,-1.844,0.249,ok,,medido
PD-208-1,PD,208,1,2TTx56,4,NO,NO,658243.998,4332151.132,4332225.81,739.014,737.818,-1.602,-1.598,1.513,-1.004,43.4,32.1,2.201,1.887,0.031,0.026,no,sí,,,1.702,46.8,2.335,-0.573,19.7,1.698,PD-192-1,PD-224-0,NO,NO,-1.749,0.147,ok,,medido
PD-209-0,PD,209,0,2TTx56,4,NO,NO,658237.971,4332226.069,4332300.739,737.908,735.599,-3.092,-3.045,0.882,-0.894,16.2,16.4,3.17,3.174,0.088,0.027,sí,sí,,,1.249,22.3,3.291,-0.786,14.5,3.145,PD-194-1,PD-225-0,NO,NO,-2.905,-0.187,ok,,medido
PD-209-1,PD,209,1,2TTx56,4,NO,NO,658244.009,4332226.1,4332300.757,737.801,735.563,-2.998,-3.045,1.062,-0.701,19.2,13.0,3.225,3.125,0.047,0.009,sí,sí,,,1.249,22.3,3.291,-0.786,14.5,3.145,PD-194-1,PD-225-0,NO,NO,-2.835,-0.163,ok,,medido
PD-21-0,PD,21,0,2TTx42,3,NO,NO,657964.051,4330493.315,4330549.491,784.227,782.867,-2.421,-2.153,0.341,-0.105,9.0,2.8,2.18,2.156,0.001,0.014,no,no,,,0.302,8.0,2.174,0.255,353.2,2.168,PD-18-1,PD-24-0,NO,NO,-2.15,-0.271,ok,,medido
PD-21-1,PD,21,1,2TTx42,3,NO,NO,657970.054,4330493.342,4330549.519,784.082,783.023,-1.885,-2.153,0.013,0.181,0.3,355.2,2.153,2.161,0.011,0.017,no,no,,,0.302,8.0,2.174,0.255,353.2,2.168,PD-18-1,PD-24-0,NO,NO,-1.843,-0.042,ok,,medido
PD-210-0,PD,210,0,2TTx56,4,NO,NO,658263.113,4330992.708,4331067.299,771.412,769.014,-3.215,-3.089,1.374,-1.94,24.0,32.1,3.38,3.647,0.038,0.117,no,sí,,,2.003,33.0,3.681,0.009,359.8,3.089,PD-193-1,PD-210-1 (hermana),NO,SI,-3.608,0.393,ok,,medido
PD-210-1,PD,210,1,2TTx56,4,NO,NO,658269.096,4330992.72,4331067.322,771.318,769.108,-2.962,-3.089,0.806,-2.603,14.6,40.1,3.192,4.039,0.023,0.056,no,sí,,,2.003,33.0,3.681,0.009,359.8,3.089,PD-193-1,PD-210-1 (hermana),NO,SI,-3.545,0.583,atencion,,medido
PD-211-0,PD,211,0,2TTx28,2,NO,NO,658263.056,4331067.608,4331105.324,769.071,767.62,-3.847,-3.771,0.193,-0.83,2.9,12.4,3.776,3.861,0.044,0.035,sí,no,,,0.935,13.9,3.885,-0.524,7.9,3.807,PD-196-1,PD-211-1 (hermana),NO,SI,-3.648,-0.199,ok,,medido
PD-211-1,PD,211,1,2TTx28,2,NO,NO,658269.059,4331067.628,4331105.333,769.01,767.617,-3.694,-3.771,0.52,-1.213,7.9,17.8,3.807,3.961,0.025,0.04,sí,no,,,0.935,13.9,3.885,-0.524,7.9,3.807,PD-196-1,PD-211-1 (hermana),NO,SI,-4.716,1.022,revisar,,medido
PD-212-0,PD,212,0,2TTx56,4,NO,NO,658237.976,4332301.014,4332375.66,735.632,733.621,-2.694,-2.819,0.977,-1.592,19.1,29.5,2.984,3.238,0.023,0.035,sí,no,,,1.395,26.3,3.145,-1.395,26.3,3.145,PD-212-0 (hermana),PD-212-1 (hermana),SI,SI,-2.664,-0.03,ok,,medido
PD-212-1,PD,212,1,2TTx56,4,NO,NO,658243.954,4332301.017,4332375.666,735.642,733.444,-2.944,-2.819,0.727,-1.522,14.5,28.4,2.911,3.204,0.04,0.033,sí,no,,,1.395,26.3,3.145,-1.395,26.3,3.145,PD-212-0 (hermana),PD-212-1 (hermana),SI,SI,-2.841,-0.103,ok,,medido
PD-213-0,PD,213,0,2TTx28,2,NO,NO,658231.753,4332655.573,4332693.295,737.101,738.233,3.001,3.098,1.444,0.523,155.0,189.6,3.418,3.142,0.065,0.033,no,no,,,2.528,140.8,3.998,1.075,199.1,3.279,PD-197-1,PD-229-0,NO,NO,2.99,0.011,ok,,medido
PD-213-1,PD,213,1,2TTx28,2,NO,NO,658237.774,4332655.53,4332693.239,737.095,738.3,3.196,3.098,0.88,0.027,164.1,180.5,3.221,3.098,0.024,0.078,no,no,,,2.528,140.8,3.998,1.075,199.1,3.279,PD-197-1,PD-229-0,NO,NO,3.075,0.121,ok,,medido
PD-214-0,PD,214,0,2TTx42,3,NO,NO,658263.052,4331123.533,4331179.687,766.811,764.207,-4.637,-4.708,-0.976,0.374,348.3,355.5,4.808,4.723,0.019,0.029,no,sí,,,-0.322,356.1,4.719,0.322,356.1,4.719,PD-214-0 (hermana),PD-214-1 (hermana),SI,SI,-4.937,0.3,ok,,medido
PD-214-1,PD,214,1,2TTx42,3,NO,NO,658269.054,4331123.538,4331179.675,766.87,764.187,-4.779,-4.708,-0.796,0.457,350.4,354.5,4.775,4.73,0.028,0.022,no,sí,,,-0.322,356.1,4.719,0.322,356.1,4.719,PD-214-0 (hermana),PD-214-1 (hermana),SI,SI,-4.777,-0.002,ok,,medido
PD-215-0,PD,215,0,2TTx56,4,NO,NO,658231.741,4332711.496,4332786.116,738.924,741.144,2.975,3.015,0.502,0.178,170.5,183.4,3.057,3.02,0.129,0.028,no,sí,,,2.657,138.6,4.019,1.586,207.7,3.407,PD-199-1,PD-231-0,NO,NO,2.98,-0.005,ok,,medido
PD-215-1,PD,215,1,2TTx56,4,NO,NO,658237.74,4332711.464,4332786.089,738.85,741.13,3.055,3.015,0.59,0.122,168.9,182.3,3.072,3.018,0.132,0.096,no,sí,,,2.657,138.6,4.019,1.586,207.7,3.407,PD-199-1,PD-231-0,NO,NO,2.961,0.094,ok,,medido
PD-216-0,PD,216,0,2TTx56,4,NO,NO,658263.071,4331180.063,4331254.577,764.06,760.382,-4.936,-4.859,-1.528,1.594,342.5,341.8,5.094,5.114,0.105,0.054,sí,no,,,-0.676,352.1,4.906,2.577,332.1,5.5,PD-216-0 (hermana),PD-230-0,SI,NO,-4.961,0.025,ok,,medido
PD-216-1,PD,216,1,2TTx56,4,NO,NO,658269.072,4331180.047,4331254.574,764.044,760.48,-4.782,-4.859,-1.195,2.185,346.2,335.8,5.004,5.328,0.133,0.046,sí,no,,,-0.676,352.1,4.906,2.577,332.1,5.5,PD-216-0 (hermana),PD-230-0,SI,NO,-4.986,0.204,ok,,medido
PD-217-0,PD,217,0,2TTx28,2,NO,NO,658275.07,4330646.513,4330684.237,778.772,778.321,-1.196,-1.04,0.681,-0.802,33.2,37.6,1.243,1.314,0.021,0.039,no,no,,,1.04,45.0,1.471,-0.159,8.7,1.052,PD-201-1,PD-217-1 (hermana),NO,SI,-1.289,0.093,ok,,medido
PD-217-1,PD,217,1,2TTx28,2,NO,NO,658281.077,4330646.506,4330684.235,778.704,778.37,-0.885,-1.04,0.47,-0.996,24.3,43.8,1.142,1.44,0.015,0.02,no,no,,,1.04,45.0,1.471,-0.159,8.7,1.052,PD-201-1,PD-217-1 (hermana),NO,SI,-1.172,0.287,ok,,medido
PD-218-0,PD,218,0,2TTx56,4,NO,NO,658231.738,4332786.434,4332861.036,741.199,743.236,2.73,2.907,0.284,0.203,174.4,184.0,2.921,2.914,0.01,0.064,sí,sí,,,0.179,176.5,2.913,0.035,180.7,2.907,PD-202-1,PD-232-0,NO,NO,2.941,-0.211,ok,,medido
PD-218-1,PD,218,1,2TTx56,4,NO,NO,658237.748,4332786.386,4332861.128,741.059,743.364,3.084,2.907,0.415,-0.184,171.9,176.4,2.937,2.913,0.034,0.102,sí,sí,,,0.179,176.5,2.913,0.035,180.7,2.907,PD-202-1,PD-232-0,NO,NO,3.004,0.08,ok,,medido
PD-219-0,PD,219,0,2TTx56,4,NO,NO,658231.795,4332861.361,4332935.986,743.355,745.304,2.612,2.594,0.365,-0.465,172.0,169.8,2.62,2.635,0.018,0.042,sí,no,,,0.549,168.1,2.651,-0.549,168.1,2.651,PD-219-0 (hermana),PD-219-1 (hermana),SI,SI,2.626,-0.014,ok,,medido
PD-219-1,PD,219,1,2TTx56,4,NO,NO,658237.812,4332861.239,4332935.955,743.332,745.257,2.576,2.594,0.423,-0.46,170.7,169.9,2.628,2.635,0.018,0.043,,no,,,0.549,168.1,2.651,-0.549,168.1,2.651,PD-219-0 (hermana),PD-219-1 (hermana),SI,SI,2.577,,sin dato,,extremo estimado con pendiente de proyecto
PD-22-0,PD,22,0,2TTx42,3,NO,NO,657975.13,4330244.517,4330300.627,791.085,788.274,-5.01,-5.198,0.544,0.75,6.0,351.8,5.226,5.252,0.027,0.032,no,no,,,0.995,10.8,5.292,0.841,350.8,5.265,PD-19-1,PD-25-0,NO,NO,-5.175,0.165,ok,,medido
PD-22-1,PD,22,1,2TTx42,3,NO,NO,657981.117,4330244.458,4330300.552,791.224,788.203,-5.386,-5.198,0.358,0.843,3.9,350.8,5.21,5.266,0.037,0.024,no,no,,,0.995,10.8,5.292,0.841,350.8,5.265,PD-19-1,PD-25-0,NO,NO,-5.265,-0.121,ok,,medido
PD-220-0,PD,220,0,2TTx56,4,NO,NO,658275.088,4330718.565,4330793.212,777.331,776.535,-1.066,-1.306,0.811,0.095,31.8,355.8,1.537,1.31,0.011,0.091,no,no,,,0.327,14.1,1.346,0.705,331.6,1.484,PD-204-1,PD-220-1 (hermana),NO,SI,-1.135,0.069,ok,,medido
PD-220-1,PD,220,1,2TTx56,4,NO,NO,658281.11,4330718.524,4330793.174,777.553,776.399,-1.546,-1.306,0.373,-0.752,15.9,29.9,1.358,1.507,0.051,0.038,no,no,,,0.327,14.1,1.346,0.705,331.6,1.484,PD-204-1,PD-220-1 (hermana),NO,SI,-1.371,-0.175,ok,,medido
PD-221-0,PD,221,0,2TTx28,2,NO,NO,658275.125,4330830.585,4330868.344,775.446,774.286,-3.072,-3.147,0.488,-0.483,8.8,8.7,3.185,3.184,0.023,0.052,no,no,,,0.247,4.5,3.157,0.393,352.9,3.172,PD-205-1,PD-221-1 (hermana),NO,SI,-2.962,-0.11,ok,,medido
PD-221-1,PD,221,1,2TTx28,2,NO,NO,658281.121,4330830.522,4330868.315,775.5,774.282,-3.223,-3.147,0.244,-1.109,4.4,19.4,3.157,3.337,0.043,0.039,no,no,,,0.247,4.5,3.157,0.393,352.9,3.172,PD-205-1,PD-221-1 (hermana),NO,SI,-2.873,-0.35,ok,,medido
PD-222-0,PD,222,0,2TTx42,3,NO,NO,658275.077,4330901.06,4330957.228,772.986,771.711,-2.27,-2.372,2.05,-1.791,40.8,37.1,3.135,2.972,0.032,0.032,no,no,,,2.788,49.6,3.661,-1.472,31.8,2.792,PD-222-0 (hermana),PD-237-0,SI,NO,-2.223,-0.047,ok,,medido
PD-222-1,PD,222,1,2TTx42,3,NO,NO,658281.108,4330901.031,4330957.203,772.876,771.486,-2.475,-2.372,2.257,-1.083,43.6,24.5,3.274,2.608,0.032,0.05,no,no,,,2.788,49.6,3.661,-1.472,31.8,2.792,PD-222-0 (hermana),PD-237-0,SI,NO,-2.362,-0.113,ok,,medido
PD-223-0,PD,223,0,2TTx42,3,NO,NO,658287.157,4330311.055,4330367.18,787.566,784.516,-5.434,-5.345,1.966,-2.7,20.2,26.8,5.696,5.989,0.038,0.025,no,no,,,2.704,26.8,5.99,-2.555,25.5,5.925,PD-223-0 (hermana),PD-238-0,SI,NO,-5.342,-0.092,ok,,medido
PD-223-1,PD,223,1,2TTx42,3,NO,NO,658293.182,4330311.059,4330367.179,787.353,784.403,-5.257,-5.345,2.123,-2.856,21.7,28.1,5.752,6.061,0.044,0.018,no,no,,,2.704,26.8,5.99,-2.555,25.5,5.925,PD-223-0 (hermana),PD-238-0,SI,NO,-5.312,0.055,ok,,medido
PD-224-0,PD,224,0,2TTx56,4,NO,NO,658249.99,4332151.143,4332225.822,738.989,737.774,-1.627,-1.684,1.186,-1.258,35.1,36.8,2.06,2.102,0.053,0.014,no,sí,,,1.349,38.7,2.158,-1.16,34.6,2.045,PD-224-0 (hermana),PD-239-0,SI,NO,-1.63,0.003,ok,,medido
PD-224-1,PD,224,1,2TTx56,4,NO,NO,658255.993,4332151.136,4332225.828,738.951,737.65,-1.742,-1.684,1.133,-1.509,33.9,41.9,2.03,2.261,0.028,0.05,no,sí,,,1.349,38.7,2.158,-1.16,34.6,2.045,PD-224-0 (hermana),PD-239-0,SI,NO,-1.633,-0.109,ok,,medido
PD-225-0,PD,225,0,2TTx56,4,NO,NO,658249.958,4332226.102,4332300.739,737.775,735.496,-3.053,-2.963,0.916,-0.857,17.2,16.1,3.101,3.084,0.078,0.042,sí,sí,,,1.124,20.8,3.169,-0.046,0.9,2.963,PD-225-0 (hermana),PD-240-0,SI,NO,-2.777,-0.276,ok,,medido
PD-225-1,PD,225,1,2TTx56,4,NO,NO,658255.972,4332226.089,4332300.746,737.64,735.496,-2.872,-2.963,0.962,-0.87,18.0,16.4,3.115,3.088,0.023,0.06,sí,sí,,,1.124,20.8,3.169,-0.046,0.9,2.963,PD-225-0 (hermana),PD-240-0,SI,NO,-2.716,-0.156,ok,,medido
PD-226-0,PD,226,0,2TTx56,4,NO,NO,658275.082,4330992.692,4331067.277,771.015,768.933,-2.791,-2.805,1.858,-1.926,33.5,34.5,3.365,3.403,0.129,0.018,no,sí,,,4.01,55.0,4.894,-1.899,34.1,3.388,PD-210-1,PD-226-1 (hermana),NO,SI,-3.349,0.558,atencion,,medido
PD-226-1,PD,226,1,2TTx56,4,NO,NO,658281.074,4330992.679,4331067.268,770.912,768.809,-2.819,-2.805,2.101,-2.202,36.8,38.1,3.505,3.566,0.102,0.05,no,sí,,,4.01,55.0,4.894,-1.899,34.1,3.388,PD-210-1,PD-226-1 (hermana),NO,SI,-3.536,0.717,atencion,,medido
PD-227-0,PD,227,0,2TTx28,2,NO,NO,658275.09,4331067.666,4331105.381,768.957,767.599,-3.601,-3.641,0.539,-1.657,8.4,24.5,3.681,4.0,0.024,0.054,sí,no,,,1.667,24.6,4.005,-0.739,11.5,3.715,PD-227-0 (hermana),PD-242-0,SI,NO,-3.399,-0.202,ok,,medido
PD-227-1,PD,227,1,2TTx28,2,NO,NO,658281.084,4331067.589,4331105.296,768.875,767.487,-3.681,-3.641,0.971,-1.677,14.9,24.7,3.768,4.009,0.042,0.056,sí,no,,,1.667,24.6,4.005,-0.739,11.5,3.715,PD-227-0 (hermana),PD-242-0,SI,NO,-4.598,0.917,atencion,,medido
PD-228-0,PD,228,0,2TTx56,4,NO,NO,658249.988,4332300.981,4332375.642,735.518,733.383,-2.86,-3.059,1.037,-1.71,18.7,29.2,3.23,3.504,0.052,0.068,sí,no,,,2.851,43.0,4.182,-0.015,0.3,3.059,PD-228-0 (hermana),PD-243-0,SI,NO,-2.983,0.123,ok,,medido
PD-228-1,PD,228,1,2TTx56,4,NO,NO,658255.954,4332301.029,4332375.685,735.495,733.063,-3.258,-3.059,1.312,-1.326,23.2,23.4,3.328,3.334,0.111,0.09,sí,no,,,2.851,43.0,4.182,-0.015,0.3,3.059,PD-228-0 (hermana),PD-243-0,SI,NO,-3.166,-0.092,ok,,medido
PD-229-0,PD,229,0,2TTx28,2,NO,NO,658243.731,4332655.606,4332693.331,737.255,738.273,2.698,2.757,0.334,-0.385,173.1,172.0,2.777,2.783,0.044,0.046,no,no,,,-0.283,185.9,2.771,0.283,185.9,2.771,PD-229-0 (hermana),PD-229-1 (hermana),SI,SI,3.172,-0.474,ok,,medido
PD-229-1,PD,229,1,2TTx28,2,NO,NO,658249.742,4332655.566,4332693.296,737.249,738.311,2.815,2.757,0.041,-0.67,179.1,166.3,2.757,2.837,0.089,0.023,no,no,,,-0.283,185.9,2.771,0.283,185.9,2.771,PD-229-0 (hermana),PD-229-1 (hermana),SI,SI,3.257,-0.442,ok,,medido
PD-23-0,PD,23,0,2TTx42,3,NO,NO,657975.154,4330333.437,4330389.604,786.156,784.306,-3.294,-3.278,2.269,-0.343,34.7,6.0,3.987,3.296,0.109,0.0,no,no,,,3.955,50.3,5.137,-0.343,6.0,3.296,PD-20-1,PD-23-1 (hermana),NO,SI,-3.262,-0.032,ok,,medido
PD-23-1,PD,23,1,2TTx42,3,NO,NO,657981.154,4330333.423,4330389.581,786.127,784.295,-3.262,-3.278,1.854,,29.5,,3.766,,0.068,,no,no,,,3.955,50.3,5.137,-0.343,6.0,3.296,PD-20-1,PD-23-1 (hermana),NO,SI,-3.262,0.0,ok,,medido
PD-230-0,PD,230,0,2TTx56,4,NO,NO,658275.067,4331123.548,4331198.096,766.787,763.351,-4.609,-4.614,-0.61,0.571,352.5,352.9,4.654,4.649,0.089,0.092,no,no,,,0.578,7.1,4.65,1.835,338.3,4.965,PD-214-1,PD-230-1 (hermana),NO,SI,-4.662,0.053,ok,,medido
PD-230-1,PD,230,1,2TTx56,4,NO,NO,658281.107,4331123.575,4331198.128,766.9,763.457,-4.618,-4.614,-1.036,0.062,347.3,359.2,4.729,4.614,0.091,0.077,no,no,,,0.578,7.1,4.65,1.835,338.3,4.965,PD-214-1,PD-230-1 (hermana),NO,SI,-4.519,-0.099,ok,,medido
PD-231-0,PD,231,0,2TTx42,3,NO,NO,658243.78,4332711.525,4332767.681,738.934,740.677,3.104,3.057,0.079,-0.754,178.5,166.1,3.058,3.148,0.12,0.112,no,sí,,,-0.241,184.5,3.066,0.241,184.5,3.066,PD-231-0 (hermana),PD-231-1 (hermana),SI,SI,2.972,0.132,ok,,medido
PD-231-1,PD,231,1,2TTx42,3,NO,NO,658249.779,4332711.461,4332767.648,738.973,740.664,3.01,3.057,0.036,-1.327,179.3,156.5,3.057,3.332,0.111,0.087,no,sí,,,-0.241,184.5,3.066,0.241,184.5,3.066,PD-231-0 (hermana),PD-231-1 (hermana),SI,SI,2.961,0.049,ok,,medido
PD-232-0,PD,232,0,2TTx56,4,NO,NO,658243.765,4332768.006,4332842.632,740.56,742.756,2.943,2.91,0.42,-0.501,171.8,170.2,2.94,2.953,0.07,0.132,sí,sí,,,0.46,171.0,2.946,0.885,196.9,3.042,PD-215-1,PD-232-1 (hermana),NO,SI,2.914,0.029,ok,,medido
PD-232-1,PD,232,1,2TTx56,4,NO,NO,658249.751,4332767.959,4332842.576,740.636,742.783,2.877,2.91,0.041,-1.412,179.2,154.1,2.91,3.234,0.064,0.104,sí,sí,,,0.46,171.0,2.946,0.885,196.9,3.042,PD-215-1,PD-232-1 (hermana),NO,SI,2.878,-0.001,ok,,medido
PD-233-0,PD,233,0,2TTx28,2,NO,NO,658287.072,4330646.531,4330684.254,778.611,778.279,-0.88,-0.848,0.819,-0.71,44.0,39.9,1.179,1.106,0.043,0.03,no,no,,,1.531,61.0,1.751,-0.615,36.0,1.048,PD-217-1,PD-233-1 (hermana),NO,SI,-1.092,0.212,ok,,medido
PD-233-1,PD,233,1,2TTx28,2,NO,NO,658293.065,4330646.541,4330684.272,778.562,778.254,-0.816,-0.848,0.839,-0.732,44.7,40.8,1.193,1.12,0.028,0.031,no,no,,,1.531,61.0,1.751,-0.615,36.0,1.048,PD-217-1,PD-233-1 (hermana),NO,SI,-0.993,0.177,ok,,medido
PD-234-0,PD,234,0,2TTx28,2,NO,NO,658287.063,4330705.185,4330742.921,777.839,776.977,-2.284,-2.162,0.582,-0.344,15.1,9.0,2.239,2.189,0.074,0.058,no,no,,,1.827,40.2,2.83,0.626,343.9,2.25,PD-220-1,PD-234-1 (hermana),NO,SI,-2.189,-0.095,ok,,medido
PD-234-1,PD,234,1,2TTx28,2,NO,NO,658293.077,4330705.154,4330742.872,777.831,777.062,-2.039,-2.162,0.09,-0.564,2.4,14.6,2.163,2.234,0.077,0.039,no,no,,,1.827,40.2,2.83,0.626,343.9,2.25,PD-220-1,PD-234-1 (hermana),NO,SI,-2.292,0.253,ok,,medido
PD-235-0,PD,235,0,2TTx56,4,NO,NO,658243.771,4332842.924,4332917.54,742.785,744.737,2.616,2.559,0.263,-0.72,174.1,164.3,2.572,2.658,0.069,0.119,sí,no,,,0.999,158.7,2.747,0.869,198.8,2.702,PD-218-1,PD-251-0,NO,NO,2.588,0.028,ok,,medido
PD-235-1,PD,235,1,2TTx56,4,NO,NO,658249.773,4332842.87,4332917.473,742.806,744.672,2.501,2.559,0.212,-1.669,175.3,146.9,2.567,3.055,0.079,0.154,sí,no,,,0.999,158.7,2.747,0.869,198.8,2.702,PD-218-1,PD-251-0,NO,NO,2.561,-0.06,ok,,medido
PD-236-0,PD,236,0,2TTx28,2,NO,NO,658287.111,4330827.512,4330865.285,775.48,774.318,-3.076,-2.787,0.458,-1.041,9.3,20.5,2.824,2.975,0.06,0.047,no,no,,,1.454,27.6,3.143,-0.261,5.4,2.799,PD-221-1,PD-236-1 (hermana),NO,SI,-2.797,-0.279,ok,,medido
PD-236-1,PD,236,1,2TTx28,2,NO,NO,658293.105,4330827.545,4330865.274,775.354,774.412,-2.497,-2.787,0.357,-1.241,7.3,24.0,2.809,3.05,0.051,0.022,no,no,,,1.454,27.6,3.143,-0.261,5.4,2.799,PD-221-1,PD-236-1 (hermana),NO,SI,-2.612,0.115,ok,,medido
PD-237-0,PD,237,0,2TTx42,3,NO,NO,658287.102,4330898.036,4330954.208,772.894,771.443,-2.583,-2.743,1.98,-0.702,35.8,14.4,3.383,2.832,0.039,0.028,no,no,,,1.472,28.2,3.113,-1.028,20.5,2.93,PD-222-1,PD-237-1 (hermana),NO,SI,-2.535,-0.048,ok,,medido
PD-237-1,PD,237,1,2TTx42,3,NO,NO,658293.132,4330898.002,4330954.172,772.923,771.292,-2.904,-2.743,1.655,-0.495,31.1,10.2,3.204,2.788,0.021,0.014,no,no,,,1.472,28.2,3.113,-1.028,20.5,2.93,PD-222-1,PD-237-1 (hermana),NO,SI,-2.602,-0.302,ok,,medido
PD-238-0,PD,238,0,2TTx28,2,NO,NO,658299.14,4330329.545,4330367.23,786.27,784.207,-5.474,-5.357,2.114,-3.096,21.5,30.0,5.759,6.188,0.045,0.021,no,no,,,2.954,28.9,6.118,-2.954,28.9,6.118,PD-238-0 (hermana),PD-238-1 (hermana),SI,SI,-5.528,0.054,ok,,medido
PD-238-1,PD,238,1,2TTx28,2,NO,NO,658305.144,4330329.5,4330367.188,786.051,784.076,-5.24,-5.357,2.439,-3.116,24.5,30.2,5.886,6.198,0.038,0.058,no,no,,,2.954,28.9,6.118,-2.954,28.9,6.118,PD-238-0 (hermana),PD-238-1 (hermana),SI,SI,-5.414,0.174,ok,,medido
PD-239-0,PD,239,0,2TTx56,4,NO,NO,658262.02,4332151.137,4332225.837,738.894,737.567,-1.776,-1.745,1.087,-1.72,31.9,44.6,2.056,2.45,0.02,0.046,no,sí,,,1.16,33.6,2.095,-1.032,30.6,2.027,PD-224-1,PD-239-1 (hermana),NO,SI,-2.064,0.288,ok,,medido
PD-239-1,PD,239,1,2TTx56,4,NO,NO,658268.035,4332151.109,4332225.799,738.809,737.529,-1.714,-1.745,1.083,-2.277,31.8,52.5,2.054,2.869,0.017,0.038,no,sí,,,1.16,33.6,2.095,-1.032,30.6,2.027,PD-224-1,PD-239-1 (hermana),NO,SI,-1.72,0.006,ok,,medido
PD-24-0,PD,24,0,2TTx28,2,NO,NO,657976.115,4330498.74,4330536.478,783.928,783.352,-1.526,-1.431,0.03,-0.548,1.2,21.0,1.431,1.532,0.02,0.0,no,no,,,0.548,21.0,1.532,-0.548,21.0,1.532,PD-24-0 (hermana),PD-24-1 (hermana),SI,SI,-1.592,0.066,ok,,medido
PD-24-1,PD,24,1,2TTx28,2,NO,NO,657982.118,4330498.679,4330536.414,783.86,783.356,-1.336,-1.431,0.122,,4.9,,1.436,,0.026,,no,no,,,0.548,21.0,1.532,-0.548,21.0,1.532,PD-24-0 (hermana),PD-24-1 (hermana),SI,SI,-1.364,0.028,ok,,medido
PD-240-0,PD,240,0,2TTx56,4,NO,NO,658262.054,4332226.085,4332300.765,737.576,735.554,-2.708,-2.7,0.689,-1.301,14.3,25.7,2.786,2.997,0.022,0.036,sí,sí,,,0.704,14.6,2.79,-0.704,14.6,2.79,PD-240-0 (hermana),PD-240-1 (hermana),SI,SI,-2.769,0.061,ok,,medido
PD-240-1,PD,240,1,2TTx56,4,NO,NO,658268.067,4332226.041,4332300.712,737.529,735.519,-2.692,-2.7,0.613,-1.713,12.8,32.4,2.768,3.197,0.012,0.018,sí,sí,,,0.704,14.6,2.79,-0.704,14.6,2.79,PD-240-0 (hermana),PD-240-1 (hermana),SI,SI,-2.742,0.05,ok,,medido
PD-241-0,PD,241,0,2TTx56,4,NO,NO,658287.114,4330992.696,4331067.286,770.732,768.72,-2.697,-2.71,2.244,-2.34,39.6,40.8,3.518,3.58,0.084,0.06,no,sí,,,2.219,39.3,3.502,-1.363,26.7,3.033,PD-226-1,PD-241-1 (hermana),NO,SI,-2.831,0.134,ok,,medido
PD-241-1,PD,241,1,2TTx56,4,NO,NO,658293.15,4330992.697,4331067.303,770.659,768.628,-2.722,-2.71,2.096,-2.696,37.7,44.9,3.426,3.823,0.066,0.027,no,sí,,,2.219,39.3,3.502,-1.363,26.7,3.033,PD-226-1,PD-241-1 (hermana),NO,SI,-2.808,0.086,ok,,medido
PD-242-0,PD,242,0,2TTx28,2,NO,NO,658287.076,4331067.61,4331105.317,768.75,767.522,-3.257,-3.4,0.919,-2.006,15.1,30.5,3.522,3.947,0.034,0.047,sí,no,,,2.637,37.8,4.303,-1.965,30.0,3.927,PD-242-0 (hermana),PD-259-0,SI,NO,-3.12,-0.137,ok,,medido
PD-242-1,PD,242,1,2TTx28,2,NO,NO,658293.139,4331067.583,4331105.292,768.645,767.309,-3.543,-3.4,1.568,-1.799,24.8,27.9,3.744,3.846,0.065,0.048,sí,no,,,2.637,37.8,4.303,-1.965,30.0,3.927,PD-242-0 (hermana),PD-259-0,SI,NO,-3.153,-0.39,ok,,medido
PD-243-0,PD,243,0,2TTx56,4,NO,NO,658262.035,4332301.041,4332375.708,735.527,733.028,-3.347,-3.445,1.399,-2.01,22.1,30.3,3.718,3.988,0.012,0.051,sí,no,,,1.156,18.6,3.633,-1.156,18.6,3.633,PD-243-0 (hermana),PD-243-1 (hermana),SI,SI,-3.307,-0.04,ok,,medido
PD-243-1,PD,243,1,2TTx56,4,NO,NO,658268.025,4332301.033,4332375.672,735.531,732.887,-3.542,-3.445,1.254,-2.59,20.0,36.9,3.666,4.31,0.032,0.029,sí,no,,,1.156,18.6,3.633,-1.156,18.6,3.633,PD-243-0 (hermana),PD-243-1 (hermana),SI,SI,-3.443,-0.099,ok,,medido
PD-244-0,PD,244,0,2TTx28,2,NO,NO,658255.831,4332655.577,4332693.313,737.231,738.294,2.817,2.773,-0.304,-0.475,186.3,170.3,2.79,2.814,0.038,0.052,no,no,,,1.114,158.1,2.989,-1.003,160.1,2.949,PD-244-0 (hermana),PD-261-0,SI,NO,3.198,-0.381,ok,,medido
PD-244-1,PD,244,1,2TTx28,2,NO,NO,658261.817,4332655.584,4332693.319,737.181,738.211,2.73,2.773,0.251,-0.253,174.8,174.8,2.785,2.785,0.054,0.051,no,no,,,1.114,158.1,2.989,-1.003,160.1,2.949,PD-244-0 (hermana),PD-261-0,SI,NO,3.124,-0.394,ok,,medido
PD-245-0,PD,245,0,2TTx56,4,NO,NO,658287.116,4331123.563,4331198.135,766.773,763.676,-4.153,-4.142,-1.228,-0.064,343.5,0.9,4.32,4.142,0.196,0.043,no,no,,,-0.647,351.1,4.192,0.647,351.1,4.192,PD-245-0 (hermana),PD-245-1 (hermana),SI,SI,-4.38,0.227,ok,,medido
PD-245-1,PD,245,1,2TTx56,4,NO,NO,658293.108,4331123.5,4331198.089,766.806,763.725,-4.131,-4.142,-1.157,-0.569,344.4,7.8,4.3,4.181,0.162,0.004,no,no,,,-0.647,351.1,4.192,0.647,351.1,4.192,PD-245-0 (hermana),PD-245-1 (hermana),SI,SI,-4.223,0.092,ok,,medido
PD-246-0,PD,246,0,2TTx42,3,NO,NO,658255.766,4332711.499,4332767.668,739.019,740.635,2.877,2.934,-0.375,-1.72,187.3,149.6,2.957,3.401,0.023,0.063,no,sí,,,2.666,137.7,3.964,-1.873,147.4,3.48,PD-246-0 (hermana),PD-264-0,SI,NO,2.964,-0.087,ok,,medido
PD-246-1,PD,246,1,2TTx42,3,NO,NO,658261.754,4332711.511,4332767.665,738.828,740.507,2.99,2.934,0.579,-0.851,168.8,163.8,2.99,3.054,0.125,0.078,no,sí,,,2.666,137.7,3.964,-1.873,147.4,3.48,PD-246-0 (hermana),PD-264-0,SI,NO,2.964,0.026,ok,,medido
PD-247-0,PD,247,0,2TTx56,4,NO,NO,658283.334,4331369.748,4331444.382,755.633,754.684,-1.272,-1.293,,-1.211,,43.1,,1.772,,0.098,no,no,,,2.198,59.5,2.55,-1.247,44.0,1.796,PD-247-0 (hermana),PD-263-0,SI,NO,-1.464,0.192,ok,,medido
PD-247-1,PD,247,1,2TTx56,4,NO,NO,658289.342,4331369.742,4331444.379,755.517,754.536,-1.314,-1.293,2.198,-0.652,59.5,26.8,2.55,1.448,0.0,0.047,no,no,,,2.198,59.5,2.55,-1.247,44.0,1.796,PD-247-0 (hermana),PD-263-0,SI,NO,-1.461,0.147,ok,,medido
PD-248-0,PD,248,0,2TTx42,3,NO,NO,658299.095,4330622.115,4330678.281,778.607,778.282,-0.579,-0.522,0.918,-1.117,60.4,65.0,1.056,1.233,0.024,0.04,no,no,,,0.972,61.8,1.103,-0.724,54.2,0.893,PD-233-1,PD-248-1 (hermana),NO,SI,-0.728,0.149,ok,,medido
PD-248-1,PD,248,1,2TTx42,3,NO,NO,658305.059,4330622.063,4330678.253,778.532,778.271,-0.464,-0.522,0.807,-1.278,57.1,67.8,0.961,1.38,0.025,0.035,no,no,,,0.972,61.8,1.103,-0.724,54.2,0.893,PD-233-1,PD-248-1 (hermana),NO,SI,-0.525,0.061,ok,,medido
PD-249-0,PD,249,0,2TTx56,4,NO,NO,658255.752,4332767.982,4332842.598,740.653,742.805,2.884,2.897,-0.19,-2.025,183.8,145.0,2.903,3.534,0.04,0.081,sí,sí,,,2.163,143.3,3.615,-1.456,153.3,3.242,PD-249-0 (hermana),PD-264-0,SI,NO,2.931,-0.047,ok,,medido
PD-249-1,PD,249,1,2TTx56,4,NO,NO,658261.764,4332767.964,4332842.583,740.513,742.684,2.909,2.897,0.387,-1.677,172.4,149.9,2.923,3.347,0.107,0.142,sí,sí,,,2.163,143.3,3.615,-1.456,153.3,3.242,PD-249-0 (hermana),PD-264-0,SI,NO,2.856,0.053,ok,,medido
PD-25-0,PD,25,0,2TTx56,4,NO,NO,657987.118,4330226.082,4330300.599,792.236,788.268,-5.325,-5.434,-0.198,1.219,357.9,347.4,5.437,5.569,0.027,0.043,no,no,,,-0.841,351.2,5.498,1.256,347.0,5.577,PD-22-1,PD-25-1 (hermana),NO,SI,-5.344,0.019,ok,,medido
PD-25-1,PD,25,1,2TTx56,4,NO,NO,657993.122,4330226.032,4330300.553,792.395,788.265,-5.542,-5.434,-0.557,1.317,354.1,346.4,5.462,5.591,0.057,0.154,no,no,,,-0.841,351.2,5.498,1.256,347.0,5.577,PD-22-1,PD-25-1 (hermana),NO,SI,-5.463,-0.079,ok,,medido
PD-250-0,PD,250,0,2TTx28,2,NO,NO,658299.062,4330701.9,4330739.605,777.88,776.95,-2.467,-2.613,0.451,-0.052,9.8,1.1,2.652,2.614,0.099,0.012,no,no,,,1.753,33.9,3.147,0.148,356.8,2.617,PD-234-1,PD-250-1 (hermana),NO,SI,-2.364,-0.103,ok,,medido
PD-250-1,PD,250,1,2TTx28,2,NO,NO,658305.074,4330701.908,4330739.627,777.944,776.903,-2.76,-2.613,0.395,-0.096,8.6,2.1,2.643,2.615,0.101,0.023,no,no,,,1.753,33.9,3.147,0.148,356.8,2.617,PD-234-1,PD-250-1 (hermana),NO,SI,-2.336,-0.424,ok,,medido
PD-251-0,PD,251,0,2TTx56,4,NO,NO,658255.823,4332842.898,4332917.519,742.879,744.706,2.448,2.58,-0.069,-2.872,181.5,131.9,2.581,3.861,0.086,0.069,sí,no,,,1.723,146.3,3.103,-1.723,146.3,3.103,PD-251-0 (hermana),PD-251-1 (hermana),SI,SI,2.538,-0.09,ok,,medido
PD-251-1,PD,251,1,2TTx56,4,NO,NO,658261.828,4332842.854,4332917.444,742.676,744.699,2.712,2.58,0.553,-2.671,167.9,134.0,2.639,3.714,0.07,0.04,sí,no,,,1.723,146.3,3.103,-1.723,146.3,3.103,PD-251-0 (hermana),PD-251-1 (hermana),SI,SI,2.542,0.17,ok,,medido
PD-252-0,PD,252,0,2TTx42,3,NO,NO,658299.13,4330806.128,4330862.319,775.73,774.458,-2.264,-2.395,0.738,-0.954,17.1,21.7,2.506,2.578,0.037,0.038,no,no,,,1.134,25.3,2.65,-1.015,23.0,2.601,PD-236-1,PD-252-1 (hermana),NO,SI,-2.54,0.276,ok,,medido
PD-252-1,PD,252,1,2TTx42,3,NO,NO,658305.128,4330806.08,4330862.249,775.744,774.325,-2.526,-2.395,1.096,-0.948,24.6,21.6,2.634,2.576,0.026,0.032,no,no,,,1.134,25.3,2.65,-1.015,23.0,2.601,PD-236-1,PD-252-1 (hermana),NO,SI,-2.449,-0.077,ok,,medido
PD-253-0,PD,253,0,2TTx42,3,NO,NO,658299.134,4330895.06,4330951.21,772.908,771.299,-2.866,-2.966,1.492,-0.053,26.7,1.0,3.32,2.966,0.04,0.036,no,no,,,1.485,26.6,3.317,0.548,349.5,3.016,PD-237-1,PD-253-1 (hermana),NO,SI,-2.8,-0.066,ok,,medido
PD-253-1,PD,253,1,2TTx42,3,NO,NO,658305.128,4330895.097,4330951.262,772.996,771.274,-3.066,-2.966,0.709,-0.311,13.4,6.0,3.049,2.982,0.04,0.01,no,no,,,1.485,26.6,3.317,0.548,349.5,3.016,PD-237-1,PD-253-1 (hermana),NO,SI,-2.888,-0.178,ok,,medido
PD-254-0,PD,254,0,2TTx28,2,NO,NO,658311.155,4330329.507,4330367.206,785.759,783.984,-4.708,-4.494,2.658,-3.07,30.6,34.3,5.221,5.443,0.049,0.054,no,no,,,3.184,35.3,5.508,-2.803,32.0,5.297,PD-238-1,PD-254-1 (hermana),NO,SI,-4.999,0.291,ok,,medido
PD-254-1,PD,254,1,2TTx28,2,NO,NO,658317.171,4330329.454,4330367.163,785.512,783.898,-4.28,-4.494,2.921,-3.166,33.0,35.2,5.36,5.497,0.011,0.049,no,no,,,3.184,35.3,5.508,-2.803,32.0,5.297,PD-238-1,PD-254-1 (hermana),NO,SI,-4.589,0.309,ok,,medido
PD-255-0,PD,255,0,2TTx56,4,NO,NO,658274.064,4332151.134,4332225.815,738.695,737.444,-1.675,-1.593,1.309,-3.237,39.4,63.8,2.062,3.608,0.02,0.0,no,sí,,,3.237,63.8,3.608,-3.237,63.8,3.608,PD-255-0 (hermana),PD-255-1 (hermana),SI,SI,-1.668,-0.007,ok,,medido
PD-255-1,PD,255,1,2TTx56,4,NO,NO,658280.035,4332151.159,4332225.879,738.44,737.311,-1.511,-1.593,1.964,,51.0,,2.529,,0.076,,no,sí,,,3.237,63.8,3.608,-3.237,63.8,3.608,PD-255-0 (hermana),PD-255-1 (hermana),SI,SI,-1.502,-0.009,ok,,medido
PD-256-0,PD,256,0,2TTx56,4,NO,NO,658274.048,4332226.077,4332300.727,737.419,735.351,-2.77,-2.76,1.137,-0.821,22.4,16.6,2.985,2.879,0.07,0.0,sí,sí,,,2.312,40.0,3.6,-0.821,16.6,2.879,PD-240-1,PD-256-1 (hermana),NO,SI,-2.669,-0.101,ok,,medido
PD-256-1,PD,256,1,2TTx56,4,NO,NO,658280.07,4332226.135,4332300.89,737.36,735.305,-2.749,-2.76,1.134,,22.3,,2.984,,0.052,,sí,,,,2.312,40.0,3.6,-0.821,16.6,2.879,PD-240-1,PD-256-1 (hermana),NO,SI,-2.749,,sin dato,,extremo estimado con pendiente de proyecto
PD-257-0,PD,257,0,2TTx56,4,NO,NO,658299.113,4330992.741,4331067.327,770.524,768.484,-2.735,-2.742,1.953,-2.73,35.5,44.9,3.366,3.869,0.022,0.033,no,sí,,,3.601,52.7,4.526,-1.694,31.7,3.223,PD-257-0 (hermana),PD-272-0,SI,NO,-2.663,-0.072,ok,,medido
PD-257-1,PD,257,1,2TTx56,4,NO,NO,658305.13,4330992.712,4331067.306,770.313,768.263,-2.748,-2.742,2.511,-2.558,42.5,43.0,3.718,3.75,0.066,0.051,no,sí,,,3.601,52.7,4.526,-1.694,31.7,3.223,PD-257-0 (hermana),PD-272-0,SI,NO,-2.64,-0.108,ok,,medido
PD-258-0,PD,258,0,2TTx28,2,NO,NO,658267.744,4332588.608,4332626.317,734.347,736.206,4.93,4.707,,1.328,,195.8,,4.89,,0.088,no,sí,,,-1.502,197.7,4.94,2.616,209.1,5.385,PD-258-0 (hermana),PD-273-0,SI,NO,4.68,0.25,ok,,medido
PD-258-1,PD,258,1,2TTx28,2,NO,NO,658273.767,4332588.571,4332626.333,734.52,736.213,4.483,4.707,-1.502,1.142,197.7,193.6,4.94,4.843,0.0,0.089,no,sí,,,-1.502,197.7,4.94,2.616,209.1,5.385,PD-258-0 (hermana),PD-273-0,SI,NO,4.219,0.264,ok,,medido
PD-259-0,PD,259,0,2TTx28,2,NO,NO,658299.08,4331067.641,4331105.339,768.459,767.258,-3.186,-2.991,1.843,-1.749,31.6,30.3,3.514,3.465,0.055,0.052,sí,no,,,1.965,33.3,3.579,-0.775,14.5,3.09,PD-242-1,PD-274-0,NO,NO,-3.098,-0.088,ok,,medido
PD-259-1,PD,259,1,2TTx28,2,NO,NO,658305.116,4331067.621,4331105.34,768.275,767.22,-2.797,-2.991,1.92,-1.757,32.7,30.4,3.555,3.469,0.042,0.059,sí,no,,,1.965,33.3,3.579,-0.775,14.5,3.09,PD-242-1,PD-274-0,NO,NO,-2.965,0.168,ok,,medido
PD-26-0,PD,26,0,2TTx28,2,NO,NO,657999.106,4330206.702,4330243.824,793.535,791.456,-5.6,-5.678,-1.438,2.226,345.8,338.6,5.857,6.098,0.034,0.039,no,sí,,,-0.873,351.3,5.744,3.41,329.0,6.623,PD-25-1,PD-29-0,NO,NO,-5.411,-0.189,ok,,medido
PD-26-1,PD,26,1,2TTx28,2,NO,NO,658005.11,4330206.704,4330243.837,793.651,791.514,-5.755,-5.678,-1.336,2.615,346.8,335.3,5.833,6.251,0.035,0.082,no,sí,,,-0.873,351.3,5.744,3.41,329.0,6.623,PD-25-1,PD-29-0,NO,NO,-5.544,-0.211,ok,,medido
PD-260-0,PD,260,0,2TTx56,4,NO,NO,658274.046,4332301.068,4332375.698,735.372,732.616,-3.693,-3.725,1.91,-1.12,27.1,16.7,4.187,3.89,0.099,0.0,sí,no,,,3.553,43.6,5.148,-1.12,16.7,3.89,PD-243-1,PD-260-1 (hermana),NO,SI,-3.641,-0.052,ok,,medido
PD-260-1,PD,260,1,2TTx56,4,NO,NO,658279.973,4332300.959,4332375.679,735.334,732.526,-3.758,-3.725,1.722,,24.8,,4.104,,0.074,,sí,no,,,3.553,43.6,5.148,-1.12,16.7,3.89,PD-243-1,PD-260-1 (hermana),NO,SI,-3.701,-0.057,ok,,medido
PD-261-0,PD,261,0,2TTx56,4,NO,NO,658267.745,4332626.663,4332701.326,736.318,738.378,2.759,2.845,0.475,-0.163,170.5,176.7,2.885,2.85,0.07,0.074,sí,no,,,1.003,160.6,3.017,1.263,203.9,3.113,PD-244-1,PD-275-0,NO,NO,2.933,-0.174,ok,,medido
PD-261-1,PD,261,1,2TTx56,4,NO,NO,658273.755,4332626.575,4332701.212,736.23,738.418,2.932,2.845,0.624,-0.12,167.6,177.6,2.913,2.848,0.017,0.083,sí,no,,,1.003,160.6,3.017,1.263,203.9,3.113,PD-244-1,PD-275-0,NO,NO,2.936,-0.004,ok,,medido
PD-262-0,PD,262,0,2TTx42,3,NO,NO,658299.078,4331123.535,4331179.681,766.692,764.513,-3.881,-3.717,-0.208,-0.356,356.8,5.5,3.723,3.734,0.055,0.0,no,no,,,0.711,10.8,3.784,-0.356,5.5,3.734,PD-245-1,PD-262-1 (hermana),NO,SI,-3.972,0.091,ok,,medido
PD-262-1,PD,262,1,2TTx42,3,NO,NO,658305.044,4331123.553,4331179.703,766.578,764.583,-3.553,-3.717,-0.035,,359.5,,3.717,,0.068,,no,no,,,0.711,10.8,3.784,-0.356,5.5,3.734,PD-245-1,PD-262-1 (hermana),NO,SI,-3.667,0.114,ok,,medido
PD-263-0,PD,263,0,2TTx56,4,NO,NO,658295.324,4331313.311,4331387.914,757.544,755.015,-3.39,-3.405,1.548,0.197,24.4,356.7,3.74,3.41,0.009,0.106,no,sí,,,1.247,20.1,3.626,2.521,323.5,4.237,PD-247-1,PD-278-0,NO,NO,-3.328,-0.062,ok,,medido
PD-263-1,PD,263,1,2TTx56,4,NO,NO,658301.324,4331313.377,4331387.978,757.54,754.989,-3.42,-3.405,1.018,0.194,16.6,356.7,3.554,3.41,0.033,0.139,no,sí,,,1.247,20.1,3.626,2.521,323.5,4.237,PD-247-1,PD-278-0,NO,NO,-3.389,-0.031,ok,,medido
PD-264-0,PD,264,0,2TTx56,4,NO,NO,658267.796,4332711.526,4332786.108,738.704,740.964,3.03,2.941,1.155,-0.455,158.6,171.2,3.16,2.976,0.134,0.092,no,sí,,,1.873,147.5,3.487,-0.442,171.4,2.974,PD-246-1,PD-277-0,NO,NO,2.912,0.118,ok,,medido
PD-264-1,PD,264,1,2TTx56,4,NO,NO,658273.833,4332711.481,4332786.07,738.693,740.82,2.852,2.941,1.56,-0.423,152.1,171.8,3.329,2.971,0.07,0.118,no,sí,,,1.873,147.5,3.487,-0.442,171.4,2.974,PD-246-1,PD-277-0,NO,NO,2.84,0.012,ok,,medido
PD-265-0,PD,265,0,2TTx42,3,NO,NO,658295.33,4331388.243,4331444.456,755.012,754.456,-0.989,-1.04,2.614,-0.406,68.3,21.3,2.813,1.116,0.014,0.108,sí,no,,,2.848,69.9,3.032,1.552,303.8,1.868,PD-247-1,PD-278-0,NO,NO,-1.106,0.117,ok,,medido
PD-265-1,PD,265,1,2TTx42,3,NO,NO,658301.322,4331388.189,4331444.391,755.008,754.395,-1.091,-1.04,1.739,-0.623,59.1,30.9,2.026,1.212,0.027,0.13,sí,no,,,2.848,69.9,3.032,1.552,303.8,1.868,PD-247-1,PD-278-0,NO,NO,-1.06,-0.031,ok,,medido
PD-266-0,PD,266,0,2TTx42,3,NO,NO,658311.08,4330622.093,4330678.28,778.395,778.306,-0.158,-0.267,0.613,-1.472,66.5,79.7,0.669,1.496,0.021,0.021,no,no,,,1.122,76.6,1.154,-1.122,76.6,1.154,PD-266-0 (hermana),PD-266-1 (hermana),SI,SI,-0.412,0.254,ok,,medido
PD-266-1,PD,266,1,2TTx42,3,NO,NO,658317.056,4330622.063,4330678.269,778.389,778.178,-0.375,-0.267,0.829,-1.591,72.2,80.5,0.871,1.613,0.018,0.023,no,no,,,1.122,76.6,1.154,-1.122,76.6,1.154,PD-266-0 (hermana),PD-266-1 (hermana),SI,SI,-0.152,-0.223,ok,,medido
PD-267-0,PD,267,0,2TTx56,4,NO,NO,658267.812,4332786.454,4332861.108,740.946,742.989,2.737,2.661,1.464,-1.817,151.2,145.7,3.037,3.222,0.187,0.049,sí,no,,,3.08,130.8,4.07,-0.921,160.9,2.816,PD-251-1,PD-280-0,NO,NO,2.702,0.035,ok,,medido
PD-267-1,PD,267,1,2TTx56,4,NO,NO,658273.809,4332786.383,4332861.043,740.818,742.748,2.585,2.661,2.414,-1.581,137.8,149.3,3.593,3.095,0.154,0.066,sí,no,,,3.08,130.8,4.07,-0.921,160.9,2.816,PD-251-1,PD-280-0,NO,NO,2.683,-0.098,ok,,medido
PD-268-0,PD,268,0,2TTx28,2,NO,NO,658311.084,4330698.567,4330736.281,777.995,776.992,-2.659,-2.546,0.487,0.16,10.8,356.4,2.592,2.551,0.042,0.021,no,no,,,0.343,7.7,2.569,0.064,358.6,2.547,PD-250-1,PD-268-1 (hermana),NO,SI,-2.512,-0.147,ok,,medido
PD-268-1,PD,268,1,2TTx28,2,NO,NO,658317.084,4330698.571,4330736.306,777.956,777.038,-2.433,-2.546,0.225,0.115,5.1,357.4,2.556,2.549,0.042,0.035,no,no,,,0.343,7.7,2.569,0.064,358.6,2.547,PD-250-1,PD-268-1 (hermana),NO,SI,-2.669,0.236,ok,,medido
PD-269-0,PD,269,0,2TTx42,3,NO,NO,658311.11,4330803.138,4330859.317,775.717,774.311,-2.503,-2.328,1.241,-0.802,28.1,19.0,2.638,2.462,0.025,0.041,no,no,,,1.577,34.1,2.812,-0.06,1.5,2.329,PD-252-1,PD-282-0,NO,NO,-2.348,-0.155,ok,,medido
PD-269-1,PD,269,1,2TTx42,3,NO,NO,658317.114,4330803.078,4330859.275,775.55,774.34,-2.153,-2.328,1.191,-0.842,27.1,19.9,2.615,2.476,0.017,0.073,no,no,,,1.577,34.1,2.812,-0.06,1.5,2.329,PD-252-1,PD-282-0,NO,NO,-2.25,0.097,ok,,medido
PD-27-0,PD,27,0,2TTx42,3,NO,NO,657999.107,4330244.471,4330300.574,791.364,788.293,-5.474,-5.458,-0.597,1.279,353.8,346.8,5.49,5.606,0.026,0.065,sí,no,,,-0.168,358.2,5.46,1.846,341.3,5.762,PD-25-1,PD-27-1 (hermana),NO,SI,-5.526,0.052,ok,,medido
PD-27-1,PD,27,1,2TTx42,3,NO,NO,658005.084,4330244.477,4330300.58,791.465,788.412,-5.442,-5.458,-0.931,1.056,350.3,349.0,5.537,5.559,0.022,0.058,sí,no,,,-0.168,358.2,5.46,1.846,341.3,5.762,PD-25-1,PD-27-1 (hermana),NO,SI,-5.574,0.132,ok,,medido
PD-270-0,PD,270,0,2TTx42,3,NO,NO,658311.123,4330892.111,4330948.263,773.153,771.257,-3.377,-3.321,0.462,-0.269,7.9,4.6,3.353,3.332,0.029,0.012,no,no,,,0.44,7.5,3.35,-0.344,5.9,3.339,PD-253-1,PD-270-1 (hermana),NO,SI,-3.067,-0.31,ok,,medido
PD-270-1,PD,270,1,2TTx42,3,NO,NO,658317.118,4330892.053,4330948.194,773.103,771.27,-3.265,-3.321,0.311,-0.221,5.4,3.8,3.335,3.328,0.03,0.008,no,no,,,0.44,7.5,3.35,-0.344,5.9,3.339,PD-253-1,PD-270-1 (hermana),NO,SI,-3.058,-0.207,ok,,medido
PD-271-0,PD,271,0,2TTx28,2,NO,NO,658323.184,4330329.464,4330367.171,785.172,783.783,-3.684,-3.746,3.236,-2.886,40.8,37.6,4.95,4.729,0.033,0.069,no,no,,,3.777,45.2,5.32,-1.737,24.9,4.13,PD-254-1,PD-271-1 (hermana),NO,SI,-4.159,0.475,ok,,medido
PD-271-1,PD,271,1,2TTx28,2,NO,NO,658329.196,4330329.441,4330367.17,785.092,783.655,-3.809,-3.746,2.791,-3.69,36.7,44.6,4.672,5.258,0.02,0.03,no,no,,,3.777,45.2,5.32,-1.737,24.9,4.13,PD-254-1,PD-271-1 (hermana),NO,SI,-3.704,-0.105,ok,,medido
PD-272-0,PD,272,0,2TTx56,4,NO,NO,658311.071,4330992.699,4331067.309,770.128,768.247,-2.521,-2.51,2.312,-2.855,42.6,48.7,3.413,3.802,0.042,0.052,no,sí,,,3.442,53.9,4.26,-2.298,42.5,3.403,PD-272-0 (hermana),PD-285-0,SI,NO,-2.58,0.059,ok,,medido
PD-272-1,PD,272,1,2TTx56,4,NO,NO,658317.09,4330992.645,4331067.269,769.914,768.049,-2.499,-2.51,2.663,-2.597,46.7,46.0,3.66,3.612,0.047,0.157,no,sí,,,3.442,53.9,4.26,-2.298,42.5,3.403,PD-272-0 (hermana),PD-285-0,SI,NO,-2.618,0.119,ok,,medido
PD-273-0,PD,273,0,2TTx28,2,NO,NO,658279.778,4332588.583,4332626.31,734.637,736.41,4.7,4.09,-2.17,0.507,207.9,187.1,4.63,4.122,0.013,0.016,no,sí,,,0.086,178.8,4.091,0.47,186.6,4.117,PD-273-0 (hermana),PD-286-0,SI,NO,4.071,0.629,atencion,,medido
PD-273-1,PD,273,1,2TTx28,2,NO,NO,658285.773,4332588.565,4332626.309,734.861,736.175,3.481,4.09,-1.221,0.629,196.6,188.7,4.269,4.139,0.078,0.037,no,sí,,,0.086,178.8,4.091,0.47,186.6,4.117,PD-273-0 (hermana),PD-286-0,SI,NO,3.831,-0.35,ok,,medido
PD-274-0,PD,274,0,2TTx28,2,NO,NO,658311.072,4331067.65,4331105.37,768.278,767.123,-3.062,-2.938,1.611,-2.236,28.7,37.3,3.35,3.692,0.047,0.025,sí,no,,,2.073,35.2,3.595,-2.073,35.2,3.595,PD-274-0 (hermana),PD-274-1 (hermana),SI,SI,-2.776,-0.286,ok,,medido
PD-274-1,PD,274,1,2TTx28,2,NO,NO,658317.118,4331067.64,4331105.357,768.106,767.045,-2.813,-2.938,1.619,-2.308,28.9,38.2,3.354,3.736,0.027,0.024,sí,no,,,2.073,35.2,3.595,-2.073,35.2,3.595,PD-274-0 (hermana),PD-274-1 (hermana),SI,SI,-2.65,-0.163,ok,,medido
PD-275-0,PD,275,0,2TTx56,4,NO,NO,658279.767,4332626.646,4332701.286,736.336,738.468,2.856,2.931,0.023,-0.524,179.6,169.9,2.931,2.977,0.056,0.056,sí,no,,,1.279,156.4,3.198,-0.589,168.6,2.989,PD-275-0 (hermana),PD-289-0,SI,NO,2.926,-0.07,ok,,medido
PD-275-1,PD,275,1,2TTx56,4,NO,NO,658285.748,4332626.613,4332701.251,736.203,738.446,3.005,2.931,0.296,-0.18,174.2,176.5,2.946,2.936,0.059,0.039,sí,no,,,1.279,156.4,3.198,-0.589,168.6,2.989,PD-275-0 (hermana),PD-289-0,SI,NO,2.989,0.016,ok,,medido
PD-276-0,PD,276,0,2TTx56,4,NO,NO,658307.333,4331294.922,4331369.512,758.346,755.55,-3.748,-3.764,-0.152,0.271,357.7,355.9,3.768,3.774,0.006,0.126,no,sí,,,-0.364,354.5,3.782,1.35,340.3,3.999,PD-263-1,PD-288-0,NO,NO,-3.844,0.096,ok,,medido
PD-276-1,PD,276,1,2TTx56,4,NO,NO,658313.373,4331294.83,4331369.425,758.411,755.591,-3.78,-3.764,-0.431,-0.338,353.5,5.1,3.789,3.78,0.019,0.157,no,sí,,,-0.364,354.5,3.782,1.35,340.3,3.999,PD-263-1,PD-288-0,NO,NO,-3.927,0.147,ok,,medido
PD-277-0,PD,277,0,2TTx56,4,NO,NO,658279.796,4332711.584,4332786.172,738.706,740.76,2.754,2.678,1.402,-0.514,152.4,169.1,3.023,2.727,0.069,0.121,no,sí,,,0.442,170.6,2.714,0.836,197.3,2.806,PD-264-1,PD-277-1 (hermana),NO,SI,2.658,0.096,ok,,medido
PD-277-1,PD,277,1,2TTx56,4,NO,NO,658285.796,4332711.518,4332786.112,738.811,740.752,2.602,2.678,0.583,-0.979,167.7,159.9,2.741,2.851,0.121,0.054,no,sí,,,0.442,170.6,2.714,0.836,197.3,2.806,PD-264-1,PD-277-1 (hermana),NO,SI,2.561,0.041,ok,,medido
PD-278-0,PD,278,0,2TTx56,4,NO,NO,658307.315,4331369.741,4331444.392,755.612,754.301,-1.756,-1.759,0.188,-1.26,6.1,35.6,1.769,2.164,0.157,0.08,sí,no,,,1.061,31.1,2.054,-1.061,31.1,2.054,PD-278-0 (hermana),PD-278-1 (hermana),SI,SI,-1.577,-0.179,ok,,medido
PD-278-1,PD,278,1,2TTx56,4,NO,NO,658313.328,4331369.758,4331444.4,755.55,754.235,-1.762,-1.759,0.369,-1.157,11.8,33.3,1.797,2.105,0.155,0.049,sí,no,,,1.061,31.1,2.054,-1.061,31.1,2.054,PD-278-0 (hermana),PD-278-1 (hermana),SI,SI,-1.493,-0.269,ok,,medido
PD-279-0,PD,279,0,2TTx42,3,NO,NO,658323.075,4330622.101,4330678.286,778.195,778.14,-0.098,-0.188,1.273,-1.543,81.6,83.1,1.287,1.554,0.039,0.018,no,no,,,1.926,84.4,1.935,-1.003,79.4,1.02,PD-266-1,PD-293-0,NO,NO,-0.133,0.035,ok,,medido
PD-279-1,PD,279,1,2TTx42,3,NO,NO,658329.079,4330622.086,4330678.286,778.151,777.995,-0.278,-0.188,1.369,-1.411,82.2,82.4,1.382,1.423,0.046,0.025,no,no,,,1.926,84.4,1.935,-1.003,79.4,1.02,PD-266-1,PD-293-0,NO,NO,-0.015,-0.263,ok,,medido
PD-28-0,PD,28,0,2TTx42,3,NO,NO,657996.927,4330537.741,4330593.908,783.398,781.503,-3.374,-3.195,-0.243,-0.146,355.7,2.6,3.204,3.198,0.0,0.042,no,no,,,-0.472,351.6,3.229,0.472,351.6,3.229,PD-28-0 (hermana),PD-28-1 (hermana),SI,SI,-3.27,-0.104,ok,,medido
PD-28-1,PD,28,1,2TTx42,3,NO,NO,658002.911,4330537.728,4330593.904,783.326,781.632,-3.016,-3.195,-0.472,-0.406,351.6,7.2,3.229,3.22,0.0,0.05,no,no,,,-0.472,351.6,3.229,0.472,351.6,3.229,PD-28-0 (hermana),PD-28-1 (hermana),SI,SI,-2.824,-0.192,ok,,medido
PD-280-0,PD,280,0,2TTx56,4,NO,NO,658279.805,4332786.416,4332861.065,740.765,742.692,2.581,2.485,2.318,-1.911,137.0,142.4,3.398,3.134,0.088,0.066,sí,no,,,1.327,151.9,2.817,-1.327,151.9,2.817,PD-280-0 (hermana),PD-280-1 (hermana),SI,SI,2.636,-0.055,ok,,medido
PD-280-1,PD,280,1,2TTx56,4,NO,NO,658285.829,4332786.402,4332861.034,740.757,742.539,2.388,2.485,1.976,-2.312,141.5,137.1,3.175,3.394,0.126,0.037,sí,no,,,1.327,151.9,2.817,-1.327,151.9,2.817,PD-280-0 (hermana),PD-280-1 (hermana),SI,SI,2.595,-0.207,ok,,medido
PD-281-0,PD,281,0,2TTx28,2,NO,NO,658323.08,4330695.294,4330733.012,778.132,777.011,-2.972,-2.883,0.144,0.05,2.9,359.0,2.887,2.883,0.016,0.055,no,no,,,0.238,4.7,2.893,0.589,348.5,2.943,PD-268-1,PD-281-1 (hermana),NO,SI,-2.777,-0.195,ok,,medido
PD-281-1,PD,281,1,2TTx28,2,NO,NO,658329.083,4330695.252,4330732.975,778.135,777.081,-2.794,-2.883,-0.086,-0.186,358.3,3.7,2.884,2.889,0.021,0.036,no,no,,,0.238,4.7,2.893,0.589,348.5,2.943,PD-268-1,PD-281-1 (hermana),NO,SI,-2.708,-0.086,ok,,medido
PD-282-0,PD,282,0,2TTx42,3,NO,NO,658323.119,4330800.095,4330856.29,775.657,774.359,-2.31,-2.29,0.872,-1.179,20.8,27.2,2.45,2.576,0.015,0.046,no,no,,,0.421,10.4,2.328,-0.421,10.4,2.328,PD-282-0 (hermana),PD-282-1 (hermana),SI,SI,-2.165,-0.145,ok,,medido
PD-282-1,PD,282,1,2TTx42,3,NO,NO,658329.13,4330800.076,4330856.282,775.621,774.345,-2.27,-2.29,0.731,-1.382,17.7,31.1,2.404,2.675,0.029,0.078,no,no,,,0.421,10.4,2.328,-0.421,10.4,2.328,PD-282-0 (hermana),PD-282-1 (hermana),SI,SI,-2.096,-0.174,ok,,medido
PD-283-0,PD,283,0,2TTx42,3,NO,NO,658323.144,4330889.04,4330945.207,773.217,771.307,-3.401,-3.357,0.247,-0.263,4.2,4.5,3.366,3.367,0.024,0.018,no,no,,,0.406,6.9,3.382,-0.094,1.6,3.358,PD-270-1,PD-283-1 (hermana),NO,SI,-2.808,-0.593,atencion,,medido
PD-283-1,PD,283,1,2TTx42,3,NO,NO,658329.162,4330889.036,4330945.201,773.187,771.326,-3.313,-3.357,0.279,-0.328,4.8,5.6,3.369,3.373,0.005,0.046,no,no,,,0.406,6.9,3.382,-0.094,1.6,3.358,PD-270-1,PD-283-1 (hermana),NO,SI,-2.965,-0.348,ok,,medido
PD-284-0,PD,284,0,2TTx28,2,NO,NO,658335.118,4330329.451,4330367.176,784.693,783.495,-3.176,-3.198,3.294,-2.187,45.8,34.4,4.591,3.874,0.084,0.0,no,no,,,4.715,55.9,5.697,-2.187,34.4,3.874,PD-271-1,PD-284-1 (hermana),NO,SI,-3.3,0.124,ok,,medido
PD-284-1,PD,284,1,2TTx28,2,NO,NO,658341.149,4330329.466,4330367.2,784.569,783.354,-3.22,-3.198,3.04,,43.6,,4.412,,0.048,,no,no,,,4.715,55.9,5.697,-2.187,34.4,3.874,PD-271-1,PD-284-1 (hermana),NO,SI,-2.992,-0.228,ok,,medido
PD-285-0,PD,285,0,2TTx56,4,NO,NO,658323.103,4330992.716,4331067.341,769.794,767.889,-2.553,-2.612,2.676,-2.286,45.7,41.2,3.739,3.471,0.023,0.182,no,sí,,,2.298,41.3,3.479,-2.051,38.1,3.321,PD-272-1,PD-285-1 (hermana),NO,SI,-2.624,0.071,ok,,medido
PD-285-1,PD,285,1,2TTx56,4,NO,NO,658329.1,4330992.684,4331067.297,769.716,767.723,-2.671,-2.612,2.502,-1.221,43.8,25.1,3.617,2.883,0.035,0.229,no,sí,,,2.298,41.3,3.479,-2.051,38.1,3.321,PD-272-1,PD-285-1 (hermana),NO,SI,-2.768,0.097,ok,,medido
PD-286-0,PD,286,0,2TTx28,2,NO,NO,658291.779,4332588.657,4332626.423,734.997,736.102,2.926,2.803,-0.94,0.538,198.5,190.9,2.956,2.854,0.09,0.051,no,sí,,,-0.47,189.5,2.842,1.392,206.4,3.13,PD-273-1,PD-286-1 (hermana),NO,SI,3.377,-0.451,ok,,medido
PD-286-1,PD,286,1,2TTx28,2,NO,NO,658297.762,4332588.56,4332626.32,735.124,736.136,2.68,2.803,-0.936,0.107,198.5,182.2,2.955,2.805,0.062,0.025,no,sí,,,-0.47,189.5,2.842,1.392,206.4,3.13,PD-273-1,PD-286-1 (hermana),NO,SI,2.976,-0.296,ok,,medido
PD-287-0,PD,287,0,2TTx28,2,NO,NO,658323.118,4331067.624,4331105.351,767.861,766.917,-2.502,-2.36,2.029,-1.101,40.7,25.0,3.112,2.604,0.068,0.0,sí,no,,,3.113,52.8,3.907,-1.101,25.0,2.605,PD-274-1,PD-287-1 (hermana),NO,SI,-2.49,-0.012,ok,,medido
PD-287-1,PD,287,1,2TTx28,2,NO,NO,658329.124,4331067.592,4331105.327,767.742,766.905,-2.218,-2.36,1.89,,38.7,,3.024,,0.037,,sí,no,,,3.113,52.8,3.907,-1.101,25.0,2.605,PD-274-1,PD-287-1 (hermana),NO,SI,-2.193,-0.025,ok,,medido
PD-288-0,PD,288,0,2TTx56,4,NO,NO,658319.283,4331238.509,4331313.05,761.525,757.676,-5.164,-5.162,-1.192,-0.14,347.0,1.6,5.298,5.164,0.005,0.063,no,sí,,,-0.583,353.6,5.195,0.583,353.6,5.195,PD-288-0 (hermana),PD-288-1 (hermana),SI,SI,-5.167,0.003,ok,,medido
PD-288-1,PD,288,1,2TTx56,4,NO,NO,658325.315,4331238.449,4331312.982,761.562,757.716,-5.16,-5.162,-0.944,-0.458,349.6,5.1,5.247,5.182,0.022,0.058,no,sí,,,-0.583,353.6,5.195,0.583,353.6,5.195,PD-288-0 (hermana),PD-288-1 (hermana),SI,SI,-5.163,0.003,ok,,medido
PD-289-0,PD,289,0,2TTx56,4,NO,NO,658291.738,4332626.617,4332701.264,736.162,738.417,3.021,3.004,0.315,-0.092,174.0,178.2,3.02,3.005,0.074,0.053,sí,no,,,0.589,168.9,3.061,0.844,195.7,3.12,PD-275-1,PD-303-0,NO,NO,3.028,-0.007,ok,,medido
PD-289-1,PD,289,1,2TTx56,4,NO,NO,658297.742,4332626.642,4332701.283,736.166,738.395,2.986,3.004,0.297,-0.047,174.4,179.1,3.018,3.004,0.068,0.054,sí,no,,,0.589,168.9,3.061,0.844,195.7,3.12,PD-275-1,PD-303-0,NO,NO,3.009,-0.023,ok,,medido
PD-29-0,PD,29,0,2TTx28,2,NO,NO,658011.082,4330188.244,4330225.368,794.862,792.799,-5.557,-5.581,-2.721,2.636,334.0,334.7,6.209,6.172,0.021,0.049,no,sí,,,-2.179,338.7,5.991,2.535,335.6,6.13,PD-29-0 (hermana),PD-32-0,SI,NO,-5.631,0.074,ok,,medido
PD-29-1,PD,29,1,2TTx28,2,NO,NO,658017.11,4330188.303,4330225.446,794.999,792.917,-5.605,-5.581,-2.486,2.897,336.0,332.6,6.11,6.288,0.019,0.033,no,sí,,,-2.179,338.7,5.991,2.535,335.6,6.13,PD-29-0 (hermana),PD-32-0,SI,NO,-5.729,0.124,ok,,medido
PD-290-0,PD,290,0,2TTx56,4,NO,NO,658319.334,4331313.312,4331387.916,757.564,754.925,-3.537,-3.507,0.462,-0.387,7.5,6.3,3.537,3.528,0.15,0.043,sí,sí,,,2.396,34.3,4.247,0.308,355.0,3.52,PD-278-1,PD-290-1 (hermana),NO,SI,-3.578,0.041,ok,,medido
PD-290-1,PD,290,1,2TTx56,4,NO,NO,658325.353,4331313.33,4331387.959,757.559,754.965,-3.476,-3.507,0.356,-0.7,5.8,11.3,3.525,3.576,0.106,0.151,sí,sí,,,2.396,34.3,4.247,0.308,355.0,3.52,PD-278-1,PD-290-1 (hermana),NO,SI,-3.619,0.143,ok,,medido
PD-291-0,PD,291,0,2TTx42,3,NO,NO,658291.792,4332711.523,4332767.692,738.8,740.275,2.626,2.539,-0.096,-1.139,182.2,155.8,2.541,2.783,0.04,0.015,no,sí,,,1.126,156.1,2.778,-1.126,156.1,2.778,PD-291-0 (hermana),PD-291-1 (hermana),SI,SI,2.546,0.08,ok,,medido
PD-291-1,PD,291,1,2TTx42,3,NO,NO,658297.801,4332711.517,4332767.674,738.781,740.158,2.452,2.539,0.187,-1.127,175.8,156.1,2.546,2.778,0.056,0.012,no,sí,,,1.126,156.1,2.778,-1.126,156.1,2.778,PD-291-0 (hermana),PD-291-1 (hermana),SI,SI,2.452,0.0,ok,,medido
PD-292-0,PD,292,0,2TTx42,3,NO,NO,658319.348,4331388.244,4331444.426,754.891,754.176,-1.273,-1.387,1.122,-0.363,39.0,14.7,1.784,1.433,0.128,0.082,sí,no,,,3.256,66.9,3.539,1.071,322.3,1.752,PD-278-1,PD-306-0,NO,NO,-1.233,-0.04,ok,,medido
PD-292-1,PD,292,1,2TTx42,3,NO,NO,658325.351,4331388.234,4331444.412,754.93,754.087,-1.501,-1.387,1.162,-0.662,40.0,25.5,1.809,1.537,0.081,0.104,sí,no,,,3.256,66.9,3.539,1.071,322.3,1.752,PD-278-1,PD-306-0,NO,NO,-1.217,-0.284,ok,,medido
PD-293-0,PD,293,0,2TTx28,2,NO,NO,658335.114,4330638.519,4330676.26,778.036,777.949,-0.231,-0.25,1.427,-2.029,80.0,83.0,1.449,2.044,0.006,0.0,no,no,,,2.029,83.0,2.044,-2.029,83.0,2.044,PD-293-0 (hermana),PD-293-1 (hermana),SI,SI,0.281,-0.512,atencion,,medido
PD-293-1,PD,293,1,2TTx28,2,NO,NO,658341.11,4330638.453,4330676.201,777.922,777.82,-0.27,-0.25,1.606,,81.1,,1.625,,0.025,,no,no,,,2.029,83.0,2.044,-2.029,83.0,2.044,PD-293-0 (hermana),PD-293-1 (hermana),SI,SI,0.311,-0.581,atencion,,medido
PD-294-0,PD,294,0,2TTx56,4,NO,NO,658291.805,4332768.007,4332842.62,740.304,741.945,2.199,2.162,0.996,-2.556,155.3,130.2,2.381,3.348,0.148,0.055,sí,no,,,2.878,126.9,3.6,-2.878,126.9,3.6,PD-294-0 (hermana),PD-294-1 (hermana),SI,SI,2.405,-0.206,ok,,medido
PD-294-1,PD,294,1,2TTx56,4,NO,NO,658297.806,4332767.958,4332842.597,740.158,741.744,2.125,2.162,1.555,-2.411,144.3,131.9,2.663,3.238,0.1,0.036,sí,no,,,2.878,126.9,3.6,-2.878,126.9,3.6,PD-294-0 (hermana),PD-294-1 (hermana),SI,SI,2.289,-0.164,ok,,medido
PD-295-0,PD,295,0,2TTx42,3,NO,NO,658335.116,4330691.975,4330748.162,778.167,776.812,-2.412,-2.509,-0.307,-0.494,353.0,11.1,2.528,2.558,0.014,0.045,no,no,,,0.99,21.5,2.698,-0.823,18.1,2.641,PD-295-0 (hermana),PD-308-0,SI,NO,-2.649,0.237,ok,,medido
PD-295-1,PD,295,1,2TTx42,3,NO,NO,658341.149,4330691.985,4330748.134,778.162,776.698,-2.607,-2.509,0.035,-0.487,0.8,11.0,2.51,2.556,0.058,0.082,no,no,,,0.99,21.5,2.698,-0.823,18.1,2.641,PD-295-0 (hermana),PD-308-0,SI,NO,-2.571,-0.036,ok,,medido
PD-296-0,PD,296,0,2TTx56,4,NO,NO,658335.14,4330778.636,4330853.254,775.92,774.329,-2.132,-2.031,0.977,-0.783,25.7,21.1,2.254,2.177,0.063,0.051,no,no,,,2.021,44.9,2.865,-0.523,14.4,2.097,PD-282-1,PD-309-0,NO,NO,-2.051,-0.081,ok,,medido
PD-296-1,PD,296,1,2TTx56,4,NO,NO,658341.138,4330778.653,4330853.286,775.754,774.314,-1.929,-2.031,1.088,-0.644,28.2,17.6,2.304,2.13,0.059,0.064,no,no,,,2.021,44.9,2.865,-0.523,14.4,2.097,PD-282-1,PD-309-0,NO,NO,-1.922,-0.007,ok,,medido
PD-297-0,PD,297,0,2TTx42,3,NO,NO,658335.106,4330886.031,4330942.21,773.229,771.441,-3.183,-3.078,0.272,-0.349,5.0,6.5,3.09,3.098,0.004,0.046,no,no,,,0.318,5.9,3.095,-0.107,2.0,3.08,PD-283-1,PD-297-1 (hermana),NO,SI,-2.879,-0.304,ok,,medido
PD-297-1,PD,297,1,2TTx42,3,NO,NO,658341.11,4330886.063,4330942.248,773.163,771.492,-2.974,-3.078,0.201,-0.498,3.7,9.2,3.085,3.118,0.009,0.052,no,no,,,0.318,5.9,3.095,-0.107,2.0,3.08,PD-283-1,PD-297-1 (hermana),NO,SI,-2.604,-0.37,ok,,medido
PD-298-0,PD,298,0,2TTx42,3,NO,NO,658335.181,4330975.326,4331031.364,770.336,768.303,-3.628,-3.803,2.546,-0.057,33.8,0.9,4.576,3.803,0.04,0.057,no,sí,,,3.203,40.1,4.972,-0.2,3.0,3.808,PD-285-1,PD-298-1 (hermana),NO,SI,-3.737,0.109,ok,,medido
PD-298-1,PD,298,1,2TTx42,3,NO,NO,658341.113,4330975.279,4331031.417,770.424,768.191,-3.978,-3.803,1.874,-0.164,26.2,2.5,4.239,3.806,0.017,0.048,no,sí,,,3.203,40.1,4.972,-0.2,3.0,3.808,PD-285-1,PD-298-1 (hermana),NO,SI,-3.923,-0.055,ok,,medido
PD-299-0,PD,299,0,2TTx56,4,NO,NO,658325.295,4331472.584,4331547.191,754.188,752.949,-1.661,-1.636,,-0.518,,17.6,,1.716,,0.087,no,no,,,0.84,27.2,1.84,0.836,332.9,1.838,PD-299-0 (hermana),PD-316-0,SI,NO,-1.577,-0.084,ok,,medido
PD-299-1,PD,299,1,2TTx56,4,NO,NO,658331.293,4331472.614,4331547.233,754.119,752.916,-1.612,-1.636,0.84,-0.407,27.2,14.0,1.839,1.686,0.0,0.137,no,no,,,0.84,27.2,1.84,0.836,332.9,1.838,PD-299-0 (hermana),PD-316-0,SI,NO,-1.498,-0.114,ok,,medido
PD-3-0,PD,3,0,2TTx56,4,NO,NO,657867.111,4330371.597,4330446.167,788.189,785.075,-4.176,-3.929,3.806,-2.203,44.1,29.3,5.47,4.505,0.06,0.369,no,no,,,3.887,44.7,5.527,-1.692,23.3,4.278,PD-2-1,PD-3-1 (hermana),NO,SI,-4.117,-0.059,ok,,medido
PD-3-1,PD,3,1,2TTx56,4,NO,NO,657873.093,4330371.512,4330446.113,787.907,785.16,-3.682,-3.929,3.079,-2.357,38.1,31.0,4.992,4.582,0.118,0.285,no,no,,,3.887,44.7,5.527,-1.692,23.3,4.278,PD-2-1,PD-3-1 (hermana),NO,SI,-3.703,0.021,ok,,medido
PD-30-0,PD,30,0,2TTx56,4,NO,NO,658011.122,4330226.015,4330300.533,792.702,788.432,-5.73,-5.79,-1.479,1.343,345.7,346.9,5.976,5.944,0.044,0.167,sí,no,,,-1.628,344.3,6.014,2.15,339.6,6.176,PD-27-1,PD-32-0,NO,NO,-5.726,-0.004,ok,,medido
PD-30-1,PD,30,1,2TTx56,4,NO,NO,658017.151,4330226.052,4330300.586,792.843,788.483,-5.85,-5.79,-1.701,1.152,343.6,348.7,6.035,5.903,0.074,0.139,sí,no,,,-1.628,344.3,6.014,2.15,339.6,6.176,PD-27-1,PD-32-0,NO,NO,-5.954,0.104,ok,,medido
PD-300-0,PD,300,0,2TTx28,2,NO,NO,658335.126,4331031.703,4331069.414,768.437,767.367,-2.837,-2.732,3.006,-3.527,47.7,52.2,4.062,4.462,0.085,0.0,sí,no,,,5.481,63.5,6.124,-3.527,52.2,4.462,PD-287-1,PD-300-1 (hermana),NO,SI,-2.383,-0.454,ok,,medido
PD-300-1,PD,300,1,2TTx28,2,NO,NO,658341.129,4331031.728,4331069.444,768.185,767.194,-2.628,-2.732,3.412,,51.3,,4.371,,0.07,,sí,no,,,5.481,63.5,6.124,-3.527,52.2,4.462,PD-287-1,PD-300-1 (hermana),NO,SI,-2.237,-0.391,ok,,medido
PD-301-0,PD,301,0,2TTx28,2,NO,NO,658303.793,4332588.598,4332626.379,735.136,736.19,2.79,2.764,-0.691,-0.055,194.0,178.9,2.849,2.765,0.028,0.009,no,sí,,,0.514,169.5,2.812,0.286,185.9,2.779,PD-301-0 (hermana),PD-314-0,SI,NO,2.937,-0.147,ok,,medido
PD-301-1,PD,301,1,2TTx28,2,NO,NO,658309.803,4332588.573,4332626.325,735.114,736.148,2.739,2.764,-0.373,0.112,187.7,182.3,2.789,2.767,0.053,0.012,no,sí,,,0.514,169.5,2.812,0.286,185.9,2.779,PD-301-0 (hermana),PD-314-0,SI,NO,2.94,-0.201,ok,,medido
PD-302-0,PD,302,0,2TTx56,4,NO,NO,658331.279,4331219.995,4331294.526,762.596,758.613,-5.344,-5.368,-0.195,0.027,357.9,359.7,5.372,5.369,0.015,0.049,no,sí,,,0.063,0.7,5.369,0.187,358.0,5.372,PD-288-1,PD-302-1 (hermana),NO,SI,-5.363,0.019,ok,,medido
PD-302-1,PD,302,1,2TTx56,4,NO,NO,658337.291,4331219.947,4331294.472,762.628,758.609,-5.393,-5.368,-0.156,0.059,358.3,359.4,5.371,5.369,0.016,0.034,no,sí,,,0.063,0.7,5.369,0.187,358.0,5.372,PD-288-1,PD-302-1 (hermana),NO,SI,-5.396,0.003,ok,,medido
PD-303-0,PD,303,0,2TTx56,4,NO,NO,658303.818,4332626.639,4332701.299,736.218,738.446,2.984,2.991,0.069,-0.295,178.7,174.4,2.992,3.006,0.053,0.029,sí,no,,,1.021,161.2,3.161,-0.428,171.9,3.022,PD-303-0 (hermana),PD-317-0,SI,NO,2.989,-0.005,ok,,medido
PD-303-1,PD,303,1,2TTx56,4,NO,NO,658309.816,4332626.595,4332701.259,736.15,738.389,2.999,2.991,0.199,-0.03,176.2,179.4,2.998,2.992,0.049,0.011,sí,no,,,1.021,161.2,3.161,-0.428,171.9,3.022,PD-303-0 (hermana),PD-317-0,SI,NO,2.966,0.033,ok,,medido
PD-304-0,PD,304,0,2TTx56,4,NO,NO,658331.341,4331294.877,4331369.489,758.471,755.418,-4.092,-4.124,0.181,-0.345,2.5,4.8,4.128,4.138,0.072,0.075,sí,sí,,,1.37,18.4,4.345,-0.778,10.7,4.196,PD-288-1,PD-304-1 (hermana),NO,SI,-4.144,0.052,ok,,medido
PD-304-1,PD,304,1,2TTx56,4,NO,NO,658337.335,4331294.904,4331369.481,758.447,755.348,-4.155,-4.124,0.465,-0.222,6.4,3.1,4.15,4.13,0.055,0.079,sí,sí,,,1.37,18.4,4.345,-0.778,10.7,4.196,PD-288-1,PD-304-1 (hermana),NO,SI,-4.224,0.069,ok,,medido
PD-305-0,PD,305,0,2TTx56,4,NO,NO,658303.777,4332711.493,4332786.122,738.721,740.373,2.214,2.118,1.07,-0.681,153.2,162.2,2.373,2.225,0.203,0.021,no,sí,,,2.998,125.2,3.671,-0.33,171.1,2.144,PD-294-1,PD-305-1 (hermana),NO,SI,2.237,-0.023,ok,,medido
PD-305-1,PD,305,1,2TTx56,4,NO,NO,658309.795,4332711.473,4332786.082,738.772,740.281,2.023,2.118,1.133,-1.136,151.9,151.8,2.402,2.403,0.201,0.007,no,sí,,,2.998,125.2,3.671,-0.33,171.1,2.144,PD-294-1,PD-305-1 (hermana),NO,SI,2.149,-0.126,ok,,medido
PD-306-0,PD,306,0,2TTx56,4,NO,NO,658331.326,4331369.806,4331444.414,755.383,754.083,-1.742,-1.779,0.63,-1.222,19.5,34.5,1.888,2.159,0.071,0.01,sí,no,,,1.329,36.8,2.221,-1.329,36.8,2.221,PD-306-0 (hermana),PD-306-1 (hermana),SI,SI,-1.851,0.109,ok,,medido
PD-306-1,PD,306,1,2TTx56,4,NO,NO,658337.4,4331369.795,4331444.4,755.33,753.975,-1.816,-1.779,0.658,-1.385,20.3,37.9,1.897,2.255,0.081,0.045,sí,no,,,1.329,36.8,2.221,-1.329,36.8,2.221,PD-306-0 (hermana),PD-306-1 (hermana),SI,SI,-1.901,0.085,ok,,medido
PD-307-0,PD,307,0,2TTx28,2,NO,NO,658303.759,4332786.42,4332824.16,740.437,741.12,1.81,1.788,2.031,-1.999,131.4,131.8,2.706,2.682,0.103,-0.0,sí,no,,,2.902,121.6,3.409,-1.999,131.8,2.682,PD-294-1,PD-307-1 (hermana),NO,SI,2.172,-0.362,ok,,medido
PD-307-1,PD,307,1,2TTx28,2,NO,NO,658309.792,4332786.335,4332824.09,740.323,740.99,1.767,1.788,2.206,,129.0,,2.84,,0.069,,sí,no,,,2.902,121.6,3.409,-1.999,131.8,2.682,PD-294-1,PD-307-1 (hermana),NO,SI,2.072,-0.305,ok,,medido
PD-308-0,PD,308,0,2TTx56,4,NO,NO,658347.085,4330700.585,4330775.202,777.891,775.939,-2.616,-2.748,0.325,-0.261,6.7,5.4,2.767,2.76,0.078,0.107,no,sí,,,0.823,16.7,2.868,1.566,330.3,3.163,PD-295-1,PD-321-0,NO,NO,-2.653,0.037,ok,,medido
PD-308-1,PD,308,1,2TTx56,4,NO,NO,658353.108,4330700.619,4330775.24,777.97,775.821,-2.88,-2.748,0.276,-0.37,5.7,7.7,2.762,2.773,0.05,0.116,no,sí,,,0.823,16.7,2.868,1.566,330.3,3.163,PD-295-1,PD-321-0,NO,NO,-2.579,-0.301,ok,,medido
PD-309-0,PD,309,0,2TTx56,4,NO,NO,658347.111,4330775.595,4330850.231,775.915,774.219,-2.272,-2.359,1.111,-0.716,25.2,16.9,2.607,2.465,0.063,0.076,sí,no,,,1.886,38.6,3.02,1.57,326.4,2.833,PD-309-0 (hermana),PD-322-0,SI,NO,-1.974,-0.298,ok,,medido
PD-309-1,PD,309,1,2TTx56,4,NO,NO,658353.134,4330775.591,4330850.053,775.866,774.045,-2.446,-2.359,1.511,-0.325,32.6,7.8,2.801,2.381,0.035,0.113,sí,no,,,1.886,38.6,3.02,1.57,326.4,2.833,PD-309-0 (hermana),PD-322-0,SI,NO,-2.037,-0.409,ok,,medido
PD-31-0,PD,31,0,2TTx42,3,NO,NO,658008.998,4330530.254,4330586.44,783.365,781.969,-2.485,-2.263,0.074,-0.615,1.9,15.2,2.264,2.345,0.013,0.039,no,no,,,0.286,7.2,2.281,0.034,359.2,2.263,PD-28-1,PD-31-1 (hermana),NO,SI,-2.384,-0.101,ok,,medido
PD-31-1,PD,31,1,2TTx42,3,NO,NO,658014.985,4330530.236,4330586.415,783.243,782.096,-2.042,-2.263,-0.062,-0.87,358.4,21.0,2.264,2.425,0.006,0.001,no,no,,,0.286,7.2,2.281,0.034,359.2,2.263,PD-28-1,PD-31-1 (hermana),NO,SI,-2.055,0.013,ok,,medido
PD-310-0,PD,310,0,2TTx56,4,NO,NO,658318.223,4332228.32,4332302.983,736.517,734.397,-2.839,-2.901,,-0.787,,15.2,,3.006,,0.146,no,no,,,1.223,22.9,3.148,-1.135,21.4,3.115,PD-310-0 (hermana),PD-324-0,SI,NO,-2.708,-0.131,ok,,medido
PD-310-1,PD,310,1,2TTx56,4,NO,NO,658324.196,4332228.255,4332302.907,736.492,734.28,-2.963,-2.901,1.223,-0.498,22.9,9.7,3.148,2.944,0.0,0.144,no,no,,,1.223,22.9,3.148,-1.135,21.4,3.115,PD-310-0 (hermana),PD-324-0,SI,NO,-2.716,-0.247,ok,,medido
PD-311-0,PD,311,0,2TTx42,3,NO,NO,658347.129,4330883.035,4330939.178,773.24,771.51,-3.081,-2.956,0.391,-0.652,7.5,12.4,2.981,3.027,0.021,0.073,no,no,,,0.744,14.1,3.048,0.551,349.4,3.006,PD-297-1,PD-311-1 (hermana),NO,SI,-2.946,-0.135,ok,,medido
PD-311-1,PD,311,1,2TTx42,3,NO,NO,658353.157,4330883.019,4330939.173,773.203,771.614,-2.83,-2.956,0.092,-0.925,1.8,17.4,2.957,3.097,0.011,0.042,no,no,,,0.744,14.1,3.048,0.551,349.4,3.006,PD-297-1,PD-311-1 (hermana),NO,SI,-2.55,-0.28,ok,,medido
PD-312-0,PD,312,0,2TTx42,3,NO,NO,658347.111,4330972.03,4331028.16,770.577,768.236,-4.171,-4.08,1.323,-0.139,18.0,2.0,4.289,4.082,0.049,0.032,no,no,,,0.559,7.8,4.118,-0.097,1.4,4.081,PD-298-1,PD-312-1 (hermana),NO,SI,-4.146,-0.025,ok,,medido
PD-312-1,PD,312,1,2TTx42,3,NO,NO,658353.132,4330972.007,4331028.142,770.521,768.282,-3.989,-4.08,0.678,0.082,9.4,358.8,4.136,4.08,0.09,0.023,no,no,,,0.559,7.8,4.118,-0.097,1.4,4.081,PD-298-1,PD-312-1 (hermana),NO,SI,-4.065,0.076,ok,,medido
PD-313-0,PD,313,0,2TTx56,4,NO,NO,658337.309,4331454.468,4331529.097,754.068,753.371,-0.934,-0.935,0.654,-1.311,35.0,54.5,1.141,1.61,0.005,0.021,no,sí,,,1.601,59.7,1.853,-0.666,35.5,1.147,PD-313-0 (hermana),PD-329-0,SI,NO,-1.095,0.161,ok,,medido
PD-313-1,PD,313,1,2TTx56,4,NO,NO,658343.331,4331454.471,4331529.118,753.972,753.274,-0.935,-0.935,1.054,-1.369,48.4,55.7,1.409,1.658,0.033,0.042,no,sí,,,1.601,59.7,1.853,-0.666,35.5,1.147,PD-313-0 (hermana),PD-329-0,SI,NO,-0.893,-0.042,ok,,medido
PD-314-0,PD,314,0,2TTx28,2,NO,NO,658315.838,4332588.664,4332626.4,735.162,736.139,2.589,2.758,-0.249,-0.111,185.2,177.7,2.769,2.76,0.044,0.027,no,sí,,,-0.139,182.9,2.761,0.139,182.9,2.761,PD-314-0 (hermana),PD-314-1 (hermana),SI,SI,2.992,-0.403,ok,,medido
PD-314-1,PD,314,1,2TTx28,2,NO,NO,658321.811,4332588.606,4332626.366,735.105,736.21,2.926,2.758,-0.082,-0.301,181.7,173.8,2.759,2.774,0.02,0.034,no,sí,,,-0.139,182.9,2.761,0.139,182.9,2.761,PD-314-0 (hermana),PD-314-1 (hermana),SI,SI,3.06,-0.134,ok,,medido
PD-315-0,PD,315,0,2TTx56,4,NO,NO,658343.304,4331219.999,4331294.509,762.676,758.508,-5.594,-5.529,0.105,0.144,1.1,358.5,5.53,5.531,0.021,0.051,no,sí,,,0.682,7.0,5.571,1.797,342.0,5.814,PD-315-0 (hermana),PD-331-0,SI,NO,-5.435,-0.159,ok,,medido
PD-315-1,PD,315,1,2TTx56,4,NO,NO,658349.277,4331219.967,4331294.496,762.589,758.516,-5.465,-5.529,0.234,0.221,2.4,357.7,5.534,5.534,0.037,0.096,no,sí,,,0.682,7.0,5.571,1.797,342.0,5.814,PD-315-0 (hermana),PD-331-0,SI,NO,-5.452,-0.013,ok,,medido
PD-316-0,PD,316,0,2TTx56,4,NO,NO,658337.318,4331529.472,4331604.094,753.364,751.226,-2.865,-2.819,-0.261,0.45,354.7,350.9,2.831,2.855,0.017,0.052,sí,no,,,0.394,8.0,2.847,1.825,327.1,3.358,PD-316-0 (hermana),PD-332-0,SI,NO,-2.836,-0.029,ok,,medido
PD-316-1,PD,316,1,2TTx56,4,NO,NO,658343.312,4331529.439,4331604.046,753.307,751.238,-2.773,-2.819,0.153,0.342,3.1,353.1,2.823,2.84,0.014,0.115,sí,no,,,0.394,8.0,2.847,1.825,327.1,3.358,PD-316-0 (hermana),PD-332-0,SI,NO,-2.667,-0.106,ok,,medido
PD-317-0,PD,317,0,2TTx56,4,NO,NO,658315.799,4332626.616,4332701.28,736.142,738.347,2.953,2.844,0.27,0.09,174.6,181.8,2.857,2.845,0.055,0.028,sí,no,,,0.428,171.4,2.876,0.549,190.9,2.896,PD-303-1,PD-317-1 (hermana),NO,SI,2.94,0.013,ok,,medido
PD-317-1,PD,317,1,2TTx56,4,NO,NO,658321.819,4332626.59,4332701.267,736.256,738.298,2.734,2.844,0.068,-0.564,178.6,168.8,2.845,2.899,0.042,0.061,sí,no,,,0.428,171.4,2.876,0.549,190.9,2.896,PD-303-1,PD-317-1 (hermana),NO,SI,2.847,-0.113,ok,,medido
PD-318-0,PD,318,0,2TTx56,4,NO,NO,658343.341,4331294.907,4331369.5,758.424,755.274,-4.223,-4.277,0.546,-0.018,7.3,0.2,4.311,4.277,0.041,0.089,sí,sí,,,0.8,10.6,4.351,1.84,336.7,4.656,PD-304-1,PD-334-0,NO,NO,-4.29,0.067,ok,,medido
PD-318-1,PD,318,1,2TTx56,4,NO,NO,658349.357,4331294.97,4331369.513,758.438,755.21,-4.33,-4.277,0.606,-0.156,8.1,2.1,4.319,4.279,0.011,0.119,sí,sí,,,0.8,10.6,4.351,1.84,336.7,4.656,PD-304-1,PD-334-0,NO,NO,-4.359,0.029,ok,,medido
PD-319-0,PD,319,0,2TTx42,3,NO,NO,658315.792,4332711.494,4332767.681,738.672,739.886,2.161,2.016,0.941,-1.301,155.0,147.2,2.225,2.399,0.032,0.0,no,no,,,1.301,147.2,2.399,-1.301,147.2,2.399,PD-319-0 (hermana),PD-319-1 (hermana),SI,SI,2.067,0.094,ok,,medido
PD-319-1,PD,319,1,2TTx42,3,NO,NO,658321.764,4332711.462,4332767.678,738.675,739.727,1.871,2.016,1.072,,152.0,,2.283,,0.015,,no,no,,,1.301,147.2,2.399,-1.301,147.2,2.399,PD-319-0 (hermana),PD-319-1 (hermana),SI,SI,2.03,-0.159,ok,,medido
PD-32-0,PD,32,0,2TTx56,4,NO,NO,658023.078,4330169.654,4330244.172,796.309,791.905,-5.91,-5.926,-2.096,2.644,340.5,336.0,6.286,6.489,0.079,0.077,no,sí,,,-2.15,340.1,6.304,3.737,327.8,7.006,PD-30-1,PD-35-0,NO,NO,-5.943,0.033,ok,,medido
PD-32-1,PD,32,1,2TTx56,4,NO,NO,658029.095,4330169.593,4330244.087,796.483,792.056,-5.943,-5.926,-2.365,2.317,338.2,338.6,6.381,6.363,0.03,0.114,no,sí,,,-2.15,340.1,6.304,3.737,327.8,7.006,PD-30-1,PD-35-0,NO,NO,-5.969,0.026,ok,,medido
PD-320-0,PD,320,0,2TTx56,4,NO,NO,658343.353,4331369.805,4331444.417,755.297,753.848,-1.942,-1.871,0.691,-1.443,20.3,37.6,1.995,2.363,0.077,0.05,sí,no,,,1.34,35.6,2.301,-1.021,28.6,2.132,PD-306-1,PD-320-1 (hermana),NO,SI,-1.959,0.017,ok,,medido
PD-320-1,PD,320,1,2TTx56,4,NO,NO,658349.353,4331369.753,4331444.386,755.184,753.84,-1.801,-1.871,0.981,-1.565,27.7,39.9,2.113,2.44,0.045,0.158,sí,no,,,1.34,35.6,2.301,-1.021,28.6,2.132,PD-306-1,PD-320-1 (hermana),NO,SI,-1.897,0.096,ok,,medido
PD-321-0,PD,321,0,2TTx56,4,NO,NO,658359.105,4330700.646,4330775.285,777.876,776.101,-2.378,-2.311,0.038,-1.274,0.9,28.9,2.311,2.639,0.065,0.033,no,sí,,,1.714,36.6,2.877,-1.699,36.3,2.868,PD-321-0 (hermana),PD-336-0,SI,NO,-2.483,0.105,ok,,medido
PD-321-1,PD,321,1,2TTx56,4,NO,NO,658365.123,4330700.629,4330775.245,777.723,776.049,-2.243,-2.311,0.397,-1.077,9.7,25.0,2.345,2.549,0.079,0.036,no,sí,,,1.714,36.6,2.877,-1.699,36.3,2.868,PD-321-0 (hermana),PD-336-0,SI,NO,-2.373,0.13,ok,,medido
PD-322-0,PD,322,0,2TTx56,4,NO,NO,658359.121,4330775.564,4330850.189,776.059,774.037,-2.71,-2.708,0.729,-1.471,15.1,28.5,2.805,3.082,0.118,0.055,sí,no,,,0.547,11.4,2.763,-0.547,11.4,2.763,PD-322-0 (hermana),PD-322-1 (hermana),SI,SI,-2.13,-0.58,atencion,,medido
PD-322-1,PD,322,1,2TTx56,4,NO,NO,658365.124,4330775.573,4330850.192,776.025,774.005,-2.707,-2.708,0.409,-1.802,8.6,33.6,2.739,3.253,0.061,0.038,sí,no,,,0.547,11.4,2.763,-0.547,11.4,2.763,PD-322-0 (hermana),PD-322-1 (hermana),SI,SI,-2.199,-0.508,atencion,,medido
PD-323-0,PD,323,0,2TTx28,2,NO,NO,658330.235,4332228.257,4332266.023,736.297,735.414,-2.338,-1.917,1.101,-2.324,29.9,50.5,2.211,3.013,0.01,0.0,no,sí,,,2.324,50.5,3.013,-2.324,50.5,3.013,PD-323-0 (hermana),PD-323-1 (hermana),SI,SI,-2.153,-0.185,ok,,medido
PD-323-1,PD,323,1,2TTx28,2,NO,NO,658336.252,4332228.212,4332265.98,735.999,735.434,-1.496,-1.917,1.631,,40.4,,2.517,,0.042,,no,sí,,,2.324,50.5,3.013,-2.324,50.5,3.013,PD-323-0 (hermana),PD-323-1 (hermana),SI,SI,-1.686,0.19,ok,,medido
PD-324-0,PD,324,0,2TTx56,4,NO,NO,658330.142,4332266.285,4332340.933,735.359,732.897,-3.298,-3.376,1.329,0.165,21.5,357.2,3.628,3.38,0.006,0.067,sí,sí,,,1.135,18.6,3.561,1.542,335.4,3.711,PD-310-1,PD-338-0,NO,NO,-3.283,-0.015,ok,,medido
PD-324-1,PD,324,1,2TTx56,4,NO,NO,658336.185,4332266.248,4332340.901,735.413,732.835,-3.453,-3.376,0.608,0.019,10.2,359.7,3.43,3.376,0.031,0.091,sí,sí,,,1.135,18.6,3.561,1.542,335.4,3.711,PD-310-1,PD-338-0,NO,NO,-3.21,-0.243,ok,,medido
PD-325-0,PD,325,0,2TTx42,3,NO,NO,658359.119,4330880.037,4330936.207,773.191,771.608,-2.818,-2.658,0.502,-0.712,10.7,15.0,2.705,2.751,0.063,0.022,no,no,,,1.56,30.4,3.081,-0.651,13.8,2.736,PD-311-1,PD-325-1 (hermana),NO,SI,-2.46,-0.358,ok,,medido
PD-325-1,PD,325,1,2TTx42,3,NO,NO,658365.136,4330879.984,4330936.17,773.063,771.66,-2.497,-2.658,0.62,-0.621,13.1,13.2,2.729,2.729,0.053,0.02,no,no,,,1.56,30.4,3.081,-0.651,13.8,2.736,PD-311-1,PD-325-1 (hermana),NO,SI,-2.381,-0.116,ok,,medido
PD-326-0,PD,326,0,2TTx56,4,NO,NO,658343.288,4331653.177,4331727.804,749.952,748.066,-2.527,-2.548,,-0.797,,17.4,,2.67,,0.083,no,no,,,-0.518,348.5,2.6,0.518,348.5,2.6,PD-326-0 (hermana),PD-326-1 (hermana),SI,SI,-2.464,-0.063,ok,,medido
PD-326-1,PD,326,1,2TTx56,4,NO,NO,658349.302,4331653.124,4331727.753,750.0,748.083,-2.569,-2.548,-0.518,-1.44,348.5,29.5,2.6,2.927,0.0,0.048,no,no,,,-0.518,348.5,2.6,0.518,348.5,2.6,PD-326-0 (hermana),PD-326-1 (hermana),SI,SI,-2.511,-0.058,ok,,medido
PD-327-0,PD,327,0,2TTx56,4,NO,NO,658330.177,4332341.188,4332415.875,732.778,731.49,-1.725,-1.802,,0.943,,332.4,,2.033,,0.068,sí,no,,,0.239,7.6,1.817,0.303,350.4,1.827,PD-327-0 (hermana),PD-341-0,SI,NO,-1.433,-0.292,ok,,medido
PD-327-1,PD,327,1,2TTx56,4,NO,NO,658336.144,4332341.149,4332415.829,732.822,731.419,-1.879,-1.802,0.239,1.436,7.6,321.4,1.817,2.304,0.0,0.05,sí,no,,,0.239,7.6,1.817,0.303,350.4,1.827,PD-327-0 (hermana),PD-341-0,SI,NO,-1.494,-0.385,ok,,medido
PD-328-0,PD,328,0,2TTx28,2,NO,NO,658359.094,4330968.833,4331006.53,770.577,769.128,-3.844,-3.583,0.379,1.081,6.0,343.2,3.603,3.743,0.023,0.0,no,no,,,0.688,10.9,3.649,1.081,343.2,3.743,PD-312-1,PD-328-1 (hermana),NO,SI,-3.697,-0.147,ok,,medido
PD-328-1,PD,328,1,2TTx28,2,NO,NO,658365.134,4330968.836,4331006.545,770.544,769.291,-3.323,-3.583,-0.117,,358.1,,3.585,,0.02,,no,no,,,0.688,10.9,3.649,1.081,343.2,3.743,PD-312-1,PD-328-1 (hermana),NO,SI,-3.456,0.133,ok,,medido
PD-329-0,PD,329,0,2TTx56,4,NO,NO,658349.285,4331454.454,4331529.103,753.901,753.266,-0.851,-0.697,0.908,-1.638,52.5,66.9,1.145,1.78,0.027,0.033,no,sí,,,1.671,67.3,1.81,-1.278,61.4,1.456,PD-329-0 (hermana),PD-342-0,SI,NO,-0.842,-0.009,ok,,medido
PD-329-1,PD,329,1,2TTx56,4,NO,NO,658355.308,4331454.443,4331529.08,753.686,753.28,-0.544,-0.697,1.118,-1.89,58.0,69.7,1.318,2.015,0.035,0.065,no,sí,,,1.671,67.3,1.81,-1.278,61.4,1.456,PD-329-0 (hermana),PD-342-0,SI,NO,-0.708,0.164,ok,,medido
PD-33-0,PD,33,0,2TTx42,3,NO,NO,658023.091,4330244.509,4330300.589,791.831,788.35,-6.207,-6.387,-0.898,1.147,352.0,349.8,6.45,6.489,0.086,0.029,sí,no,,,0.548,4.9,6.411,1.441,347.3,6.548,PD-30-1,PD-33-1 (hermana),NO,SI,-6.129,-0.078,ok,,medido
PD-33-1,PD,33,1,2TTx42,3,NO,NO,658029.091,4330244.516,4330300.581,792.018,788.336,-6.567,-6.387,-1.009,1.127,351.0,350.0,6.466,6.486,0.067,0.046,sí,no,,,0.548,4.9,6.411,1.441,347.3,6.548,PD-30-1,PD-33-1 (hermana),NO,SI,-6.334,-0.233,ok,,medido
PD-330-0,PD,330,0,2TTx28,2,NO,NO,658327.791,4332588.657,4332626.423,735.093,736.2,2.931,2.939,0.03,-0.382,179.4,172.6,2.939,2.964,0.011,0.034,no,sí,,,0.21,175.9,2.946,0.182,183.5,2.945,PD-314-1,PD-330-1 (hermana),NO,SI,3.118,-0.187,ok,,medido
PD-330-1,PD,330,1,2TTx28,2,NO,NO,658333.789,4332588.623,4332626.394,735.1,736.213,2.947,2.939,-0.027,-0.508,180.5,170.2,2.939,2.983,0.015,0.031,no,sí,,,0.21,175.9,2.946,0.182,183.5,2.945,PD-314-1,PD-330-1 (hermana),NO,SI,3.101,-0.154,ok,,medido
PD-331-0,PD,331,0,2TTx56,4,NO,NO,658355.357,4331219.959,4331294.496,762.672,758.652,-5.393,-5.407,-0.334,-0.723,356.5,7.6,5.418,5.455,0.025,0.031,no,sí,,,0.214,2.3,5.412,-0.214,2.3,5.412,PD-331-0 (hermana),PD-331-1 (hermana),SI,SI,-5.329,-0.064,ok,,medido
PD-331-1,PD,331,1,2TTx56,4,NO,NO,658361.353,4331219.97,4331294.51,762.669,758.628,-5.421,-5.407,-0.263,-0.796,357.2,8.4,5.414,5.466,0.032,0.04,no,sí,,,0.214,2.3,5.412,-0.214,2.3,5.412,PD-331-0 (hermana),PD-331-1 (hermana),SI,SI,-5.458,0.037,ok,,medido
PD-332-0,PD,332,0,2TTx56,4,NO,NO,658349.302,4331529.414,4331604.056,753.271,751.493,-2.382,-2.369,-0.071,-0.464,358.3,11.1,2.37,2.414,0.054,0.075,sí,no,,,-0.783,341.7,2.495,0.783,341.7,2.495,PD-332-0 (hermana),PD-332-1 (hermana),SI,SI,-2.626,0.244,ok,,medido
PD-332-1,PD,332,1,2TTx56,4,NO,NO,658355.339,4331529.393,4331604.055,753.309,751.55,-2.356,-2.369,-0.508,-1.05,347.9,23.9,2.423,2.591,0.083,0.026,sí,no,,,-0.783,341.7,2.495,0.783,341.7,2.495,PD-332-0 (hermana),PD-332-1 (hermana),SI,SI,-2.565,0.209,ok,,medido
PD-333-0,PD,333,0,2TTx56,4,NO,NO,658327.831,4332626.612,4332701.292,736.266,738.258,2.667,2.657,0.157,-0.763,176.6,164.0,2.661,2.764,0.032,0.055,sí,no,,,0.26,174.4,2.67,0.159,183.4,2.662,PD-317-1,PD-333-1 (hermana),NO,SI,2.697,-0.03,ok,,medido
PD-333-1,PD,333,1,2TTx56,4,NO,NO,658333.806,4332626.598,4332701.232,736.283,738.258,2.646,2.657,0.066,-1.126,178.6,157.0,2.658,2.886,0.04,0.031,sí,no,,,0.26,174.4,2.67,0.159,183.4,2.662,PD-317-1,PD-333-1 (hermana),NO,SI,2.659,-0.013,ok,,medido
PD-334-0,PD,334,0,2TTx56,4,NO,NO,658355.341,4331294.925,4331369.494,758.602,755.269,-4.47,-4.551,-0.023,-0.804,359.7,10.0,4.551,4.622,0.065,0.013,sí,sí,,,1.243,15.3,4.718,-1.115,13.8,4.686,PD-334-0 (hermana),PD-346-0,SI,NO,-4.397,-0.073,ok,,medido
PD-334-1,PD,334,1,2TTx56,4,NO,NO,658361.378,4331294.919,4331369.475,758.588,755.134,-4.633,-4.551,0.064,-0.476,0.8,6.0,4.552,4.576,0.071,0.087,sí,sí,,,1.243,15.3,4.718,-1.115,13.8,4.686,PD-334-0 (hermana),PD-346-0,SI,NO,-4.552,-0.081,ok,,medido
PD-335-0,PD,335,0,2TTx56,4,NO,NO,658355.341,4331369.828,4331444.456,755.185,753.712,-1.974,-2.008,0.965,-1.524,25.7,37.2,2.228,2.521,0.052,0.14,sí,no,,,2.171,47.2,2.957,-1.96,44.3,2.806,PD-335-0 (hermana),PD-347-0,SI,NO,-2.041,0.067,ok,,medido
PD-335-1,PD,335,1,2TTx56,4,NO,NO,658361.329,4331369.746,4331444.391,755.082,753.558,-2.042,-2.008,1.451,-1.483,35.9,36.5,2.477,2.496,0.043,0.151,sí,no,,,2.171,47.2,2.957,-1.96,44.3,2.806,PD-335-0 (hermana),PD-347-0,SI,NO,-2.135,0.093,ok,,medido
PD-336-0,PD,336,0,2TTx56,4,NO,NO,658371.116,4330700.643,4330775.247,777.719,775.849,-2.507,-2.393,0.706,-0.805,16.4,18.6,2.495,2.525,0.12,0.057,no,sí,,,1.699,35.4,2.935,0.15,356.4,2.398,PD-321-1,PD-336-1 (hermana),NO,SI,-2.258,-0.249,ok,,medido
PD-336-1,PD,336,1,2TTx56,4,NO,NO,658377.103,4330700.567,4330775.193,777.645,775.944,-2.279,-2.393,0.652,-1.174,15.2,26.1,2.48,2.665,0.079,0.018,no,sí,,,1.699,35.4,2.935,0.15,356.4,2.398,PD-321-1,PD-336-1 (hermana),NO,SI,-2.141,-0.138,ok,,medido
PD-337-0,PD,337,0,2TTx56,4,NO,NO,658371.077,4330775.567,4330850.206,775.854,773.852,-2.682,-2.775,0.903,-1.059,18.0,20.9,2.918,2.97,0.108,0.065,sí,no,,,2.72,44.4,3.886,-0.395,8.1,2.803,PD-322-1,PD-337-1 (hermana),NO,SI,-2.366,-0.316,ok,,medido
PD-337-1,PD,337,1,2TTx56,4,NO,NO,658377.084,4330775.588,4330850.204,775.899,773.759,-2.868,-2.775,0.831,-0.772,16.7,15.5,2.897,2.881,0.086,0.094,sí,no,,,2.72,44.4,3.886,-0.395,8.1,2.803,PD-322-1,PD-337-1 (hermana),NO,SI,-2.608,-0.26,ok,,medido
PD-338-0,PD,338,0,2TTx56,4,NO,NO,658342.192,4332266.435,4332341.068,735.509,732.912,-3.48,-3.162,-0.144,-0.725,357.4,12.9,3.165,3.244,0.077,0.019,no,sí,,,1.139,19.8,3.361,-0.002,0.0,3.162,PD-338-0 (hermana),PD-350-0,SI,NO,-2.947,-0.533,atencion,,medido
PD-338-1,PD,338,1,2TTx56,4,NO,NO,658348.201,4332266.373,4332341.035,735.205,733.082,-2.843,-3.162,0.505,-0.445,9.1,8.0,3.202,3.193,0.081,0.027,no,sí,,,1.139,19.8,3.361,-0.002,0.0,3.162,PD-338-0 (hermana),PD-350-0,SI,NO,-2.566,-0.277,ok,,medido
PD-339-0,PD,339,0,2TTx42,3,NO,NO,658371.154,4330874.062,4330930.237,773.171,771.705,-2.61,-2.524,0.961,-0.698,20.8,15.5,2.701,2.619,0.041,0.056,no,no,,,1.244,26.2,2.814,-0.141,3.2,2.528,PD-325-1,PD-352-0,NO,NO,-2.373,-0.237,ok,,medido
PD-339-1,PD,339,1,2TTx42,3,NO,NO,658377.09,4330874.055,4330930.23,773.108,771.738,-2.439,-2.524,0.75,-0.856,16.5,18.7,2.633,2.665,0.042,0.043,no,no,,,1.244,26.2,2.814,-0.141,3.2,2.528,PD-325-1,PD-352-0,NO,NO,-2.329,-0.11,ok,,medido
PD-34-0,PD,34,0,2TTx42,3,NO,NO,658020.988,4330520.39,4330576.577,783.211,782.368,-1.5,-1.355,0.432,-1.055,17.7,37.9,1.422,1.717,0.028,0.0,no,no,,,1.055,37.9,1.718,-1.055,37.9,1.718,PD-34-0 (hermana),PD-34-1 (hermana),SI,SI,-1.614,0.114,ok,,medido
PD-34-1,PD,34,1,2TTx42,3,NO,NO,658026.981,4330520.332,4330576.525,783.067,782.387,-1.21,-1.355,0.619,,24.5,,1.49,,0.029,,no,no,,,1.055,37.9,1.718,-1.055,37.9,1.718,PD-34-0 (hermana),PD-34-1 (hermana),SI,SI,-1.427,0.217,ok,,medido
PD-340-0,PD,340,0,2TTx56,4,NO,NO,658355.27,4331653.151,4331727.789,749.944,748.051,-2.536,-2.519,0.224,-1.75,5.1,34.8,2.529,3.067,0.03,0.036,no,no,,,1.592,32.3,2.98,-1.442,29.8,2.903,PD-340-0 (hermana),PD-354-0,SI,NO,-2.507,-0.029,ok,,medido
PD-340-1,PD,340,1,2TTx56,4,NO,NO,658361.287,4331653.088,4331727.71,749.837,747.97,-2.502,-2.519,0.83,-1.845,18.2,36.2,2.652,3.122,0.046,0.027,no,no,,,1.592,32.3,2.98,-1.442,29.8,2.903,PD-340-0 (hermana),PD-354-0,SI,NO,-2.472,-0.03,ok,,medido
PD-341-0,PD,341,0,2TTx56,4,NO,NO,658342.197,4332341.337,4332416.01,732.789,731.482,-1.75,-1.89,-0.088,1.334,357.3,324.8,1.892,2.314,0.007,0.13,sí,no,,,-0.303,350.9,1.914,2.857,303.5,3.426,PD-327-1,PD-341-1 (hermana),NO,SI,-1.608,-0.142,ok,,medido
PD-341-1,PD,341,1,2TTx56,4,NO,NO,658348.174,4332341.243,4332415.92,733.066,731.55,-2.03,-1.89,-1.278,0.255,325.9,352.3,2.282,1.907,0.055,0.105,sí,no,,,-0.303,350.9,1.914,2.857,303.5,3.426,PD-327-1,PD-341-1 (hermana),NO,SI,-1.608,-0.422,ok,,medido
PD-342-0,PD,342,0,2TTx56,4,NO,NO,658361.316,4331454.485,4331529.139,753.503,753.309,-0.26,-0.368,1.297,-2.032,74.1,79.7,1.348,2.065,0.021,0.037,no,sí,,,1.421,75.5,1.468,-1.421,75.5,1.468,PD-342-0 (hermana),PD-342-1 (hermana),SI,SI,-0.615,0.355,ok,,medido
PD-342-1,PD,342,1,2TTx56,4,NO,NO,658367.303,4331454.466,4331529.11,753.499,753.143,-0.477,-0.368,1.333,-1.841,74.6,78.7,1.383,1.877,0.022,0.099,no,sí,,,1.421,75.5,1.468,-1.421,75.5,1.468,PD-342-0 (hermana),PD-342-1 (hermana),SI,SI,-0.494,0.017,ok,,medido
PD-343-0,PD,343,0,2TTx56,4,NO,NO,658367.377,4331220.058,4331294.59,762.588,758.586,-5.37,-5.303,0.046,-0.618,0.5,6.6,5.304,5.339,0.064,0.05,no,sí,,,0.946,10.1,5.387,-0.748,8.0,5.356,PD-331-1,PD-343-1 (hermana),NO,SI,-5.463,0.093,ok,,medido
PD-343-1,PD,343,1,2TTx56,4,NO,NO,658373.376,4331219.997,4331294.542,762.497,758.593,-5.237,-5.303,0.34,-0.426,3.7,4.6,5.314,5.32,0.061,0.069,no,sí,,,0.946,10.1,5.387,-0.748,8.0,5.356,PD-331-1,PD-343-1 (hermana),NO,SI,-5.245,0.008,ok,,medido
PD-344-0,PD,344,0,2TTx56,4,NO,NO,658339.809,4332589.986,4332664.652,735.118,737.25,2.855,2.779,0.159,-0.413,176.7,171.5,2.784,2.81,0.07,0.036,no,no,,,1.329,154.4,3.081,-0.874,162.5,2.913,PD-333-1,PD-344-1 (hermana),NO,SI,2.84,0.015,ok,,medido
PD-344-1,PD,344,1,2TTx56,4,NO,NO,658345.802,4332589.966,4332664.626,735.122,737.14,2.703,2.779,0.438,-0.358,171.0,172.7,2.813,2.802,0.107,0.022,no,no,,,1.329,154.4,3.081,-0.874,162.5,2.913,PD-333-1,PD-344-1 (hermana),NO,SI,2.79,-0.087,ok,,medido
PD-345-0,PD,345,0,2TTx56,4,NO,NO,658361.329,4331529.414,4331604.035,753.334,751.391,-2.604,-2.562,-0.236,-0.874,354.7,18.8,2.573,2.707,0.081,0.02,sí,no,,,1.795,35.0,3.128,0.206,355.4,2.57,PD-345-0 (hermana),PD-357-0,SI,NO,-2.536,-0.068,ok,,medido
PD-345-1,PD,345,1,2TTx56,4,NO,NO,658367.349,4331529.36,4331604.004,753.196,751.315,-2.52,-2.562,0.508,-0.746,11.2,16.2,2.612,2.668,0.114,0.057,sí,no,,,1.795,35.0,3.128,0.206,355.4,2.57,PD-345-0 (hermana),PD-357-0,SI,NO,-2.441,-0.079,ok,,medido
PD-346-0,PD,346,0,2TTx56,4,NO,NO,658367.333,4331294.895,4331369.46,758.562,755.029,-4.738,-4.665,0.356,-0.295,4.4,3.6,4.678,4.674,0.099,0.077,sí,sí,,,1.115,13.4,4.796,-0.015,0.2,4.665,PD-334-1,PD-346-1 (hermana),NO,SI,-4.588,-0.15,ok,,medido
PD-346-1,PD,346,1,2TTx56,4,NO,NO,658373.353,4331294.882,4331369.478,758.507,755.082,-4.591,-4.665,0.384,-0.27,4.7,3.3,4.681,4.673,0.073,0.072,sí,sí,,,1.115,13.4,4.796,-0.015,0.2,4.665,PD-334-1,PD-346-1 (hermana),NO,SI,-4.618,0.027,ok,,medido
PD-347-0,PD,347,0,2TTx56,4,NO,NO,658367.336,4331369.772,4331444.392,755.04,753.364,-2.246,-2.316,1.603,-1.163,34.7,26.7,2.817,2.591,0.056,0.129,sí,no,,,1.96,40.2,3.034,-1.167,26.7,2.593,PD-335-1,PD-347-1 (hermana),NO,SI,-2.261,0.015,ok,,medido
PD-347-1,PD,347,1,2TTx56,4,NO,NO,658373.339,4331369.772,4331444.386,755.022,753.242,-2.386,-2.316,1.553,-1.148,33.8,26.4,2.788,2.585,0.038,0.087,sí,no,,,1.96,40.2,3.034,-1.167,26.7,2.593,PD-335-1,PD-347-1 (hermana),NO,SI,-2.319,-0.067,ok,,medido
PD-348-0,PD,348,0,2TTx56,4,NO,NO,658383.121,4330700.652,4330775.303,777.485,775.895,-2.13,-2.109,1.148,-0.812,28.6,21.1,2.401,2.26,0.033,0.015,no,sí,,,1.701,38.9,2.71,-0.5,13.3,2.168,PD-336-1,PD-361-0,NO,NO,-2.04,-0.09,ok,,medido
PD-348-1,PD,348,1,2TTx56,4,NO,NO,658389.135,4330700.673,4330775.312,777.398,775.839,-2.089,-2.109,1.097,-0.781,27.5,20.3,2.378,2.249,0.042,0.032,no,sí,,,1.701,38.9,2.71,-0.5,13.3,2.168,PD-336-1,PD-361-0,NO,NO,-1.985,-0.104,ok,,medido
PD-349-0,PD,349,0,2TTx56,4,NO,NO,658383.151,4330775.577,4330850.153,775.713,773.564,-2.882,-2.895,1.88,0.039,33.0,359.2,3.452,2.895,0.077,0.045,sí,sí,,,3.155,47.5,4.281,0.714,346.1,2.981,PD-337-1,PD-362-0,NO,NO,-2.71,-0.172,ok,,medido
PD-349-1,PD,349,1,2TTx56,4,NO,NO,658389.117,4330775.615,4330850.215,775.704,773.535,-2.908,-2.895,1.469,0.147,26.9,357.1,3.246,2.898,0.042,0.045,sí,sí,,,3.155,47.5,4.281,0.714,346.1,2.981,PD-337-1,PD-362-0,NO,NO,-2.837,-0.071,ok,,medido
PD-35-0,PD,35,0,2TTx56,4,NO,NO,658035.085,4330151.17,4330225.66,797.717,793.426,-5.761,-5.709,-2.942,1.923,332.7,341.4,6.423,6.024,0.025,0.044,no,sí,,,-2.649,335.1,6.294,2.649,335.1,6.294,PD-35-0 (hermana),PD-35-1 (hermana),SI,SI,-5.741,-0.02,ok,,medido
PD-35-1,PD,35,1,2TTx56,4,NO,NO,658041.103,4330151.086,4330225.6,797.843,793.627,-5.658,-5.709,-3.065,1.617,331.8,344.2,6.48,5.934,0.025,0.053,no,sí,,,-2.649,335.1,6.294,2.649,335.1,6.294,PD-35-0 (hermana),PD-35-1 (hermana),SI,SI,-5.652,-0.006,ok,,medido
PD-350-0,PD,350,0,2TTx56,4,NO,NO,658354.23,4332266.402,4332341.074,735.077,733.208,-2.503,-2.324,-0.003,-1.111,359.9,25.6,2.324,2.576,0.069,0.0,no,sí,,,1.111,25.6,2.576,-1.111,25.6,2.576,PD-350-0 (hermana),PD-350-1 (hermana),SI,SI,-2.26,-0.243,ok,,medido
PD-350-1,PD,350,1,2TTx56,4,NO,NO,658360.239,4332266.376,4332341.035,734.877,733.276,-2.144,-2.324,0.433,,10.6,,2.364,,0.057,,no,sí,,,1.111,25.6,2.576,-1.111,25.6,2.576,PD-350-0 (hermana),PD-350-1 (hermana),SI,SI,-2.625,0.481,ok,,medido
PD-351-0,PD,351,0,2TTx56,4,NO,NO,658367.309,4331622.294,4331696.93,750.416,748.579,-2.461,-2.508,1.552,-0.958,31.8,20.9,2.949,2.685,0.084,0.01,no,sí,,,2.823,48.4,3.776,-0.957,20.9,2.684,PD-340-1,PD-351-1 (hermana),NO,SI,-2.64,0.179,ok,,medido
PD-351-1,PD,351,1,2TTx56,4,NO,NO,658373.317,4331622.262,4331696.88,750.394,748.488,-2.554,-2.508,1.739,-0.853,34.7,18.8,3.052,2.649,0.033,0.021,no,sí,,,2.823,48.4,3.776,-0.957,20.9,2.684,PD-340-1,PD-351-1 (hermana),NO,SI,-2.707,0.153,ok,,medido
PD-352-0,PD,352,0,2TTx56,4,NO,NO,658383.143,4330850.521,4330925.155,773.62,771.881,-2.33,-2.341,0.639,-1.141,15.3,26.0,2.427,2.604,0.043,0.014,sí,no,,,0.909,21.2,2.511,-0.909,21.2,2.511,PD-352-0 (hermana),PD-352-1 (hermana),SI,SI,-2.459,0.129,ok,,medido
PD-352-1,PD,352,1,2TTx56,4,NO,NO,658389.137,4330850.546,4330925.172,773.573,771.818,-2.352,-2.341,0.577,-1.295,13.8,29.0,2.411,2.675,0.02,0.01,sí,no,,,0.909,21.2,2.511,-0.909,21.2,2.511,PD-352-0 (hermana),PD-352-1 (hermana),SI,SI,-2.342,-0.01,ok,,medido
PD-353-0,PD,353,0,2TTx56,4,NO,NO,658354.253,4332341.347,4332416.014,733.195,731.658,-2.058,-2.175,-1.556,-0.13,324.4,3.4,2.674,2.179,0.079,0.084,sí,no,,,-0.127,356.7,2.179,0.127,356.7,2.179,PD-353-0 (hermana),PD-353-1 (hermana),SI,SI,-1.719,-0.339,ok,,medido
PD-353-1,PD,353,1,2TTx56,4,NO,NO,658360.225,4332341.331,4332415.993,733.29,731.579,-2.292,-2.175,-1.347,0.047,328.2,358.8,2.558,2.176,0.073,0.08,sí,no,,,-0.127,356.7,2.179,0.127,356.7,2.179,PD-353-0 (hermana),PD-353-1 (hermana),SI,SI,-1.889,-0.403,ok,,medido
PD-354-0,PD,354,0,2TTx56,4,NO,NO,658367.328,4331697.225,4331771.848,748.589,746.999,-2.131,-2.172,1.014,-1.712,25.0,38.2,2.397,2.766,0.053,0.063,sí,no,,,2.106,44.1,3.025,-1.688,37.8,2.751,PD-354-0 (hermana),PD-366-0,SI,NO,-2.21,0.079,ok,,medido
PD-354-1,PD,354,1,2TTx56,4,NO,NO,658373.319,4331697.167,4331771.799,748.495,746.843,-2.214,-2.172,1.466,-1.166,34.0,28.2,2.621,2.465,0.038,0.069,sí,no,,,2.106,44.1,3.025,-1.688,37.8,2.751,PD-354-0 (hermana),PD-366-0,SI,NO,-2.233,0.019,ok,,medido
PD-355-0,PD,355,0,2TTx56,4,NO,NO,658373.279,4331454.462,4331529.104,753.348,752.965,-0.513,-0.622,1.725,-1.481,70.2,67.2,1.834,1.606,0.061,0.067,no,sí,,,2.967,78.2,3.031,-2.967,78.2,3.031,PD-355-0 (hermana),PD-355-1 (hermana),SI,SI,-0.422,-0.091,ok,,medido
PD-355-1,PD,355,1,2TTx56,4,NO,NO,658379.315,4331454.511,4331529.025,753.25,752.705,-0.731,-0.622,2.318,-1.248,75.0,63.5,2.4,1.395,0.065,0.115,no,sí,,,2.967,78.2,3.031,-2.967,78.2,3.031,PD-355-0 (hermana),PD-355-1 (hermana),SI,SI,-0.425,-0.306,ok,,medido
PD-356-0,PD,356,0,2TTx42,3,NO,NO,658351.782,4332589.969,4332646.217,735.065,736.585,2.702,2.705,0.661,-0.053,166.3,178.9,2.784,2.705,0.104,0.003,no,no,,,0.957,160.5,2.869,0.244,185.2,2.716,PD-344-1,PD-368-0,NO,NO,2.686,0.016,ok,,medido
PD-356-1,PD,356,1,2TTx42,3,NO,NO,658357.785,4332589.933,4332646.187,735.045,736.568,2.707,2.705,0.654,0.125,166.4,182.6,2.783,2.708,0.083,0.007,no,no,,,0.957,160.5,2.869,0.244,185.2,2.716,PD-344-1,PD-368-0,NO,NO,2.603,0.104,ok,,medido
PD-357-0,PD,357,0,2TTx56,4,NO,NO,658373.329,4331529.384,4331604.007,753.076,751.459,-2.167,-1.859,0.627,-1.082,18.6,30.2,1.962,2.151,0.05,0.048,sí,no,,,1.393,36.8,2.323,-1.393,36.8,2.323,PD-357-0 (hermana),PD-357-1 (hermana),SI,SI,-2.407,0.24,ok,,medido
PD-357-1,PD,357,1,2TTx56,4,NO,NO,658379.342,4331529.247,4331604.049,752.765,751.604,-1.552,-1.859,0.972,-1.594,27.6,40.6,2.098,2.449,0.025,0.128,sí,no,,,1.393,36.8,2.323,-1.393,36.8,2.323,PD-357-0 (hermana),PD-357-1 (hermana),SI,SI,-2.275,0.723,atencion,,medido
PD-358-0,PD,358,0,2TTx56,4,NO,NO,658379.295,4331238.467,4331313.009,761.491,757.515,-5.334,-5.27,0.652,0.143,7.1,358.4,5.31,5.271,0.057,0.073,no,sí,,,1.555,16.4,5.494,0.967,349.6,5.358,PD-346-1,PD-369-0,NO,NO,-5.283,-0.051,ok,,medido
PD-358-1,PD,358,1,2TTx56,4,NO,NO,658385.304,4331238.462,4331313.004,761.377,757.497,-5.205,-5.27,0.876,0.539,9.4,354.2,5.342,5.297,0.039,0.04,no,sí,,,1.555,16.4,5.494,0.967,349.6,5.358,PD-346-1,PD-369-0,NO,NO,-5.184,-0.021,ok,,medido
PD-359-0,PD,359,0,2TTx56,4,NO,NO,658379.306,4331313.384,4331387.96,757.556,754.314,-4.347,-4.317,0.79,-0.658,10.4,8.7,4.388,4.366,0.109,0.093,sí,sí,,,1.604,20.4,4.605,0.835,349.0,4.397,PD-347-1,PD-370-0,NO,NO,-4.142,-0.205,ok,,medido
PD-359-1,PD,359,1,2TTx56,4,NO,NO,658385.324,4331313.335,4331387.927,757.499,754.302,-4.286,-4.317,0.786,-0.775,10.3,10.2,4.388,4.386,0.081,0.097,sí,sí,,,1.604,20.4,4.605,0.835,349.0,4.397,PD-347-1,PD-370-0,NO,NO,-4.336,0.05,ok,,medido
PD-36-0,PD,36,0,2TTx56,4,NO,NO,658035.08,4330226.136,4330300.597,793.351,788.387,-6.667,-6.831,-1.638,1.089,346.5,350.9,7.025,6.917,0.172,0.065,sí,no,,,-1.063,351.2,6.913,1.063,351.2,6.913,PD-36-0 (hermana),PD-36-1 (hermana),SI,SI,-6.577,-0.09,ok,,medido
PD-36-1,PD,36,1,2TTx56,4,NO,NO,658041.075,4330226.081,4330300.527,793.541,788.333,-6.996,-6.831,-1.446,1.119,348.0,350.7,6.982,6.922,0.073,0.038,sí,no,,,-1.063,351.2,6.913,1.063,351.2,6.913,PD-36-0 (hermana),PD-36-1 (hermana),SI,SI,-6.759,-0.237,ok,,medido
PD-360-0,PD,360,0,2TTx42,3,NO,NO,658379.35,4331388.213,4331444.414,754.333,753.135,-2.132,-2.148,2.145,-0.661,45.0,17.1,3.036,2.248,0.049,0.022,sí,no,,,2.957,54.0,3.655,0.051,358.6,2.149,PD-347-1,PD-371-0,NO,NO,-2.17,0.038,ok,,medido
PD-360-1,PD,360,1,2TTx42,3,NO,NO,658385.349,4331388.232,4331444.403,754.281,753.065,-2.165,-2.148,1.852,-0.537,40.8,14.0,2.836,2.214,0.016,0.035,sí,no,,,2.957,54.0,3.655,0.051,358.6,2.149,PD-347-1,PD-371-0,NO,NO,-2.198,0.033,ok,,medido
PD-361-0,PD,361,0,2TTx56,4,NO,NO,658395.124,4330700.599,4330775.241,777.277,775.903,-1.841,-1.919,0.9,-0.893,25.1,25.0,2.12,2.117,0.041,0.028,no,sí,,,1.005,27.7,2.167,-0.306,9.0,1.943,PD-361-0 (hermana),PD-374-0,SI,NO,-1.928,0.087,ok,,medido
PD-361-1,PD,361,1,2TTx56,4,NO,NO,658401.142,4330700.647,4330775.296,777.274,775.783,-1.997,-1.919,0.989,-1.203,27.3,32.1,2.159,2.265,0.026,0.094,no,sí,,,1.005,27.7,2.167,-0.306,9.0,1.943,PD-361-0 (hermana),PD-374-0,SI,NO,-1.851,-0.146,ok,,medido
PD-362-0,PD,362,0,2TTx56,4,NO,NO,658395.133,4330775.613,4330850.215,775.781,773.544,-2.999,-2.933,0.645,-0.229,12.4,4.5,3.003,2.942,0.049,0.056,sí,sí,,,0.379,7.4,2.957,0.862,343.6,3.057,PD-362-0 (hermana),PD-376-0,SI,NO,-3.008,0.009,ok,,medido
PD-362-1,PD,362,1,2TTx56,4,NO,NO,658401.13,4330775.619,4330850.229,775.709,773.57,-2.867,-2.933,0.405,-0.253,7.9,4.9,2.961,2.944,0.091,0.066,sí,sí,,,0.379,7.4,2.957,0.862,343.6,3.057,PD-362-0 (hermana),PD-376-0,SI,NO,-2.86,-0.007,ok,,medido
PD-363-0,PD,363,0,2TTx56,4,NO,NO,658379.32,4331622.244,4331696.887,750.403,748.353,-2.746,-2.856,1.692,-0.751,30.6,14.7,3.32,2.953,0.029,0.015,no,sí,,,1.052,20.2,3.044,-0.65,12.8,2.929,PD-351-1,PD-377-0,NO,NO,-2.84,0.094,ok,,medido
PD-363-1,PD,363,1,2TTx56,4,NO,NO,658385.331,4331622.274,4331696.897,750.423,748.21,-2.966,-2.856,1.427,-0.597,26.5,11.8,3.193,2.918,0.086,0.012,no,sí,,,1.052,20.2,3.044,-0.65,12.8,2.929,PD-351-1,PD-377-0,NO,NO,-2.968,0.002,ok,,medido
PD-364-0,PD,364,0,2TTx56,4,NO,NO,658395.147,4330850.495,4330925.133,773.461,771.737,-2.31,-2.423,0.881,-0.799,20.0,18.2,2.579,2.552,0.046,-0.0,sí,no,,,1.623,33.8,2.917,-0.799,18.3,2.552,PD-352-1,PD-364-1 (hermana),NO,SI,-2.339,0.029,ok,,medido
PD-364-1,PD,364,1,2TTx56,4,NO,NO,658401.141,4330850.447,4330925.064,773.499,771.606,-2.537,-2.423,0.949,,21.4,,2.603,,0.032,,sí,no,,,1.623,33.8,2.917,-0.799,18.3,2.552,PD-352-1,PD-364-1 (hermana),NO,SI,-2.372,-0.165,ok,,medido
PD-365-0,PD,365,0,2TTx56,4,NO,NO,658366.215,4332341.398,4332416.084,733.024,731.622,-1.877,-1.941,-0.275,0.772,351.9,338.3,1.96,2.089,0.135,0.018,no,no,,,1.834,43.4,2.671,1.397,324.2,2.392,PD-353-1,PD-378-0,NO,NO,-1.853,-0.024,ok,,medido
PD-365-1,PD,365,1,2TTx56,4,NO,NO,658372.219,4332341.36,4332416.036,733.061,731.564,-2.005,-1.941,0.314,1.31,9.2,326.0,1.966,2.342,0.084,0.014,no,no,,,1.834,43.4,2.671,1.397,324.2,2.392,PD-353-1,PD-378-0,NO,NO,-1.997,-0.008,ok,,medido
PD-366-0,PD,366,0,2TTx56,4,NO,NO,658379.314,4331697.162,4331771.787,748.367,746.769,-2.141,-2.116,1.717,-0.851,39.1,21.9,2.725,2.281,0.022,0.043,sí,sí,,,2.375,48.3,3.181,0.337,351.0,2.142,PD-366-0 (hermana),PD-379-0,SI,NO,-2.219,0.078,ok,,medido
PD-366-1,PD,366,1,2TTx56,4,NO,NO,658385.303,4331697.148,4331771.779,748.206,746.646,-2.09,-2.116,2.001,0.278,43.4,352.5,2.912,2.134,0.022,0.004,sí,sí,,,2.375,48.3,3.181,0.337,351.0,2.142,PD-366-0 (hermana),PD-379-0,SI,NO,-2.157,0.067,ok,,medido
PD-367-0,PD,367,0,2TTx56,4,NO,NO,658379.315,4331772.058,4331846.696,746.724,745.806,-1.23,-1.293,,-1.008,,37.9,,1.639,,0.04,sí,no,,,1.301,45.2,1.834,-0.053,2.3,1.294,PD-367-0 (hermana),PD-380-0,SI,NO,-1.372,0.142,ok,,medido
PD-367-1,PD,367,1,2TTx56,4,NO,NO,658385.315,4331772.131,4331846.77,746.692,745.68,-1.356,-1.293,1.301,-0.898,45.2,34.8,1.834,1.574,0.0,0.051,sí,no,,,1.301,45.2,1.834,-0.053,2.3,1.294,PD-367-0 (hermana),PD-380-0,SI,NO,-1.419,0.063,ok,,medido
PD-368-0,PD,368,0,2TTx28,2,NO,NO,658363.785,4332589.978,4332627.774,735.094,736.051,2.532,2.513,0.34,-0.053,172.3,178.8,2.536,2.513,0.02,0.0,no,no,,,0.053,178.8,2.513,-0.053,178.8,2.513,PD-368-0 (hermana),PD-368-1 (hermana),SI,SI,2.636,-0.104,ok,,medido
PD-368-1,PD,368,1,2TTx28,2,NO,NO,658369.802,4332589.975,4332627.752,735.098,736.04,2.494,2.513,0.211,,175.2,,2.522,,0.025,,no,no,,,0.053,178.8,2.513,-0.053,178.8,2.513,PD-368-0 (hermana),PD-368-1 (hermana),SI,SI,2.619,-0.125,ok,,medido
PD-369-0,PD,369,0,2TTx56,4,NO,NO,658391.338,4331238.471,4331312.99,761.32,757.671,-4.897,-4.937,0.344,0.009,4.0,359.9,4.949,4.937,0.096,0.023,no,sí,,,-0.06,359.3,4.937,0.334,356.1,4.948,PD-369-0 (hermana),PD-381-0,SI,NO,-5.073,0.176,ok,,medido
PD-369-1,PD,369,1,2TTx56,4,NO,NO,658397.354,4331238.439,4331312.965,761.355,757.646,-4.977,-4.937,0.225,0.048,2.6,359.4,4.942,4.937,0.068,0.072,no,sí,,,-0.06,359.3,4.937,0.334,356.1,4.948,PD-369-0 (hermana),PD-381-0,SI,NO,-5.028,0.051,ok,,medido
PD-37-0,PD,37,0,2TTx56,4,NO,NO,658047.081,4330151.15,4330225.658,797.93,793.747,-5.614,-5.837,-2.738,1.553,334.9,345.1,6.447,6.04,0.062,0.054,no,sí,,,-1.35,347.0,5.991,3.764,327.2,6.945,PD-37-0 (hermana),PD-41-0,SI,NO,-5.587,-0.027,ok,,medido
PD-37-1,PD,37,1,2TTx56,4,NO,NO,658053.093,4330151.168,4330225.679,798.176,793.661,-6.06,-5.837,-2.042,1.715,340.7,343.6,6.184,6.084,0.057,0.123,no,sí,,,-1.35,347.0,5.991,3.764,327.2,6.945,PD-37-0 (hermana),PD-41-0,SI,NO,-5.591,-0.469,ok,,medido
PD-370-0,PD,370,0,2TTx56,4,NO,NO,658391.363,4331313.356,4331387.949,757.622,754.278,-4.483,-4.515,0.255,-1.128,3.2,14.0,4.523,4.654,0.089,0.076,sí,sí,,,1.323,16.3,4.705,-1.323,16.3,4.705,PD-370-0 (hermana),PD-370-1 (hermana),SI,SI,-4.357,-0.126,ok,,medido
PD-370-1,PD,370,1,2TTx56,4,NO,NO,658397.374,4331313.327,4331387.889,757.568,754.177,-4.548,-4.515,0.55,-0.826,6.9,10.4,4.549,4.59,0.085,0.089,sí,sí,,,1.323,16.3,4.705,-1.323,16.3,4.705,PD-370-0 (hermana),PD-370-1 (hermana),SI,SI,-4.548,0.0,ok,,medido
PD-371-0,PD,371,0,2TTx42,3,NO,NO,658391.368,4331388.243,4331444.443,754.299,753.052,-2.219,-2.119,1.161,-0.791,28.7,20.5,2.417,2.262,0.039,0.006,sí,no,,,1.349,32.5,2.513,-0.152,4.1,2.125,PD-371-0 (hermana),PD-383-0,SI,NO,-2.172,-0.047,ok,,medido
PD-371-1,PD,371,1,2TTx42,3,NO,NO,658397.343,4331388.221,4331444.407,754.163,753.028,-2.02,-2.119,1.065,-0.786,26.7,20.3,2.372,2.261,0.061,0.038,sí,no,,,1.349,32.5,2.513,-0.152,4.1,2.125,PD-371-0 (hermana),PD-383-0,SI,NO,-2.144,0.124,ok,,medido
PD-372-0,PD,372,0,2TTx42,3,NO,NO,658407.062,4330644.173,4330700.334,777.426,776.917,-0.906,-0.927,,-0.663,,35.6,,1.14,,0.034,no,sí,,,0.226,13.7,0.954,-0.226,13.7,0.954,PD-372-0 (hermana),PD-372-1 (hermana),SI,SI,-0.955,0.049,ok,,medido
PD-372-1,PD,372,1,2TTx42,3,NO,NO,658413.08,4330644.164,4330700.327,777.424,776.892,-0.947,-0.927,0.226,-0.98,13.7,46.6,0.954,1.349,0.0,0.028,no,sí,,,0.226,13.7,0.954,-0.226,13.7,0.954,PD-372-0 (hermana),PD-372-1 (hermana),SI,SI,-0.942,-0.005,ok,,medido
PD-373-0,PD,373,0,2TTx56,4,NO,NO,658391.269,4331454.479,4331529.102,752.944,752.717,-0.304,-0.348,1.889,-1.654,79.6,78.1,1.921,1.69,0.038,0.137,no,sí,,,-0.621,299.3,0.711,0.621,299.3,0.711,PD-373-0 (hermana),PD-373-1 (hermana),SI,SI,-0.325,0.021,ok,,medido
PD-373-1,PD,373,1,2TTx56,4,NO,NO,658397.3,4331454.449,4331529.094,753.014,752.722,-0.391,-0.348,1.212,-2.427,74.0,81.8,1.261,2.452,0.089,0.077,no,sí,,,-0.621,299.3,0.711,0.621,299.3,0.711,PD-373-0 (hermana),PD-373-1 (hermana),SI,SI,-0.276,-0.115,ok,,medido
PD-374-0,PD,374,0,2TTx56,4,NO,NO,658407.12,4330700.515,4330775.184,777.163,775.862,-1.742,-1.799,0.679,-1.492,20.7,39.7,1.923,2.338,0.017,0.115,sí,sí,,,1.014,29.4,2.066,-1.014,29.4,2.066,PD-374-0 (hermana),PD-374-1 (hermana),SI,SI,-1.81,0.068,ok,,medido
PD-374-1,PD,374,1,2TTx56,4,NO,NO,658413.111,4330700.621,4330775.273,777.143,775.757,-1.857,-1.799,0.764,-1.63,23.0,42.2,1.955,2.428,0.015,0.132,sí,sí,,,1.014,29.4,2.066,-1.014,29.4,2.066,PD-374-0 (hermana),PD-374-1 (hermana),SI,SI,-1.75,-0.107,ok,,medido
PD-375-0,PD,375,0,2TTx56,4,NO,NO,658391.257,4331529.437,4331604.08,752.944,751.297,-2.207,-2.154,0.712,-2.529,18.3,49.6,2.269,3.322,0.028,0.043,sí,no,,,2.402,48.1,3.227,-2.402,48.1,3.227,PD-375-0 (hermana),PD-375-1 (hermana),SI,SI,-2.109,-0.098,ok,,medido
PD-375-1,PD,375,1,2TTx56,4,NO,NO,658397.292,4331529.394,4331604.033,752.761,751.192,-2.102,-2.154,1.087,-2.086,26.8,44.1,2.413,2.999,0.079,0.097,sí,no,,,2.402,48.1,3.227,-2.402,48.1,3.227,PD-375-0 (hermana),PD-375-1 (hermana),SI,SI,-2.079,-0.023,ok,,medido
PD-376-0,PD,376,0,2TTx56,4,NO,NO,658407.079,4330775.574,4330850.159,775.876,773.509,-3.174,-3.171,0.045,-0.953,0.8,16.7,3.171,3.311,0.124,0.009,sí,no,,,1.333,22.8,3.44,-0.605,10.8,3.228,PD-376-0 (hermana),PD-388-0,SI,NO,-2.902,-0.272,ok,,medido
PD-376-1,PD,376,1,2TTx56,4,NO,NO,658413.084,4330775.572,4330850.159,775.794,773.431,-3.168,-3.171,0.138,-0.669,2.5,11.9,3.174,3.241,0.072,0.004,sí,no,,,1.333,22.8,3.44,-0.605,10.8,3.228,PD-376-0 (hermana),PD-388-0,SI,NO,-2.871,-0.297,ok,,medido
PD-377-0,PD,377,0,2TTx56,4,NO,NO,658391.373,4331622.289,4331696.897,750.432,748.122,-3.096,-3.069,0.894,-0.538,16.2,9.9,3.196,3.116,0.006,0.031,no,sí,,,0.65,12.0,3.137,-0.351,6.5,3.089,PD-363-1,PD-377-1 (hermana),NO,SI,-3.037,-0.059,ok,,medido
PD-377-1,PD,377,1,2TTx56,4,NO,NO,658397.39,4331622.237,4331696.843,750.392,748.123,-3.041,-3.069,0.688,-0.603,12.6,11.1,3.145,3.127,0.019,0.031,no,sí,,,0.65,12.0,3.137,-0.351,6.5,3.089,PD-363-1,PD-377-1 (hermana),NO,SI,-3.068,0.027,ok,,medido
PD-378-0,PD,378,0,2TTx56,4,NO,NO,658378.24,4332341.365,4332416.043,733.279,731.514,-2.363,-2.351,-0.001,1.106,360.0,334.8,2.351,2.598,0.037,0.045,no,no,,,-1.241,332.2,2.658,1.241,332.2,2.658,PD-378-0 (hermana),PD-378-1 (hermana),SI,SI,-2.117,-0.246,ok,,medido
PD-378-1,PD,378,1,2TTx56,4,NO,NO,658384.244,4332341.363,4332416.045,733.344,731.598,-2.338,-2.351,-0.366,0.643,351.2,344.7,2.379,2.437,0.065,0.093,no,no,,,-1.241,332.2,2.658,1.241,332.2,2.658,PD-378-0 (hermana),PD-378-1 (hermana),SI,SI,-2.14,-0.198,ok,,medido
PD-379-0,PD,379,0,2TTx56,4,NO,NO,658391.389,4331697.146,4331771.782,748.171,746.722,-1.941,-2.033,1.265,0.188,31.9,354.7,2.395,2.042,0.045,0.0,sí,sí,,,-0.188,354.7,2.042,0.188,354.7,2.042,PD-379-0 (hermana),PD-379-1 (hermana),SI,SI,-2.11,0.169,ok,,medido
PD-379-1,PD,379,1,2TTx56,4,NO,NO,658397.363,4331697.128,4331771.771,748.251,746.665,-2.125,-2.033,0.612,,16.8,,2.123,,0.065,,sí,sí,,,-0.188,354.7,2.042,0.188,354.7,2.042,PD-379-0 (hermana),PD-379-1 (hermana),SI,SI,-2.081,-0.044,ok,,medido
PD-38-0,PD,38,0,2TTx56,4,NO,NO,658047.082,4330226.081,4330300.54,793.591,788.4,-6.972,-6.944,-1.404,1.165,348.6,350.5,7.085,7.041,0.088,0.084,sí,no,,,-0.981,352.0,7.013,1.993,344.0,7.224,PD-36-1,PD-41-0,NO,NO,-6.89,-0.082,ok,,medido
PD-38-1,PD,38,1,2TTx56,4,NO,NO,658053.096,4330226.078,4330300.537,793.633,788.483,-6.917,-6.944,-1.269,1.185,349.6,350.3,7.059,7.044,0.063,0.098,sí,no,,,-0.981,352.0,7.013,1.993,344.0,7.224,PD-36-1,PD-41-0,NO,NO,-6.947,0.03,ok,,medido
PD-380-0,PD,380,0,2TTx56,4,NO,NO,658391.367,4331772.119,4331846.755,746.751,745.615,-1.522,-1.574,0.549,-1.083,19.2,34.5,1.667,1.911,0.015,0.034,sí,no,,,1.859,49.7,2.436,-0.96,31.4,1.844,PD-380-0 (hermana),PD-391-0,SI,NO,-1.478,-0.044,ok,,medido
PD-380-1,PD,380,1,2TTx56,4,NO,NO,658397.353,4331772.09,4331846.748,746.679,745.465,-1.626,-1.574,1.09,-0.788,34.7,26.6,1.915,1.76,0.046,0.01,sí,no,,,1.859,49.7,2.436,-0.96,31.4,1.844,PD-380-0 (hermana),PD-391-0,SI,NO,-1.568,-0.058,ok,,medido
PD-381-0,PD,381,0,2TTx28,2,NO,NO,658403.358,4331256.862,4331294.544,760.417,758.624,-4.758,-4.83,-0.025,-0.411,359.7,4.9,4.83,4.847,0.066,0.024,no,sí,,,0.009,0.1,4.83,-0.009,0.1,4.83,PD-381-0 (hermana),PD-381-1 (hermana),SI,SI,-5.05,0.292,ok,,medido
PD-381-1,PD,381,1,2TTx28,2,NO,NO,658409.359,4331256.893,4331294.594,760.442,758.594,-4.902,-4.83,-0.241,-0.697,357.1,8.2,4.836,4.88,0.02,0.008,no,sí,,,0.009,0.1,4.83,-0.009,0.1,4.83,PD-381-0 (hermana),PD-381-1 (hermana),SI,SI,-4.984,0.082,ok,,medido
PD-382-0,PD,382,0,2TTx56,4,NO,NO,658403.328,4331294.942,4331369.478,758.562,754.783,-5.07,-5.122,0.189,-0.205,2.1,2.3,5.125,5.126,0.136,0.012,sí,sí,,,1.423,15.5,5.316,-0.19,2.1,5.125,PD-370-1,PD-382-1 (hermana),NO,SI,-4.946,-0.124,ok,,medido
PD-382-1,PD,382,1,2TTx56,4,NO,NO,658409.348,4331294.905,4331369.46,758.591,754.734,-5.173,-5.122,0.14,-0.138,1.6,1.5,5.124,5.124,0.154,0.025,sí,sí,,,1.423,15.5,5.316,-0.19,2.1,5.125,PD-370-1,PD-382-1 (hermana),NO,SI,-5.066,-0.107,ok,,medido
PD-383-0,PD,383,0,2TTx56,4,NO,NO,658403.329,4331369.795,4331444.419,754.643,752.948,-2.271,-2.318,1.023,-0.891,23.8,21.0,2.533,2.483,0.126,0.037,sí,no,,,2.535,47.6,3.435,-0.455,11.1,2.362,PD-370-1,PD-394-0,NO,NO,-2.437,0.166,ok,,medido
PD-383-1,PD,383,1,2TTx56,4,NO,NO,658409.333,4331369.801,4331444.426,754.634,752.87,-2.364,-2.318,0.865,-0.878,20.5,20.7,2.474,2.478,0.11,0.026,sí,no,,,2.535,47.6,3.435,-0.455,11.1,2.362,PD-370-1,PD-394-0,NO,NO,-2.446,0.082,ok,,medido
PD-384-0,PD,384,0,2TTx42,3,NO,NO,658419.062,4330644.12,4330700.315,777.416,776.837,-1.03,-1.164,0.409,-1.114,19.4,43.7,1.234,1.611,0.007,0.012,no,sí,,,0.959,39.5,1.508,-0.959,39.5,1.508,PD-384-0 (hermana),PD-384-1 (hermana),SI,SI,-1.027,-0.003,ok,,medido
PD-384-1,PD,384,1,2TTx42,3,NO,NO,658425.084,4330644.148,4330700.334,777.433,776.704,-1.297,-1.164,0.65,-0.959,29.2,39.5,1.333,1.508,0.019,0.007,no,sí,,,0.959,39.5,1.508,-0.959,39.5,1.508,PD-384-0 (hermana),PD-384-1 (hermana),SI,SI,-1.091,-0.206,ok,,medido
PD-385-0,PD,385,0,2TTx56,4,NO,NO,658403.319,4331454.485,4331529.138,752.78,752.608,-0.23,-0.372,1.253,-1.819,73.5,78.5,1.307,1.857,0.098,0.041,no,sí,,,2.896,82.7,2.92,-2.421,81.3,2.45,PD-385-0 (hermana),PD-396-0,SI,NO,-0.336,0.106,ok,,medido
PD-385-1,PD,385,1,2TTx56,4,NO,NO,658409.313,4331454.456,4331529.119,752.712,752.329,-0.513,-0.372,1.744,-1.401,78.0,75.1,1.783,1.449,0.138,0.031,no,sí,,,2.896,82.7,2.92,-2.421,81.3,2.45,PD-385-0 (hermana),PD-396-0,SI,NO,-0.479,-0.034,ok,,medido
PD-386-0,PD,386,0,2TTx56,4,NO,NO,658419.134,4330700.706,4330775.349,776.908,775.783,-1.507,-1.487,1.003,-1.225,34.0,39.5,1.794,1.927,0.044,0.073,sí,sí,,,1.882,51.7,2.399,0.682,335.4,1.636,PD-386-0 (hermana),PD-397-0,SI,NO,-1.658,0.151,ok,,medido
PD-386-1,PD,386,1,2TTx56,4,NO,NO,658425.134,4330700.648,4330775.281,776.781,775.686,-1.467,-1.487,1.42,-0.925,43.7,31.9,2.056,1.751,0.045,0.096,sí,sí,,,1.882,51.7,2.399,0.682,335.4,1.636,PD-386-0 (hermana),PD-397-0,SI,NO,-1.595,0.128,ok,,medido
PD-387-0,PD,387,0,2TTx56,4,NO,NO,658403.332,4331529.446,4331604.085,752.527,750.975,-2.079,-1.971,2.134,-1.14,47.3,30.0,2.905,2.277,0.112,0.026,sí,no,,,3.715,62.1,4.206,-1.513,37.5,2.485,PD-375-1,PD-398-0,NO,NO,-2.075,-0.004,ok,,medido
PD-387-1,PD,387,1,2TTx56,4,NO,NO,658409.339,4331529.43,4331604.068,752.341,750.951,-1.862,-1.971,2.081,-1.542,46.6,38.0,2.866,2.502,0.098,0.128,sí,no,,,3.715,62.1,4.206,-1.513,37.5,2.485,PD-375-1,PD-398-0,NO,NO,-2.041,0.179,ok,,medido
PD-388-0,PD,388,0,2TTx42,3,NO,NO,658419.138,4330775.634,4330831.78,775.721,774.011,-3.046,-2.88,0.375,-0.765,7.4,14.9,2.905,2.98,0.072,0.0,sí,no,,,0.765,14.9,2.98,-0.765,14.9,2.98,PD-388-0 (hermana),PD-388-1 (hermana),SI,SI,-2.758,-0.288,ok,,medido
PD-388-1,PD,388,1,2TTx42,3,NO,NO,658425.159,4330775.605,4330831.77,775.583,774.058,-2.715,-2.88,0.575,,11.3,,2.937,,0.059,,sí,no,,,0.765,14.9,2.98,-0.765,14.9,2.98,PD-388-0 (hermana),PD-388-1 (hermana),SI,SI,-2.705,-0.01,ok,,medido
PD-389-0,PD,389,0,2TTx56,4,NO,NO,658403.386,4331622.267,4331696.872,750.373,748.017,-3.158,-3.076,0.734,-0.404,13.4,7.5,3.162,3.102,0.018,0.033,no,no,,,1.027,18.5,3.243,0.01,359.8,3.076,PD-377-1,PD-399-0,NO,NO,-2.991,-0.167,ok,,medido
PD-389-1,PD,389,1,2TTx56,4,NO,NO,658409.378,4331622.262,4331696.884,750.296,748.062,-2.994,-3.076,0.565,-0.542,10.4,10.0,3.127,3.123,0.01,0.033,no,no,,,1.027,18.5,3.243,0.01,359.8,3.076,PD-377-1,PD-399-0,NO,NO,-3.012,0.018,ok,,medido
PD-39-0,PD,39,0,2TTx42,3,NO,NO,658047.082,4330675.761,4330731.831,778.972,775.356,-6.449,-6.288,,5.869,,317.0,,8.601,,0.173,no,no,,,-6.911,312.3,9.343,7.818,308.8,10.033,PD-39-0 (hermana),PD-44-0,SI,NO,-6.244,-0.205,ok,,medido
PD-39-1,PD,39,1,2TTx42,3,NO,NO,658053.072,4330675.724,4330731.803,779.298,775.862,-6.127,-6.288,-6.911,4.94,312.3,321.8,9.344,7.996,-0.0,0.174,no,no,,,-6.911,312.3,9.343,7.818,308.8,10.033,PD-39-0 (hermana),PD-44-0,SI,NO,-5.946,-0.181,ok,,medido
PD-390-0,PD,390,0,2TTx56,4,NO,NO,658390.224,4332341.397,4332416.053,733.301,731.753,-2.074,-1.984,-0.681,0.446,341.1,347.3,2.097,2.033,0.11,0.086,no,no,,,-0.944,334.5,2.197,1.886,316.4,2.737,PD-378-1,PD-390-1 (hermana),NO,SI,-1.989,-0.085,ok,,medido
PD-390-1,PD,390,1,2TTx56,4,NO,NO,658396.23,4332341.352,4332416.025,733.348,731.934,-1.894,-1.984,-1.388,-0.464,325.0,13.2,2.421,2.037,0.006,0.027,no,no,,,-0.944,334.5,2.197,1.886,316.4,2.737,PD-378-1,PD-390-1 (hermana),NO,SI,-1.604,-0.29,ok,,medido
PD-391-0,PD,391,0,2TTx56,4,NO,NO,658403.337,4331772.157,4331846.81,746.591,745.436,-1.547,-1.548,1.061,-0.776,34.4,26.6,1.877,1.732,0.042,0.018,no,no,,,0.96,31.8,1.822,-0.703,24.4,1.7,PD-380-1,PD-401-0,NO,NO,-1.602,0.055,ok,,medido
PD-391-1,PD,391,1,2TTx56,4,NO,NO,658409.336,4331772.155,4331846.79,746.546,745.39,-1.549,-1.548,0.981,-0.929,32.4,31.0,1.833,1.805,0.038,0.035,no,no,,,0.96,31.8,1.822,-0.703,24.4,1.7,PD-380-1,PD-401-0,NO,NO,-1.654,0.105,ok,,medido
PD-392-0,PD,392,0,2TTx28,2,NO,NO,658415.341,4331256.9,4331294.593,760.37,758.551,-4.826,-4.853,0.235,-0.306,2.8,3.6,4.858,4.862,0.043,0.0,no,sí,,,0.959,11.2,4.946,-0.306,3.6,4.862,PD-381-1,PD-392-1 (hermana),NO,SI,-4.857,0.031,ok,,medido
PD-392-1,PD,392,1,2TTx28,2,NO,NO,658421.364,4331256.811,4331294.5,760.366,758.527,-4.879,-4.853,0.347,,4.1,,4.865,,0.034,,no,sí,,,0.959,11.2,4.946,-0.306,3.6,4.862,PD-381-1,PD-392-1 (hermana),NO,SI,-4.784,-0.095,ok,,medido
PD-393-0,PD,393,0,2TTx56,4,NO,NO,658415.339,4331294.93,4331369.483,758.593,754.706,-5.214,-5.21,0.327,-0.132,3.6,1.5,5.22,5.212,0.116,0.026,sí,sí,,,0.687,7.5,5.255,0.469,354.9,5.231,PD-393-0 (hermana),PD-402-0,SI,NO,-5.166,-0.048,ok,,medido
PD-393-1,PD,393,1,2TTx56,4,NO,NO,658421.38,4331294.887,4331369.45,758.551,754.669,-5.206,-5.21,0.38,-0.002,4.2,0.0,5.224,5.21,0.071,0.037,sí,sí,,,0.687,7.5,5.255,0.469,354.9,5.231,PD-393-0 (hermana),PD-402-0,SI,NO,-5.24,0.034,ok,,medido
PD-394-0,PD,394,0,2TTx56,4,NO,NO,658415.361,4331369.77,4331444.38,754.669,752.782,-2.529,-2.582,0.803,-0.729,17.3,15.8,2.704,2.683,0.054,0.069,sí,no,,,1.717,33.6,3.101,-0.848,18.2,2.718,PD-394-0 (hermana),PD-403-0,SI,NO,-2.491,-0.038,ok,,medido
PD-394-1,PD,394,1,2TTx56,4,NO,NO,658421.395,4331369.797,4331444.422,754.604,752.638,-2.635,-2.582,0.957,-0.599,20.3,13.1,2.753,2.65,0.046,0.106,sí,no,,,1.717,33.6,3.101,-0.848,18.2,2.718,PD-394-0 (hermana),PD-403-0,SI,NO,-2.543,-0.092,ok,,medido
PD-395-0,PD,395,0,2TTx42,3,NO,NO,658431.083,4330660.437,4330716.636,777.111,776.524,-1.045,-1.062,1.457,-1.045,53.9,44.5,1.803,1.49,0.125,0.01,no,sí,,,1.322,51.2,1.696,-0.854,38.8,1.363,PD-395-0 (hermana),PD-404-0,SI,NO,-1.026,-0.019,ok,,medido
PD-395-1,PD,395,1,2TTx42,3,NO,NO,658437.082,4330660.412,4330716.607,777.042,776.435,-1.08,-1.062,1.49,-0.821,54.5,37.7,1.83,1.343,0.116,0.001,no,sí,,,1.322,51.2,1.696,-0.854,38.8,1.363,PD-395-0 (hermana),PD-404-0,SI,NO,-1.125,0.045,ok,,medido
PD-396-0,PD,396,0,2TTx56,4,NO,NO,658415.281,4331454.455,4331529.116,752.563,752.189,-0.501,-0.533,2.265,-1.19,76.8,65.9,2.327,1.304,0.085,0.066,no,sí,,,2.421,77.6,2.479,-0.234,23.7,0.582,PD-385-1,PD-396-1 (hermana),NO,SI,-0.616,0.115,ok,,medido
PD-396-1,PD,396,1,2TTx56,4,NO,NO,658421.308,4331454.436,4331529.091,752.573,752.151,-0.565,-0.533,1.862,-1.909,74.0,74.4,1.937,1.982,0.059,0.052,no,sí,,,2.421,77.6,2.479,-0.234,23.7,0.582,PD-385-1,PD-396-1 (hermana),NO,SI,-0.668,0.103,ok,,medido
PD-397-0,PD,397,0,2TTx28,2,NO,NO,658431.089,4330716.962,4330754.69,776.545,776.066,-1.27,-1.218,0.897,-1.245,36.4,45.6,1.513,1.742,0.027,0.0,sí,no,,,1.245,45.6,1.742,-1.245,45.6,1.742,PD-397-0 (hermana),PD-397-1 (hermana),SI,SI,-1.44,0.17,ok,,medido
PD-397-1,PD,397,1,2TTx28,2,NO,NO,658437.134,4330716.903,4330754.627,776.451,776.011,-1.166,-1.218,0.904,,36.6,,1.517,,0.042,,sí,no,,,1.245,45.6,1.742,-1.245,45.6,1.742,PD-397-0 (hermana),PD-397-1 (hermana),SI,SI,-1.381,0.215,ok,,medido
PD-398-0,PD,398,0,2TTx56,4,NO,NO,658415.297,4331529.425,4331604.058,752.245,750.867,-1.846,-1.935,2.222,-1.619,48.9,39.9,2.947,2.523,0.031,0.136,sí,no,,,1.513,38.0,2.457,0.278,351.8,1.955,PD-387-1,PD-398-1 (hermana),NO,SI,-2.029,0.183,ok,,medido
PD-398-1,PD,398,1,2TTx56,4,NO,NO,658421.301,4331529.433,4331604.068,752.328,750.817,-2.025,-1.935,1.268,-2.642,33.2,53.8,2.314,3.275,0.099,0.083,sí,no,,,1.513,38.0,2.457,0.278,351.8,1.955,PD-387-1,PD-398-1 (hermana),NO,SI,-1.98,-0.045,ok,,medido
PD-399-0,PD,399,0,2TTx56,4,NO,NO,658415.35,4331622.262,4331696.889,750.262,748.097,-2.901,-2.925,0.363,-1.365,7.1,25.0,2.947,3.228,0.012,0.0,no,no,,,1.365,25.0,3.227,-1.365,25.0,3.227,PD-399-0 (hermana),PD-399-1 (hermana),SI,SI,-2.963,0.062,ok,,medido
PD-399-1,PD,399,1,2TTx56,4,NO,NO,658421.347,4331622.221,4331696.839,750.199,747.999,-2.948,-2.925,0.628,,12.1,,2.991,,0.044,,no,no,,,1.365,25.0,3.227,-1.365,25.0,3.227,PD-399-0 (hermana),PD-399-1 (hermana),SI,SI,-2.901,-0.047,ok,,medido
PD-4-0,PD,4,0,2TTx56,4,NO,NO,657879.09,4330371.572,4330446.173,787.532,785.125,-3.226,-3.048,2.792,-2.179,42.5,35.6,4.133,3.746,0.043,0.231,no,no,,,3.384,48.0,4.554,-0.949,17.3,3.192,PD-3-1,PD-6-0,NO,NO,-3.466,0.24,ok,,medido
PD-4-1,PD,4,1,2TTx56,4,NO,NO,657885.09,4330371.558,4330446.158,787.309,785.169,-2.869,-3.048,2.297,-2.469,37.0,39.0,3.816,3.922,0.02,0.161,no,no,,,3.384,48.0,4.554,-0.949,17.3,3.192,PD-3-1,PD-6-0,NO,NO,-2.89,0.021,ok,,medido
PD-40-0,PD,40,0,2TTx56,4,NO,NO,658059.063,4330133.413,4330207.961,798.997,795.085,-5.248,-5.32,-2.23,1.375,337.3,345.5,5.768,5.494,0.057,0.021,no,sí,,,-1.409,345.2,5.503,1.98,339.6,5.676,PD-40-0 (hermana),PD-46-0,SI,NO,-5.381,0.133,ok,,medido
PD-40-1,PD,40,1,2TTx56,4,NO,NO,658065.076,4330133.457,4330207.981,799.133,795.115,-5.392,-5.32,-1.788,1.34,341.4,345.9,5.612,5.486,0.023,0.039,no,sí,,,-1.409,345.2,5.503,1.98,339.6,5.676,PD-40-0 (hermana),PD-46-0,SI,NO,-5.346,-0.046,ok,,medido
PD-400-0,PD,400,0,2TTx56,4,NO,NO,658402.265,4332341.395,4332416.076,733.207,732.046,-1.555,-1.47,-0.874,-0.778,329.3,27.9,1.71,1.663,0.066,0.019,no,no,,,0.556,20.7,1.571,-0.556,20.7,1.571,PD-400-0 (hermana),PD-400-1 (hermana),SI,SI,-1.542,-0.013,ok,,medido
PD-400-1,PD,400,1,2TTx56,4,NO,NO,658408.244,4332341.348,4332416.024,733.111,732.077,-1.385,-1.47,-0.312,-1.118,348.0,37.3,1.502,1.847,0.085,0.011,no,no,,,0.556,20.7,1.571,-0.556,20.7,1.571,PD-400-0 (hermana),PD-400-1 (hermana),SI,SI,-1.253,-0.132,ok,,medido
PD-401-0,PD,401,0,2TTx56,4,NO,NO,658415.368,4331772.222,4331846.857,746.548,745.301,-1.671,-1.649,0.934,-0.909,29.5,28.9,1.895,1.883,0.033,0.038,no,no,,,0.703,23.1,1.793,-0.568,19.0,1.744,PD-391-1,PD-401-1 (hermana),NO,SI,-1.721,0.05,ok,,medido
PD-401-1,PD,401,1,2TTx56,4,NO,NO,658421.367,4331772.139,4331846.751,746.499,745.285,-1.627,-1.649,0.825,-0.917,26.6,29.1,1.844,1.887,0.043,0.04,no,no,,,0.703,23.1,1.793,-0.568,19.0,1.744,PD-391-1,PD-401-1 (hermana),NO,SI,-1.786,0.159,ok,,medido
PD-402-0,PD,402,0,2TTx56,4,NO,NO,658427.296,4331294.921,4331369.464,758.675,754.598,-5.469,-5.472,0.122,-0.181,1.3,1.9,5.473,5.475,0.122,0.03,no,sí,,,0.311,3.3,5.481,0.445,355.3,5.49,PD-402-0 (hermana),PD-409-0,SI,NO,-5.297,-0.172,ok,,medido
PD-402-1,PD,402,1,2TTx56,4,NO,NO,658433.299,4331294.927,4331369.452,758.658,754.578,-5.475,-5.472,0.168,-0.318,1.8,3.3,5.475,5.481,0.009,0.046,no,sí,,,0.311,3.3,5.481,0.445,355.3,5.49,PD-402-0 (hermana),PD-409-0,SI,NO,-5.321,-0.154,ok,,medido
PD-403-0,PD,403,0,2TTx56,4,NO,NO,658427.343,4331369.785,4331444.4,754.513,752.629,-2.525,-2.452,0.961,-0.542,21.4,12.5,2.634,2.511,0.039,0.114,sí,no,,,0.848,19.1,2.595,0.908,339.7,2.615,PD-394-1,PD-410-0,NO,NO,-2.527,0.002,ok,,medido
PD-403-1,PD,403,1,2TTx56,4,NO,NO,658433.343,4331369.746,4331444.38,754.454,752.678,-2.38,-2.452,0.748,-1.57,17.0,32.6,2.564,2.912,0.025,0.149,sí,no,,,0.848,19.1,2.595,0.908,339.7,2.615,PD-394-1,PD-410-0,NO,NO,-2.529,0.149,ok,,medido
PD-404-0,PD,404,0,2TTx42,3,NO,NO,658443.098,4330667.898,4330724.104,776.95,776.25,-1.245,-1.179,1.347,-0.688,48.8,30.3,1.79,1.365,0.125,0.0,no,no,,,1.914,58.4,2.248,-0.688,30.3,1.365,PD-397-1,PD-404-1 (hermana),NO,SI,-1.074,-0.171,ok,,medido
PD-404-1,PD,404,1,2TTx42,3,NO,NO,658449.109,4330667.904,4330724.12,776.871,776.246,-1.112,-1.179,1.026,,41.0,,1.563,,0.048,,no,no,,,1.914,58.4,2.248,-0.688,30.3,1.365,PD-397-1,PD-404-1 (hermana),NO,SI,-1.122,0.01,ok,,medido
PD-405-0,PD,405,0,2TTx56,4,NO,NO,658427.302,4331454.467,4331529.117,752.516,752.082,-0.581,-0.839,1.368,-2.401,58.5,70.7,1.605,2.543,0.067,0.025,no,sí,,,2.117,68.4,2.277,-2.117,68.4,2.277,PD-405-0 (hermana),PD-405-1 (hermana),SI,SI,-0.814,0.233,ok,,medido
PD-405-1,PD,405,1,2TTx56,4,NO,NO,658433.305,4331454.456,4331529.116,752.581,751.763,-1.096,-0.839,1.553,-2.521,61.6,71.6,1.765,2.657,0.057,0.015,no,sí,,,2.117,68.4,2.277,-2.117,68.4,2.277,PD-405-0 (hermana),PD-405-1 (hermana),SI,SI,-1.051,-0.045,ok,,medido
PD-406-0,PD,406,0,2TTx56,4,NO,NO,658427.324,4331529.426,4331604.053,752.231,750.763,-1.967,-1.744,0.922,-3.011,27.9,59.9,1.973,3.48,0.033,0.065,sí,no,,,3.344,62.5,3.772,-3.344,62.5,3.772,PD-406-0 (hermana),PD-406-1 (hermana),SI,SI,-1.812,-0.155,ok,,medido
PD-406-1,PD,406,1,2TTx56,4,NO,NO,658433.334,4331529.388,4331604.033,751.864,750.729,-1.521,-1.744,1.629,-2.78,43.1,57.9,2.386,3.282,0.103,0.044,sí,no,,,3.344,62.5,3.772,-3.344,62.5,3.772,PD-406-0 (hermana),PD-406-1 (hermana),SI,SI,-1.637,0.116,ok,,medido
PD-407-0,PD,407,0,2TTx42,3,NO,NO,658414.243,4332359.785,4332415.998,732.799,732.021,-1.384,-1.271,-0.208,-1.383,350.7,47.4,1.288,1.878,0.099,0.0,no,no,,,1.383,47.4,1.878,-1.383,47.4,1.878,PD-407-0 (hermana),PD-407-1 (hermana),SI,SI,-1.22,-0.164,ok,,medido
PD-407-1,PD,407,1,2TTx42,3,NO,NO,658420.231,4332359.823,4332416.072,732.652,732.001,-1.157,-1.271,0.772,,31.3,,1.487,,0.047,,no,no,,,1.383,47.4,1.878,-1.383,47.4,1.878,PD-407-0 (hermana),PD-407-1 (hermana),SI,SI,-1.098,-0.059,ok,,medido
PD-408-0,PD,408,0,2TTx56,4,NO,NO,658427.372,4331772.208,4331846.828,746.586,745.034,-2.08,-2.079,0.884,-0.709,23.0,18.8,2.259,2.197,0.028,0.035,no,no,,,1.343,32.9,2.475,-0.384,10.5,2.114,PD-401-1,PD-413-0,NO,NO,-1.897,-0.183,ok,,medido
PD-408-1,PD,408,1,2TTx56,4,NO,NO,658433.38,4331772.174,4331846.806,746.524,744.973,-2.078,-2.079,0.974,-0.76,25.1,20.1,2.296,2.214,0.026,0.064,no,no,,,1.343,32.9,2.475,-0.384,10.5,2.114,PD-401-1,PD-413-0,NO,NO,-1.978,-0.1,ok,,medido
PD-409-0,PD,409,0,2TTx56,4,NO,NO,658439.315,4331294.667,4331369.211,758.695,754.622,-5.464,-5.43,-0.014,-0.739,359.9,7.7,5.43,5.48,0.021,0.027,no,sí,,,0.736,7.7,5.48,-0.298,3.1,5.438,PD-409-0 (hermana),PD-415-0,SI,NO,-5.336,-0.128,ok,,medido
PD-409-1,PD,409,1,2TTx56,4,NO,NO,658445.308,4331294.681,4331369.23,758.625,754.602,-5.396,-5.43,0.141,-0.795,1.5,8.3,5.432,5.488,0.036,0.03,no,sí,,,0.736,7.7,5.48,-0.298,3.1,5.438,PD-409-0 (hermana),PD-415-0,SI,NO,-5.312,-0.084,ok,,medido
PD-41-0,PD,41,0,2TTx56,4,NO,NO,658059.084,4330208.354,4330282.824,795.018,789.803,-7.003,-7.029,-1.679,1.06,346.6,351.4,7.226,7.108,0.119,0.086,sí,sí,,,-0.254,357.9,7.033,2.271,342.1,7.386,PD-41-0 (hermana),PD-46-0,SI,NO,-6.882,-0.121,ok,,medido
PD-41-1,PD,41,1,2TTx56,4,NO,NO,658065.083,4330208.388,4330282.854,795.05,789.797,-7.054,-7.029,-1.36,1.637,349.0,346.9,7.159,7.217,0.082,0.039,sí,sí,,,-0.254,357.9,7.033,2.271,342.1,7.386,PD-41-0 (hermana),PD-46-0,SI,NO,-6.914,-0.14,ok,,medido
PD-410-0,PD,410,0,2TTx56,4,SI,SI,658439.342,4331369.576,4331444.313,754.605,752.642,-2.627,-2.609,0.153,-2.428,3.4,42.9,2.614,3.564,0.069,0.09,sí,no,,,1.882,35.8,3.217,-1.882,35.8,3.217,PD-410-0 (hermana),PD-410-1 (hermana),SI,SI,-2.513,-0.114,ok,,medido
PD-410-1,PD,410,1,2TTx56,4,SI,SI,658445.337,4331369.629,4331444.35,754.478,752.541,-2.592,-2.609,0.598,-3.081,12.9,49.7,2.677,4.038,0.077,0.136,sí,no,,,1.882,35.8,3.217,-1.882,35.8,3.217,PD-410-0 (hermana),PD-410-1 (hermana),SI,SI,-2.577,-0.015,ok,,medido
PD-411-0,PD,411,0,2TTx56,4,NO,NO,658439.359,4331454.46,4331529.12,752.545,751.523,-1.369,-1.348,1.672,-2.624,51.1,62.8,2.148,2.95,0.063,0.036,no,sí,,,2.936,65.3,3.23,-2.457,61.2,2.803,PD-411-0 (hermana),PD-417-0,SI,NO,-1.3,-0.069,ok,,medido
PD-411-1,PD,411,1,2TTx56,4,NO,NO,658445.373,4331454.459,4331529.113,752.353,751.362,-1.327,-1.348,2.296,-2.514,59.6,61.8,2.663,2.853,0.038,0.035,no,sí,,,2.936,65.3,3.23,-2.457,61.2,2.803,PD-411-0 (hermana),PD-417-0,SI,NO,-1.35,0.023,ok,,medido
PD-412-0,PD,412,0,2TTx56,4,NO,NO,658439.334,4331529.417,4331604.069,751.491,750.602,-1.191,-1.208,2.351,-2.11,62.8,60.2,2.643,2.432,0.168,0.046,sí,no,,,4.159,73.8,4.331,-1.57,52.4,1.981,PD-406-1,PD-418-0,NO,NO,-1.49,0.299,ok,,medido
PD-412-1,PD,412,1,2TTx56,4,NO,NO,658445.333,4331529.408,4331604.049,751.391,750.476,-1.226,-1.208,2.824,-2.325,66.8,62.5,3.072,2.62,0.055,0.045,sí,no,,,4.159,73.8,4.331,-1.57,52.4,1.981,PD-406-1,PD-418-0,NO,NO,-1.417,0.191,ok,,medido
PD-413-0,PD,413,0,2TTx56,4,NO,NO,658439.292,4331706.016,4331780.653,747.795,746.33,-1.963,-1.885,,-1.382,,36.2,,2.337,,0.029,no,sí,,,1.138,31.1,2.202,-1.138,31.1,2.202,PD-413-0 (hermana),PD-413-1 (hermana),SI,SI,-1.848,-0.115,ok,,medido
PD-413-1,PD,413,1,2TTx56,4,NO,NO,658445.298,4331705.942,4331780.583,747.67,746.321,-1.807,-1.885,1.138,-1.454,31.1,37.6,2.202,2.381,-0.0,0.018,no,sí,,,1.138,31.1,2.202,-1.138,31.1,2.202,PD-413-0 (hermana),PD-413-1 (hermana),SI,SI,-1.843,0.036,ok,,medido
PD-414-0,PD,414,0,2TTx56,4,NO,NO,658439.309,4331781.011,4331855.643,746.301,744.697,-2.149,-2.198,1.077,-0.684,26.1,17.3,2.448,2.302,0.032,0.072,sí,no,,,1.058,25.7,2.439,0.316,351.8,2.221,PD-408-1,PD-414-1 (hermana),NO,SI,-2.11,-0.039,ok,,medido
PD-414-1,PD,414,1,2TTx56,4,NO,NO,658445.323,4331780.948,4331855.572,746.358,744.681,-2.247,-2.198,0.711,-1.265,17.9,29.9,2.31,2.536,0.031,0.046,sí,no,,,1.058,25.7,2.439,0.316,351.8,2.221,PD-408-1,PD-414-1 (hermana),NO,SI,-2.161,-0.086,ok,,medido
PD-415-0,PD,415,0,2TTx56,4,NO,NO,658451.355,4331294.706,4331369.241,758.638,754.551,-5.483,-5.48,0.18,-0.891,1.9,9.2,5.483,5.552,0.04,0.014,no,sí,,,1.329,13.6,5.639,-0.707,7.3,5.526,PD-415-0 (hermana),PD-421-0,SI,NO,-5.271,-0.212,ok,,medido
PD-415-1,PD,415,1,2TTx56,4,NO,NO,658457.367,4331294.649,4331369.174,758.559,754.477,-5.477,-5.48,0.644,-0.726,6.7,7.5,5.518,5.528,0.041,0.01,no,sí,,,1.329,13.6,5.639,-0.707,7.3,5.526,PD-415-0 (hermana),PD-421-0,SI,NO,-5.276,-0.201,ok,,medido
PD-416-0,PD,416,0,2TTx56,4,SI,SI,658451.34,4331369.575,4331444.291,754.477,752.237,-2.998,-2.924,1.075,-2.962,20.2,45.4,3.115,4.162,0.138,0.098,sí,no,,,2.567,41.3,3.891,0.161,356.9,2.928,PD-410-1,PD-421-0,NO,NO,-2.746,-0.252,ok,,medido
PD-416-1,PD,416,1,2TTx56,4,SI,SI,658457.353,4331369.665,4331444.4,754.339,752.209,-2.85,-2.924,1.533,-4.452,27.7,56.7,3.302,5.326,0.071,0.008,sí,no,,,2.567,41.3,3.891,0.161,356.9,2.928,PD-410-1,PD-421-0,NO,NO,-2.897,0.047,ok,,medido
PD-417-0,PD,417,0,2TTx56,4,NO,NO,658451.367,4331454.448,4331529.08,752.175,751.246,-1.245,-1.338,2.513,-2.558,62.0,62.4,2.847,2.887,0.022,0.038,no,sí,,,2.457,61.4,2.798,-2.192,58.6,2.569,PD-411-1,PD-423-0,NO,NO,-1.457,0.212,ok,,medido
PD-417-1,PD,417,1,2TTx56,4,NO,NO,658457.372,4331454.447,4331529.107,752.106,751.037,-1.432,-1.338,2.497,-2.794,61.8,64.4,2.833,3.098,0.013,0.036,no,sí,,,2.457,61.4,2.798,-2.192,58.6,2.569,PD-411-1,PD-423-0,NO,NO,-1.448,0.016,ok,,medido
PD-418-0,PD,418,0,2TTx56,4,NO,NO,658451.361,4331529.431,4331604.078,751.344,750.333,-1.354,-1.306,2.504,-3.466,62.5,69.4,2.824,3.704,0.056,0.0,sí,no,,,3.466,69.4,3.704,-3.466,69.4,3.704,PD-418-0 (hermana),PD-418-1 (hermana),SI,SI,-1.344,-0.01,ok,,medido
PD-418-1,PD,418,1,2TTx56,4,NO,NO,658457.35,4331529.353,4331603.987,751.101,750.163,-1.257,-1.306,2.619,,63.5,,2.926,,0.051,,sí,no,,,3.466,69.4,3.704,-3.466,69.4,3.704,PD-418-0 (hermana),PD-418-1 (hermana),SI,SI,-1.184,-0.073,ok,,medido
PD-419-0,PD,419,0,2TTx56,4,NO,NO,658451.316,4331705.942,4331780.586,747.55,746.303,-1.671,-1.675,1.143,-1.494,34.3,41.7,2.028,2.245,0.0,0.02,no,sí,,,2.035,50.5,2.636,-1.385,39.6,2.173,PD-419-0 (hermana),PD-424-0,SI,NO,-1.798,0.127,ok,,medido
PD-419-1,PD,419,1,2TTx56,4,NO,NO,658457.317,4331705.907,4331780.55,747.432,746.178,-1.68,-1.675,1.525,-1.188,42.3,35.3,2.265,2.054,0.031,0.006,no,sí,,,2.035,50.5,2.636,-1.385,39.6,2.173,PD-419-0 (hermana),PD-424-0,SI,NO,-1.818,0.138,ok,,medido
PD-42-0,PD,42,0,2TTx42,3,NO,NO,658059.102,4330283.334,4330339.391,789.749,785.999,-6.69,-6.8,-1.109,0.855,350.7,352.8,6.89,6.853,0.057,0.077,sí,no,,,0.549,4.6,6.822,0.711,354.0,6.837,PD-42-0 (hermana),PD-47-0,SI,NO,-6.661,-0.029,ok,,medido
PD-42-1,PD,42,1,2TTx42,3,NO,NO,658065.082,4330283.319,4330339.367,789.779,785.906,-6.91,-6.8,-0.96,1.402,352.0,348.4,6.867,6.943,0.09,0.029,sí,no,,,0.549,4.6,6.822,0.711,354.0,6.837,PD-42-0 (hermana),PD-47-0,SI,NO,-6.783,-0.127,ok,,medido
PD-420-0,PD,420,0,2TTx56,4,NO,NO,658451.365,4331780.934,4331855.543,746.3,744.68,-2.171,-2.145,0.601,-1.648,15.7,37.5,2.228,2.705,0.055,0.011,sí,no,,,1.658,37.7,2.711,-1.658,37.7,2.711,PD-420-0 (hermana),PD-420-1 (hermana),SI,SI,-2.158,-0.013,ok,,medido
PD-420-1,PD,420,1,2TTx56,4,NO,NO,658457.364,4331780.885,4331855.5,746.182,744.601,-2.119,-2.145,0.778,-1.622,19.9,37.1,2.282,2.689,0.053,0.009,sí,no,,,1.658,37.7,2.711,-1.658,37.7,2.711,PD-420-0 (hermana),PD-420-1 (hermana),SI,SI,-2.158,0.039,ok,,medido
PD-421-0,PD,421,0,2TTx56,4,NO,NO,658463.32,4331301.62,4331376.145,758.112,754.081,-5.409,-5.337,0.807,-0.704,8.6,7.5,5.398,5.384,0.025,0.01,no,no,,,0.836,8.9,5.402,-0.192,2.1,5.341,PD-421-0 (hermana),PD-426-0,SI,NO,-5.418,0.009,ok,,medido
PD-421-1,PD,421,1,2TTx56,4,NO,NO,658469.316,4331301.535,4331376.075,758.013,754.088,-5.266,-5.337,0.871,-0.49,9.3,5.2,5.408,5.36,0.02,0.018,no,no,,,0.836,8.9,5.402,-0.192,2.1,5.341,PD-421-0 (hermana),PD-426-0,SI,NO,-5.32,0.054,ok,,medido
PD-422-0,PD,422,0,2TTx28,2,NO,NO,658463.33,4331406.615,4331444.349,752.736,752.196,-1.431,-1.424,2.619,-4.058,61.5,70.7,2.981,4.301,0.126,0.0,no,no,,,4.721,73.2,4.931,-4.058,70.7,4.3,PD-416-1,PD-422-1 (hermana),NO,SI,-1.511,0.08,ok,,medido
PD-422-1,PD,422,1,2TTx28,2,NO,NO,658469.346,4331406.64,4331444.38,752.489,751.954,-1.418,-1.424,3.48,,67.7,,3.76,,0.109,,no,no,,,4.721,73.2,4.931,-4.058,70.7,4.3,PD-416-1,PD-422-1 (hermana),NO,SI,-1.45,0.032,ok,,medido
PD-423-0,PD,423,0,2TTx56,4,NO,NO,658463.32,4331454.477,4331527.763,752.023,750.878,-1.562,-1.607,2.387,-3.681,56.0,66.4,2.878,4.017,0.021,0.0,no,,,,3.681,66.4,4.017,-3.681,66.4,4.017,PD-423-0 (hermana),PD-423-1 (hermana),SI,SI,-1.563,,sin dato,,extremo estimado con pendiente de proyecto
PD-423-1,PD,423,1,2TTx56,4,NO,NO,658469.353,4331454.405,4331527.763,751.835,750.623,-1.652,-1.607,2.735,,59.6,,3.172,,0.057,,no,,,,3.681,66.4,4.017,-3.681,66.4,4.017,PD-423-0 (hermana),PD-423-1 (hermana),SI,SI,-1.652,,sin dato,,extremo estimado con pendiente de proyecto
PD-424-0,PD,424,0,2TTx56,4,NO,NO,658463.3,4331705.976,4331780.614,747.395,746.047,-1.806,-1.869,1.491,-1.093,38.6,30.3,2.391,2.165,0.026,0.003,no,sí,,,1.385,36.5,2.326,-1.037,29.0,2.137,PD-419-1,PD-424-1 (hermana),NO,SI,-1.853,0.047,ok,,medido
PD-424-1,PD,424,1,2TTx56,4,NO,NO,658469.299,4331705.966,4331780.601,747.38,745.938,-1.932,-1.869,1.389,-1.13,36.6,31.2,2.329,2.184,0.017,0.002,no,sí,,,1.385,36.5,2.326,-1.037,29.0,2.137,PD-419-1,PD-424-1 (hermana),NO,SI,-1.966,0.034,ok,,medido
PD-425-0,PD,425,0,2TTx56,4,NO,NO,658463.355,4331780.893,4331855.515,746.062,744.491,-2.105,-2.117,1.098,-1.183,27.4,29.2,2.385,2.425,0.083,0.0,sí,no,,,1.915,42.1,2.855,-1.183,29.2,2.425,PD-420-1,PD-425-1 (hermana),NO,SI,-2.177,0.072,ok,,medido
PD-425-1,PD,425,1,2TTx56,4,NO,NO,658469.366,4331780.878,4331855.52,746.0,744.411,-2.129,-2.117,1.421,,33.9,,2.55,,0.03,,sí,no,,,1.915,42.1,2.855,-1.183,29.2,2.425,PD-420-1,PD-425-1 (hermana),NO,SI,-2.215,0.086,ok,,medido
PD-426-0,PD,426,0,2TTx28,2,NO,NO,658475.35,4331311.063,4331348.75,757.415,755.6,-4.816,-4.693,0.735,-0.937,8.9,11.3,4.75,4.786,0.024,0.0,no,no,,,0.937,11.3,4.786,-0.937,11.3,4.786,PD-426-0 (hermana),PD-426-1 (hermana),SI,SI,-4.872,0.056,ok,,medido
PD-426-1,PD,426,1,2TTx28,2,NO,NO,658481.347,4331311.03,4331348.71,757.314,755.592,-4.57,-4.693,0.781,,9.4,,4.758,,0.023,,no,no,,,0.937,11.3,4.786,-0.937,11.3,4.786,PD-426-0 (hermana),PD-426-1 (hermana),SI,SI,-4.581,0.011,ok,,medido
PD-427-0,PD,427,0,2TTx56,4,NO,NO,658475.323,4331706.041,4331780.665,747.476,745.696,-2.385,-2.44,1.301,-1.048,28.1,23.2,2.765,2.655,0.026,0.0,no,no,,,1.187,25.9,2.713,-1.048,23.2,2.655,PD-424-1,PD-427-1 (hermana),NO,SI,-2.119,-0.266,ok,,medido
PD-427-1,PD,427,1,2TTx56,4,NO,NO,658481.338,4331705.982,4331780.597,747.455,745.594,-2.494,-2.44,1.131,,24.9,,2.689,,0.008,,no,no,,,1.187,25.9,2.713,-1.048,23.2,2.655,PD-424-1,PD-427-1 (hermana),NO,SI,-2.265,-0.229,ok,,medido
PD-428-0,PD,428,0,2TTx42,3,NO,NO,659202.441,4331659.556,4331715.769,739.31,738.136,-2.088,-2.009,,-3.652,,61.2,,4.168,,0.012,no,no,,,4.294,64.9,4.741,-2.869,55.0,3.503,PD-428-0 (hermana),PD-429-0,SI,NO,-1.813,-0.275,ok,,medido
PD-428-1,PD,428,1,2TTx42,3,NO,NO,659208.458,4331659.558,4331715.781,739.007,737.922,-1.93,-2.009,4.294,-3.539,64.9,60.4,4.741,4.07,0.0,0.04,no,no,,,4.294,64.9,4.741,-2.869,55.0,3.503,PD-428-0 (hermana),PD-429-0,SI,NO,-1.983,0.053,ok,,medido
PD-429-0,PD,429,0,2TTx56,4,NO,NO,659214.428,4331659.555,4331734.215,738.933,737.234,-2.276,-2.325,3.442,-3.917,56.0,59.3,4.154,4.555,0.017,0.015,no,no,,,3.746,58.2,4.409,-3.746,58.2,4.409,PD-429-0 (hermana),PD-429-1 (hermana),SI,SI,-2.16,-0.116,ok,,medido
PD-429-1,PD,429,1,2TTx56,4,NO,NO,659220.456,4331659.509,4331734.192,738.745,736.972,-2.374,-2.325,3.498,-4.003,56.4,59.9,4.2,4.629,0.016,0.02,no,no,,,3.746,58.2,4.409,-3.746,58.2,4.409,PD-429-0 (hermana),PD-429-1 (hermana),SI,SI,-2.24,-0.134,ok,,medido
PD-43-0,PD,43,0,2TTx28,2,NO,NO,658047.062,4331057.278,4331094.928,766.255,764.015,-5.95,-6.022,,0.215,,358.0,,6.026,,0.024,no,no,,,-0.615,354.2,6.053,0.615,354.2,6.053,PD-43-0 (hermana),PD-43-1 (hermana),SI,SI,-5.981,0.031,ok,,medido
PD-43-1,PD,43,1,2TTx28,2,NO,NO,658053.063,4331057.279,4331094.94,766.319,764.024,-6.094,-6.022,-0.615,0.105,354.2,359.0,6.053,6.023,0.0,0.02,no,no,,,-0.615,354.2,6.053,0.615,354.2,6.053,PD-43-0 (hermana),PD-43-1 (hermana),SI,SI,-6.056,-0.038,ok,,medido
PD-430-0,PD,430,0,2TTx56,4,NO,NO,659226.448,4331659.514,4331734.183,738.531,736.706,-2.444,-2.445,3.642,-3.961,56.1,58.3,4.387,4.655,0.028,0.025,no,no,,,4.447,61.2,5.075,-3.217,52.8,4.041,PD-430-0 (hermana),PD-431-0,SI,NO,-2.273,-0.171,ok,,medido
PD-430-1,PD,430,1,2TTx56,4,NO,NO,659232.453,4331659.534,4331734.2,738.264,736.438,-2.446,-2.445,3.907,-3.817,58.0,57.4,4.609,4.533,0.038,0.036,no,no,,,4.447,61.2,5.075,-3.217,52.8,4.041,PD-430-0 (hermana),PD-431-0,SI,NO,-2.311,-0.135,ok,,medido
PD-431-0,PD,431,0,2TTx56,4,NO,NO,659238.461,4331659.611,4331734.264,738.071,736.241,-2.451,-2.403,3.841,-3.978,58.0,58.9,4.531,4.648,0.009,0.021,no,no,,,4.189,60.2,4.829,-3.987,58.9,4.655,PD-431-0 (hermana),PD-433-0,SI,NO,-2.359,-0.092,ok,,medido
PD-431-1,PD,431,1,2TTx56,4,NO,NO,659244.498,4331659.576,4331734.227,737.783,736.025,-2.355,-2.403,3.934,-3.802,58.6,57.7,4.61,4.498,0.015,0.078,no,no,,,4.189,60.2,4.829,-3.987,58.9,4.655,PD-431-0 (hermana),PD-433-0,SI,NO,-2.361,0.006,ok,,medido
PD-432-0,PD,432,0,2TTx42,3,NO,NO,659250.404,4331634.643,4331690.872,738.156,736.764,-2.476,-2.479,4.134,-3.167,59.1,51.9,4.82,4.022,0.043,0.026,no,sí,,,4.455,60.9,5.098,-3.162,51.9,4.018,PD-431-1,PD-434-0,NO,NO,-2.471,-0.005,ok,,medido
PD-432-1,PD,432,1,2TTx42,3,NO,NO,659256.455,4331634.581,4331690.819,737.963,736.567,-2.482,-2.479,3.903,-3.047,57.6,50.9,4.624,3.928,0.032,0.012,no,sí,,,4.455,60.9,5.098,-3.162,51.9,4.018,PD-431-1,PD-434-0,NO,NO,-2.55,0.068,ok,,medido
PD-433-0,PD,433,0,2TTx56,4,NO,NO,659250.424,4331691.148,4331765.738,736.836,734.966,-2.507,-2.436,3.903,-3.894,58.0,58.0,4.601,4.593,0.017,0.029,sí,no,,,3.987,58.6,4.672,-3.416,54.5,4.195,PD-431-1,PD-433-1 (hermana),NO,SI,-2.399,-0.108,ok,,medido
PD-433-1,PD,433,1,2TTx56,4,NO,NO,659256.443,4331691.168,4331765.751,736.577,734.813,-2.365,-2.436,3.833,-4.055,57.6,59.0,4.542,4.73,0.014,0.018,sí,no,,,3.987,58.6,4.672,-3.416,54.5,4.195,PD-431-1,PD-433-1 (hermana),NO,SI,-2.33,-0.035,ok,,medido
PD-434-0,PD,434,0,2TTx42,3,NO,NO,659262.453,4331634.583,4331690.804,737.794,736.357,-2.556,-2.676,3.727,-2.954,54.3,47.8,4.588,3.986,0.039,0.014,no,sí,,,3.594,53.3,4.48,-2.237,39.9,3.488,PD-434-0 (hermana),PD-436-0,SI,NO,-2.889,0.333,ok,,medido
PD-434-1,PD,434,1,2TTx42,3,NO,NO,659268.448,4331634.617,4331690.813,737.645,736.074,-2.796,-2.676,3.741,-2.723,54.4,45.5,4.599,3.818,0.057,0.029,no,sí,,,3.594,53.3,4.48,-2.237,39.9,3.488,PD-434-0 (hermana),PD-436-0,SI,NO,-2.994,0.198,ok,,medido
PD-435-0,PD,435,0,2TTx56,4,NO,NO,659262.414,4331691.191,4331765.797,736.352,734.422,-2.587,-2.494,4.032,-3.684,58.3,55.9,4.741,4.449,0.066,0.048,sí,no,,,5.144,64.1,5.717,-2.893,49.2,3.82,PD-433-1,PD-435-1 (hermana),NO,SI,-2.326,-0.261,ok,,medido
PD-435-1,PD,435,1,2TTx56,4,NO,NO,659268.422,4331691.118,4331765.727,736.111,734.319,-2.402,-2.494,3.896,-4.041,57.4,58.3,4.626,4.749,0.014,0.011,sí,no,,,5.144,64.1,5.717,-2.893,49.2,3.82,PD-433-1,PD-435-1 (hermana),NO,SI,-2.3,-0.102,ok,,medido
PD-436-0,PD,436,0,2TTx42,3,NO,NO,659274.483,4331634.65,4331690.847,737.56,735.887,-2.977,-3.028,3.242,-2.792,47.0,42.7,4.436,4.118,0.09,0.038,no,sí,,,3.202,46.6,4.407,-2.842,43.2,4.153,PD-436-0 (hermana),PD-438-0,SI,NO,-3.348,0.371,ok,,medido
PD-436-1,PD,436,1,2TTx42,3,NO,NO,659280.47,4331634.639,4331690.811,737.397,735.668,-3.078,-3.028,2.997,-2.561,44.7,40.2,4.26,3.965,0.012,0.024,no,sí,,,3.202,46.6,4.407,-2.842,43.2,4.153,PD-436-0 (hermana),PD-438-0,SI,NO,-3.584,0.506,atencion,,medido
PD-437-0,PD,437,0,2TTx56,4,NO,NO,659274.428,4331691.155,4331765.761,735.93,733.991,-2.599,-2.536,3.908,-3.997,57.0,57.6,4.659,4.734,0.032,0.02,sí,no,,,4.223,59.0,4.926,-3.67,55.3,4.461,PD-435-1,PD-437-1 (hermana),NO,SI,-2.188,-0.411,ok,,medido
PD-437-1,PD,437,1,2TTx56,4,NO,NO,659280.424,4331691.123,4331765.751,735.664,733.818,-2.474,-2.536,3.858,-4.111,56.7,58.3,4.617,4.83,0.029,0.024,sí,no,,,4.223,59.0,4.926,-3.67,55.3,4.461,PD-435-1,PD-437-1 (hermana),NO,SI,-2.131,-0.343,ok,,medido
PD-438-0,PD,438,0,2TTx42,3,NO,NO,659286.443,4331634.679,4331690.848,737.28,735.443,-3.27,-3.559,2.953,-2.449,39.7,34.5,4.625,4.32,0.016,0.013,no,sí,,,2.842,38.6,4.555,-2.664,36.8,4.446,PD-436-1,PD-438-1 (hermana),NO,SI,-3.739,0.469,ok,,medido
PD-438-1,PD,438,1,2TTx42,3,NO,NO,659292.436,4331634.636,4331690.796,737.284,735.123,-3.848,-3.559,2.84,-2.325,38.6,33.2,4.553,4.251,0.02,0.017,no,sí,,,2.842,38.6,4.555,-2.664,36.8,4.446,PD-436-1,PD-438-1 (hermana),NO,SI,-4.058,0.21,ok,,medido
PD-439-0,PD,439,0,2TTx56,4,NO,NO,659286.473,4331691.126,4331765.751,735.395,733.546,-2.478,-2.429,3.964,-3.827,58.5,57.6,4.649,4.533,0.031,0.052,sí,no,,,4.471,61.5,5.088,-3.666,56.5,4.397,PD-437-1,PD-439-1 (hermana),NO,SI,-1.909,-0.569,atencion,,medido
PD-439-1,PD,439,1,2TTx56,4,NO,NO,659292.485,4331691.091,4331765.754,735.139,733.362,-2.38,-2.429,3.984,-3.744,58.6,57.0,4.666,4.463,0.01,0.044,sí,no,,,4.471,61.5,5.088,-3.666,56.5,4.397,PD-437-1,PD-439-1 (hermana),NO,SI,-1.964,-0.416,ok,,medido
PD-44-0,PD,44,0,2TTx42,3,NO,NO,658059.128,4330670.813,4330726.893,779.95,776.739,-5.726,-5.332,-7.406,2.547,305.7,334.5,9.125,5.909,0.013,0.135,no,no,,,-4.581,319.3,7.029,4.581,319.3,7.029,PD-44-0 (hermana),PD-44-1 (hermana),SI,SI,-5.359,-0.367,ok,,medido
PD-44-1,PD,44,1,2TTx42,3,NO,NO,658065.142,4330670.761,4330726.885,780.007,777.236,-4.937,-5.332,-6.327,1.938,310.1,340.0,8.274,5.673,0.105,0.178,no,no,,,-4.581,319.3,7.029,4.581,319.3,7.029,PD-44-0 (hermana),PD-44-1 (hermana),SI,SI,-4.61,-0.327,ok,,medido
PD-440-0,PD,440,0,2TTx42,3,NO,NO,659298.445,4331634.645,4331690.81,737.172,734.913,-4.022,-4.179,2.754,-2.152,33.4,27.2,5.005,4.701,0.022,0.017,no,sí,,,2.672,32.6,4.96,-1.935,24.8,4.605,PD-438-1,PD-440-1 (hermana),NO,SI,-4.27,0.248,ok,,medido
PD-440-1,PD,440,1,2TTx42,3,NO,NO,659304.401,4331634.673,4331690.843,737.144,734.708,-4.337,-4.179,2.547,-2.224,31.4,28.0,4.894,4.734,0.035,0.022,no,sí,,,2.672,32.6,4.96,-1.935,24.8,4.605,PD-438-1,PD-440-1 (hermana),NO,SI,-4.655,0.318,ok,,medido
PD-441-0,PD,441,0,2TTx56,4,NO,NO,659298.446,4331691.145,4331765.747,734.786,733.158,-2.182,-2.266,4.186,-3.394,61.6,56.3,4.76,4.081,0.028,0.015,sí,no,,,4.663,64.1,5.184,-3.237,55.0,3.951,PD-439-1,PD-441-1 (hermana),NO,SI,-1.849,-0.333,ok,,medido
PD-441-1,PD,441,1,2TTx56,4,NO,NO,659304.402,4331691.134,4331765.734,734.656,732.903,-2.35,-2.266,3.936,-3.361,60.1,56.0,4.542,4.054,0.018,0.017,sí,no,,,4.663,64.1,5.184,-3.237,55.0,3.951,PD-439-1,PD-441-1 (hermana),NO,SI,-1.834,-0.516,atencion,,medido
PD-442-0,PD,442,0,2TTx42,3,NO,NO,659310.438,4331634.592,4331690.784,737.106,734.475,-4.682,-4.594,2.396,-2.139,27.5,25.0,5.181,5.068,0.026,0.028,no,sí,,,2.733,30.7,5.345,-1.704,20.4,4.9,PD-442-0 (hermana),PD-445-0,SI,NO,-5.642,0.96,atencion,,medido
PD-442-1,PD,442,1,2TTx42,3,NO,NO,659316.445,4331634.622,4331690.813,736.891,734.359,-4.506,-4.594,2.408,-1.928,27.7,22.8,5.187,4.982,0.019,0.026,no,sí,,,2.733,30.7,5.345,-1.704,20.4,4.9,PD-442-0 (hermana),PD-445-0,SI,NO,-5.913,1.407,revisar,,medido
PD-443-0,PD,443,0,2TTx56,4,NO,NO,659310.434,4331691.131,4331765.745,734.371,732.649,-2.308,-2.336,4.038,-3.312,59.9,54.8,4.665,4.053,0.026,0.075,sí,no,,,4.466,62.4,5.04,-2.242,43.8,3.238,PD-441-1,PD-443-1 (hermana),NO,SI,-1.768,-0.54,atencion,,medido
PD-443-1,PD,443,1,2TTx56,4,NO,NO,659316.444,4331691.146,4331765.752,734.257,732.493,-2.364,-2.336,3.551,-3.787,56.7,58.3,4.251,4.45,0.031,0.068,sí,no,,,4.466,62.4,5.04,-2.242,43.8,3.238,PD-441-1,PD-443-1 (hermana),NO,SI,-1.818,-0.546,atencion,,medido
PD-444-0,PD,444,0,2TTx28,2,NO,NO,659312.355,4331870.305,4331908.083,732.127,732.517,1.032,1.109,,-2.845,,111.3,,3.054,,0.028,no,no,,,2.512,113.8,2.746,-2.512,113.8,2.746,PD-444-0 (hermana),PD-444-1 (hermana),SI,SI,-2.05,3.082,revisar,anomalo,medido
PD-444-1,PD,444,1,2TTx28,2,NO,NO,659318.365,4331870.303,4331908.075,731.947,732.395,1.186,1.109,2.512,-2.885,113.8,111.0,2.746,3.091,0.0,0.02,no,no,,,2.512,113.8,2.746,-2.512,113.8,2.746,PD-444-0 (hermana),PD-444-1 (hermana),SI,SI,-2.05,3.236,revisar,anomalo,medido
PD-445-0,PD,445,0,2TTx42,3,NO,NO,659322.408,4331634.676,4331690.838,737.002,734.041,-5.272,-5.224,2.222,-2.032,23.0,21.3,5.677,5.605,0.014,0.025,no,sí,,,1.8,19.0,5.525,-1.8,19.0,5.525,PD-445-0 (hermana),PD-445-1 (hermana),SI,SI,-6.07,0.798,atencion,,medido
PD-445-1,PD,445,1,2TTx42,3,NO,NO,659328.412,4331634.654,4331690.819,736.868,733.961,-5.176,-5.224,2.073,-2.224,21.6,23.1,5.62,5.678,0.015,0.025,no,sí,,,1.8,19.0,5.525,-1.8,19.0,5.525,PD-445-0 (hermana),PD-445-1 (hermana),SI,SI,-6.105,0.929,atencion,,medido
PD-446-0,PD,446,0,2TTx56,4,NO,NO,659322.455,4331691.172,4331765.789,734.038,732.304,-2.324,-2.361,3.421,-3.822,55.4,58.3,4.156,4.492,0.053,0.17,sí,no,,,3.382,55.1,4.124,-3.066,52.4,3.869,PD-443-1,PD-446-1 (hermana),NO,SI,-1.881,-0.443,ok,,medido
PD-446-1,PD,446,1,2TTx56,4,NO,NO,659328.464,4331691.14,4331765.761,733.882,732.093,-2.397,-2.361,3.156,-3.907,53.2,58.9,3.941,4.565,0.032,0.152,sí,no,,,3.382,55.1,4.124,-3.066,52.4,3.869,PD-443-1,PD-446-1 (hermana),NO,SI,-1.923,-0.474,ok,,medido
PD-447-0,PD,447,0,2TTx42,3,NO,NO,659324.356,4331870.346,4331926.569,731.736,732.207,0.838,0.847,3.779,-2.38,102.6,109.6,3.873,2.526,0.051,0.089,no,no,,,4.627,100.4,4.704,-0.902,133.2,1.237,PD-444-1,PD-447-1 (hermana),NO,SI,-2.05,2.888,revisar,anomalo,medido
PD-447-1,PD,447,1,2TTx42,3,NO,NO,659330.377,4331870.312,4331926.554,731.676,732.158,0.857,0.847,2.584,-2.639,108.2,107.8,2.719,2.772,0.023,0.098,no,no,,,4.627,100.4,4.704,-0.902,133.2,1.237,PD-444-1,PD-447-1 (hermana),NO,SI,-2.05,2.907,revisar,anomalo,medido
PD-448-0,PD,448,0,2TTx56,4,NO,NO,659334.461,4331634.662,4331709.289,736.778,732.856,-5.255,-5.223,2.836,-2.384,28.5,24.5,5.944,5.742,0.199,0.025,no,sí,,,5.528,46.6,7.606,-1.552,16.5,5.449,PD-446-1,PD-451-0,NO,NO,-5.213,-0.042,ok,,medido
PD-448-1,PD,448,1,2TTx56,4,NO,NO,659340.429,4331634.727,4331709.313,736.583,732.711,-5.191,-5.223,2.819,-2.282,28.4,23.6,5.936,5.7,0.184,0.044,no,sí,,,5.528,46.6,7.606,-1.552,16.5,5.449,PD-446-1,PD-451-0,NO,NO,-5.347,0.156,ok,,medido
PD-449-0,PD,449,0,2TTx28,2,NO,NO,659334.453,4331709.629,4331747.328,732.895,732.354,-1.435,-1.533,4.022,-3.561,69.1,66.7,4.304,3.877,0.121,0.037,sí,no,,,6.05,75.8,6.241,-2.937,62.4,3.313,PD-446-1,PD-449-1 (hermana),NO,SI,-1.003,-0.432,ok,,medido
PD-449-1,PD,449,1,2TTx28,2,NO,NO,659340.436,4331709.581,4331747.282,732.757,732.142,-1.631,-1.533,3.961,-4.012,68.8,69.1,4.247,4.295,0.064,0.006,sí,no,,,6.05,75.8,6.241,-2.937,62.4,3.313,PD-446-1,PD-449-1 (hermana),NO,SI,-0.872,-0.759,atencion,,medido
PD-45-0,PD,45,0,2TTx56,4,NO,NO,658071.094,4330114.924,4330189.462,800.066,796.248,-5.122,-5.007,-1.478,0.28,343.6,356.8,5.221,5.015,0.053,0.171,no,sí,,,-0.982,348.9,5.103,1.505,343.3,5.229,PD-40-1,PD-45-1 (hermana),NO,SI,-4.833,-0.289,ok,,medido
PD-45-1,PD,45,1,2TTx56,4,NO,NO,658077.085,4330114.936,4330189.476,800.07,796.423,-4.893,-5.007,-1.453,-0.255,343.8,2.9,5.214,5.014,0.004,0.141,no,sí,,,-0.982,348.9,5.103,1.505,343.3,5.229,PD-40-1,PD-45-1 (hermana),NO,SI,-4.712,-0.181,ok,,medido
PD-450-0,PD,450,0,2TTx56,4,NO,NO,659336.336,4331870.369,4331945.066,731.53,731.958,0.573,0.565,2.851,-2.115,101.2,105.0,2.906,2.189,0.056,0.041,no,no,,,3.797,98.5,3.839,-2.325,103.7,2.393,PD-447-1,PD-453-0,NO,NO,-2.049,2.622,revisar,anomalo,medido
PD-450-1,PD,450,1,2TTx56,4,NO,NO,659342.307,4331870.3,4331944.986,731.38,731.796,0.557,0.565,2.778,-1.934,101.5,106.3,2.835,2.015,0.049,0.036,no,no,,,3.797,98.5,3.839,-2.325,103.7,2.393,PD-447-1,PD-453-0,NO,NO,-2.05,2.607,revisar,anomalo,medido
PD-451-0,PD,451,0,2TTx56,4,NO,NO,659346.486,4331634.678,4331709.266,736.504,732.607,-5.225,-5.261,2.547,-2.415,25.8,24.7,5.845,5.789,0.136,0.043,no,sí,,,3.022,29.9,6.067,-2.108,21.8,5.667,PD-451-0 (hermana),PD-455-0,SI,NO,-5.374,0.149,ok,,medido
PD-451-1,PD,451,1,2TTx56,4,NO,NO,659352.459,4331634.689,4331709.255,736.35,732.4,-5.297,-5.261,2.678,-2.183,27.0,22.5,5.903,5.696,0.142,0.023,no,sí,,,3.022,29.9,6.067,-2.108,21.8,5.667,PD-451-0 (hermana),PD-455-0,SI,NO,-5.416,0.119,ok,,medido
PD-452-0,PD,452,0,2TTx28,2,NO,NO,659346.458,4331709.57,4331747.308,732.543,731.849,-1.839,-2.137,4.105,-3.719,62.5,60.1,4.628,4.289,0.053,0.0,sí,no,,,4.207,63.1,4.719,-3.719,60.1,4.289,PD-449-1,PD-452-1 (hermana),NO,SI,-0.975,-0.864,atencion,,medido
PD-452-1,PD,452,1,2TTx28,2,NO,NO,659352.451,4331709.554,4331747.291,732.433,731.514,-2.435,-2.137,3.996,,61.9,,4.532,,0.056,,sí,no,,,4.207,63.1,4.719,-3.719,60.1,4.289,PD-449-1,PD-452-1 (hermana),NO,SI,-1.221,-1.214,revisar,,medido
PD-453-0,PD,453,0,2TTx56,4,NO,NO,659348.333,4331870.316,4331945.008,731.203,731.693,0.656,0.54,2.693,-1.89,101.3,106.0,2.747,1.966,0.046,0.064,no,sí,,,2.587,101.8,2.643,-0.431,141.4,0.691,PD-453-0 (hermana),PD-457-0,SI,NO,-2.051,2.707,revisar,anomalo,medido
PD-453-1,PD,453,1,2TTx56,4,NO,NO,659354.336,4331870.283,4331944.971,731.134,731.451,0.424,0.54,2.53,-1.811,102.1,106.6,2.587,1.89,0.057,0.098,no,sí,,,2.587,101.8,2.643,-0.431,141.4,0.691,PD-453-0 (hermana),PD-457-0,SI,NO,-2.051,2.475,revisar,anomalo,medido
PD-454-0,PD,454,0,2TTx28,2,NO,NO,659348.326,4331945.256,4331983.01,731.719,730.777,-2.495,-2.194,,-2.05,,43.1,,3.003,,0.062,sí,no,,,2.336,46.8,3.205,-2.336,46.8,3.205,PD-454-0 (hermana),PD-454-1 (hermana),SI,SI,-2.045,-0.45,ok,anomalo,medido
PD-454-1,PD,454,1,2TTx28,2,NO,NO,659354.304,4331945.287,4331983.057,731.465,730.75,-1.893,-2.194,2.336,-1.746,46.8,38.5,3.205,2.804,0.0,0.024,sí,no,,,2.336,46.8,3.205,-2.336,46.8,3.205,PD-454-0 (hermana),PD-454-1 (hermana),SI,SI,-2.061,0.168,ok,anomalo,medido
PD-455-0,PD,455,0,2TTx56,4,NO,NO,659358.474,4331634.696,4331709.294,736.24,732.254,-5.343,-5.316,2.343,-2.119,23.8,21.7,5.81,5.723,0.026,0.017,no,no,,,2.772,27.5,5.996,-1.864,19.3,5.634,PD-455-0 (hermana),PD-458-0,SI,NO,-5.391,0.048,ok,,medido
PD-455-1,PD,455,1,2TTx56,4,NO,NO,659364.471,4331634.67,4331709.236,736.055,732.111,-5.289,-5.316,2.466,-1.862,24.9,19.3,5.86,5.633,0.03,0.015,no,no,,,2.772,27.5,5.996,-1.864,19.3,5.634,PD-455-0 (hermana),PD-458-0,SI,NO,-5.4,0.111,ok,,medido
PD-456-0,PD,456,0,2TTx42,3,NO,NO,659360.297,4331870.135,4331926.371,731.006,731.442,0.775,0.836,2.006,-2.545,112.6,108.2,2.173,2.679,0.091,0.044,no,sí,,,2.458,108.8,2.597,-2.458,108.8,2.597,PD-456-0 (hermana),PD-456-1 (hermana),SI,SI,-1.984,2.759,revisar,anomalo,medido
PD-456-1,PD,456,1,2TTx42,3,NO,NO,659366.306,4331870.344,4331926.575,730.826,731.33,0.896,0.836,1.919,-2.582,113.5,107.9,2.093,2.714,0.038,0.043,no,sí,,,2.458,108.8,2.597,-2.458,108.8,2.597,PD-456-0 (hermana),PD-456-1 (hermana),SI,SI,-1.917,2.813,revisar,anomalo,medido
PD-457-0,PD,457,0,2TTx56,4,NO,NO,659360.319,4331926.831,4332001.5,731.545,730.242,-1.745,-1.616,2.19,-1.616,53.6,45.0,2.722,2.286,0.091,0.079,sí,no,,,3.56,65.6,3.909,-0.345,12.0,1.653,PD-454-1,PD-457-1 (hermana),NO,SI,-2.047,0.302,ok,anomalo,medido
PD-457-1,PD,457,1,2TTx56,4,NO,NO,659366.336,4331926.842,4332001.523,731.428,730.317,-1.488,-1.616,1.899,-1.996,49.6,51.0,2.494,2.568,0.044,0.042,sí,no,,,3.56,65.6,3.909,-0.345,12.0,1.653,PD-454-1,PD-457-1 (hermana),NO,SI,-2.047,0.559,atencion,anomalo,medido
PD-458-0,PD,458,0,2TTx56,4,NO,NO,659370.47,4331634.704,4331709.284,735.935,732.003,-5.272,-5.345,2.347,-1.888,23.7,19.5,5.838,5.669,0.022,0.017,no,no,,,1.864,19.2,5.661,-1.607,16.7,5.582,PD-455-1,PD-458-1 (hermana),NO,SI,-5.392,0.12,ok,,medido
PD-458-1,PD,458,1,2TTx56,4,NO,NO,659376.483,4331634.665,4331709.206,735.895,731.856,-5.418,-5.345,2.136,-2.016,21.8,20.7,5.756,5.713,0.041,0.018,no,no,,,1.864,19.2,5.661,-1.607,16.7,5.582,PD-455-1,PD-458-1 (hermana),NO,SI,-5.251,-0.167,ok,,medido
PD-459-0,PD,459,0,2TTx56,4,NO,NO,659372.388,4331870.349,4331945.043,730.711,731.209,0.667,0.637,2.09,-2.435,107.0,104.7,2.185,2.517,0.074,0.051,no,sí,,,2.953,102.2,3.021,-1.581,112.0,1.704,PD-456-1,PD-459-1 (hermana),NO,SI,-1.789,2.456,revisar,anomalo,medido
PD-459-1,PD,459,1,2TTx56,4,NO,NO,659378.381,4331870.305,4331945.0,730.638,731.092,0.608,0.637,1.991,-2.718,107.7,103.2,2.09,2.792,0.056,0.017,no,sí,,,2.953,102.2,3.021,-1.581,112.0,1.704,PD-456-1,PD-459-1 (hermana),NO,SI,-1.747,2.355,revisar,anomalo,medido
PD-46-0,PD,46,0,2TTx56,4,NO,NO,658071.181,4330189.99,4330264.461,796.324,791.331,-6.705,-6.805,-1.651,1.268,346.4,349.4,7.003,6.922,0.041,0.055,sí,sí,,,-0.278,357.7,6.811,2.997,336.2,7.436,PD-46-0 (hermana),PD-52-0,SI,NO,-6.766,0.061,ok,,medido
PD-46-1,PD,46,1,2TTx56,4,NO,NO,658077.117,4330189.937,4330264.456,796.419,791.273,-6.906,-6.805,-1.353,1.493,348.8,347.6,6.938,6.967,0.088,0.105,sí,sí,,,-0.278,357.7,6.811,2.997,336.2,7.436,PD-46-0 (hermana),PD-52-0,SI,NO,-6.722,-0.184,ok,,medido
PD-460-0,PD,460,0,2TTx56,4,NO,NO,659372.363,4331945.276,4332019.914,731.226,729.609,-2.166,-2.142,1.632,-1.876,37.3,41.2,2.693,2.848,0.038,0.035,sí,no,,,1.969,42.6,2.91,-1.599,36.7,2.673,PD-457-1,PD-464-0,NO,NO,-2.547,0.381,ok,anomalo,medido
PD-460-1,PD,460,1,2TTx56,4,NO,NO,659378.387,4331945.252,4332019.89,731.109,729.528,-2.118,-2.142,1.55,-1.877,35.9,41.2,2.644,2.848,0.036,0.024,sí,no,,,1.969,42.6,2.91,-1.599,36.7,2.673,PD-457-1,PD-464-0,NO,NO,-2.531,0.413,ok,anomalo,medido
PD-461-0,PD,461,0,2TTx42,3,NO,NO,659382.495,4331653.035,4331709.184,734.712,731.823,-5.145,-4.992,1.951,-2.107,21.3,22.9,5.359,5.418,0.024,0.018,no,no,,,2.115,23.0,5.421,-1.794,19.8,5.304,PD-461-0 (hermana),PD-465-0,SI,NO,-5.26,0.115,ok,,medido
PD-461-1,PD,461,1,2TTx42,3,NO,NO,659388.499,4331653.03,4331709.211,734.499,731.781,-4.838,-4.992,1.93,-2.122,21.1,23.0,5.352,5.424,0.011,0.02,no,no,,,2.115,23.0,5.421,-1.794,19.8,5.304,PD-461-0 (hermana),PD-465-0,SI,NO,-4.967,0.129,ok,,medido
PD-462-0,PD,462,0,2TTx56,4,NO,NO,659384.322,4331860.508,4331935.201,730.167,731.0,1.115,1.169,2.41,-2.62,115.9,114.0,2.678,2.869,0.057,0.025,no,sí,,,3.317,109.4,3.517,-2.197,118.0,2.489,PD-459-1,PD-462-1 (hermana),NO,SI,-1.339,2.454,revisar,anomalo,medido
PD-462-1,PD,462,1,2TTx56,4,NO,NO,659390.34,4331860.525,4331935.223,729.995,730.908,1.222,1.169,2.504,-2.62,115.0,114.0,2.763,2.869,0.025,0.044,no,sí,,,3.317,109.4,3.517,-2.197,118.0,2.489,PD-459-1,PD-462-1 (hermana),NO,SI,-1.066,2.288,revisar,anomalo,medido
PD-463-0,PD,463,0,2TTx56,4,SI,SI,659384.31,4331935.493,4332010.295,731.02,729.613,-1.881,-1.876,2.054,-1.42,47.6,37.1,2.782,2.353,0.074,0.03,sí,sí,,,3.299,60.4,3.795,-1.009,28.3,2.131,PD-460-1,PD-467-0,NO,NO,-2.469,0.588,atencion,anomalo,medido
PD-463-1,PD,463,1,2TTx56,4,SI,SI,659390.306,4331935.562,4332010.355,730.936,729.536,-1.872,-1.876,1.883,-1.435,45.1,37.4,2.658,2.362,0.05,0.026,sí,sí,,,3.299,60.4,3.795,-1.009,28.3,2.131,PD-460-1,PD-467-0,NO,NO,-2.566,0.694,atencion,anomalo,medido
PD-464-0,PD,464,0,2TTx28,2,NO,NO,659384.36,4332010.684,4332048.43,729.629,728.817,-2.151,-2.256,,-1.979,,41.3,,3.001,,0.018,sí,no,,,3.112,54.1,3.843,-0.894,21.6,2.426,PD-464-0 (hermana),PD-468-0,SI,NO,-2.044,-0.107,ok,anomalo,medido
PD-464-1,PD,464,1,2TTx28,2,NO,NO,659390.367,4332010.663,4332048.413,729.482,728.591,-2.36,-2.256,3.112,-1.51,54.1,33.8,3.844,2.714,-0.0,0.037,sí,no,,,3.112,54.1,3.843,-0.894,21.6,2.426,PD-464-0 (hermana),PD-468-0,SI,NO,-2.058,-0.302,ok,anomalo,medido
PD-465-0,PD,465,0,2TTx42,3,NO,NO,659394.492,4331653.028,4331709.213,734.305,731.76,-4.53,-4.452,1.907,-2.614,23.2,30.4,4.843,5.163,0.006,0.0,no,no,,,2.614,30.4,5.162,-2.614,30.4,5.162,PD-465-0 (hermana),PD-465-1 (hermana),SI,SI,-4.665,0.135,ok,,medido
PD-465-1,PD,465,1,2TTx42,3,NO,NO,659400.48,4331653.023,4331709.195,734.105,731.648,-4.374,-4.452,2.149,,25.8,,4.943,,0.028,,no,no,,,2.614,30.4,5.162,-2.614,30.4,5.162,PD-465-0 (hermana),PD-465-1 (hermana),SI,SI,-4.434,0.06,ok,,medido
PD-466-0,PD,466,0,2TTx56,4,NO,NO,659396.319,4331860.521,4331935.21,729.73,730.838,1.483,1.507,2.498,-2.429,121.1,121.8,2.917,2.858,0.031,0.02,no,sí,,,3.238,115.0,3.572,-2.2,124.4,2.666,PD-466-0 (hermana),PD-469-0,SI,NO,-0.923,2.406,revisar,anomalo,medido
PD-466-1,PD,466,1,2TTx56,4,NO,NO,659402.329,4331860.522,4331935.224,729.518,730.661,1.53,1.507,2.7,-2.103,119.2,125.6,3.092,2.587,0.038,0.029,no,sí,,,3.238,115.0,3.572,-2.2,124.4,2.666,PD-466-0 (hermana),PD-469-0,SI,NO,-0.648,2.178,revisar,anomalo,medido
PD-467-0,PD,467,0,2TTx56,4,NO,NO,659396.302,4331935.49,4332010.152,730.823,729.533,-1.728,-1.676,1.768,-1.631,46.5,44.2,2.436,2.339,0.026,0.021,sí,sí,,,1.706,45.5,2.392,-1.706,45.5,2.392,PD-467-0 (hermana),PD-467-1 (hermana),SI,SI,-2.616,0.888,atencion,anomalo,medido
PD-467-1,PD,467,1,2TTx56,4,NO,NO,659402.304,4331935.498,4332010.157,730.682,729.469,-1.625,-1.676,1.667,-1.803,44.8,47.1,2.364,2.462,0.028,0.046,sí,sí,,,1.706,45.5,2.392,-1.706,45.5,2.392,PD-467-0 (hermana),PD-467-1 (hermana),SI,SI,-2.64,1.015,revisar,anomalo,medido
PD-468-0,PD,468,0,2TTx28,2,NO,NO,659396.38,4332010.457,4332048.203,729.498,728.478,-2.702,-2.915,1.779,-1.812,31.4,31.9,3.415,3.432,0.027,0.002,sí,no,,,1.913,33.3,3.487,-1.699,30.2,3.374,PD-468-0 (hermana),PD-471-0,SI,NO,-2.047,-0.655,atencion,anomalo,medido
PD-468-1,PD,468,1,2TTx28,2,NO,NO,659402.388,4332010.463,4332048.2,729.463,728.283,-3.127,-2.915,1.808,-1.739,31.8,30.8,3.43,3.394,0.03,0.002,sí,no,,,1.913,33.3,3.487,-1.699,30.2,3.374,PD-468-0 (hermana),PD-471-0,SI,NO,-2.048,-1.079,revisar,anomalo,medido
PD-469-0,PD,469,0,2TTx56,4,NO,NO,659408.353,4331860.563,4331935.247,729.34,730.575,1.654,1.643,2.655,-2.196,121.7,126.8,3.122,2.743,0.016,0.041,no,sí,,,2.2,126.8,2.745,-1.513,137.4,2.234,PD-466-1,PD-469-1 (hermana),NO,SI,-0.522,2.176,revisar,anomalo,medido
PD-469-1,PD,469,1,2TTx56,4,NO,NO,659414.337,4331860.533,4331935.223,729.257,730.476,1.632,1.643,2.294,-2.424,125.6,124.1,2.822,2.928,0.035,0.024,no,sí,,,2.2,126.8,2.745,-1.513,137.4,2.234,PD-466-1,PD-469-1 (hermana),NO,SI,-0.248,1.88,revisar,anomalo,medido
PD-47-0,PD,47,0,2TTx56,4,NO,NO,658071.11,4330264.881,4330339.354,791.137,785.925,-6.999,-6.98,-0.856,1.792,353.0,345.6,7.032,7.206,0.093,0.056,sí,no,,,-0.711,354.2,7.016,3.44,333.8,7.782,PD-42-1,PD-52-0,NO,NO,-6.877,-0.122,ok,,medido
PD-47-1,PD,47,1,2TTx56,4,NO,NO,658077.068,4330264.819,4330339.285,791.2,786.016,-6.962,-6.98,-0.927,1.969,352.4,344.2,7.041,7.252,0.081,0.09,sí,no,,,-0.711,354.2,7.016,3.44,333.8,7.782,PD-42-1,PD-52-0,NO,NO,-6.91,-0.052,ok,,medido
PD-470-0,PD,470,0,2TTx56,4,NO,NO,659408.335,4331935.505,4332010.172,730.545,729.355,-1.594,-1.584,1.715,-1.785,47.3,48.4,2.334,2.386,0.035,0.061,sí,sí,,,2.078,52.7,2.613,-0.762,25.7,1.757,PD-467-1,PD-470-1 (hermana),NO,SI,-2.61,1.016,revisar,anomalo,medido
PD-470-1,PD,470,1,2TTx56,4,NO,NO,659414.341,4331935.488,4332010.157,730.492,729.317,-1.574,-1.584,1.411,-2.258,41.7,55.0,2.121,2.758,0.019,0.019,sí,sí,,,2.078,52.7,2.613,-0.762,25.7,1.757,PD-467-1,PD-470-1 (hermana),NO,SI,-2.632,1.058,revisar,anomalo,medido
PD-471-0,PD,471,0,2TTx28,2,NO,NO,659408.377,4332010.448,4332048.198,729.354,728.189,-3.086,-3.124,1.765,-1.797,29.5,29.9,3.588,3.604,0.034,0.0,sí,no,,,1.797,29.9,3.604,-1.797,29.9,3.604,PD-471-0 (hermana),PD-471-1 (hermana),SI,SI,-2.048,-1.038,revisar,anomalo,medido
PD-471-1,PD,471,1,2TTx28,2,NO,NO,659414.397,4332010.417,4332048.185,729.261,728.067,-3.161,-3.124,1.675,,28.2,,3.544,,0.023,,sí,no,,,1.797,29.9,3.604,-1.797,29.9,3.604,PD-471-0 (hermana),PD-471-1 (hermana),SI,SI,-2.051,-1.11,revisar,anomalo,medido
PD-472-0,PD,472,0,2TTx28,2,NO,NO,659417.582,4331568.395,4331606.138,734.095,735.189,2.899,2.716,,-6.566,,112.5,,7.105,,0.033,no,no,,,6.337,113.2,6.895,-6.246,113.5,6.811,PD-472-0 (hermana),PD-475-0,SI,NO,3.881,-0.982,atencion,,medido
PD-472-1,PD,472,1,2TTx28,2,NO,NO,659423.573,4331568.383,4331606.126,733.784,734.74,2.533,2.716,6.337,-6.704,113.2,112.1,6.894,7.233,0.0,0.035,no,no,,,6.337,113.2,6.895,-6.246,113.5,6.811,PD-472-0 (hermana),PD-475-0,SI,NO,3.703,-1.17,revisar,,medido
PD-473-0,PD,473,0,2TTx56,4,NO,NO,659420.42,4331860.573,4331935.25,729.127,730.301,1.572,1.607,2.24,-2.48,125.7,122.9,2.757,2.955,0.031,0.039,no,sí,,,2.516,122.6,2.985,-2.446,123.3,2.926,PD-469-1,PD-473-1 (hermana),NO,SI,-0.12,1.692,revisar,anomalo,medido
PD-473-1,PD,473,1,2TTx56,4,NO,NO,659426.441,4331860.526,4331935.204,728.953,730.179,1.642,1.607,2.218,-2.463,125.9,123.1,2.739,2.941,0.032,0.035,no,sí,,,2.516,122.6,2.985,-2.446,123.3,2.926,PD-469-1,PD-473-1 (hermana),NO,SI,0.118,1.524,revisar,anomalo,medido
PD-474-0,PD,474,0,2TTx56,4,NO,NO,659420.401,4331935.5,4332010.191,730.366,729.206,-1.553,-1.458,1.592,-2.372,47.5,58.4,2.158,2.784,0.022,0.027,sí,no,,,3.201,65.5,3.517,-1.501,45.8,2.092,PD-474-0 (hermana),PD-477-0,SI,NO,-2.549,0.996,atencion,anomalo,medido
PD-474-1,PD,474,1,2TTx56,4,NO,NO,659426.384,4331935.51,4332010.178,730.103,729.086,-1.362,-1.458,2.105,-2.062,55.3,54.7,2.56,2.525,0.066,0.034,sí,no,,,3.201,65.5,3.517,-1.501,45.8,2.092,PD-474-0 (hermana),PD-477-0,SI,NO,-2.51,1.148,revisar,anomalo,medido
PD-475-0,PD,475,0,2TTx42,3,NO,NO,659429.631,4331568.368,4331624.573,733.515,734.612,1.952,1.81,6.283,-6.969,106.1,104.6,6.539,7.2,0.001,0.095,no,no,,,7.022,104.5,7.252,-7.022,104.5,7.252,PD-475-0 (hermana),PD-475-1 (hermana),SI,SI,2.728,-0.776,atencion,,medido
PD-475-1,PD,475,1,2TTx42,3,NO,NO,659435.59,4331568.363,4331624.573,733.176,734.114,1.669,1.81,6.441,-6.898,105.7,104.7,6.691,7.132,0.035,0.082,no,no,,,7.022,104.5,7.252,-7.022,104.5,7.252,PD-475-0 (hermana),PD-475-1 (hermana),SI,SI,2.475,-0.806,atencion,,medido
PD-476-0,PD,476,0,2TTx56,4,NO,NO,659432.376,4331860.54,4331935.227,728.861,729.947,1.454,1.413,2.433,-2.374,120.1,120.8,2.814,2.763,0.024,0.046,no,sí,,,2.734,117.3,3.078,-1.608,131.3,2.141,PD-473-1,PD-476-1 (hermana),NO,SI,0.282,1.172,revisar,anomalo,medido
PD-476-1,PD,476,1,2TTx56,4,NO,NO,659438.402,4331860.495,4331935.188,728.794,729.819,1.372,1.413,2.261,-2.733,122.0,117.3,2.666,3.077,0.015,0.025,no,sí,,,2.734,117.3,3.078,-1.608,131.3,2.141,PD-473-1,PD-476-1 (hermana),NO,SI,0.678,0.694,atencion,anomalo,medido
PD-477-0,PD,477,0,2TTx56,4,NO,NO,659432.411,4331935.512,4332010.185,729.939,729.069,-1.165,-1.045,2.015,-2.244,62.6,65.0,2.27,2.475,0.04,0.017,sí,no,,,2.25,65.1,2.481,-2.1,63.6,2.346,PD-477-0 (hermana),PD-481-0,SI,NO,-2.444,1.279,revisar,anomalo,medido
PD-477-1,PD,477,1,2TTx56,4,NO,NO,659438.39,4331935.465,4332010.129,729.715,729.025,-0.924,-1.045,2.206,-2.236,64.7,65.0,2.441,2.468,0.02,0.015,sí,no,,,2.25,65.1,2.481,-2.1,63.6,2.346,PD-477-0 (hermana),PD-481-0,SI,NO,-2.468,1.544,revisar,anomalo,medido
PD-478-0,PD,478,0,2TTx56,4,NO,NO,659441.579,4331568.285,4331642.959,732.826,733.599,1.035,1.086,7.012,-5.86,98.8,100.5,7.096,5.96,0.108,0.018,no,no,,,8.804,97.0,8.871,-5.848,100.5,5.948,PD-475-1,PD-478-1 (hermana),NO,SI,1.348,-0.313,ok,,medido
PD-478-1,PD,478,1,2TTx56,4,NO,NO,659447.583,4331568.304,4331642.96,732.437,733.286,1.137,1.086,6.939,-5.895,98.9,100.4,7.023,5.994,0.06,0.021,no,no,,,8.804,97.0,8.871,-5.848,100.5,5.948,PD-475-1,PD-478-1 (hermana),NO,SI,1.188,-0.051,ok,,medido
PD-479-0,PD,479,0,2TTx42,3,NO,NO,659453.595,4331388.526,4331444.661,741.537,738.242,-5.87,-5.552,,-0.198,,2.0,,5.555,,0.023,no,no,,,0.452,4.7,5.57,-0.274,2.8,5.558,PD-479-0 (hermana),PD-483-0,SI,NO,-5.738,-0.132,ok,,medido
PD-479-1,PD,479,1,2TTx42,3,NO,NO,659459.609,4331388.386,4331444.524,741.339,738.401,-5.234,-5.552,0.452,-0.169,4.7,1.7,5.57,5.554,0.0,0.034,no,no,,,0.452,4.7,5.57,-0.274,2.8,5.558,PD-479-0 (hermana),PD-483-0,SI,NO,-5.501,0.267,ok,,medido
PD-48-0,PD,48,0,2TTx28,2,NO,NO,658059.051,4331057.324,4331094.968,766.308,764.037,-6.033,-5.952,-0.278,0.408,357.3,356.1,5.958,5.966,0.013,0.057,no,no,,,-0.054,359.5,5.952,0.276,357.3,5.958,PD-43-1,PD-48-1 (hermana),NO,SI,-6.171,0.138,ok,,medido
PD-48-1,PD,48,1,2TTx28,2,NO,NO,658065.049,4331057.257,4331094.903,766.298,764.088,-5.87,-5.952,-0.269,0.588,357.4,354.4,5.958,5.981,0.013,0.033,no,no,,,-0.054,359.5,5.952,0.276,357.3,5.958,PD-43-1,PD-48-1 (hermana),NO,SI,-6.114,0.244,ok,,medido
PD-480-0,PD,480,0,2TTx56,4,NO,NO,659444.34,4331860.561,4331935.233,728.623,729.6,1.308,1.216,2.541,-2.532,115.6,115.7,2.817,2.809,0.045,0.034,no,sí,,,3.297,110.2,3.514,-1.979,121.6,2.323,PD-476-1,PD-484-0,NO,NO,0.214,1.094,revisar,anomalo,medido
PD-480-1,PD,480,1,2TTx56,4,NO,NO,659450.347,4331860.525,4331935.213,728.54,729.379,1.123,1.216,2.545,-2.56,115.5,115.4,2.821,2.834,0.043,0.035,no,sí,,,3.297,110.2,3.514,-1.979,121.6,2.323,PD-476-1,PD-484-0,NO,NO,0.74,0.383,ok,anomalo,medido
PD-481-0,PD,481,0,2TTx56,4,NO,NO,659444.377,4331935.475,4332010.177,729.587,728.901,-0.918,-0.884,2.151,-2.275,67.7,68.8,2.326,2.441,0.027,0.012,sí,no,,,3.127,74.2,3.249,-1.209,53.8,1.497,PD-481-0 (hermana),PD-485-0,SI,NO,-2.051,1.133,revisar,anomalo,medido
PD-481-1,PD,481,1,2TTx56,4,NO,NO,659450.375,4331935.475,4332010.17,729.374,728.739,-0.85,-0.884,2.414,-2.091,69.9,67.1,2.571,2.27,0.043,0.052,sí,no,,,3.127,74.2,3.249,-1.209,53.8,1.497,PD-481-0 (hermana),PD-485-0,SI,NO,-2.051,1.201,revisar,anomalo,medido
PD-482-0,PD,482,0,2TTx56,4,NO,NO,659453.649,4331568.341,4331642.999,732.056,732.886,1.112,1.126,6.917,-5.475,99.2,101.6,7.008,5.59,0.033,0.03,no,no,,,6.445,99.9,6.542,-4.98,102.7,5.105,PD-478-1,PD-482-1 (hermana),NO,SI,1.271,-0.159,ok,,medido
PD-482-1,PD,482,1,2TTx56,4,NO,NO,659459.624,4331568.342,4331643.005,731.748,732.599,1.14,1.126,6.38,-5.635,100.0,101.3,6.479,5.746,0.081,0.037,no,no,,,6.445,99.9,6.542,-4.98,102.7,5.105,PD-478-1,PD-482-1 (hermana),NO,SI,1.332,-0.192,ok,,medido
PD-483-0,PD,483,0,2TTx56,4,NO,NO,659465.587,4331370.068,4331444.648,742.163,738.45,-4.979,-4.844,0.341,-0.481,4.0,5.7,4.856,4.868,0.002,0.034,no,no,,,0.274,3.2,4.852,0.091,358.9,4.845,PD-479-1,PD-483-1 (hermana),NO,SI,-4.915,-0.064,ok,,medido
PD-483-1,PD,483,1,2TTx56,4,NO,NO,659471.615,4331369.986,4331444.604,742.072,738.558,-4.709,-4.844,0.006,-0.699,0.1,8.2,4.844,4.894,0.012,0.01,no,no,,,0.274,3.2,4.852,0.091,358.9,4.845,PD-479-1,PD-483-1 (hermana),NO,SI,-4.734,0.025,ok,,medido
PD-484-0,PD,484,0,2TTx56,4,NO,NO,659456.375,4331860.551,4331935.238,728.429,729.252,1.102,1.139,2.41,-2.833,115.3,111.9,2.666,3.054,0.034,0.013,no,sí,,,3.085,110.3,3.289,-2.834,111.9,3.054,PD-484-0 (hermana),PD-489-0,SI,NO,0.797,0.305,ok,anomalo,medido
PD-484-1,PD,484,1,2TTx56,4,NO,NO,659462.388,4331860.507,4331935.198,728.215,729.094,1.177,1.139,2.649,-2.572,113.3,113.9,2.884,2.813,0.026,0.041,no,sí,,,3.085,110.3,3.289,-2.834,111.9,3.054,PD-484-0 (hermana),PD-489-0,SI,NO,0.846,0.331,ok,anomalo,medido
PD-485-0,PD,485,0,2TTx56,4,NO,NO,659456.292,4331935.477,4332010.166,729.255,728.715,-0.723,-0.683,2.091,-2.419,71.9,74.2,2.2,2.514,0.02,0.014,sí,no,,,2.346,73.8,2.444,-2.346,73.8,2.444,PD-485-0 (hermana),PD-485-1 (hermana),SI,SI,-1.987,1.264,revisar,anomalo,medido
PD-485-1,PD,485,1,2TTx56,4,NO,NO,659462.283,4331935.454,4332010.165,729.085,728.604,-0.644,-0.683,2.181,-2.436,72.6,74.3,2.286,2.53,0.01,0.011,sí,no,,,2.346,73.8,2.444,-2.346,73.8,2.444,PD-485-0 (hermana),PD-485-1 (hermana),SI,SI,-1.783,1.139,revisar,anomalo,medido
PD-486-0,PD,486,0,2TTx56,4,NO,NO,659465.644,4331568.326,4331642.994,731.29,732.323,1.383,1.298,5.812,-5.243,102.6,103.9,5.955,5.401,0.017,0.016,no,no,,,6.208,101.8,6.342,-4.278,106.9,4.47,PD-486-0 (hermana),PD-492-0,SI,NO,1.5,-0.117,ok,,medido
PD-486-1,PD,486,1,2TTx56,4,NO,NO,659471.624,4331568.3,4331642.98,730.982,731.888,1.213,1.298,5.92,-4.645,102.4,105.6,6.061,4.823,0.028,0.038,no,no,,,6.208,101.8,6.342,-4.278,106.9,4.47,PD-486-0 (hermana),PD-492-0,SI,NO,1.595,-0.382,ok,,medido
PD-487-0,PD,487,0,2TTx28,2,NO,NO,659477.586,4331331.939,4331369.685,742.641,741.902,-1.958,-1.891,,-1.234,,33.1,,2.258,,0.047,no,sí,,,0.725,21.0,2.025,-0.725,21.0,2.025,PD-487-0 (hermana),PD-487-1 (hermana),SI,SI,-2.582,0.624,atencion,,medido
PD-487-1,PD,487,1,2TTx28,2,NO,NO,659483.603,4331331.947,4331369.719,742.572,741.883,-1.824,-1.891,0.725,-1.43,21.0,37.1,2.025,2.371,0.0,0.028,no,sí,,,0.725,21.0,2.025,-0.725,21.0,2.025,PD-487-0 (hermana),PD-487-1 (hermana),SI,SI,-2.596,0.772,atencion,,medido
PD-488-0,PD,488,0,2TTx56,4,NO,NO,659477.626,4331370.065,4331444.633,742.05,738.505,-4.754,-4.54,0.209,-0.664,2.6,8.3,4.544,4.588,0.022,0.024,sí,no,,,1.231,15.2,4.704,-0.388,4.9,4.556,PD-488-0 (hermana),PD-494-0,SI,NO,-4.446,-0.308,ok,,medido
PD-488-1,PD,488,1,2TTx56,4,NO,NO,659483.598,4331370.056,4331444.64,741.817,738.591,-4.325,-4.54,0.466,-0.304,5.9,3.8,4.564,4.55,0.053,0.053,sí,no,,,1.231,15.2,4.704,-0.388,4.9,4.556,PD-488-0 (hermana),PD-494-0,SI,NO,-4.298,-0.027,ok,,medido
PD-489-0,PD,489,0,2TTx56,4,NO,NO,659468.383,4331860.582,4331935.275,728.061,728.91,1.137,1.142,2.702,-2.479,112.9,114.7,2.933,2.729,0.031,0.034,no,sí,,,2.834,112.0,3.055,-2.359,115.8,2.621,PD-484-1,PD-489-1 (hermana),NO,SI,0.919,0.218,ok,anomalo,medido
PD-489-1,PD,489,1,2TTx56,4,NO,NO,659474.377,4331860.534,4331935.22,727.915,728.772,1.147,1.142,2.62,-2.511,113.6,114.5,2.858,2.759,0.025,0.033,no,sí,,,2.834,112.0,3.055,-2.359,115.8,2.621,PD-484-1,PD-489-1 (hermana),NO,SI,0.919,0.228,ok,anomalo,medido
PD-49-0,PD,49,0,2TTx28,2,NO,NO,658071.159,4330665.708,4330703.421,780.275,778.744,-4.06,-3.529,-4.681,0.971,307.0,344.6,5.862,3.66,0.174,0.119,no,no,,,-2.959,320.0,4.606,2.959,320.0,4.606,PD-49-0 (hermana),PD-49-1 (hermana),SI,SI,-3.886,-0.174,ok,,medido
PD-49-1,PD,49,1,2TTx28,2,NO,NO,658077.155,4330665.693,4330703.405,780.253,779.122,-2.999,-3.529,-3.951,0.413,311.8,353.3,5.298,3.553,0.118,0.062,no,no,,,-2.959,320.0,4.606,2.959,320.0,4.606,PD-49-0 (hermana),PD-49-1 (hermana),SI,SI,-3.215,0.216,ok,,medido
PD-490-0,PD,490,0,2TTx56,4,NO,NO,659468.368,4331935.475,4332010.173,728.909,728.491,-0.56,-0.542,2.215,-2.588,76.3,78.2,2.28,2.644,0.018,0.029,sí,no,,,2.373,77.1,2.434,-2.31,76.8,2.372,PD-485-1,PD-490-1 (hermana),NO,SI,-1.648,1.088,revisar,anomalo,medido
PD-490-1,PD,490,1,2TTx56,4,NO,NO,659474.367,4331935.479,4332010.147,728.757,728.366,-0.524,-0.542,2.231,-2.722,76.4,78.7,2.296,2.775,0.02,0.028,sí,no,,,2.373,77.1,2.434,-2.31,76.8,2.372,PD-485-1,PD-490-1 (hermana),NO,SI,-1.498,0.974,atencion,anomalo,medido
PD-491-0,PD,491,0,2TTx56,4,NO,NO,659477.6,4331560.447,4331635.121,730.435,731.669,1.653,1.62,5.464,-4.179,106.5,111.2,5.699,4.482,0.029,0.068,no,sí,,,5.004,107.9,5.259,-5.004,107.9,5.259,PD-491-0 (hermana),PD-491-1 (hermana),SI,SI,1.976,-0.323,ok,,medido
PD-491-1,PD,491,1,2TTx56,4,NO,NO,659483.596,4331560.376,4331635.071,730.158,731.344,1.588,1.62,5.336,-3.84,106.9,112.9,5.577,4.168,0.035,0.036,no,sí,,,5.004,107.9,5.259,-5.004,107.9,5.259,PD-491-0 (hermana),PD-491-1 (hermana),SI,SI,1.833,-0.245,ok,,medido
PD-492-0,PD,492,0,2TTx42,3,NO,NO,659477.602,4331635.384,4331691.575,731.684,730.237,-2.575,-2.432,,-4.302,,60.5,,4.942,,0.063,sí,no,,,4.278,60.4,4.921,-3.242,53.1,4.052,PD-486-1,PD-492-1 (hermana),NO,SI,-2.319,-0.256,ok,,medido
PD-492-1,PD,492,1,2TTx42,3,NO,NO,659483.575,4331635.376,4331691.572,731.41,730.124,-2.288,-2.432,3.242,-4.708,53.1,62.7,4.053,5.299,-0.0,0.042,sí,no,,,4.278,60.4,4.921,-3.242,53.1,4.052,PD-486-1,PD-492-1 (hermana),NO,SI,-2.082,-0.206,ok,,medido
PD-493-0,PD,493,0,2TTx28,2,NO,NO,659489.626,4331331.922,4331369.743,742.654,741.685,-2.562,-2.389,0.867,-1.407,19.9,30.5,2.542,2.773,0.006,0.05,no,sí,,,2.186,42.5,3.238,-1.233,27.3,2.689,PD-493-0 (hermana),PD-499-0,SI,NO,-2.541,-0.021,ok,,medido
PD-493-1,PD,493,1,2TTx28,2,NO,NO,659495.63,4331331.898,4331369.666,742.458,741.621,-2.216,-2.389,1.434,-1.068,31.0,24.1,2.786,2.617,0.045,0.033,no,sí,,,2.186,42.5,3.238,-1.233,27.3,2.689,PD-493-0 (hermana),PD-499-0,SI,NO,-2.44,0.224,ok,,medido
PD-494-0,PD,494,0,2TTx56,4,NO,NO,659489.628,4331370.016,4331444.636,741.691,738.672,-4.046,-4.038,0.621,-0.428,8.7,6.1,4.086,4.061,0.022,0.051,sí,no,,,0.535,7.5,4.073,-0.535,7.5,4.073,PD-494-0 (hermana),PD-494-1 (hermana),SI,SI,-4.183,0.137,ok,,medido
PD-494-1,PD,494,1,2TTx56,4,NO,NO,659495.624,4331369.971,4331444.579,741.655,738.648,-4.03,-4.038,0.66,-0.436,9.3,6.2,4.092,4.062,0.01,0.172,sí,no,,,0.535,7.5,4.073,-0.535,7.5,4.073,PD-494-0 (hermana),PD-494-1 (hermana),SI,SI,-4.023,-0.007,ok,,medido
PD-495-0,PD,495,0,2TTx56,4,NO,NO,659480.374,4331860.55,4331935.222,727.789,728.535,0.999,1.045,2.79,-2.298,110.5,114.5,2.979,2.525,0.014,0.038,no,sí,,,3.028,109.0,3.204,-1.501,124.9,1.829,PD-489-1,PD-501-0,NO,NO,0.921,0.078,ok,anomalo,medido
PD-495-1,PD,495,1,2TTx56,4,NO,NO,659486.39,4331860.534,4331935.209,727.607,728.422,1.091,1.045,2.653,-2.151,111.5,115.9,2.851,2.392,0.01,0.039,no,sí,,,3.028,109.0,3.204,-1.501,124.9,1.829,PD-489-1,PD-501-0,NO,NO,0.921,0.17,ok,anomalo,medido
PD-496-0,PD,496,0,2TTx56,4,NO,NO,659480.355,4331935.447,4332010.143,728.569,728.207,-0.485,-0.485,2.392,-2.663,78.5,79.7,2.441,2.707,0.03,0.036,sí,no,,,2.899,80.5,2.939,-2.072,76.8,2.128,PD-490-1,PD-496-1 (hermana),NO,SI,-1.497,1.012,revisar,anomalo,medido
PD-496-1,PD,496,1,2TTx56,4,NO,NO,659486.359,4331935.47,4332010.172,728.445,728.082,-0.486,-0.485,2.415,-2.824,78.6,80.2,2.463,2.865,0.008,0.024,sí,no,,,2.899,80.5,2.939,-2.072,76.8,2.128,PD-490-1,PD-496-1 (hermana),NO,SI,-1.095,0.609,atencion,anomalo,medido
PD-497-0,PD,497,0,2TTx56,4,NO,NO,659489.653,4331560.419,4331635.103,729.848,731.043,1.6,1.324,5.062,-3.023,104.7,113.6,5.232,3.3,0.028,0.075,no,sí,,,5.054,104.7,5.224,-2.969,114.0,3.251,PD-491-1,PD-497-1 (hermana),NO,SI,1.471,0.129,ok,,medido
PD-497-1,PD,497,1,2TTx56,4,NO,NO,659495.651,4331560.461,4331635.152,729.877,730.659,1.047,1.324,4.332,-3.285,107.0,111.9,4.53,3.542,0.038,0.065,no,sí,,,5.054,104.7,5.224,-2.969,114.0,3.251,PD-491-1,PD-497-1 (hermana),NO,SI,1.185,-0.138,ok,,medido
PD-498-0,PD,498,0,2TTx42,3,NO,NO,659489.627,4331635.388,4331691.58,731.108,729.882,-2.182,-1.971,3.996,-4.516,63.7,66.4,4.456,4.927,0.03,0.245,sí,no,,,4.491,66.3,4.904,-4.235,65.0,4.671,PD-492-1,PD-498-1 (hermana),NO,SI,-1.847,-0.335,ok,,medido
PD-498-1,PD,498,1,2TTx42,3,NO,NO,659495.628,4331635.4,4331691.609,730.735,729.746,-1.76,-1.971,4.115,-4.73,64.4,67.4,4.563,5.124,0.03,0.202,sí,no,,,4.491,66.3,4.904,-4.235,65.0,4.671,PD-492-1,PD-498-1 (hermana),NO,SI,-1.597,-0.163,ok,,medido
PD-499-0,PD,499,0,2TTx28,2,NO,NO,659501.582,4331331.979,4331369.725,742.412,741.517,-2.371,-2.501,1.388,-1.006,29.0,21.9,2.861,2.696,0.039,0.036,no,sí,,,1.248,26.5,2.795,-0.136,3.1,2.505,PD-499-0 (hermana),PD-505-0,SI,NO,-2.533,0.162,ok,,medido
PD-499-1,PD,499,1,2TTx28,2,NO,NO,659507.579,4331331.95,4331369.688,742.387,741.394,-2.631,-2.501,1.354,-1.311,28.4,27.7,2.844,2.824,0.036,0.071,no,sí,,,1.248,26.5,2.795,-0.136,3.1,2.505,PD-499-0 (hermana),PD-505-0,SI,NO,-2.58,-0.051,ok,,medido
PD-5-0,PD,5,0,2TTx56,4,NO,NO,657891.095,4330333.462,4330408.076,788.109,786.141,-2.638,-2.536,3.191,-3.784,51.5,56.2,4.076,4.555,0.04,0.166,no,sí,,,4.778,62.0,5.409,-3.122,50.9,4.023,PD-5-0 (hermana),PD-7-0,SI,NO,-2.567,-0.071,ok,,medido
PD-5-1,PD,5,1,2TTx56,4,NO,NO,657897.079,4330333.405,4330408.022,787.749,785.932,-2.435,-2.536,3.49,-3.331,54.0,52.7,4.314,4.187,0.077,0.114,no,sí,,,4.778,62.0,5.409,-3.122,50.9,4.023,PD-5-0 (hermana),PD-7-0,SI,NO,-2.49,0.055,ok,,medido
PD-50-0,PD,50,0,2TTx28,2,NO,NO,658083.084,4330095.348,4330133.054,800.552,799.253,-3.445,-3.184,0.449,-1.016,8.0,17.7,3.215,3.342,0.035,0.087,no,sí,,,1.475,24.9,3.509,-1.475,24.9,3.509,PD-50-0 (hermana),PD-50-1 (hermana),SI,SI,-3.717,0.272,ok,,medido
PD-50-1,PD,50,1,2TTx28,2,NO,NO,658089.076,4330095.321,4330133.027,800.366,799.264,-2.923,-3.184,0.605,-1.249,10.8,21.4,3.241,3.42,0.052,0.105,no,sí,,,1.475,24.9,3.509,-1.475,24.9,3.509,PD-50-0 (hermana),PD-50-1 (hermana),SI,SI,-3.287,0.364,ok,,medido
PD-500-0,PD,500,0,2TTx56,4,NO,NO,659501.59,4331370.042,4331444.647,741.562,738.664,-3.884,-3.832,0.638,-0.27,9.5,4.0,3.885,3.842,0.012,0.114,sí,no,,,0.599,8.9,3.879,-0.168,2.5,3.836,PD-494-1,PD-500-1 (hermana),NO,SI,-3.914,0.03,ok,,medido
PD-500-1,PD,500,1,2TTx56,4,NO,NO,659507.605,4331370.011,4331444.619,741.514,738.694,-3.78,-3.832,0.49,-0.608,7.3,9.0,3.863,3.88,0.028,0.148,sí,no,,,0.599,8.9,3.879,-0.168,2.5,3.836,PD-494-1,PD-500-1 (hermana),NO,SI,-3.764,-0.016,ok,,medido
PD-501-0,PD,501,0,2TTx56,4,NO,NO,659492.36,4331860.545,4331935.22,727.641,728.209,0.761,0.821,2.338,-2.375,109.3,109.1,2.478,2.513,0.029,0.028,no,sí,,,3.113,104.8,3.22,-2.272,109.9,2.416,PD-501-0 (hermana),PD-506-0,SI,NO,0.923,-0.162,ok,anomalo,medido
PD-501-1,PD,501,1,2TTx56,4,NO,NO,659498.377,4331860.576,4331935.266,727.409,728.067,0.881,0.821,2.478,-2.121,108.3,111.2,2.61,2.274,0.038,0.071,no,sí,,,3.113,104.8,3.22,-2.272,109.9,2.416,PD-501-0 (hermana),PD-506-0,SI,NO,0.923,-0.042,ok,anomalo,medido
PD-502-0,PD,502,0,2TTx56,4,NO,NO,659492.394,4331935.431,4332010.139,728.218,727.889,-0.44,-0.489,2.768,-2.615,80.0,79.4,2.811,2.66,0.043,0.026,sí,no,,,3.482,82.0,3.517,-2.377,78.4,2.427,PD-496-1,PD-508-0,NO,NO,-1.034,0.594,atencion,anomalo,medido
PD-502-1,PD,502,1,2TTx56,4,NO,NO,659498.376,4331935.409,4332010.108,728.098,727.697,-0.537,-0.489,2.786,-2.678,80.1,79.7,2.829,2.722,0.032,0.033,sí,no,,,3.482,82.0,3.517,-2.377,78.4,2.427,PD-496-1,PD-508-0,NO,NO,-0.693,0.156,ok,anomalo,medido
PD-503-0,PD,503,0,2TTx56,4,NO,NO,659501.626,4331560.413,4331635.099,729.777,730.322,0.73,0.57,3.956,-3.316,98.2,99.7,3.997,3.365,0.052,0.054,no,sí,,,3.649,98.9,3.694,-3.075,100.5,3.128,PD-497-1,PD-503-1 (hermana),NO,SI,1.011,-0.281,ok,,medido
PD-503-1,PD,503,1,2TTx56,4,NO,NO,659507.587,4331560.373,4331635.074,729.713,730.019,0.41,0.57,3.7,-3.79,98.8,98.5,3.744,3.833,0.076,0.057,no,sí,,,3.649,98.9,3.694,-3.075,100.5,3.128,PD-497-1,PD-503-1 (hermana),NO,SI,0.339,0.071,ok,,medido
PD-504-0,PD,504,0,2TTx56,4,NO,NO,659501.561,4331635.343,4331709.984,730.369,729.12,-1.673,-1.616,4.672,-4.272,70.9,69.3,4.944,4.568,0.066,0.145,sí,no,,,5.777,74.4,5.999,-2.14,52.9,2.682,PD-498-1,PD-511-0,NO,NO,-1.674,0.001,ok,,medido
PD-504-1,PD,504,1,2TTx56,4,NO,NO,659507.563,4331635.331,4331709.965,730.069,728.905,-1.56,-1.616,4.636,-4.571,70.8,70.5,4.91,4.848,0.058,0.172,sí,no,,,5.777,74.4,5.999,-2.14,52.9,2.682,PD-498-1,PD-511-0,NO,NO,-1.421,-0.139,ok,,medido
PD-505-0,PD,505,0,2TTx56,4,NO,NO,659513.639,4331333.323,4331407.998,742.413,740.159,-3.018,-2.958,0.912,-1.348,17.1,24.5,3.095,3.25,0.069,0.039,no,sí,,,1.057,19.7,3.141,-1.002,18.7,3.123,PD-500-1,PD-505-1 (hermana),NO,SI,-2.852,-0.166,ok,,medido
PD-505-1,PD,505,1,2TTx56,4,NO,NO,659519.645,4331333.305,4331407.971,742.308,740.145,-2.897,-2.958,0.871,-1.64,16.4,29.0,3.083,3.382,0.033,0.053,no,sí,,,1.057,19.7,3.141,-1.002,18.7,3.123,PD-500-1,PD-505-1 (hermana),NO,SI,-2.683,-0.214,ok,,medido
PD-506-0,PD,506,0,2TTx56,4,NO,NO,659504.387,4331860.535,4331935.209,727.253,727.949,0.932,0.968,2.37,-2.231,112.2,113.4,2.56,2.432,0.039,0.086,no,sí,,,2.272,113.1,2.47,-1.371,125.2,1.678,PD-501-1,PD-513-0,NO,NO,0.897,0.035,ok,anomalo,medido
PD-506-1,PD,506,1,2TTx56,4,NO,NO,659510.389,4331860.522,4331935.201,727.102,727.851,1.003,0.968,2.3,-2.421,112.8,111.8,2.495,2.607,0.034,0.08,no,sí,,,2.272,113.1,2.47,-1.371,125.2,1.678,PD-501-1,PD-513-0,NO,NO,0.565,0.438,ok,anomalo,medido
PD-507-0,PD,507,0,2TTx56,4,NO,NO,659513.597,4331408.278,4331482.892,740.124,736.904,-4.316,-4.177,0.207,0.197,2.8,357.3,4.183,4.182,0.029,0.13,sí,no,,,0.684,9.3,4.233,0.726,350.1,4.24,PD-500-1,PD-507-1 (hermana),NO,SI,-4.282,-0.034,ok,,medido
PD-507-1,PD,507,1,2TTx56,4,NO,NO,659519.622,4331408.27,4331482.913,740.065,737.05,-4.039,-4.177,0.228,-0.018,3.1,0.2,4.184,4.177,0.023,0.111,sí,no,,,0.684,9.3,4.233,0.726,350.1,4.24,PD-500-1,PD-507-1 (hermana),NO,SI,-4.307,0.268,ok,,medido
PD-508-0,PD,508,0,2TTx56,4,NO,NO,659504.356,4331935.482,4332010.166,727.95,727.56,-0.522,-0.594,2.676,-2.753,77.5,77.8,2.741,2.816,0.027,0.02,sí,no,,,2.427,76.2,2.499,-2.427,76.2,2.499,PD-508-0 (hermana),PD-508-1 (hermana),SI,SI,-0.491,-0.031,ok,anomalo,medido
PD-508-1,PD,508,1,2TTx56,4,NO,NO,659510.367,4331935.484,4332010.194,727.858,727.36,-0.667,-0.594,2.597,-2.935,77.1,78.6,2.664,2.995,0.031,0.022,sí,no,,,2.427,76.2,2.499,-2.427,76.2,2.499,PD-508-0 (hermana),PD-508-1 (hermana),SI,SI,-0.21,-0.457,ok,anomalo,medido
PD-509-0,PD,509,0,2TTx28,2,NO,NO,659513.623,4331566.566,4331604.333,729.584,729.365,-0.58,-0.64,3.56,-0.97,79.8,56.6,3.617,1.162,0.126,-0.0,no,no,,,5.653,83.5,5.689,-0.97,56.6,1.162,PD-503-1,PD-509-1 (hermana),NO,SI,-0.253,-0.327,ok,,medido
PD-509-1,PD,509,1,2TTx28,2,NO,NO,659519.592,4331566.518,4331604.263,729.549,729.285,-0.699,-0.64,2.89,-4.786,77.5,82.4,2.96,4.829,0.051,-0.0,no,no,,,5.653,83.5,5.689,-0.97,56.6,1.162,PD-503-1,PD-509-1 (hermana),NO,SI,-0.706,0.007,ok,,medido
PD-51-0,PD,51,0,2TTx56,4,NO,NO,658083.148,4330133.475,4330207.955,799.353,795.38,-5.334,-5.279,-1.327,0.261,345.9,357.2,5.443,5.285,0.021,0.163,sí,sí,,,-0.903,350.3,5.355,0.903,350.3,5.355,PD-51-0 (hermana),PD-51-1 (hermana),SI,SI,-5.189,-0.145,ok,,medido
PD-51-1,PD,51,1,2TTx56,4,NO,NO,658089.149,4330133.433,4330207.984,799.368,795.474,-5.223,-5.279,-1.197,-0.437,347.2,4.7,5.413,5.297,0.034,0.261,sí,sí,,,-0.903,350.3,5.355,0.903,350.3,5.355,PD-51-0 (hermana),PD-51-1 (hermana),SI,SI,-5.169,-0.054,ok,,medido
PD-510-0,PD,510,0,2TTx28,2,NO,NO,659513.606,4331627.58,4331665.395,729.638,729.539,-0.262,-0.393,4.902,-5.511,85.4,85.9,4.918,5.525,0.027,0.055,no,sí,,,6.238,86.4,6.25,-5.782,86.1,5.796,PD-503-1,PD-510-1 (hermana),NO,SI,-0.448,0.186,ok,,medido
PD-510-1,PD,510,1,2TTx28,2,NO,NO,659519.583,4331627.564,4331665.339,729.342,729.144,-0.524,-0.393,5.171,-5.107,85.7,85.6,5.186,5.122,0.037,0.1,no,sí,,,6.238,86.4,6.25,-5.782,86.1,5.796,PD-503-1,PD-510-1 (hermana),NO,SI,0.0,-0.524,atencion,,medido
PD-511-0,PD,511,0,2TTx42,3,NO,NO,659513.6,4331665.664,4331721.854,729.616,728.361,-2.233,-2.081,3.426,-4.303,58.7,64.2,4.009,4.78,0.032,0.026,sí,no,,,5.183,68.1,5.585,-4.29,64.1,4.768,PD-511-0 (hermana),PD-517-0,SI,NO,-1.872,-0.361,ok,,medido
PD-511-1,PD,511,1,2TTx42,3,NO,NO,659519.583,4331665.586,4331721.824,729.222,728.137,-1.929,-2.081,4.035,-3.81,62.7,61.4,4.54,4.341,0.069,0.019,sí,no,,,5.183,68.1,5.585,-4.29,64.1,4.768,PD-511-0 (hermana),PD-517-0,SI,NO,-1.789,-0.14,ok,,medido
PD-512-0,PD,512,0,2TTx56,4,NO,NO,659525.622,4331333.371,4331408.03,742.19,740.101,-2.798,-2.723,0.988,-1.92,19.9,35.2,2.897,3.332,0.045,0.062,no,sí,,,1.325,26.0,3.028,-1.067,21.4,2.924,PD-505-1,PD-512-1 (hermana),NO,SI,-2.617,-0.181,ok,,medido
PD-512-1,PD,512,1,2TTx56,4,NO,NO,659531.624,4331333.329,4331407.996,742.071,740.094,-2.648,-2.723,1.046,-2.001,21.0,36.3,2.917,3.379,0.031,0.116,no,sí,,,1.325,26.0,3.028,-1.067,21.4,2.924,PD-505-1,PD-512-1 (hermana),NO,SI,-2.588,-0.06,ok,,medido
PD-513-0,PD,513,0,2TTx42,3,NO,NO,659516.364,4331860.569,4331916.79,726.932,727.673,1.318,1.342,2.074,-2.507,122.9,118.2,2.47,2.843,0.055,0.019,no,sí,,,2.191,121.5,2.569,-2.191,121.5,2.569,PD-513-0 (hermana),PD-513-1 (hermana),SI,SI,0.007,1.311,revisar,anomalo,medido
PD-513-1,PD,513,1,2TTx42,3,NO,NO,659522.375,4331860.499,4331916.739,726.786,727.554,1.366,1.342,1.966,-2.724,124.3,116.2,2.38,3.037,0.014,0.059,no,sí,,,2.191,121.5,2.569,-2.191,121.5,2.569,PD-513-0 (hermana),PD-513-1 (hermana),SI,SI,0.0,1.366,revisar,anomalo,medido
PD-514-0,PD,514,0,2TTx56,4,NO,NO,659525.579,4331408.308,4331482.916,740.2,736.991,-4.301,-4.184,-0.219,-0.55,357.0,7.5,4.189,4.22,0.024,0.196,sí,no,,,0.12,1.6,4.185,1.314,342.6,4.385,PD-514-0 (hermana),PD-520-0,SI,NO,-4.222,-0.079,ok,,medido
PD-514-1,PD,514,1,2TTx56,4,NO,NO,659531.59,4331408.357,4331482.953,740.103,737.07,-4.066,-4.184,-0.064,-0.405,359.1,5.5,4.184,4.203,0.029,0.223,sí,no,,,0.12,1.6,4.185,1.314,342.6,4.385,PD-514-0 (hermana),PD-520-0,SI,NO,-4.063,-0.003,ok,,medido
PD-515-0,PD,515,0,2TTx56,4,NO,NO,659516.394,4331917.046,4331991.75,727.635,727.322,-0.419,-0.525,2.534,-2.685,78.3,78.9,2.588,2.736,0.078,0.053,sí,no,,,3.826,82.2,3.862,-1.811,73.8,1.885,PD-508-1,PD-515-1 (hermana),NO,SI,0.694,-1.113,revisar,anomalo,medido
PD-515-1,PD,515,1,2TTx56,4,NO,NO,659522.405,4331916.983,4331991.687,727.606,727.134,-0.632,-0.525,2.247,-3.117,76.8,80.4,2.308,3.161,0.095,0.05,sí,no,,,3.826,82.2,3.862,-1.811,73.8,1.885,PD-508-1,PD-515-1 (hermana),NO,SI,0.698,-1.33,revisar,anomalo,medido
PD-516-0,PD,516,0,2TTx28,2,NO,NO,659525.578,4331627.573,4331665.378,728.829,728.907,0.206,0.093,5.347,-4.482,91.0,91.2,5.348,4.483,0.08,0.061,no,sí,,,6.255,90.8,6.256,-4.512,91.2,4.513,PD-510-1,PD-522-0,NO,NO,0.12,0.086,ok,,medido
PD-516-1,PD,516,1,2TTx28,2,NO,NO,659531.577,4331627.56,4331665.349,728.548,728.54,-0.021,0.093,5.569,-4.118,91.0,91.3,5.57,4.119,0.044,0.029,no,sí,,,6.255,90.8,6.256,-4.512,91.2,4.513,PD-510-1,PD-522-0,NO,NO,0.314,-0.335,ok,,medido
PD-517-0,PD,517,0,2TTx42,3,NO,NO,659525.591,4331665.561,4331721.769,728.868,727.977,-1.585,-1.5,4.263,-3.695,70.6,67.9,4.519,3.988,0.057,0.041,sí,no,,,4.29,70.7,4.544,-3.006,63.5,3.359,PD-511-1,PD-517-1 (hermana),NO,SI,-1.615,0.03,ok,,medido
PD-517-1,PD,517,1,2TTx42,3,NO,NO,659531.558,4331665.6,4331721.817,728.64,727.845,-1.414,-1.5,3.887,-4.019,68.9,69.5,4.166,4.29,0.049,0.017,sí,no,,,4.29,70.7,4.544,-3.006,63.5,3.359,PD-511-1,PD-517-1 (hermana),NO,SI,-1.418,0.004,ok,,medido
PD-518-0,PD,518,0,2TTx56,4,NO,NO,659537.566,4331351.834,4331426.491,741.376,739.408,-2.636,-2.62,1.207,-1.534,24.7,30.3,2.885,3.036,0.13,0.064,no,sí,,,3.395,52.3,4.289,-0.459,9.9,2.66,PD-512-1,PD-518-1 (hermana),NO,SI,-2.766,0.13,ok,,medido
PD-518-1,PD,518,1,2TTx56,4,NO,NO,659543.556,4331351.784,4331426.426,741.338,739.394,-2.604,-2.62,0.964,-1.835,20.2,35.0,2.792,3.199,0.122,0.056,no,sí,,,3.395,52.3,4.289,-0.459,9.9,2.66,PD-512-1,PD-518-1 (hermana),NO,SI,-2.626,0.022,ok,,medido
PD-519-0,PD,519,0,2TTx42,3,NO,NO,659528.313,4331860.512,4331916.752,726.651,727.337,1.22,1.155,2.236,-2.648,117.3,113.6,2.517,2.889,0.043,0.06,no,sí,,,2.967,111.3,3.184,-2.011,119.9,2.319,PD-513-1,PD-525-0,NO,NO,0.0,1.22,revisar,anomalo,medido
PD-519-1,PD,519,1,2TTx42,3,NO,NO,659534.326,4331860.536,4331916.767,726.528,727.141,1.09,1.155,2.38,-2.723,115.9,113.0,2.645,2.958,0.051,0.069,no,sí,,,2.967,111.3,3.184,-2.011,119.9,2.319,PD-513-1,PD-525-0,NO,NO,0.125,0.965,atencion,anomalo,medido
PD-52-0,PD,52,0,2TTx56,4,NO,NO,658083.17,4330208.383,4330282.89,795.345,790.151,-6.971,-6.986,-1.725,1.738,346.1,346.0,7.196,7.199,0.075,0.152,sí,sí,,,-1.679,346.5,7.185,1.679,346.5,7.185,PD-52-0 (hermana),PD-52-1 (hermana),SI,SI,-6.775,-0.196,ok,,medido
PD-52-1,PD,52,1,2TTx56,4,NO,NO,658089.15,4330208.359,4330282.84,795.458,790.244,-7.0,-6.986,-1.903,1.281,344.8,349.6,7.24,7.102,0.059,0.274,sí,sí,,,-1.679,346.5,7.185,1.679,346.5,7.185,PD-52-0 (hermana),PD-52-1 (hermana),SI,SI,-6.736,-0.264,ok,,medido
PD-520-0,PD,520,0,2TTx56,4,NO,NO,659537.61,4331426.751,4331501.364,739.472,736.338,-4.2,-4.015,-0.723,-0.419,349.8,6.0,4.08,4.037,0.022,0.204,sí,no,,,-0.379,354.6,4.033,0.379,354.6,4.033,PD-520-0 (hermana),PD-520-1 (hermana),SI,SI,-4.101,-0.099,ok,,medido
PD-520-1,PD,520,1,2TTx56,4,NO,NO,659543.572,4331426.739,4331501.333,739.357,736.5,-3.83,-4.015,-0.492,-0.455,353.0,6.5,4.045,4.041,0.021,0.094,sí,no,,,-0.379,354.6,4.033,0.379,354.6,4.033,PD-520-0 (hermana),PD-520-1 (hermana),SI,SI,-3.949,0.119,ok,,medido
PD-521-0,PD,521,0,2TTx56,4,NO,NO,659528.342,4331916.963,4331991.66,727.333,727.016,-0.424,-0.382,2.588,-2.984,81.6,82.7,2.616,3.008,0.07,0.028,sí,no,,,3.295,83.4,3.317,-2.557,81.5,2.586,PD-515-1,PD-521-1 (hermana),NO,SI,0.393,-0.817,atencion,anomalo,medido
PD-521-1,PD,521,1,2TTx56,4,NO,NO,659534.34,4331916.994,4331991.688,727.148,726.894,-0.34,-0.382,2.665,-2.841,81.8,82.3,2.692,2.867,0.042,0.073,sí,no,,,3.295,83.4,3.317,-2.557,81.5,2.586,PD-515-1,PD-521-1 (hermana),NO,SI,0.005,-0.345,ok,anomalo,medido
PD-522-0,PD,522,0,2TTx28,2,NO,NO,659537.608,4331627.63,4331665.403,728.192,728.352,0.424,0.451,5.352,-4.09,94.8,96.3,5.371,4.115,0.032,0.047,no,sí,,,4.699,95.5,4.721,-2.997,98.6,3.031,PD-522-0 (hermana),PD-528-0,SI,NO,0.446,-0.022,ok,,medido
PD-522-1,PD,522,1,2TTx28,2,NO,NO,659543.594,4331627.568,4331665.381,727.9,728.081,0.479,0.451,5.157,-3.836,95.0,96.7,5.177,3.862,0.051,0.054,no,sí,,,4.699,95.5,4.721,-2.997,98.6,3.031,PD-522-0 (hermana),PD-528-0,SI,NO,0.601,-0.122,ok,,medido
PD-523-0,PD,523,0,2TTx42,3,NO,NO,659537.655,4331665.587,4331721.815,728.357,727.591,-1.362,-1.31,4.065,-4.136,72.1,72.4,4.271,4.338,0.038,0.047,sí,no,,,4.405,73.4,4.596,-3.348,68.6,3.596,PD-517-1,PD-523-1 (hermana),NO,SI,-1.261,-0.101,ok,,medido
PD-523-1,PD,523,1,2TTx42,3,NO,NO,659543.63,4331665.547,4331721.768,728.128,727.421,-1.258,-1.31,3.716,-4.438,70.6,73.6,3.94,4.627,0.02,0.035,sí,no,,,4.405,73.4,4.596,-3.348,68.6,3.596,PD-517-1,PD-523-1 (hermana),NO,SI,-1.103,-0.155,ok,,medido
PD-524-0,PD,524,0,2TTx56,4,NO,NO,659549.563,4331351.753,4331426.418,741.111,739.298,-2.428,-2.385,1.431,-1.576,31.0,33.5,2.781,2.858,0.154,0.032,no,sí,,,2.697,48.5,3.6,-0.168,4.0,2.39,PD-518-1,PD-530-0,NO,NO,-2.56,0.132,ok,,medido
PD-524-1,PD,524,1,2TTx56,4,NO,NO,659555.557,4331351.776,4331426.448,740.934,739.186,-2.341,-2.385,1.821,-1.38,37.4,30.1,3.0,2.755,0.126,0.074,no,sí,,,2.697,48.5,3.6,-0.168,4.0,2.39,PD-518-1,PD-530-0,NO,NO,-2.516,0.175,ok,,medido
PD-525-0,PD,525,0,2TTx42,3,NO,NO,659540.37,4331860.54,4331916.776,726.404,727.022,1.099,0.989,2.354,-2.98,112.8,108.4,2.553,3.14,0.034,0.042,no,sí,,,2.288,113.4,2.493,-2.288,113.4,2.493,PD-525-0 (hermana),PD-525-1 (hermana),SI,SI,0.347,0.752,atencion,anomalo,medido
PD-525-1,PD,525,1,2TTx42,3,NO,NO,659546.372,4331860.513,4331916.767,726.328,726.823,0.88,0.989,2.38,-3.0,112.6,108.3,2.577,3.159,0.024,0.038,no,sí,,,2.288,113.4,2.493,-2.288,113.4,2.493,PD-525-0 (hermana),PD-525-1 (hermana),SI,SI,0.638,0.242,ok,anomalo,medido
PD-526-0,PD,526,0,2TTx56,4,NO,NO,659549.558,4331426.771,4331501.379,739.279,736.577,-3.622,-3.589,-0.257,-0.891,355.9,13.9,3.598,3.698,0.014,0.101,sí,no,,,1.574,23.7,3.919,0.907,345.8,3.702,PD-526-0 (hermana),PD-533-0,SI,NO,-3.718,0.096,ok,,medido
PD-526-1,PD,526,1,2TTx56,4,NO,NO,659555.53,4331426.74,4331501.353,739.162,736.508,-3.557,-3.589,0.266,-0.806,4.2,12.7,3.599,3.679,0.078,0.119,sí,no,,,1.574,23.7,3.919,0.907,345.8,3.702,PD-526-0 (hermana),PD-533-0,SI,NO,-3.61,0.053,ok,,medido
PD-527-0,PD,527,0,2TTx56,4,NO,NO,659540.37,4331917.054,4331991.731,726.961,726.673,-0.386,-0.412,2.848,-2.718,81.8,81.4,2.878,2.749,0.041,0.083,sí,no,,,3.38,83.0,3.405,-2.681,81.3,2.712,PD-521-1,PD-527-1 (hermana),NO,SI,0.0,-0.386,ok,anomalo,medido
PD-527-1,PD,527,1,2TTx56,4,NO,NO,659546.39,4331916.95,4331991.653,726.82,726.492,-0.439,-0.412,2.853,-2.909,81.8,81.9,2.883,2.938,0.03,0.104,sí,no,,,3.38,83.0,3.405,-2.681,81.3,2.712,PD-521-1,PD-527-1 (hermana),NO,SI,-0.12,-0.319,ok,anomalo,medido
PD-528-0,PD,528,0,2TTx56,4,NO,NO,659549.567,4331590.649,4331665.346,727.91,727.778,-0.177,-0.444,4.557,-2.218,84.4,78.7,4.579,2.262,0.069,0.07,no,sí,,,2.997,81.6,3.03,-2.126,78.2,2.172,PD-522-1,PD-528-1 (hermana),NO,SI,-0.487,0.31,ok,,medido
PD-528-1,PD,528,1,2TTx56,4,NO,NO,659555.558,4331590.68,4331665.371,727.982,727.451,-0.711,-0.444,4.019,-1.855,83.7,76.5,4.043,1.907,0.078,0.072,no,sí,,,2.997,81.6,3.03,-2.126,78.2,2.172,PD-522-1,PD-528-1 (hermana),NO,SI,-0.923,0.212,ok,,medido
PD-529-0,PD,529,0,2TTx42,3,NO,NO,659549.611,4331665.62,4331721.85,727.81,727.212,-1.063,-0.973,3.899,-4.338,76.0,77.4,4.019,4.446,0.029,0.028,sí,no,,,4.391,77.5,4.497,-3.894,76.0,4.014,PD-523-1,PD-529-1 (hermana),NO,SI,-0.927,-0.136,ok,,medido
PD-529-1,PD,529,1,2TTx42,3,NO,NO,659555.628,4331665.592,4331721.812,727.525,727.029,-0.882,-0.973,3.985,-4.161,76.3,76.8,4.102,4.273,0.019,0.076,sí,no,,,4.391,77.5,4.497,-3.894,76.0,4.014,PD-523-1,PD-529-1 (hermana),NO,SI,-0.737,-0.145,ok,,medido
PD-53-0,PD,53,0,2TTx42,3,NO,NO,658083.106,4330283.402,4330339.452,790.136,786.058,-7.276,-7.248,-1.26,2.051,350.1,344.2,7.357,7.533,0.075,0.042,sí,no,,,-1.761,346.3,7.459,1.761,346.3,7.459,PD-53-0 (hermana),PD-53-1 (hermana),SI,SI,-6.909,-0.367,ok,,medido
PD-53-1,PD,53,1,2TTx42,3,NO,NO,658089.082,4330283.261,4330339.31,790.236,786.189,-7.22,-7.248,-1.425,2.186,348.9,343.2,7.387,7.571,0.094,0.035,sí,no,,,-1.761,346.3,7.459,1.761,346.3,7.459,PD-53-0 (hermana),PD-53-1 (hermana),SI,SI,-6.982,-0.238,ok,,medido
PD-530-0,PD,530,0,2TTx28,2,NO,NO,659561.597,4331350.693,4331388.464,740.928,740.085,-2.232,-2.207,1.838,-1.674,39.8,37.2,2.872,2.77,0.054,0.037,no,sí,,,1.375,31.9,2.6,-1.375,31.9,2.6,PD-530-0 (hermana),PD-530-1 (hermana),SI,SI,-2.121,-0.111,ok,,medido
PD-530-1,PD,530,1,2TTx28,2,NO,NO,659567.596,4331350.646,4331388.42,740.837,740.013,-2.181,-2.207,1.563,-1.766,35.3,38.7,2.704,2.826,0.073,0.039,no,sí,,,1.375,31.9,2.6,-1.375,31.9,2.6,PD-530-0 (hermana),PD-530-1 (hermana),SI,SI,-2.036,-0.145,ok,,medido
PD-531-0,PD,531,0,2TTx56,4,NO,NO,659561.563,4331388.717,4331463.362,740.146,737.98,-2.902,-2.858,1.106,-1.94,21.2,34.2,3.064,3.454,0.152,0.034,sí,sí,,,1.366,25.5,3.167,-1.366,25.5,3.167,PD-531-0 (hermana),PD-531-1 (hermana),SI,SI,-2.962,0.06,ok,,medido
PD-531-1,PD,531,1,2TTx56,4,NO,NO,659567.571,4331388.718,4331463.356,740.031,737.931,-2.814,-2.858,1.073,-2.162,20.6,37.1,3.052,3.583,0.127,0.03,sí,sí,,,1.366,25.5,3.167,-1.366,25.5,3.167,PD-531-0 (hermana),PD-531-1 (hermana),SI,SI,-2.871,0.057,ok,,medido
PD-532-0,PD,532,0,2TTx56,4,NO,NO,659552.358,4331860.507,4331935.201,726.118,726.584,0.624,0.693,3.17,-2.627,102.3,104.8,3.245,2.717,0.092,0.083,no,sí,,,4.711,98.4,4.761,-1.811,110.9,1.939,PD-525-1,PD-532-1 (hermana),NO,SI,0.702,-0.078,ok,,medido
PD-532-1,PD,532,1,2TTx56,4,NO,NO,659558.359,4331860.537,4331935.222,725.958,726.527,0.762,0.693,2.789,-3.038,104.0,102.8,2.874,3.116,0.069,0.029,no,sí,,,4.711,98.4,4.761,-1.811,110.9,1.939,PD-525-1,PD-532-1 (hermana),NO,SI,0.626,0.136,ok,,medido
PD-533-0,PD,533,0,2TTx42,3,NO,NO,659561.574,4331463.693,4331519.874,737.909,735.891,-3.592,-3.673,-0.29,-1.056,355.5,16.0,3.685,3.822,0.062,0.025,sí,no,,,0.794,12.2,3.758,-0.794,12.2,3.758,PD-533-0 (hermana),PD-533-1 (hermana),SI,SI,-3.657,0.065,ok,,medido
PD-533-1,PD,533,1,2TTx42,3,NO,NO,659567.629,4331463.708,4331519.881,737.906,735.797,-3.754,-3.673,0.149,-1.149,2.3,17.4,3.676,3.849,0.039,0.031,sí,no,,,0.794,12.2,3.758,-0.794,12.2,3.758,PD-533-0 (hermana),PD-533-1 (hermana),SI,SI,-3.639,-0.115,ok,,medido
PD-534-0,PD,534,0,2TTx28,2,NO,NO,659552.356,4331935.457,4331973.238,726.595,726.377,-0.577,-0.622,2.914,-3.048,77.9,78.5,2.98,3.111,0.011,0.108,sí,no,,,2.846,77.7,2.913,-1.246,63.5,1.393,PD-527-1,PD-534-1 (hermana),NO,SI,-0.443,-0.134,ok,,medido
PD-534-1,PD,534,1,2TTx28,2,NO,NO,659558.36,4331935.495,4331973.261,726.537,726.285,-0.667,-0.622,2.346,-3.67,75.1,80.4,2.427,3.722,0.046,0.025,sí,no,,,2.846,77.7,2.913,-1.246,63.5,1.393,PD-527-1,PD-534-1 (hermana),NO,SI,-0.473,-0.194,ok,,medido
PD-535-0,PD,535,0,2TTx56,4,NO,NO,659561.621,4331590.715,4331665.408,727.942,727.015,-1.241,-1.561,4.037,-0.883,68.9,29.5,4.328,1.794,0.053,0.022,no,sí,,,3.92,68.3,4.219,-0.546,19.3,1.654,PD-528-1,PD-540-0,NO,NO,-1.396,0.155,ok,,medido
PD-535-1,PD,535,1,2TTx56,4,NO,NO,659567.616,4331590.679,4331665.359,728.116,726.711,-1.881,-1.561,3.137,-0.584,63.5,20.5,3.504,1.667,0.17,0.043,no,sí,,,3.92,68.3,4.219,-0.546,19.3,1.654,PD-528-1,PD-540-0,NO,NO,-1.904,0.023,ok,,medido
PD-536-0,PD,536,0,2TTx42,3,NO,NO,659561.62,4331665.605,4331721.824,727.083,726.83,-0.45,-0.305,4.422,-3.54,86.1,85.1,4.433,3.553,0.055,0.035,sí,no,,,5.347,86.7,5.356,-3.457,85.0,3.47,PD-529-1,PD-541-0,NO,NO,-0.524,0.074,ok,,medido
PD-536-1,PD,536,1,2TTx42,3,NO,NO,659567.634,4331665.572,4331721.795,726.75,726.66,-0.16,-0.305,4.375,-3.029,86.0,84.2,4.386,3.044,0.047,0.013,sí,no,,,5.347,86.7,5.356,-3.457,85.0,3.47,PD-529-1,PD-541-0,NO,NO,-0.514,0.354,ok,,medido
PD-537-0,PD,537,0,2TTx28,2,NO,NO,659573.608,4331350.67,4331388.452,740.668,739.858,-2.144,-2.234,1.7,-1.292,37.3,30.0,2.807,2.581,0.059,0.008,no,sí,,,2.685,50.2,3.492,-1.019,24.5,2.455,PD-530-1,PD-542-0,NO,NO,-2.099,-0.045,ok,,medido
PD-537-1,PD,537,1,2TTx28,2,NO,NO,659579.611,4331350.636,4331388.416,740.608,739.73,-2.324,-2.234,1.675,-1.137,36.9,27.0,2.792,2.507,0.055,0.013,no,sí,,,2.685,50.2,3.492,-1.019,24.5,2.455,PD-530-1,PD-542-0,NO,NO,-2.223,-0.101,ok,,medido
PD-538-0,PD,538,0,2TTx56,4,NO,NO,659573.615,4331388.713,4331463.365,739.901,737.733,-2.904,-2.863,1.581,-2.031,28.9,35.3,3.271,3.51,0.068,0.051,sí,sí,,,2.712,43.5,3.944,-1.507,27.8,3.236,PD-531-1,PD-538-1 (hermana),NO,SI,-2.847,-0.057,ok,,medido
PD-538-1,PD,538,1,2TTx56,4,NO,NO,659579.61,4331388.684,4331463.335,739.781,737.674,-2.822,-2.863,1.594,-2.251,29.1,38.2,3.277,3.642,0.062,0.03,sí,sí,,,2.712,43.5,3.944,-1.507,27.8,3.236,PD-531-1,PD-538-1 (hermana),NO,SI,-2.895,0.073,ok,,medido
PD-539-0,PD,539,0,2TTx42,3,NO,NO,659573.627,4331463.674,4331519.85,737.744,735.78,-3.496,-3.479,0.745,-1.064,12.1,17.0,3.558,3.638,0.049,0.033,sí,no,,,1.512,23.5,3.794,-0.751,12.2,3.56,PD-533-1,PD-544-0,NO,NO,-3.547,0.051,ok,,medido
PD-539-1,PD,539,1,2TTx42,3,NO,NO,659579.622,4331463.676,4331519.847,737.684,735.739,-3.463,-3.479,0.823,-1.085,13.3,17.3,3.575,3.645,0.042,0.026,sí,no,,,1.512,23.5,3.794,-0.751,12.2,3.56,PD-533-1,PD-544-0,NO,NO,-3.27,-0.193,ok,,medido
PD-54-0,PD,54,0,2TTx28,2,NO,NO,658071.061,4331057.3,4331094.94,766.352,763.966,-6.339,-6.447,-0.001,0.507,360.0,355.5,6.447,6.466,0.032,0.136,no,no,,,0.525,4.7,6.468,1.883,343.7,6.716,PD-48-1,PD-60-0,NO,NO,-6.236,-0.103,ok,,medido
PD-54-1,PD,54,1,2TTx28,2,NO,NO,658077.069,4331057.295,4331094.92,766.45,763.984,-6.554,-6.447,-0.231,0.656,357.9,354.2,6.451,6.48,0.01,0.137,no,no,,,0.525,4.7,6.468,1.883,343.7,6.716,PD-48-1,PD-60-0,NO,NO,-6.486,-0.068,ok,,medido
PD-540-0,PD,540,0,2TTx56,4,NO,NO,659573.627,4331590.7,4331665.404,728.176,726.584,-2.131,-2.312,1.713,-0.585,36.5,14.2,2.877,2.385,0.051,0.041,no,sí,,,0.641,15.5,2.399,-0.641,15.5,2.399,PD-540-0 (hermana),PD-540-1 (hermana),SI,SI,-2.222,0.091,ok,,medido
PD-540-1,PD,540,1,2TTx56,4,NO,NO,659579.626,4331590.686,4331665.377,728.273,726.411,-2.493,-2.312,1.159,0.158,26.6,356.1,2.586,2.317,0.095,0.038,no,sí,,,0.641,15.5,2.399,-0.641,15.5,2.399,PD-540-0 (hermana),PD-540-1 (hermana),SI,SI,-2.57,0.077,ok,,medido
PD-541-0,PD,541,0,2TTx42,3,NO,NO,659573.633,4331665.613,4331721.829,726.652,726.343,-0.55,-0.596,4.174,-2.392,81.9,76.0,4.216,2.465,0.028,0.0,sí,no,,,3.457,80.2,3.508,-2.392,76.0,2.465,PD-536-1,PD-541-1 (hermana),NO,SI,-0.515,-0.035,ok,,medido
PD-541-1,PD,541,1,2TTx42,3,NO,NO,659579.657,4331665.6,4331721.806,726.534,726.173,-0.642,-0.596,3.522,,80.4,,3.572,,0.077,,sí,no,,,3.457,80.2,3.508,-2.392,76.0,2.465,PD-536-1,PD-541-1 (hermana),NO,SI,-0.676,0.034,ok,,medido
PD-542-0,PD,542,0,2TTx28,2,NO,NO,659585.605,4331358.2,4331395.957,740.443,739.386,-2.799,-2.932,1.648,-1.308,29.3,24.0,3.364,3.211,0.026,0.022,no,sí,,,3.179,47.3,4.325,-1.198,22.2,3.168,PD-538-1,PD-542-1 (hermana),NO,SI,-2.5,-0.299,ok,,medido
PD-542-1,PD,542,1,2TTx28,2,NO,NO,659591.579,4331358.253,4331396.001,740.42,739.263,-3.065,-2.932,1.472,-1.35,26.7,24.7,3.281,3.228,0.031,0.023,no,sí,,,3.179,47.3,4.325,-1.198,22.2,3.168,PD-538-1,PD-542-1 (hermana),NO,SI,-2.779,-0.286,ok,,medido
PD-543-0,PD,543,0,2TTx56,4,NO,NO,659585.568,4331396.317,4331470.973,739.513,737.29,-2.978,-2.927,1.844,-2.101,32.2,35.7,3.459,3.603,0.027,0.08,sí,sí,,,2.885,44.6,4.11,-2.343,38.7,3.749,PD-543-0 (hermana),PD-547-0,SI,NO,-2.869,-0.109,ok,,medido
PD-543-1,PD,543,1,2TTx56,4,NO,NO,659591.556,4331396.327,4331470.979,739.302,737.155,-2.876,-2.927,2.141,-1.665,36.2,29.6,3.626,3.367,0.045,0.048,sí,sí,,,2.885,44.6,4.11,-2.343,38.7,3.749,PD-543-0 (hermana),PD-547-0,SI,NO,-2.83,-0.046,ok,,medido
PD-544-0,PD,544,0,2TTx42,3,NO,NO,659585.583,4331471.228,4331527.403,737.279,735.562,-3.057,-2.956,0.931,-1.082,17.5,20.1,3.099,3.148,0.008,0.026,sí,no,,,1.658,29.3,3.389,-0.904,17.0,3.091,PD-544-0 (hermana),PD-548-0,SI,NO,-3.069,0.012,ok,,medido
PD-544-1,PD,544,1,2TTx42,3,NO,NO,659591.566,4331471.238,4331527.412,737.123,735.519,-2.855,-2.956,1.157,-0.862,21.4,16.3,3.174,3.079,0.03,0.021,sí,no,,,1.658,29.3,3.389,-0.904,17.0,3.091,PD-544-0 (hermana),PD-548-0,SI,NO,-2.82,-0.035,ok,,medido
PD-545-0,PD,545,0,2TTx56,4,SI,SI,659585.639,4331590.672,4331665.474,728.327,726.171,-2.882,-2.943,0.976,0.649,18.3,347.6,3.101,3.014,0.033,0.028,no,no,,,1.527,27.4,3.315,1.11,339.3,3.145,PD-540-1,PD-545-1 (hermana),NO,SI,-2.64,-0.242,ok,,medido
PD-545-1,PD,545,1,2TTx56,4,SI,SI,659591.643,4331590.843,4331665.62,728.434,726.188,-3.004,-2.943,0.314,0.558,6.1,349.3,2.96,2.995,0.022,0.037,no,no,,,1.527,27.4,3.315,1.11,339.3,3.145,PD-540-1,PD-545-1 (hermana),NO,SI,-2.772,-0.232,ok,,medido
PD-546-0,PD,546,0,2TTx28,2,NO,NO,659597.603,4331358.252,4331396.021,740.343,739.17,-3.106,-3.198,1.248,-1.289,21.3,22.0,3.433,3.448,0.01,0.019,no,sí,,,1.406,23.7,3.494,-0.91,15.9,3.325,PD-542-1,PD-549-0,NO,NO,-3.003,-0.103,ok,,medido
PD-546-1,PD,546,1,2TTx28,2,NO,NO,659603.627,4331358.272,4331396.041,740.296,739.053,-3.291,-3.198,1.247,-1.673,21.3,27.6,3.433,3.61,0.016,0.099,no,sí,,,1.406,23.7,3.494,-0.91,15.9,3.325,PD-542-1,PD-549-0,NO,NO,-3.019,-0.272,ok,,medido
PD-547-0,PD,547,0,2TTx56,4,NO,NO,659597.603,4331396.284,4331470.941,739.235,736.941,-3.073,-3.02,2.237,-1.583,36.5,27.7,3.758,3.41,0.045,0.079,sí,sí,,,2.343,37.8,3.823,0.035,359.3,3.02,PD-543-1,PD-550-0,NO,NO,-2.911,-0.162,ok,,medido
PD-547-1,PD,547,1,2TTx56,4,NO,NO,659603.605,4331396.309,4331470.977,739.081,736.865,-2.968,-3.02,2.166,-1.832,35.6,31.2,3.717,3.532,0.038,0.113,sí,sí,,,2.343,37.8,3.823,0.035,359.3,3.02,PD-543-1,PD-550-0,NO,NO,-2.929,-0.039,ok,,medido
PD-548-0,PD,548,0,2TTx42,3,NO,NO,659597.615,4331471.223,4331527.413,736.949,735.584,-2.429,-2.491,1.175,-1.019,25.3,22.3,2.754,2.691,0.013,0.042,sí,no,,,0.904,19.9,2.65,-0.528,12.0,2.546,PD-544-1,PD-551-0,NO,NO,-2.646,0.217,ok,,medido
PD-548-1,PD,548,1,2TTx42,3,NO,NO,659603.625,4331471.147,4331527.337,736.937,735.503,-2.552,-2.491,1.062,-1.561,23.1,32.1,2.708,2.939,0.012,0.067,sí,no,,,0.904,19.9,2.65,-0.528,12.0,2.546,PD-544-1,PD-551-0,NO,NO,-2.592,0.04,ok,,medido
PD-549-0,PD,549,0,2TTx28,2,NO,NO,659609.618,4331358.217,4331395.999,740.184,739.059,-2.978,-2.881,1.197,-2.283,22.6,38.4,3.12,3.676,0.005,0.096,no,sí,,,1.978,34.5,3.495,-1.306,24.4,3.163,PD-549-0 (hermana),PD-553-0,SI,NO,-3.001,0.023,ok,,medido
PD-549-1,PD,549,1,2TTx28,2,NO,NO,659615.597,4331358.194,4331395.97,740.03,738.978,-2.785,-2.881,1.404,-2.539,26.0,41.4,3.205,3.84,0.034,0.074,no,sí,,,1.978,34.5,3.495,-1.306,24.4,3.163,PD-549-0 (hermana),PD-553-0,SI,NO,-2.704,-0.081,ok,,medido
PD-55-0,PD,55,0,2TTx28,2,NO,NO,658083.125,4330660.734,4330698.429,780.336,779.385,-2.523,-2.403,-2.189,-0.04,317.7,1.0,3.25,2.403,0.095,0.072,no,no,,,-0.6,346.0,2.477,1.16,334.2,2.668,PD-49-1,PD-55-1 (hermana),NO,SI,-2.506,-0.017,ok,,medido
PD-55-1,PD,55,1,2TTx28,2,NO,NO,658089.113,4330660.66,4330698.375,780.362,779.501,-2.283,-2.403,-1.916,-0.515,321.4,12.1,3.073,2.457,0.118,0.033,no,no,,,-0.6,346.0,2.477,1.16,334.2,2.668,PD-49-1,PD-55-1 (hermana),NO,SI,-2.137,-0.146,ok,,medido
PD-550-0,PD,550,0,2TTx56,4,NO,NO,659609.66,4331396.308,4331470.952,739.102,736.849,-3.018,-3.058,1.486,-2.347,25.9,37.5,3.4,3.855,0.068,0.093,sí,sí,,,2.434,38.5,3.908,-1.606,27.7,3.454,PD-550-0 (hermana),PD-554-0,SI,NO,-2.975,-0.043,ok,,medido
PD-550-1,PD,550,1,2TTx56,4,NO,NO,659615.592,4331396.289,4331470.947,738.988,736.675,-3.098,-3.058,1.55,-2.261,26.9,36.5,3.429,3.803,0.052,0.1,sí,sí,,,2.434,38.5,3.908,-1.606,27.7,3.454,PD-550-0 (hermana),PD-554-0,SI,NO,-3.256,0.158,ok,,medido
PD-551-0,PD,551,0,2TTx42,3,NO,NO,659609.601,4331471.261,4331527.457,736.89,735.481,-2.507,-2.331,0.917,-1.965,21.5,40.1,2.505,3.049,0.024,0.036,sí,no,,,1.464,32.1,2.753,-1.464,32.1,2.753,PD-551-0 (hermana),PD-551-1 (hermana),SI,SI,-2.502,-0.005,ok,,medido
PD-551-1,PD,551,1,2TTx42,3,NO,NO,659615.59,4331471.184,4331527.387,736.705,735.494,-2.155,-2.331,0.956,-2.217,22.3,43.6,2.519,3.217,0.03,0.027,sí,no,,,1.464,32.1,2.753,-1.464,32.1,2.753,PD-551-0 (hermana),PD-551-1 (hermana),SI,SI,-2.393,0.238,ok,,medido
PD-552-0,PD,552,0,2TTx56,4,SI,SI,659609.589,4331570.375,4331645.011,730.786,725.905,-6.54,-6.439,-0.383,0.567,356.6,355.0,6.45,6.464,0.029,0.062,no,no,,,-0.778,353.1,6.486,1.384,347.9,6.586,PD-552-0 (hermana),PD-555-0,SI,NO,-6.149,-0.391,ok,,medido
PD-552-1,PD,552,1,2TTx56,4,SI,SI,659615.617,4331570.492,4331645.139,730.75,726.019,-6.338,-6.439,-0.614,0.169,354.6,358.5,6.468,6.441,0.026,0.073,no,no,,,-0.778,353.1,6.486,1.384,347.9,6.586,PD-552-0 (hermana),PD-555-0,SI,NO,-6.404,0.066,ok,,medido
PD-553-0,PD,553,0,2TTx56,4,NO,NO,659621.613,4331377.802,4331452.486,739.452,736.989,-3.298,-3.255,1.651,-2.326,26.9,35.5,3.65,4.001,0.141,0.013,no,sí,,,3.352,45.8,4.672,-2.373,36.1,4.028,PD-550-1,PD-556-0,NO,NO,-3.217,-0.081,ok,,medido
PD-553-1,PD,553,1,2TTx56,4,NO,NO,659627.626,4331377.809,4331452.491,739.268,736.869,-3.212,-3.255,2.055,-2.192,32.3,34.0,3.849,3.924,0.114,0.006,no,sí,,,3.352,45.8,4.672,-2.373,36.1,4.028,PD-550-1,PD-556-0,NO,NO,-3.126,-0.086,ok,,medido
PD-554-0,PD,554,0,2TTx56,4,NO,NO,659621.628,4331452.827,4331527.486,737.07,735.329,-2.332,-2.309,1.451,-2.453,32.1,46.7,2.727,3.369,0.09,0.043,sí,no,,,2.186,43.4,3.18,-2.186,43.4,3.18,PD-554-0 (hermana),PD-554-1 (hermana),SI,SI,-2.317,-0.015,ok,,medido
PD-554-1,PD,554,1,2TTx56,4,NO,NO,659627.632,4331452.777,4331527.429,736.923,735.216,-2.287,-2.309,1.812,-2.453,38.1,46.7,2.935,3.369,0.082,0.038,sí,no,,,2.186,43.4,3.18,-2.186,43.4,3.18,PD-554-0 (hermana),PD-554-1 (hermana),SI,SI,-2.326,0.039,ok,,medido
PD-555-0,PD,555,0,2TTx56,4,SI,NO,659621.635,4331570.25,4331644.919,730.863,726.102,-6.376,-6.299,-0.758,-0.6,353.1,5.4,6.344,6.327,0.023,0.044,no,no,,,-0.127,358.8,6.3,0.127,358.8,6.3,PD-555-0 (hermana),PD-555-1 (hermana),SI,SI,-6.334,-0.042,ok,,medido
PD-555-1,PD,555,1,2TTx56,4,SI,NO,659627.629,4331570.344,4331645.004,730.807,726.162,-6.222,-6.299,-0.717,-1.046,353.5,9.4,6.34,6.385,0.035,0.022,no,no,,,-0.127,358.8,6.3,0.127,358.8,6.3,PD-555-0 (hermana),PD-555-1 (hermana),SI,SI,-6.236,0.014,ok,,medido
PD-556-0,PD,556,0,2TTx56,4,NO,NO,659633.553,4331377.823,4331452.5,739.02,736.835,-2.926,-2.868,2.255,-2.151,38.2,36.9,3.648,3.585,0.071,0.009,no,sí,,,2.373,39.6,3.722,-2.058,35.7,3.53,PD-553-1,PD-559-0,NO,NO,-3.036,0.11,ok,,medido
PD-556-1,PD,556,1,2TTx56,4,NO,NO,659639.555,4331377.795,4331452.47,738.849,736.751,-2.81,-2.868,2.445,-2.22,40.5,37.7,3.769,3.627,0.052,0.017,no,sí,,,2.373,39.6,3.722,-2.058,35.7,3.53,PD-553-1,PD-559-0,NO,NO,-3.028,0.218,ok,,medido
PD-557-0,PD,557,0,2TTx56,4,NO,NO,659633.58,4331452.74,4331527.389,736.771,735.006,-2.364,-2.441,2.111,-2.251,40.9,42.7,3.227,3.32,0.063,0.05,sí,no,,,3.058,51.4,3.913,-1.416,30.1,2.822,PD-554-1,PD-557-1 (hermana),NO,SI,-2.437,0.073,ok,,medido
PD-557-1,PD,557,1,2TTx56,4,NO,NO,659639.611,4331452.772,4331527.406,736.742,734.863,-2.518,-2.441,2.056,-2.699,40.1,47.9,3.191,3.639,0.035,0.034,sí,no,,,3.058,51.4,3.913,-1.416,30.1,2.822,PD-554-1,PD-557-1 (hermana),NO,SI,-2.494,-0.024,ok,,medido
PD-558-0,PD,558,0,2TTx56,4,SI,NO,659633.608,4331570.219,4331644.875,730.663,726.197,-5.982,-5.897,-0.121,-1.13,358.8,10.8,5.898,6.004,0.069,0.032,no,no,,,1.041,10.0,5.988,-0.696,6.7,5.938,PD-555-1,PD-558-1 (hermana),NO,SI,-6.021,0.039,ok,,medido
PD-558-1,PD,558,1,2TTx56,4,SI,NO,659639.613,4331570.362,4331645.027,730.549,726.21,-5.811,-5.897,0.326,-1.296,3.2,12.4,5.906,6.037,0.065,0.026,no,no,,,1.041,10.0,5.988,-0.696,6.7,5.938,PD-555-1,PD-558-1 (hermana),NO,SI,-5.849,0.038,ok,,medido
PD-559-0,PD,559,0,2TTx56,4,NO,NO,659645.636,4331377.849,4331452.54,738.84,736.506,-3.125,-3.043,2.216,-2.395,36.1,38.2,3.764,3.872,0.013,0.018,no,sí,,,2.101,34.6,3.698,-2.101,34.6,3.698,PD-559-0 (hermana),PD-559-1 (hermana),SI,SI,-3.018,-0.107,ok,,medido
PD-559-1,PD,559,1,2TTx56,4,NO,NO,659651.647,4331377.797,4331452.505,738.654,736.442,-2.961,-3.043,2.132,-2.382,35.0,38.1,3.715,3.864,0.008,0.029,no,sí,,,2.101,34.6,3.698,-2.101,34.6,3.698,PD-559-0 (hermana),PD-559-1 (hermana),SI,SI,-3.036,0.075,ok,,medido
PD-56-0,PD,56,0,2TTx28,2,NO,NO,658095.114,4330095.351,4330133.065,800.232,799.204,-2.726,-2.74,0.883,-1.947,17.9,35.4,2.879,3.361,0.078,0.19,no,sí,,,1.591,30.1,3.168,0.383,352.0,2.767,PD-50-1,PD-62-0,NO,NO,-3.039,0.313,ok,,medido
PD-56-1,PD,56,1,2TTx28,2,NO,NO,658101.105,4330095.269,4330132.995,800.176,799.137,-2.754,-2.74,1.164,-2.716,23.0,44.7,2.977,3.858,0.038,0.187,no,sí,,,1.591,30.1,3.168,0.383,352.0,2.767,PD-50-1,PD-62-0,NO,NO,-3.028,0.274,ok,,medido
PD-560-0,PD,560,0,2TTx56,4,NO,NO,659645.627,4331452.784,4331527.422,736.559,734.613,-2.607,-2.648,2.626,-3.073,44.8,49.3,3.729,4.056,0.058,0.125,sí,no,,,3.593,53.6,4.463,-2.092,38.3,3.375,PD-557-1,PD-563-0,NO,NO,-2.545,-0.062,ok,,medido
PD-560-1,PD,560,1,2TTx56,4,NO,NO,659651.654,4331452.75,4331527.402,736.464,734.457,-2.688,-2.648,2.512,-3.711,43.5,54.5,3.65,4.559,0.04,0.119,sí,no,,,3.593,53.6,4.463,-2.092,38.3,3.375,PD-557-1,PD-563-0,NO,NO,-2.592,-0.096,ok,,medido
PD-561-0,PD,561,0,2TTx56,4,SI,SI,659645.623,4331570.341,4331645.052,730.37,726.238,-5.531,-5.417,0.853,-1.124,8.9,11.7,5.484,5.533,0.026,0.043,no,no,,,1.254,13.0,5.561,-0.91,9.5,5.493,PD-558-1,PD-561-1 (hermana),NO,SI,-5.545,0.014,ok,,medido
PD-561-1,PD,561,1,2TTx56,4,SI,SI,659651.644,4331570.443,4331645.161,730.225,726.262,-5.304,-5.417,0.98,-0.824,10.3,8.6,5.505,5.48,0.012,0.044,no,no,,,1.254,13.0,5.561,-0.91,9.5,5.493,PD-558-1,PD-561-1 (hermana),NO,SI,-5.281,-0.023,ok,,medido
PD-562-0,PD,562,0,2TTx56,4,NO,NO,659657.642,4331377.816,4331452.507,738.518,736.28,-2.996,-2.945,2.222,-2.266,37.0,37.6,3.689,3.716,0.015,0.013,no,sí,,,2.48,40.1,3.85,-2.441,39.7,3.825,PD-559-1,PD-562-1 (hermana),NO,SI,-2.952,-0.044,ok,,medido
PD-562-1,PD,562,1,2TTx56,4,NO,NO,659663.635,4331377.785,4331452.486,738.334,736.173,-2.893,-2.945,2.322,-2.03,38.3,34.6,3.75,3.577,0.017,0.021,no,sí,,,2.48,40.1,3.85,-2.441,39.7,3.825,PD-559-1,PD-562-1 (hermana),NO,SI,-2.784,-0.109,ok,,medido
PD-563-0,PD,563,0,2TTx42,3,NO,NO,659657.607,4331452.831,4331509.016,736.308,734.856,-2.584,-2.695,2.286,-4.384,40.3,58.4,3.534,5.146,0.04,0.063,sí,no,,,3.332,51.0,4.286,-3.332,51.0,4.286,PD-563-0 (hermana),PD-563-1 (hermana),SI,SI,-2.516,-0.068,ok,,medido
PD-563-1,PD,563,1,2TTx42,3,NO,NO,659663.632,4331452.854,4331509.047,736.169,734.592,-2.806,-2.695,2.661,-4.676,44.6,60.0,3.788,5.397,0.04,0.017,sí,no,,,3.332,51.0,4.286,-3.332,51.0,4.286,PD-563-0 (hermana),PD-563-1 (hermana),SI,SI,-2.698,-0.108,ok,,medido
PD-564-0,PD,564,0,2TTx56,4,NO,NO,659657.61,4331570.296,4331644.887,730.045,726.25,-5.088,-4.959,1.205,-0.446,13.7,5.1,5.103,4.979,0.035,0.012,no,no,,,1.794,19.9,5.273,0.31,356.4,4.968,PD-561-1,PD-568-0,NO,NO,-5.055,-0.033,ok,,medido
PD-564-1,PD,564,1,2TTx56,4,NO,NO,659663.599,4331570.244,4331644.865,729.868,726.264,-4.83,-4.959,1.305,-0.019,14.7,0.2,5.128,4.959,0.034,0.02,no,no,,,1.794,19.9,5.273,0.31,356.4,4.968,PD-561-1,PD-568-0,NO,NO,-4.885,0.055,ok,,medido
PD-565-0,PD,565,0,2TTx28,2,NO,NO,659657.573,4331675.949,4331713.696,725.335,723.976,-3.6,-3.607,,-1.345,,20.4,,3.85,,0.035,no,no,,,1.071,16.5,3.763,-1.04,16.1,3.754,PD-565-0 (hermana),PD-569-0,SI,NO,-2.544,-1.056,revisar,,medido
PD-565-1,PD,565,1,2TTx28,2,NO,NO,659663.597,4331675.921,4331713.666,725.274,723.91,-3.614,-3.607,1.071,-1.39,16.5,21.1,3.763,3.866,0.0,0.023,no,no,,,1.071,16.5,3.763,-1.04,16.1,3.754,PD-565-0 (hermana),PD-569-0,SI,NO,-2.731,-0.883,atencion,,medido
PD-566-0,PD,566,0,2TTx42,3,NO,NO,659669.646,4331382.737,4331438.973,738.064,736.367,-3.018,-2.907,2.521,-1.705,40.9,30.4,3.848,3.37,0.01,0.02,no,no,,,2.692,42.8,3.962,-1.376,25.3,3.216,PD-562-1,PD-566-1 (hermana),NO,SI,-2.673,-0.345,ok,,medido
PD-566-1,PD,566,1,2TTx42,3,NO,NO,659675.645,4331382.706,4331438.934,737.92,736.348,-2.796,-2.907,2.181,-1.932,36.9,33.6,3.634,3.49,0.019,0.01,no,no,,,2.692,42.8,3.962,-1.376,25.3,3.216,PD-562-1,PD-566-1 (hermana),NO,SI,-2.615,-0.181,ok,,medido
PD-567-0,PD,567,0,2TTx28,2,NO,NO,659669.632,4331471.271,4331509.009,735.484,734.201,-3.4,-3.597,3.39,-4.205,43.3,49.5,4.943,5.534,0.094,0.096,no,no,,,5.066,54.6,6.214,-4.429,50.9,5.706,PD-567-0 (hermana),PD-571-0,SI,NO,-3.021,-0.379,ok,,medido
PD-567-1,PD,567,1,2TTx28,2,NO,NO,659675.619,4331471.193,4331508.901,735.258,733.827,-3.795,-3.597,3.875,-3.775,47.1,46.4,5.287,5.215,0.118,0.071,no,no,,,5.066,54.6,6.214,-4.429,50.9,5.706,PD-567-0 (hermana),PD-571-0,SI,NO,-3.329,-0.466,ok,,medido
PD-568-0,PD,568,0,2TTx56,4,NO,NO,659669.618,4331570.281,4331644.897,729.909,726.257,-4.894,-4.871,0.851,-0.29,9.9,3.4,4.945,4.88,0.023,0.023,no,no,,,0.064,0.8,4.871,-0.064,0.8,4.871,PD-568-0 (hermana),PD-568-1 (hermana),SI,SI,-4.852,-0.042,ok,,medido
PD-568-1,PD,568,1,2TTx56,4,NO,NO,659675.63,4331570.254,4331644.869,729.889,726.272,-4.848,-4.871,0.489,-0.404,5.7,4.7,4.895,4.888,0.058,0.023,no,no,,,0.064,0.8,4.871,-0.064,0.8,4.871,PD-568-0 (hermana),PD-568-1 (hermana),SI,SI,-4.829,-0.019,ok,,medido
PD-569-0,PD,569,0,2TTx28,2,NO,NO,659669.625,4331673.943,4331711.687,725.337,723.87,-3.887,-3.661,1.052,-1.348,16.0,20.2,3.809,3.901,0.0,0.057,no,no,,,2.127,30.2,4.234,-1.521,22.6,3.964,PD-569-0 (hermana),PD-573-0,SI,NO,-3.061,-0.826,atencion,,medido
PD-569-1,PD,569,1,2TTx28,2,NO,NO,659675.626,4331673.918,4331711.676,725.125,723.828,-3.435,-3.661,1.484,-0.302,22.1,4.7,3.95,3.673,0.039,0.129,no,no,,,2.127,30.2,4.234,-1.521,22.6,3.964,PD-569-0 (hermana),PD-573-0,SI,NO,-2.947,-0.488,ok,,medido
PD-57-0,PD,57,0,2TTx56,4,NO,NO,658095.131,4330133.364,4330207.94,799.299,795.52,-5.067,-4.958,-0.796,-0.701,350.9,8.0,5.022,5.008,0.062,0.253,sí,sí,,,0.241,2.8,4.964,0.3,356.5,4.967,PD-51-1,PD-63-0,NO,NO,-4.982,-0.085,ok,,medido
PD-57-1,PD,57,1,2TTx56,4,NO,NO,658101.148,4330133.388,4330207.938,799.23,795.615,-4.849,-4.958,-0.733,-1.509,351.6,16.9,5.012,5.183,0.101,0.232,sí,sí,,,0.241,2.8,4.964,0.3,356.5,4.967,PD-51-1,PD-63-0,NO,NO,-4.803,-0.046,ok,,medido
PD-570-0,PD,570,0,2TTx42,3,NO,NO,659681.661,4331382.738,4331438.962,737.711,736.283,-2.54,-2.387,2.131,-1.431,41.8,30.9,3.2,2.783,0.019,0.0,no,no,,,2.264,43.5,3.29,-1.431,30.9,2.783,PD-566-1,PD-570-1 (hermana),NO,SI,-2.423,-0.117,ok,,medido
PD-570-1,PD,570,1,2TTx42,3,NO,NO,659687.653,4331382.717,4331438.924,737.54,736.284,-2.235,-2.387,1.837,,37.6,,3.012,,0.025,,no,no,,,2.264,43.5,3.29,-1.431,30.9,2.783,PD-566-1,PD-570-1 (hermana),NO,SI,-2.264,0.029,ok,,medido
PD-571-0,PD,571,0,2TTx28,2,NO,NO,659681.623,4331471.264,4331509.001,735.118,733.428,-4.478,-4.766,4.295,-3.709,42.0,37.9,6.416,6.039,0.077,0.102,no,no,,,4.429,42.9,6.506,-1.471,17.2,4.988,PD-567-1,PD-574-0,NO,NO,-4.182,-0.296,ok,,medido
PD-571-1,PD,571,1,2TTx28,2,NO,NO,659687.635,4331471.282,4331509.012,734.971,733.064,-5.054,-4.766,4.548,-3.565,43.7,36.8,6.588,5.952,0.013,0.126,no,no,,,4.429,42.9,6.506,-1.471,17.2,4.988,PD-567-1,PD-574-0,NO,NO,-4.674,-0.38,ok,,medido
PD-572-0,PD,572,0,2TTx56,4,NO,NO,659681.624,4331570.277,4331644.916,729.833,726.269,-4.775,-4.79,0.463,-0.571,5.5,6.8,4.813,4.824,0.064,0.036,no,no,,,0.464,5.5,4.813,0.037,359.6,4.791,PD-568-1,PD-572-1 (hermana),NO,SI,-4.805,0.03,ok,,medido
PD-572-1,PD,572,1,2TTx56,4,NO,NO,659687.614,4331570.272,4331644.887,729.847,726.261,-4.806,-4.79,0.1,-1.046,1.2,12.3,4.792,4.903,0.014,0.091,no,no,,,0.464,5.5,4.813,0.037,359.6,4.791,PD-568-1,PD-572-1 (hermana),NO,SI,-4.701,-0.105,ok,,medido
PD-573-0,PD,573,0,2TTx28,2,NO,NO,659681.629,4331671.956,4331709.694,725.032,723.867,-3.087,-2.973,1.51,0.229,26.9,355.6,3.334,2.981,0.042,0.089,no,no,,,1.521,27.1,3.339,0.116,357.8,2.975,PD-569-1,PD-576-0,NO,NO,-2.748,-0.339,ok,,medido
PD-573-1,PD,573,1,2TTx28,2,NO,NO,659687.634,4331671.903,4331709.656,724.95,723.871,-2.858,-2.973,1.293,1.332,23.5,335.9,3.242,3.257,0.029,0.082,no,no,,,1.521,27.1,3.339,0.116,357.8,2.975,PD-569-1,PD-576-0,NO,NO,-2.535,-0.323,ok,,medido
PD-574-0,PD,574,0,2TTx42,3,NO,NO,659693.639,4331471.175,4331527.38,734.688,732.44,-4.0,-4.074,3.472,-4.859,40.4,50.0,5.352,6.341,0.079,0.032,no,no,,,4.545,48.1,6.103,-4.545,48.1,6.103,PD-574-0 (hermana),PD-574-1 (hermana),SI,SI,-3.835,-0.165,ok,,medido
PD-574-1,PD,574,1,2TTx42,3,NO,NO,659699.638,4331471.222,4331527.425,734.455,732.124,-4.147,-4.074,3.468,-4.707,40.4,49.1,5.35,6.225,0.065,0.041,no,no,,,4.545,48.1,6.103,-4.545,48.1,6.103,PD-574-0 (hermana),PD-574-1 (hermana),SI,SI,-4.083,-0.064,ok,,medido
PD-575-0,PD,575,0,2TTx56,4,NO,NO,659693.64,4331570.296,4331644.921,729.709,726.272,-4.606,-4.523,0.451,-1.015,5.7,12.6,4.545,4.635,0.035,0.143,no,no,,,1.031,12.8,4.639,-0.139,1.8,4.525,PD-572-1,PD-575-1 (hermana),NO,SI,-4.563,-0.043,ok,,medido
PD-575-1,PD,575,1,2TTx56,4,NO,NO,659699.659,4331570.287,4331644.915,729.639,726.326,-4.439,-4.523,0.41,-1.205,5.2,14.9,4.541,4.68,0.021,0.219,no,no,,,1.031,12.8,4.639,-0.139,1.8,4.525,PD-572-1,PD-575-1 (hermana),NO,SI,-4.415,-0.024,ok,,medido
PD-576-0,PD,576,0,2TTx28,2,NO,NO,659693.645,4331669.937,4331707.693,725.061,723.891,-3.099,-3.114,0.846,1.761,15.2,330.5,3.227,3.577,0.064,0.029,no,no,,,-0.116,357.9,3.116,2.795,318.1,4.184,PD-573-1,PD-579-0,NO,NO,-2.447,-0.652,atencion,,medido
PD-576-1,PD,576,1,2TTx28,2,NO,NO,659699.652,4331669.934,4331707.683,725.086,723.905,-3.129,-3.114,0.237,2.003,4.4,327.2,3.123,3.702,0.055,0.078,no,no,,,-0.116,357.9,3.116,2.795,318.1,4.184,PD-573-1,PD-579-0,NO,NO,-2.68,-0.449,ok,,medido
PD-577-0,PD,577,0,2TTx42,3,NO,NO,659705.607,4331471.237,4331527.398,734.214,731.7,-4.476,-4.65,3.932,-4.375,40.2,43.3,6.089,6.384,0.135,0.033,no,no,,,5.575,50.2,7.259,-3.769,39.0,5.986,PD-574-1,PD-580-0,NO,NO,-4.458,-0.018,ok,,medido
PD-577-1,PD,577,1,2TTx42,3,NO,NO,659711.606,4331471.257,4331527.382,734.009,731.302,-4.823,-4.65,4.198,-4.244,42.1,42.4,6.264,6.295,0.152,0.056,no,no,,,5.575,50.2,7.259,-3.769,39.0,5.986,PD-574-1,PD-580-0,NO,NO,-4.762,-0.061,ok,,medido
PD-578-0,PD,578,0,2TTx56,4,NO,NO,659705.636,4331570.298,4331644.931,729.461,726.286,-4.254,-4.228,0.88,-1.036,11.8,13.8,4.318,4.353,0.056,0.175,no,no,,,1.814,23.2,4.6,-1.1,14.6,4.368,PD-575-1,PD-578-1 (hermana),NO,SI,-4.203,-0.051,ok,,medido
PD-578-1,PD,578,1,2TTx56,4,NO,NO,659711.643,4331570.253,4331644.901,729.377,726.241,-4.201,-4.228,1.079,-1.07,14.3,14.2,4.363,4.361,0.045,0.173,no,no,,,1.814,23.2,4.6,-1.1,14.6,4.368,PD-575-1,PD-578-1 (hermana),NO,SI,-4.171,-0.03,ok,,medido
PD-579-0,PD,579,0,2TTx28,2,NO,NO,659705.61,4331667.944,4331705.715,725.446,724.015,-3.789,-3.765,-0.567,1.095,351.4,343.8,3.808,3.921,0.132,0.085,no,no,,,-2.51,326.3,4.525,2.51,326.3,4.525,PD-579-0 (hermana),PD-579-1 (hermana),SI,SI,-2.997,-0.792,atencion,,medido
PD-579-1,PD,579,1,2TTx28,2,NO,NO,659711.644,4331667.935,4331705.694,725.589,724.176,-3.742,-3.765,-1.759,0.367,335.0,354.4,4.156,3.783,0.081,0.073,no,no,,,-2.51,326.3,4.525,2.51,326.3,4.525,PD-579-0 (hermana),PD-579-1 (hermana),SI,SI,-3.05,-0.692,atencion,,medido
PD-58-0,PD,58,0,2TTx56,4,NO,NO,658095.116,4330208.425,4330282.865,795.479,790.323,-6.926,-6.96,-1.683,1.381,346.4,348.8,7.16,7.095,0.074,0.258,sí,sí,,,-0.891,352.7,7.017,5.293,322.7,8.744,PD-52-1,PD-64-0,NO,NO,-6.684,-0.242,ok,,medido
PD-58-1,PD,58,1,2TTx56,4,NO,NO,658101.127,4330208.398,4330282.857,795.599,790.392,-6.993,-6.96,-1.595,0.972,347.1,352.0,7.14,7.027,0.049,0.315,sí,sí,,,-0.891,352.7,7.017,5.293,322.7,8.744,PD-52-1,PD-64-0,NO,NO,-6.6,-0.393,ok,,medido
PD-580-0,PD,580,0,2TTx42,3,NO,NO,659717.639,4331471.181,4331527.363,733.856,731.005,-5.075,-5.084,4.666,-4.651,42.5,42.5,6.901,6.89,0.021,0.052,no,no,,,3.786,36.7,6.339,-3.786,36.7,6.339,PD-580-0 (hermana),PD-580-1 (hermana),SI,SI,-4.902,-0.173,ok,,medido
PD-580-1,PD,580,1,2TTx42,3,NO,NO,659723.647,4331471.197,4331527.387,733.633,730.771,-5.093,-5.084,4.306,-4.956,40.3,44.3,6.662,7.1,0.055,0.062,no,no,,,3.786,36.7,6.339,-3.786,36.7,6.339,PD-580-0 (hermana),PD-580-1 (hermana),SI,SI,-5.012,-0.081,ok,,medido
PD-581-0,PD,581,0,2TTx42,3,NO,NO,659717.569,4331556.92,4331613.091,730.106,727.318,-4.963,-4.688,1.497,-2.183,17.7,25.0,4.921,5.171,0.041,0.026,no,sí,,,1.742,20.4,5.001,-1.742,20.4,5.001,PD-581-0 (hermana),PD-581-1 (hermana),SI,SI,-5.012,0.049,ok,,medido
PD-581-1,PD,581,1,2TTx42,3,NO,NO,659723.564,4331556.896,4331613.096,729.848,727.368,-4.413,-4.688,1.431,-2.358,17.0,26.7,4.902,5.248,0.034,0.007,no,sí,,,1.742,20.4,5.001,-1.742,20.4,5.001,PD-581-0 (hermana),PD-581-1 (hermana),SI,SI,-4.583,0.17,ok,,medido
PD-582-0,PD,582,0,2TTx56,4,NO,NO,659717.557,4331613.352,4331688.0,727.291,724.948,-3.139,-3.113,-0.438,0.083,352.0,358.5,3.144,3.114,0.354,0.073,sí,no,,,1.823,30.4,3.608,0.89,344.0,3.238,PD-578-1,PD-582-1 (hermana),NO,SI,-3.209,0.07,ok,,medido
PD-582-1,PD,582,1,2TTx56,4,NO,NO,659723.582,4331613.373,4331688.019,727.325,725.02,-3.088,-3.113,-0.554,-0.545,349.9,9.9,3.162,3.161,0.326,0.062,sí,no,,,1.823,30.4,3.608,0.89,344.0,3.238,PD-578-1,PD-582-1 (hermana),NO,SI,-3.116,0.028,ok,,medido
PD-583-0,PD,583,0,2TTx42,3,NO,NO,659729.636,4331471.256,4331527.436,733.352,730.429,-5.203,-5.043,4.519,-4.774,41.9,43.4,6.772,6.944,0.042,0.051,no,no,,,5.155,45.6,7.211,-4.882,44.1,7.019,PD-580-1,PD-583-1 (hermana),NO,SI,-4.972,-0.231,ok,,medido
PD-583-1,PD,583,1,2TTx42,3,NO,NO,659735.63,4331471.249,4331527.381,732.97,730.229,-4.883,-5.043,4.558,-4.909,42.1,44.2,6.798,7.038,0.055,0.044,no,no,,,5.155,45.6,7.211,-4.882,44.1,7.019,PD-580-1,PD-583-1 (hermana),NO,SI,-4.787,-0.096,ok,,medido
PD-584-0,PD,584,0,2TTx42,3,NO,NO,659729.566,4331556.901,4331613.111,729.54,727.35,-3.896,-3.804,1.69,-2.063,24.0,28.5,4.162,4.327,0.064,0.02,no,sí,,,2.709,35.5,4.67,-2.111,29.0,4.35,PD-581-1,PD-584-1 (hermana),NO,SI,-4.169,0.273,ok,,medido
PD-584-1,PD,584,1,2TTx42,3,NO,NO,659735.583,4331556.876,4331613.083,729.362,727.276,-3.711,-3.804,1.796,-2.037,25.3,28.2,4.206,4.315,0.074,0.017,no,sí,,,2.709,35.5,4.67,-2.111,29.0,4.35,PD-581-1,PD-584-1 (hermana),NO,SI,-3.87,0.159,ok,,medido
PD-585-0,PD,585,0,2TTx56,4,NO,NO,659729.558,4331613.376,4331688.024,727.384,725.02,-3.167,-3.117,-0.498,-0.93,350.9,16.6,3.156,3.252,0.29,0.012,sí,no,,,1.047,18.6,3.288,-0.873,15.7,3.237,PD-585-0 (hermana),PD-588-0,SI,NO,-3.082,-0.085,ok,,medido
PD-585-1,PD,585,1,2TTx56,4,NO,NO,659735.596,4331613.385,4331688.032,727.283,724.994,-3.066,-3.117,-0.047,-0.911,359.1,16.3,3.117,3.247,0.172,0.017,sí,no,,,1.047,18.6,3.288,-0.873,15.7,3.237,PD-585-0 (hermana),PD-588-0,SI,NO,-3.077,0.011,ok,,medido
PD-586-0,PD,586,0,2TTx28,2,NO,NO,659741.62,4331489.598,4331527.373,731.516,730.023,-3.952,-3.971,5.194,-2.719,52.6,34.4,6.538,4.813,0.071,0.0,no,no,,,6.381,58.1,7.515,-2.719,34.4,4.812,PD-583-1,PD-586-1 (hermana),NO,SI,-3.886,-0.066,ok,,medido
PD-586-1,PD,586,1,2TTx28,2,NO,NO,659747.637,4331489.659,4331527.409,731.357,729.851,-3.989,-3.971,4.537,,48.8,,6.029,,0.039,,no,no,,,6.381,58.1,7.515,-2.719,34.4,4.812,PD-583-1,PD-586-1 (hermana),NO,SI,-3.786,-0.203,ok,,medido
PD-587-0,PD,587,0,2TTx42,3,NO,NO,659741.624,4331556.881,4331613.073,729.156,727.213,-3.458,-3.265,2.018,-2.169,31.7,33.6,3.838,3.92,0.06,0.052,no,sí,,,2.268,34.8,3.975,-1.63,26.5,3.649,PD-587-0 (hermana),PD-589-0,SI,NO,-3.556,0.098,ok,,medido
PD-587-1,PD,587,1,2TTx42,3,NO,NO,659747.608,4331556.873,4331613.099,728.912,727.185,-3.072,-3.265,2.277,-2.148,34.9,33.3,3.98,3.908,0.012,0.055,no,sí,,,2.268,34.8,3.975,-1.63,26.5,3.649,PD-587-0 (hermana),PD-589-0,SI,NO,-3.285,0.213,ok,,medido
PD-588-0,PD,588,0,2TTx56,4,NO,NO,659741.617,4331613.339,4331687.975,727.228,724.947,-3.056,-3.067,0.264,-0.93,4.9,16.9,3.079,3.205,0.084,0.016,sí,no,,,0.873,15.9,3.189,-0.665,12.2,3.139,PD-585-1,PD-588-1 (hermana),NO,SI,-3.063,0.007,ok,,medido
PD-588-1,PD,588,1,2TTx56,4,NO,NO,659747.64,4331613.346,4331687.997,727.196,724.898,-3.078,-3.067,0.664,-1.123,12.2,20.1,3.138,3.266,0.036,0.037,sí,no,,,0.873,15.9,3.189,-0.665,12.2,3.139,PD-585-1,PD-588-1 (hermana),NO,SI,-3.015,-0.063,ok,,medido
PD-589-0,PD,589,0,2TTx42,3,NO,NO,659753.566,4331556.854,4331613.077,728.716,727.188,-2.718,-2.65,2.026,-2.357,37.4,41.7,3.336,3.546,0.008,0.037,no,sí,,,1.743,33.3,3.172,-1.743,33.3,3.172,PD-589-0 (hermana),PD-589-1 (hermana),SI,SI,-3.18,0.462,ok,,medido
PD-589-1,PD,589,1,2TTx42,3,NO,NO,659759.564,4331556.865,4331613.101,728.573,727.121,-2.582,-2.65,1.942,-2.613,36.2,44.6,3.285,3.721,0.016,0.022,no,sí,,,1.743,33.3,3.172,-1.743,33.3,3.172,PD-589-0 (hermana),PD-589-1 (hermana),SI,SI,-2.836,0.254,ok,,medido
PD-59-0,PD,59,0,2TTx42,3,NO,NO,658095.108,4330283.343,4330339.406,790.243,786.332,-6.976,-6.99,-1.697,1.736,346.4,346.1,7.193,7.203,0.021,0.155,sí,no,,,-1.349,349.1,7.119,4.026,330.1,8.067,PD-53-1,PD-64-0,NO,NO,-6.975,-0.001,ok,,medido
PD-59-1,PD,59,1,2TTx42,3,NO,NO,658101.091,4330283.321,4330339.37,790.358,786.432,-7.005,-6.99,-1.71,1.344,346.3,349.1,7.196,7.118,0.019,0.201,sí,no,,,-1.349,349.1,7.119,4.026,330.1,8.067,PD-53-1,PD-64-0,NO,NO,-6.988,-0.017,ok,,medido
PD-590-0,PD,590,0,2TTx56,4,NO,NO,659753.582,4331613.337,4331687.986,727.129,724.819,-3.094,-3.116,0.822,-1.09,14.8,19.3,3.223,3.301,0.032,0.037,sí,no,,,1.234,21.6,3.351,-0.925,16.5,3.25,PD-588-1,PD-592-0,NO,NO,-2.999,-0.095,ok,,medido
PD-590-1,PD,590,1,2TTx56,4,NO,NO,659759.579,4331613.306,4331687.947,727.086,724.744,-3.138,-3.116,0.975,-1.384,17.4,23.9,3.265,3.41,0.017,0.067,sí,no,,,1.234,21.6,3.351,-0.925,16.5,3.25,PD-588-1,PD-592-0,NO,NO,-2.968,-0.17,ok,,medido
PD-591-0,PD,591,0,2TTx42,3,NO,NO,659765.623,4331556.864,4331613.079,728.356,726.88,-2.626,-2.643,2.473,-2.398,43.1,42.2,3.62,3.569,0.079,0.067,no,sí,,,3.784,55.1,4.616,-1.451,28.8,3.016,PD-589-1,PD-591-1 (hermana),NO,SI,-2.992,0.366,ok,,medido
PD-591-1,PD,591,1,2TTx42,3,NO,NO,659771.598,4331556.876,4331613.088,728.279,726.783,-2.661,-2.643,2.218,-2.754,40.0,46.2,3.451,3.817,0.049,0.032,no,sí,,,3.784,55.1,4.616,-1.451,28.8,3.016,PD-589-1,PD-591-1 (hermana),NO,SI,-2.598,-0.063,ok,,medido
PD-592-0,PD,592,0,2TTx56,4,NO,NO,659765.612,4331613.383,4331688.014,726.956,724.758,-2.945,-2.864,0.985,-1.965,19.0,34.5,3.028,3.473,0.012,0.075,sí,no,,,0.925,17.9,3.009,-0.72,14.1,2.953,PD-590-1,PD-592-1 (hermana),NO,SI,-2.915,-0.03,ok,,medido
PD-592-1,PD,592,1,2TTx56,4,NO,NO,659771.605,4331613.313,4331687.97,726.854,724.777,-2.782,-2.864,0.912,-2.553,17.7,41.7,3.005,3.836,0.014,0.024,sí,no,,,0.925,17.9,3.009,-0.72,14.1,2.953,PD-590-1,PD-592-1 (hermana),NO,SI,-2.886,0.104,ok,,medido
PD-593-0,PD,593,0,2TTx42,3,NO,NO,659777.63,4331556.901,4331613.132,728.067,726.725,-2.387,-2.51,2.297,-3.175,42.5,51.7,3.402,4.047,0.035,0.014,no,sí,,,2.938,49.5,3.864,-2.938,49.5,3.864,PD-593-0 (hermana),PD-593-1 (hermana),SI,SI,-2.534,0.147,ok,,medido
PD-593-1,PD,593,1,2TTx42,3,NO,NO,659783.637,4331556.859,4331613.097,727.961,726.48,-2.633,-2.51,2.492,-3.126,44.8,51.2,3.537,4.009,0.027,0.007,no,sí,,,2.938,49.5,3.864,-2.938,49.5,3.864,PD-593-0 (hermana),PD-593-1 (hermana),SI,SI,-2.496,-0.137,ok,,medido
PD-594-0,PD,594,0,2TTx56,4,NO,NO,659777.637,4331613.365,4331688.011,726.743,724.605,-2.864,-2.809,1.296,-2.629,24.8,43.1,3.094,3.848,0.062,0.015,sí,no,,,2.377,40.2,3.68,-2.377,40.2,3.68,PD-594-0 (hermana),PD-594-1 (hermana),SI,SI,-2.821,-0.043,ok,,medido
PD-594-1,PD,594,1,2TTx56,4,NO,NO,659783.62,4331613.36,4331688.002,726.56,724.504,-2.754,-2.809,1.781,-2.833,32.4,45.2,3.326,3.99,0.068,0.031,sí,no,,,2.377,40.2,3.68,-2.377,40.2,3.68,PD-594-0 (hermana),PD-594-1 (hermana),SI,SI,-2.731,-0.023,ok,,medido
PD-595-0,PD,595,0,2TTx28,2,NO,NO,659789.602,4331575.239,4331613.028,727.221,726.378,-2.231,-2.098,2.621,-3.29,51.3,57.5,3.357,3.902,0.065,0.0,no,sí,,,3.29,57.5,3.901,-3.28,57.4,3.893,PD-595-0 (hermana),PD-597-0,SI,NO,-2.287,0.056,ok,,medido
PD-595-1,PD,595,1,2TTx28,2,NO,NO,659795.595,4331575.267,4331612.987,726.973,726.232,-1.964,-2.098,2.82,,53.4,,3.515,,0.07,,no,sí,,,3.29,57.5,3.901,-3.28,57.4,3.893,PD-595-0 (hermana),PD-597-0,SI,NO,-2.276,0.312,ok,,medido
PD-596-0,PD,596,0,2TTx56,4,NO,NO,659789.631,4331613.362,4331688.015,726.283,724.355,-2.583,-2.567,2.532,-2.715,44.6,46.6,3.606,3.736,0.061,0.062,sí,no,,,3.54,54.1,4.373,-1.793,34.9,3.131,PD-594-1,PD-596-1 (hermana),NO,SI,-2.643,0.06,ok,,medido
PD-596-1,PD,596,1,2TTx56,4,NO,NO,659795.632,4331613.313,4331687.98,726.165,724.26,-2.551,-2.567,2.525,-3.209,44.5,51.3,3.601,4.109,0.017,0.037,sí,no,,,3.54,54.1,4.373,-1.793,34.9,3.131,PD-594-1,PD-596-1 (hermana),NO,SI,-2.53,-0.021,ok,,medido
PD-597-0,PD,597,0,2TTx56,4,NO,NO,659801.642,4331610.417,4331685.106,726.092,724.169,-2.575,-2.581,2.562,-3.494,44.8,53.6,3.636,4.344,0.018,0.014,no,no,,,3.727,55.3,4.533,-3.487,53.5,4.338,PD-597-0 (hermana),PD-598-0,SI,NO,-2.483,-0.092,ok,,medido
PD-597-1,PD,597,1,2TTx56,4,NO,NO,659807.674,4331610.401,4331685.098,725.872,723.94,-2.586,-2.581,2.921,-3.295,48.5,51.9,3.898,4.185,0.049,0.006,no,no,,,3.727,55.3,4.533,-3.487,53.5,4.338,PD-597-0 (hermana),PD-598-0,SI,NO,-2.347,-0.239,ok,,medido
PD-598-0,PD,598,0,2TTx42,3,NO,NO,659813.64,4331628.82,4331685.04,725.116,723.805,-2.332,-2.263,3.133,-3.009,54.2,53.1,3.865,3.765,0.058,0.0,no,no,,,3.487,57.0,4.157,-3.009,53.1,3.765,PD-597-1,PD-598-1 (hermana),NO,SI,-2.098,-0.234,ok,,medido
PD-598-1,PD,598,1,2TTx42,3,NO,NO,659819.642,4331628.837,4331685.057,724.896,723.663,-2.193,-2.263,3.273,,55.3,,3.979,,0.025,,no,no,,,3.487,57.0,4.157,-3.009,53.1,3.765,PD-597-1,PD-598-1 (hermana),NO,SI,-2.037,-0.156,ok,,medido
PD-6-0,PD,6,0,2TTx28,2,NO,NO,657891.095,4330408.312,4330446.043,786.045,785.268,-2.059,-1.949,1.209,-2.086,31.8,46.9,2.294,2.855,0.101,0.066,sí,no,,,1.318,34.1,2.353,-1.318,34.1,2.353,PD-6-0 (hermana),PD-6-1 (hermana),SI,SI,-2.118,0.059,ok,,medido
PD-6-1,PD,6,1,2TTx28,2,NO,NO,657897.083,4330408.292,4330446.021,785.925,785.231,-1.839,-1.949,1.033,-2.305,27.9,49.8,2.206,3.019,0.032,0.047,sí,no,,,1.318,34.1,2.353,-1.318,34.1,2.353,PD-6-0 (hermana),PD-6-1 (hermana),SI,SI,-1.94,0.101,ok,,medido
PD-60-0,PD,60,0,2TTx42,3,NO,NO,658083.074,4331057.309,4331113.405,766.341,763.324,-5.378,-5.42,-0.827,0.513,351.3,354.6,5.483,5.444,0.043,0.115,no,no,,,-0.163,358.3,5.422,0.834,351.2,5.484,PD-60-0 (hermana),PD-65-0,SI,NO,-5.567,0.189,ok,,medido
PD-60-1,PD,60,1,2TTx42,3,NO,NO,658089.083,4331057.292,4331113.396,766.375,763.311,-5.461,-5.42,-0.809,0.693,351.5,352.7,5.48,5.464,0.039,0.093,no,no,,,-0.163,358.3,5.422,0.834,351.2,5.484,PD-60-0 (hermana),PD-65-0,SI,NO,-5.525,0.064,ok,,medido
PD-61-0,PD,61,0,2TTx28,2,NO,NO,658095.09,4330655.681,4330693.403,780.316,779.695,-1.646,-1.671,-1.009,-0.724,328.9,23.4,1.952,1.821,0.095,0.039,no,no,,,0.397,13.4,1.718,-0.073,2.5,1.673,PD-55-1,PD-61-1 (hermana),NO,SI,-1.937,0.291,ok,,medido
PD-61-1,PD,61,1,2TTx28,2,NO,NO,658101.106,4330655.745,4330693.474,780.32,779.68,-1.696,-1.671,-0.418,-0.968,346.0,30.1,1.723,1.931,0.079,0.01,no,no,,,0.397,13.4,1.718,-0.073,2.5,1.673,PD-55-1,PD-61-1 (hermana),NO,SI,-1.67,-0.026,ok,,medido
PD-62-0,PD,62,0,2TTx56,4,NO,NO,658107.13,4330114.919,4330189.506,799.789,796.653,-4.204,-4.028,0.418,-2.142,5.9,28.0,4.049,4.562,0.057,0.085,no,sí,,,2.497,31.8,4.739,-1.664,22.5,4.358,PD-62-0 (hermana),PD-68-0,SI,NO,-4.004,-0.2,ok,,medido
PD-62-1,PD,62,1,2TTx56,4,NO,NO,658113.127,4330114.882,4330189.482,799.509,796.636,-3.851,-4.028,1.038,-2.186,14.5,28.5,4.159,4.583,0.12,0.056,no,sí,,,2.497,31.8,4.739,-1.664,22.5,4.358,PD-62-0 (hermana),PD-68-0,SI,NO,-3.845,-0.006,ok,,medido
PD-63-0,PD,63,0,2TTx56,4,NO,NO,658107.144,4330189.925,4330264.446,796.638,791.936,-6.31,-6.24,-1.024,-0.043,350.7,0.4,6.323,6.24,0.062,0.195,sí,sí,,,-0.3,357.2,6.247,1.212,349.0,6.356,PD-57-1,PD-63-1 (hermana),NO,SI,-6.129,-0.181,ok,,medido
PD-63-1,PD,63,1,2TTx56,4,NO,NO,658113.145,4330189.934,4330264.461,796.658,792.06,-6.17,-6.24,-1.012,-0.357,350.8,3.3,6.321,6.25,0.087,0.235,sí,sí,,,-0.3,357.2,6.247,1.212,349.0,6.356,PD-57-1,PD-63-1 (hermana),NO,SI,-6.033,-0.137,ok,,medido
PD-64-0,PD,64,0,2TTx56,4,NO,NO,658107.105,4330264.93,4330339.373,791.981,786.618,-7.204,-7.198,-2.525,0.174,340.7,358.6,7.628,7.2,0.072,0.108,sí,no,,,-1.986,344.6,7.467,1.986,344.6,7.467,PD-64-0 (hermana),PD-64-1 (hermana),SI,SI,-6.973,-0.231,ok,,medido
PD-64-1,PD,64,1,2TTx56,4,NO,NO,658113.083,4330264.93,4330339.38,792.095,786.741,-7.191,-7.198,-2.416,-0.165,341.4,1.3,7.592,7.2,0.07,0.126,sí,no,,,-1.986,344.6,7.467,1.986,344.6,7.467,PD-64-0 (hermana),PD-64-1 (hermana),SI,SI,-6.931,-0.26,ok,,medido
PD-65-0,PD,65,0,2TTx42,3,NO,NO,658095.052,4331057.318,4331113.399,766.483,763.301,-5.674,-5.179,-1.0,1.241,349.1,346.5,5.275,5.326,0.06,0.099,no,no,,,3.871,36.8,6.466,5.823,311.6,7.793,PD-65-0 (hermana),PD-72-0,SI,NO,-5.571,-0.103,ok,,medido
PD-65-1,PD,65,1,2TTx42,3,NO,NO,658100.997,4331057.381,4331113.402,765.972,763.348,-4.684,-5.179,0.579,3.55,6.4,325.6,5.211,6.279,0.196,0.137,no,no,,,3.871,36.8,6.466,5.823,311.6,7.793,PD-65-0 (hermana),PD-72-0,SI,NO,-5.554,0.87,atencion,,medido
PD-66-0,PD,66,0,2TTx56,4,NO,NO,658107.083,4330652.723,4330727.361,780.261,779.163,-1.471,-1.423,-0.049,-0.798,358.0,29.3,1.424,1.632,0.074,0.017,no,no,,,1.271,41.8,1.908,-0.022,0.9,1.424,PD-66-0 (hermana),PD-73-0,SI,NO,-1.631,0.16,ok,,medido
PD-66-1,PD,66,1,2TTx56,4,NO,NO,658113.098,4330652.647,4330727.302,780.15,779.123,-1.376,-1.423,0.564,-0.642,21.6,24.3,1.531,1.561,0.084,0.037,no,no,,,1.271,41.8,1.908,-0.022,0.9,1.424,PD-66-0 (hermana),PD-73-0,SI,NO,-1.511,0.135,ok,,medido
PD-67-0,PD,67,0,2TTx28,2,NO,NO,658119.132,4330120.948,4330158.697,798.899,797.97,-2.461,-2.693,1.981,-2.877,36.3,46.9,3.343,3.941,0.195,0.029,no,sí,,,3.497,52.4,4.414,-1.016,20.7,2.878,PD-67-0 (hermana),PD-74-0,SI,NO,-3.328,0.867,atencion,,medido
PD-67-1,PD,67,1,2TTx28,2,NO,NO,658125.157,4330120.975,4330158.693,798.775,797.672,-2.924,-2.693,2.722,-1.998,45.3,36.6,3.829,3.353,0.048,0.059,no,sí,,,3.497,52.4,4.414,-1.016,20.7,2.878,PD-67-0 (hermana),PD-74-0,SI,NO,-3.279,0.355,ok,,medido
PD-68-0,PD,68,0,2TTx56,4,NO,NO,658119.132,4330159.014,4330233.568,797.936,793.956,-5.338,-4.927,0.379,-0.526,4.4,6.1,4.942,4.955,0.169,0.25,sí,sí,,,3.195,33.0,5.872,0.593,353.1,4.963,PD-63-1,PD-74-0,NO,NO,-4.976,-0.362,ok,,medido
PD-68-1,PD,68,1,2TTx56,4,NO,NO,658125.121,4330158.997,4330233.583,797.56,794.192,-4.516,-4.927,1.053,-1.198,12.1,13.7,5.038,5.071,0.234,0.137,sí,sí,,,3.195,33.0,5.872,0.593,353.1,4.963,PD-63-1,PD-74-0,NO,NO,-4.731,0.215,ok,,medido
PD-69-0,PD,69,0,2TTx56,4,NO,NO,658119.153,4330234.009,4330308.452,794.089,788.795,-7.111,-7.126,-1.085,1.006,351.3,352.0,7.208,7.197,0.253,0.107,sí,sí,,,3.09,23.4,7.767,1.626,347.1,7.309,PD-64-1,PD-76-0,NO,NO,-6.715,-0.396,ok,,medido
PD-69-1,PD,69,1,2TTx56,4,NO,NO,658125.12,4330233.997,4330308.447,794.171,788.855,-7.14,-7.126,-0.831,0.96,353.3,352.3,7.174,7.19,0.222,0.111,sí,sí,,,3.09,23.4,7.767,1.626,347.1,7.309,PD-64-1,PD-76-0,NO,NO,-6.637,-0.503,atencion,,medido
PD-7-0,PD,7,0,2TTx42,3,NO,NO,657903.151,4330333.421,4330389.52,787.513,786.239,-2.271,-2.195,3.434,-3.385,57.4,57.0,4.076,4.035,0.08,0.097,no,sí,,,4.149,62.1,4.694,-4.061,61.6,4.616,PD-7-0 (hermana),PD-9-0,SI,NO,-2.317,0.046,ok,,medido
PD-7-1,PD,7,1,2TTx42,3,NO,NO,657909.097,4330333.419,4330389.598,787.224,786.033,-2.12,-2.195,3.691,-3.065,59.3,54.4,4.295,3.77,0.076,0.066,no,sí,,,4.149,62.1,4.694,-4.061,61.6,4.616,PD-7-0 (hermana),PD-9-0,SI,NO,-2.253,0.133,ok,,medido
PD-70-0,PD,70,0,2TTx42,3,NO,NO,658119.087,4330308.88,4330364.955,788.737,785.013,-6.641,-6.671,-1.047,0.672,351.1,354.2,6.753,6.705,0.176,0.053,sí,no,,,1.89,15.8,6.934,0.595,354.9,6.698,PD-64-1,PD-70-1 (hermana),NO,SI,-7.271,0.63,atencion,,medido
PD-70-1,PD,70,1,2TTx42,3,NO,NO,658125.117,4330308.878,4330364.939,788.79,785.033,-6.702,-6.671,-0.624,0.996,354.7,351.5,6.7,6.745,0.145,0.045,sí,no,,,1.89,15.8,6.934,0.595,354.9,6.698,PD-64-1,PD-70-1 (hermana),NO,SI,-7.246,0.544,atencion,,medido
PD-71-0,PD,71,0,2TTx56,4,NO,NO,658114.995,4330559.364,4330633.994,781.881,780.399,-1.986,-1.952,,-1.181,,31.2,,2.281,,0.015,no,no,,,2.255,49.1,2.982,0.055,358.4,1.952,PD-71-0 (hermana),PD-77-0,SI,NO,-1.888,-0.098,ok,,medido
PD-71-1,PD,71,1,2TTx56,4,NO,NO,658120.97,4330559.349,4330633.987,781.721,780.29,-1.917,-1.952,2.255,-0.8,49.1,22.3,2.982,2.109,0.0,0.051,no,no,,,2.255,49.1,2.982,0.055,358.4,1.952,PD-71-0 (hermana),PD-77-0,SI,NO,-1.747,-0.17,ok,,medido
PD-72-0,PD,72,0,2TTx42,3,NO,NO,658107.042,4331057.328,4331113.404,766.641,763.386,-5.805,-5.648,-1.065,2.366,349.3,337.3,5.748,6.124,0.074,0.048,no,no,,,-1.455,345.6,5.833,3.102,331.2,6.444,PD-72-0 (hermana),PD-78-0,SI,NO,-5.529,-0.276,ok,,medido
PD-72-1,PD,72,1,2TTx42,3,NO,NO,658113.056,4331057.256,4331113.352,766.645,763.564,-5.492,-5.648,-1.207,2.802,347.9,333.6,5.776,6.305,0.093,0.05,no,no,,,-1.455,345.6,5.833,3.102,331.2,6.444,PD-72-0 (hermana),PD-78-0,SI,NO,-5.487,-0.005,ok,,medido
PD-73-0,PD,73,0,2TTx56,4,NO,NO,658119.077,4330649.704,4330724.347,780.143,779.205,-1.257,-1.294,0.662,-1.059,27.1,39.3,1.454,1.672,0.051,0.022,no,no,,,1.126,41.0,1.715,-0.677,27.6,1.461,PD-73-0 (hermana),PD-79-0,SI,NO,-1.378,0.121,ok,,medido
PD-73-1,PD,73,1,2TTx56,4,NO,NO,658125.131,4330649.688,4330724.34,780.103,779.109,-1.332,-1.294,0.87,-1.098,33.9,40.3,1.559,1.697,0.02,0.03,no,no,,,1.126,41.0,1.715,-0.677,27.6,1.461,PD-73-0 (hermana),PD-79-0,SI,NO,-1.332,0.0,ok,,medido
PD-74-0,PD,74,0,2TTx56,4,NO,NO,658131.17,4330140.495,4330215.099,798.253,795.17,-4.132,-3.994,1.347,-2.503,18.6,32.1,4.215,4.714,0.155,0.042,no,sí,,,2.177,28.6,4.549,-2.177,28.6,4.549,PD-74-0 (hermana),PD-74-1 (hermana),SI,SI,-4.026,-0.106,ok,,medido
PD-74-1,PD,74,1,2TTx56,4,NO,NO,658137.125,4330140.497,4330215.09,798.02,795.144,-3.856,-3.994,1.555,-2.754,21.3,34.6,4.286,4.851,0.245,0.042,no,sí,,,2.177,28.6,4.549,-2.177,28.6,4.549,PD-74-0 (hermana),PD-74-1 (hermana),SI,SI,-3.836,-0.02,ok,,medido
PD-75-0,PD,75,0,2TTx56,4,NO,NO,658131.186,4330215.584,4330290.056,795.211,790.263,-6.644,-6.513,-0.19,-0.08,358.3,0.7,6.516,6.513,0.128,0.262,sí,sí,,,0.73,6.4,6.554,0.89,352.2,6.573,PD-69-1,PD-81-0,NO,NO,-6.32,-0.324,ok,,medido
PD-75-1,PD,75,1,2TTx56,4,NO,NO,658137.137,4330215.439,4330289.984,795.174,790.417,-6.381,-6.513,-0.349,-0.307,356.9,2.7,6.522,6.52,0.062,0.209,sí,sí,,,0.73,6.4,6.554,0.89,352.2,6.573,PD-69-1,PD-81-0,NO,NO,-6.137,-0.244,ok,,medido
PD-76-0,PD,76,0,2TTx56,4,NO,NO,658131.13,4330290.486,4330364.93,790.242,784.87,-7.216,-7.282,-0.363,1.428,357.1,348.9,7.291,7.421,0.087,0.148,sí,no,,,0.323,2.5,7.289,1.978,344.8,7.546,PD-70-1,PD-83-0,NO,NO,-7.298,0.082,ok,,medido
PD-76-1,PD,76,1,2TTx56,4,NO,NO,658137.123,4330290.472,4330364.931,790.383,784.912,-7.348,-7.282,-0.835,1.149,353.5,351.0,7.33,7.372,0.114,0.139,sí,no,,,0.323,2.5,7.289,1.978,344.8,7.546,PD-70-1,PD-83-0,NO,NO,-7.308,-0.04,ok,,medido
PD-77-0,PD,77,0,2TTx56,4,NO,NO,658126.989,4330555.337,4330629.975,781.679,780.48,-1.606,-1.57,0.873,-1.301,29.1,39.6,1.797,2.039,0.028,0.016,no,no,,,1.257,38.7,2.012,-1.257,38.7,2.012,PD-77-0 (hermana),PD-77-1 (hermana),SI,SI,-1.677,0.071,ok,,medido
PD-77-1,PD,77,1,2TTx56,4,NO,NO,658132.992,4330555.307,4330629.945,781.577,780.432,-1.534,-1.57,0.996,-1.279,32.4,39.2,1.859,2.025,0.028,0.011,no,no,,,1.257,38.7,2.012,-1.257,38.7,2.012,PD-77-0 (hermana),PD-77-1 (hermana),SI,SI,-1.585,0.051,ok,,medido
PD-78-0,PD,78,0,2TTx42,3,NO,NO,658119.113,4331057.371,4331113.469,766.837,763.735,-5.53,-5.342,-2.331,2.827,336.4,332.1,5.828,6.044,0.163,0.031,no,no,,,-3.102,329.9,6.177,3.341,328.0,6.301,PD-72-1,PD-78-1 (hermana),NO,SI,-5.388,-0.142,ok,,medido
PD-78-1,PD,78,1,2TTx42,3,NO,NO,658125.101,4331057.479,4331113.589,766.926,764.034,-5.154,-5.342,-3.161,2.671,329.4,333.4,6.207,5.972,0.095,0.036,no,no,,,-3.102,329.9,6.177,3.341,328.0,6.301,PD-72-1,PD-78-1 (hermana),NO,SI,-5.173,0.019,ok,,medido
PD-79-0,PD,79,0,2TTx56,4,NO,NO,658131.069,4330646.752,4330721.383,780.062,779.145,-1.229,-1.215,0.832,-1.356,34.4,48.1,1.472,1.82,0.031,0.02,no,no,,,1.025,40.2,1.589,-1.025,40.2,1.589,PD-79-0 (hermana),PD-79-1 (hermana),SI,SI,-1.245,0.016,ok,,medido
PD-79-1,PD,79,1,2TTx56,4,NO,NO,658137.088,4330646.734,4330721.372,779.99,779.094,-1.2,-1.215,0.808,-1.535,33.6,51.6,1.459,1.957,0.023,0.016,no,no,,,1.025,40.2,1.589,-1.025,40.2,1.589,PD-79-0 (hermana),PD-79-1 (hermana),SI,SI,-1.108,-0.092,ok,,medido
PD-8-0,PD,8,0,2TTx56,4,NO,NO,657903.127,4330389.72,4330464.454,786.044,784.618,-1.908,-1.874,2.736,-1.886,55.6,45.2,3.316,2.659,0.185,0.131,,no,,,4.72,68.3,5.078,0.308,350.7,1.899,PD-5-1,PD-8-1 (hermana),NO,SI,-1.908,,sin dato,,extremo estimado con pendiente de proyecto
PD-8-1,PD,8,1,2TTx56,4,NO,NO,657909.083,4330389.877,4330464.49,786.034,784.661,-1.84,-1.874,1.94,-2.617,46.0,54.4,2.697,3.219,0.166,0.146,sí,no,,,4.72,68.3,5.078,0.308,350.7,1.899,PD-5-1,PD-8-1 (hermana),NO,SI,-1.735,-0.105,ok,,medido
PD-80-0,PD,80,0,2TTx56,4,NO,NO,658143.144,4330158.987,4330233.587,797.053,794.215,-3.804,-3.706,1.216,-2.068,18.2,29.2,3.9,4.244,0.198,0.049,no,sí,,,3.983,47.1,5.44,-1.343,19.9,3.942,PD-74-1,PD-80-1 (hermana),NO,SI,-4.104,0.3,ok,,medido
PD-80-1,PD,80,1,2TTx56,4,NO,NO,658149.137,4330158.983,4330233.591,796.899,794.208,-3.607,-3.706,1.449,-2.3,21.4,31.8,3.979,4.361,0.182,0.055,no,sí,,,3.983,47.1,5.44,-1.343,19.9,3.942,PD-74-1,PD-80-1 (hermana),NO,SI,-3.84,0.233,ok,,medido
PD-81-0,PD,81,0,2TTx56,4,NO,NO,658143.123,4330234.013,4330308.466,794.166,789.085,-6.824,-6.583,-0.616,0.157,354.7,358.6,6.612,6.585,0.06,0.16,sí,sí,,,0.382,3.3,6.594,2.725,337.5,7.125,PD-76-1,PD-81-1 (hermana),NO,SI,-6.357,-0.467,ok,,medido
PD-81-1,PD,81,1,2TTx56,4,NO,NO,658149.13,4330233.949,4330308.473,794.154,789.428,-6.342,-6.583,-1.44,-0.902,347.7,7.8,6.739,6.645,0.084,0.166,sí,sí,,,0.382,3.3,6.594,2.725,337.5,7.125,PD-76-1,PD-81-1 (hermana),NO,SI,-6.319,-0.023,ok,,medido
PD-82-0,PD,82,0,2TTx42,3,NO,NO,658131.113,4330846.132,4330902.329,776.461,775.768,-1.233,-1.373,,-1.004,,36.2,,1.701,,0.006,no,no,,,1.156,40.1,1.795,-1.068,37.9,1.739,PD-82-0 (hermana),PD-89-0,SI,NO,-1.486,0.253,ok,,medido
PD-82-1,PD,82,1,2TTx42,3,NO,NO,658137.116,4330846.149,4330902.325,776.47,775.62,-1.513,-1.373,1.156,-1.28,40.1,43.0,1.795,1.877,0.0,0.056,no,no,,,1.156,40.1,1.795,-1.068,37.9,1.739,PD-82-0 (hermana),PD-89-0,SI,NO,-1.344,-0.169,ok,,medido
PD-83-0,PD,83,0,2TTx42,3,NO,NO,658143.135,4330308.873,4330364.969,789.108,785.07,-7.198,-7.517,-1.058,1.025,352.0,352.2,7.592,7.587,0.04,0.062,sí,no,,,-1.761,346.8,7.721,1.761,346.8,7.721,PD-83-0 (hermana),PD-83-1 (hermana),SI,SI,-7.518,0.32,ok,,medido
PD-83-1,PD,83,1,2TTx42,3,NO,NO,658149.138,4330308.922,4330364.967,789.389,784.997,-7.837,-7.517,-1.445,0.48,349.1,356.3,7.655,7.533,0.063,0.119,sí,no,,,-1.761,346.8,7.721,1.761,346.8,7.721,PD-83-0 (hermana),PD-83-1 (hermana),SI,SI,-7.531,-0.306,ok,,medido
PD-84-0,PD,84,0,2TTx42,3,NO,NO,658138.98,4330569.824,4330626.009,781.313,780.328,-1.753,-1.739,1.175,-1.088,34.0,32.0,2.099,2.051,0.034,0.022,no,no,,,1.717,44.6,2.444,-0.728,22.7,1.885,PD-77-1,PD-84-1 (hermana),NO,SI,-1.55,-0.203,ok,,medido
PD-84-1,PD,84,1,2TTx42,3,NO,NO,658144.99,4330569.776,4330625.967,781.262,780.293,-1.724,-1.739,1.062,-1.317,31.4,37.1,2.037,2.181,0.027,0.014,no,no,,,1.717,44.6,2.444,-0.728,22.7,1.885,PD-77-1,PD-84-1 (hermana),NO,SI,-1.371,-0.353,ok,,medido
PD-85-0,PD,85,0,2TTx42,3,NO,NO,658131.089,4331057.281,4331113.394,766.979,764.154,-5.034,-5.009,-2.345,3.519,334.9,324.9,5.53,6.121,0.064,0.034,no,no,,,-1.277,345.7,5.169,3.518,324.9,6.121,PD-78-1,PD-85-1 (hermana),NO,SI,-4.987,-0.047,ok,,medido
PD-85-1,PD,85,1,2TTx42,3,NO,NO,658137.096,4331057.237,4331113.352,767.178,764.382,-4.983,-5.009,-2.748,4.097,331.2,320.7,5.713,6.471,0.042,0.12,no,no,,,-1.277,345.7,5.169,3.518,324.9,6.121,PD-78-1,PD-85-1 (hermana),NO,SI,-4.808,-0.175,ok,,medido
PD-86-0,PD,86,0,2TTx56,4,NO,NO,658143.109,4330643.798,4330718.431,779.919,779.015,-1.211,-1.196,1.231,-1.309,45.8,47.6,1.717,1.773,0.036,0.02,no,no,,,1.834,56.9,2.19,-0.98,39.3,1.547,PD-79-1,PD-86-1 (hermana),NO,SI,-1.102,-0.109,ok,,medido
PD-86-1,PD,86,1,2TTx56,4,NO,NO,658149.107,4330643.724,4330718.37,779.85,778.968,-1.182,-1.196,1.209,-1.455,45.3,50.6,1.701,1.884,0.023,0.028,no,no,,,1.834,56.9,2.19,-0.98,39.3,1.547,PD-79-1,PD-86-1 (hermana),NO,SI,-1.18,-0.002,ok,,medido
PD-87-0,PD,87,0,2TTx56,4,NO,NO,658155.097,4330158.999,4330233.605,796.793,794.077,-3.64,-3.455,1.607,-2.378,24.9,34.5,3.81,4.194,0.173,0.059,no,sí,,,3.021,41.2,4.59,-2.963,40.6,4.552,PD-87-0 (hermana),PD-95-0,SI,NO,-3.656,0.016,ok,,medido
PD-87-1,PD,87,1,2TTx56,4,NO,NO,658161.126,4330158.983,4330233.583,796.473,794.034,-3.269,-3.455,1.904,-1.99,28.9,29.9,3.945,3.987,0.213,0.12,no,sí,,,3.021,41.2,4.59,-2.963,40.6,4.552,PD-87-0 (hermana),PD-95-0,SI,NO,-3.45,0.181,ok,,medido
PD-88-0,PD,88,0,2TTx56,4,NO,NO,658155.14,4330234.005,4330308.499,794.088,789.24,-6.508,-6.348,-0.592,-0.508,354.7,4.6,6.376,6.368,0.16,0.199,sí,sí,,,2.07,18.1,6.677,2.2,340.9,6.719,PD-81-1,PD-97-0,NO,NO,-6.225,-0.283,ok,,medido
PD-88-1,PD,88,1,2TTx56,4,NO,NO,658161.143,4330233.951,4330308.479,793.958,789.346,-6.188,-6.348,-0.25,-0.56,357.7,5.0,6.353,6.373,0.169,0.166,sí,sí,,,2.07,18.1,6.677,2.2,340.9,6.719,PD-81-1,PD-97-0,NO,NO,-6.142,-0.046,ok,,medido
PD-89-0,PD,89,0,2TTx42,3,NO,NO,658143.084,4330843.119,4330899.315,776.433,775.619,-1.449,-1.332,1.075,-1.4,38.9,46.4,1.712,1.932,0.0,0.054,no,no,,,1.068,38.7,1.707,-0.906,34.2,1.611,PD-82-1,PD-89-1 (hermana),NO,SI,-1.263,-0.186,ok,,medido
PD-89-1,PD,89,1,2TTx42,3,NO,NO,658149.074,4330843.064,4330899.253,776.314,775.631,-1.216,-1.332,0.981,-1.695,36.4,51.8,1.654,2.156,0.003,0.049,no,no,,,1.068,38.7,1.707,-0.906,34.2,1.611,PD-82-1,PD-89-1 (hermana),NO,SI,-1.133,-0.083,ok,,medido
PD-9-0,PD,9,0,2TTx56,4,NO,NO,657915.099,4330333.427,4330408.047,786.944,785.458,-1.991,-1.968,3.585,-2.302,61.2,49.5,4.09,3.029,0.064,0.061,no,sí,,,4.061,64.1,4.512,-2.255,48.9,2.993,PD-7-1,PD-11-0,NO,NO,-2.09,0.099,ok,,medido
PD-9-1,PD,9,1,2TTx56,4,NO,NO,657921.11,4330333.43,4330408.05,786.733,785.282,-1.945,-1.968,3.299,-1.769,59.2,42.0,3.841,2.646,0.096,0.02,no,sí,,,4.061,64.1,4.512,-2.255,48.9,2.993,PD-7-1,PD-11-0,NO,NO,-1.991,0.046,ok,,medido
PD-90-0,PD,90,0,2TTx42,3,NO,NO,658155.081,4330308.901,4330364.955,789.252,785.175,-7.273,-7.385,-1.157,0.704,351.1,354.6,7.475,7.419,0.049,0.081,sí,no,,,-0.054,359.6,7.385,2.71,339.9,7.866,PD-90-0 (hermana),PD-98-0,SI,NO,-7.466,0.193,ok,,medido
PD-90-1,PD,90,1,2TTx42,3,NO,NO,658161.136,4330308.886,4330364.95,789.319,785.116,-7.497,-7.385,-0.789,0.445,353.9,356.6,7.427,7.398,0.072,0.135,sí,no,,,-0.054,359.6,7.385,2.71,339.9,7.866,PD-90-0 (hermana),PD-98-0,SI,NO,-7.439,-0.058,ok,,medido
PD-91-0,PD,91,0,2TTx42,3,NO,NO,658151.017,4330565.809,4330621.999,781.106,780.381,-1.29,-1.223,1.308,-1.171,46.9,43.8,1.79,1.693,0.015,0.021,no,no,,,1.556,51.8,1.979,-0.91,36.7,1.524,PD-84-1,PD-91-1 (hermana),NO,SI,-1.058,-0.232,ok,,medido
PD-91-1,PD,91,1,2TTx42,3,NO,NO,658157.027,4330565.835,4330622.027,781.013,780.364,-1.155,-1.223,1.164,-1.358,43.6,48.0,1.688,1.827,0.016,0.019,no,no,,,1.556,51.8,1.979,-0.91,36.7,1.524,PD-84-1,PD-91-1 (hermana),NO,SI,-0.75,-0.405,ok,,medido
PD-92-0,PD,92,0,2TTx42,3,NO,NO,658143.098,4331057.262,4331113.402,767.298,764.645,-4.726,-4.611,-2.874,4.491,328.1,315.8,5.433,6.437,0.036,0.078,no,no,,,-3.221,325.1,5.624,4.641,314.8,6.542,PD-85-1,PD-100-0,NO,NO,-4.61,-0.116,ok,,medido
PD-92-1,PD,92,1,2TTx42,3,NO,NO,658149.086,4331057.257,4331113.39,767.429,764.905,-4.496,-4.611,-2.99,4.959,327.0,312.9,5.496,6.772,0.04,0.068,no,no,,,-3.221,325.1,5.624,4.641,314.8,6.542,PD-85-1,PD-100-0,NO,NO,-4.515,0.019,ok,,medido
PD-93-0,PD,93,0,2TTx56,4,NO,NO,658143.026,4331123.537,4331198.105,764.277,760.966,-4.44,-4.48,,2.676,,329.1,,5.218,,0.049,no,no,,,-3.18,324.6,5.494,3.18,324.6,5.494,PD-93-0 (hermana),PD-93-1 (hermana),SI,SI,-4.446,0.006,ok,,medido
PD-93-1,PD,93,1,2TTx56,4,NO,NO,658149.059,4331123.501,4331198.067,764.5,761.13,-4.519,-4.48,-3.18,2.557,324.6,330.3,5.494,5.158,0.0,0.033,no,no,,,-3.18,324.6,5.494,3.18,324.6,5.494,PD-93-0 (hermana),PD-93-1 (hermana),SI,SI,-4.613,0.094,ok,,medido
PD-94-0,PD,94,0,2TTx56,4,NO,NO,658155.159,4330640.752,4330715.384,779.858,778.831,-1.376,-1.322,1.438,-1.362,47.4,45.8,1.954,1.898,0.016,0.025,no,no,,,1.726,52.5,2.174,-0.739,29.2,1.515,PD-94-0 (hermana),PD-103-0,SI,NO,-1.381,0.005,ok,,medido
PD-94-1,PD,94,1,2TTx56,4,NO,NO,658161.158,4330640.71,4330715.345,779.715,778.768,-1.269,-1.322,1.553,-1.32,49.6,44.9,2.04,1.869,0.017,0.043,no,no,,,1.726,52.5,2.174,-0.739,29.2,1.515,PD-94-0 (hermana),PD-103-0,SI,NO,-1.398,0.129,ok,,medido
PD-95-0,PD,95,0,2TTx56,4,NO,NO,658167.147,4330171.726,4330246.339,795.93,793.365,-3.438,-3.531,1.6,-1.406,24.4,21.7,3.877,3.801,0.169,0.081,no,sí,,,2.963,40.0,4.61,-0.015,0.2,3.531,PD-87-1,PD-105-0,NO,NO,-3.599,0.161,ok,,medido
PD-95-1,PD,95,1,2TTx56,4,NO,NO,658173.152,4330171.737,4330246.33,795.863,793.159,-3.625,-3.531,2.049,-1.268,30.1,19.8,4.083,3.752,0.092,0.139,no,sí,,,2.963,40.0,4.61,-0.015,0.2,3.531,PD-87-1,PD-105-0,NO,NO,-3.486,-0.139,ok,,medido
PD-96-0,PD,96,0,2TTx42,3,NO,NO,658155.136,4330840.134,4330896.319,776.26,775.639,-1.105,-1.1,0.97,-1.926,41.4,60.3,1.466,2.218,0.002,0.018,no,no,,,1.639,56.1,1.974,-1.639,56.1,1.974,PD-96-0 (hermana),PD-96-1 (hermana),SI,SI,-1.183,0.078,ok,,medido
PD-96-1,PD,96,1,2TTx42,3,NO,NO,658161.124,4330840.113,4330896.309,776.159,775.544,-1.094,-1.1,1.184,-2.011,47.1,61.3,1.616,2.292,0.027,0.016,no,no,,,1.639,56.1,1.974,-1.639,56.1,1.974,PD-96-0 (hermana),PD-96-1 (hermana),SI,SI,-1.196,0.102,ok,,medido
PD-97-0,PD,97,0,2TTx56,4,NO,NO,658167.15,4330246.769,4330321.272,793.38,788.569,-6.457,-6.418,-0.853,-0.856,352.4,7.6,6.475,6.475,0.15,0.129,sí,sí,,,2.159,18.6,6.771,1.773,344.6,6.659,PD-97-0 (hermana),PD-107-0,SI,NO,-6.398,-0.059,ok,,medido
PD-97-1,PD,97,1,2TTx56,4,NO,NO,658173.198,4330246.74,4330321.268,793.222,788.468,-6.379,-6.418,0.179,-0.44,1.6,3.9,6.421,6.433,0.12,0.136,sí,sí,,,2.159,18.6,6.771,1.773,344.6,6.659,PD-97-0 (hermana),PD-107-0,SI,NO,-6.31,-0.069,ok,,medido
PD-98-0,PD,98,0,2TTx42,3,NO,NO,658167.096,4330321.69,4330377.709,788.525,784.314,-7.517,-7.379,-1.262,0.142,350.3,358.9,7.486,7.38,0.032,0.029,sí,no,,,-0.146,358.9,7.38,0.146,358.9,7.38,PD-98-0 (hermana),PD-98-1 (hermana),SI,SI,-7.402,-0.115,ok,,medido
PD-98-1,PD,98,1,2TTx42,3,NO,NO,658173.134,4330321.707,4330377.728,788.455,784.399,-7.24,-7.379,-0.859,-0.114,353.4,0.9,7.428,7.379,0.043,0.06,sí,no,,,-0.146,358.9,7.38,0.146,358.9,7.38,PD-98-0 (hermana),PD-98-1 (hermana),SI,SI,-7.406,0.166,ok,,medido
PD-99-0,PD,99,0,2TTx42,3,NO,NO,658163.027,4330561.785,4330617.973,781.054,780.299,-1.344,-1.245,1.135,-1.902,42.4,56.8,1.685,2.273,0.019,0.0,no,no,,,1.902,56.8,2.273,-1.902,56.8,2.273,PD-99-0 (hermana),PD-99-1 (hermana),SI,SI,-0.49,-0.854,atencion,,medido
PD-99-1,PD,99,1,2TTx42,3,NO,NO,658168.996,4330561.699,4330617.894,780.886,780.242,-1.146,-1.245,1.37,,47.7,,1.851,,0.032,,no,no,,,1.902,56.8,2.273,-1.902,56.8,2.273,PD-99-0 (hermana),PD-99-1 (hermana),SI,SI,-0.49,-0.656,atencion,,medido
