pid,x,y,z,fila,extremo,junta,codigo
1,659400.484,4331709.192,732.473,PD-465-1,norte,NO,tracker
2,659400.475,4331709.197,732.476,PD-465-1,norte,NO,tracker
3,659400.473,4331709.197,732.482,PD-465-1,norte,NO,tracker
4,659394.488,4331709.213,732.589,PD-465-0,norte,NO,tracker
5,659388.507,4331709.211,732.61,PD-461-1,norte,NO,tracker
6,659382.498,4331709.184,732.652,PD-461-0,norte,NO,tracker
7,659376.482,4331709.206,732.685,PD-458-1,norte,NO,tracker
8,659370.472,4331709.293,732.841,PD-458-0,norte,NO,tracker
9,659370.466,4331709.275,732.824,PD-458-0,norte,NO,tracker
10,659364.487,4331709.236,732.94,PD-455-1,norte,NO,tracker
11,659358.478,4331709.294,733.083,PD-455-0,norte,NO,tracker
12,659352.453,4331747.291,732.343,PD-452-1,norte,NO,tracker
13,659346.477,4331747.308,732.678,PD-452-0,norte,NO,tracker
14,659340.451,4331747.282,732.971,PD-449-1,norte,NO,tracker
15,659334.453,4331747.328,733.183,PD-449-0,norte,NO,tracker
16,659328.475,4331765.761,732.922,PD-446-1,norte,NO,tracker
17,659322.464,4331765.789,733.133,PD-446-0,norte,NO,tracker
18,659316.454,4331765.752,733.322,PD-443-1,norte,NO,tracker
19,659310.434,4331765.745,733.478,PD-443-0,norte,NO,tracker
20,659304.411,4331765.734,733.732,PD-441-1,norte,NO,tracker
21,659298.451,4331765.747,733.987,PD-441-0,norte,NO,tracker
22,659292.51,4331765.754,734.191,PD-439-1,norte,NO,tracker
23,659286.511,4331765.751,734.375,PD-439-0,norte,NO,tracker
24,659280.441,4331765.751,734.647,PD-437-1,norte,NO,tracker
25,659274.445,4331765.761,734.82,PD-437-0,norte,NO,tracker
26,659268.44,4331765.727,735.148,PD-435-1,norte,NO,tracker
27,659262.454,4331765.797,735.251,PD-435-0,norte,NO,tracker
28,659256.469,4331765.751,735.642,PD-433-1,norte,NO,tracker
29,659250.461,4331765.738,735.795,PD-433-0,norte,NO,tracker
30,659244.49,4331734.227,736.854,PD-431-1,norte,NO,tracker
31,659238.461,4331734.264,737.07,PD-431-0,norte,NO,tracker
32,659232.442,4331734.2,737.267,PD-430-1,norte,NO,tracker
33,659226.449,4331734.183,737.535,PD-430-0,norte,NO,tracker
34,659220.463,4331734.192,737.801,PD-429-1,norte,NO,tracker
35,659214.439,4331734.215,738.063,PD-429-0,norte,NO,tracker
36,659208.495,4331715.781,738.751,PD-428-1,norte,NO,tracker
37,659202.452,4331715.769,738.965,PD-428-0,norte,NO,tracker
38,659202.431,4331659.556,740.139,PD-428-0,sur,NO,tracker
39,659208.42,4331659.558,739.836,PD-428-1,sur,NO,tracker
40,659214.418,4331659.555,739.762,PD-429-0,sur,NO,tracker
41,659220.45,4331659.509,739.574,PD-429-1,sur,NO,tracker
42,659226.448,4331659.514,739.36,PD-430-0,sur,NO,tracker
43,659232.464,4331659.534,739.093,PD-430-1,sur,NO,tracker
44,659238.46,4331659.611,738.9,PD-431-0,sur,NO,tracker
45,659244.505,4331659.576,738.612,PD-431-1,sur,NO,tracker
46,659250.424,4331634.643,738.985,PD-432-0,sur,NO,tracker
47,659256.438,4331634.581,738.792,PD-432-1,sur,NO,tracker
48,659262.475,4331634.583,738.623,PD-434-0,sur,NO,tracker
49,659268.488,4331634.617,738.474,PD-434-1,sur,NO,tracker
50,659274.5,4331634.65,738.389,PD-436-0,sur,NO,tracker
51,659280.481,4331634.639,738.226,PD-436-1,sur,NO,tracker
52,659286.443,4331634.679,738.109,PD-438-0,sur,NO,tracker
53,659292.446,4331634.636,738.113,PD-438-1,sur,NO,tracker
54,659298.467,4331634.645,738.001,PD-440-0,sur,NO,tracker
55,659304.43,4331634.673,737.973,PD-440-1,sur,NO,tracker
56,659310.485,4331634.592,737.935,PD-442-0,sur,NO,tracker
57,659316.452,4331634.622,737.72,PD-442-1,sur,NO,tracker
58,659322.44,4331634.676,737.831,PD-445-0,sur,NO,tracker
59,659328.416,4331634.654,737.697,PD-445-1,sur,NO,tracker
60,659334.464,4331634.662,737.607,PD-448-0,sur,NO,tracker
61,659340.438,4331634.727,737.412,PD-448-1,sur,NO,tracker
62,659346.518,4331634.678,737.333,PD-451-0,sur,NO,tracker
63,659352.484,4331634.689,737.179,PD-451-1,sur,NO,tracker
64,659358.469,4331634.696,737.069,PD-455-0,sur,NO,tracker
65,659364.455,4331634.67,736.884,PD-455-1,sur,NO,tracker
66,659370.472,4331634.704,736.764,PD-458-0,sur,NO,tracker
67,659376.485,4331634.665,736.724,PD-458-1,sur,NO,tracker
68,659382.491,4331653.035,735.541,PD-461-0,sur,NO,tracker
69,659388.491,4331653.03,735.328,PD-461-1,sur,NO,tracker
70,659394.495,4331653.028,735.134,PD-465-0,sur,NO,tracker
71,659400.486,4331653.023,734.934,PD-465-1,sur,NO,tracker
72,659507.598,4331709.965,729.734,PD-504-1,norte,NO,tracker
73,659501.588,4331709.984,729.949,PD-504-0,norte,NO,tracker
74,659495.647,4331691.609,730.575,PD-498-1,norte,NO,tracker
75,659489.631,4331691.58,730.711,PD-498-0,norte,NO,tracker
76,659483.603,4331691.572,730.953,PD-492-1,norte,NO,tracker
77,659477.628,4331691.575,731.066,PD-492-0,norte,NO,tracker
78,659471.626,4331642.98,732.717,PD-486-1,norte,NO,tracker
79,659465.648,4331642.994,733.152,PD-486-0,norte,NO,tracker
80,659459.642,4331643.005,733.428,PD-482-1,norte,NO,tracker
81,659453.664,4331642.999,733.715,PD-482-0,norte,NO,tracker
82,659447.609,4331642.96,734.115,PD-478-1,norte,NO,tracker
83,659441.596,4331642.959,734.428,PD-478-0,norte,NO,tracker
84,659435.584,4331624.573,734.943,PD-475-1,norte,NO,tracker
85,659429.638,4331624.573,735.441,PD-475-0,norte,NO,tracker
86,659423.594,4331606.126,735.569,PD-472-1,norte,NO,tracker
87,659417.595,4331606.138,736.018,PD-472-0,norte,NO,tracker
88,659417.569,4331568.395,734.924,PD-472-0,sur,NO,tracker
89,659423.552,4331568.383,734.613,PD-472-1,sur,NO,tracker
90,659429.624,4331568.368,734.344,PD-475-0,sur,NO,tracker
91,659435.596,4331568.363,734.005,PD-475-1,sur,NO,tracker
92,659441.562,4331568.285,733.655,PD-478-0,sur,NO,tracker
93,659447.556,4331568.304,733.266,PD-478-1,sur,NO,tracker
94,659453.634,4331568.341,732.885,PD-482-0,sur,NO,tracker
95,659459.606,4331568.342,732.577,PD-482-1,sur,NO,tracker
96,659465.639,4331568.326,732.119,PD-486-0,sur,NO,tracker
97,659471.622,4331568.3,731.811,PD-486-1,sur,NO,tracker
98,659477.63,4331560.447,731.264,PD-491-0,sur,NO,tracker
99,659483.623,4331560.376,730.987,PD-491-1,sur,NO,tracker
100,659489.664,4331560.419,730.677,PD-497-0,sur,NO,tracker
101,659495.65,4331560.461,730.706,PD-497-1,sur,NO,tracker
102,659501.678,4331560.413,730.606,PD-503-0,sur,NO,tracker
103,659507.634,4331560.373,730.542,PD-503-1,sur,NO,tracker
104,659513.621,4331566.566,730.413,PD-509-0,sur,NO,tracker
105,659519.57,4331566.518,730.378,PD-509-1,sur,NO,tracker
106,659513.626,4331604.333,730.194,PD-509-0,norte,NO,tracker
107,659519.614,4331604.263,730.114,PD-509-1,norte,NO,tracker
108,659513.596,4331627.58,730.467,PD-510-0,sur,NO,tracker
109,659519.582,4331627.564,730.171,PD-510-1,sur,NO,tracker
110,659525.593,4331627.573,729.658,PD-516-0,sur,NO,tracker
111,659531.592,4331627.56,729.377,PD-516-1,sur,NO,tracker
112,659537.621,4331627.63,729.021,PD-522-0,sur,NO,tracker
113,659543.628,4331627.568,728.729,PD-522-1,sur,NO,tracker
114,659549.566,4331590.649,728.739,PD-528-0,sur,NO,tracker
115,659555.573,4331590.68,728.811,PD-528-1,sur,NO,tracker
116,659561.652,4331590.715,728.771,PD-535-0,sur,NO,tracker
117,659567.624,4331590.679,728.945,PD-535-1,sur,NO,tracker
118,659573.623,4331590.7,729.005,PD-540-0,sur,NO,tracker
119,659579.629,4331590.686,729.102,PD-540-1,sur,NO,tracker
120,659585.645,4331590.672,729.156,PD-545-0,sur,NO,tracker
121,659591.606,4331590.843,729.263,PD-545-1,sur,NO,tracker
122,659609.596,4331570.375,731.615,PD-552-0,sur,NO,tracker
123,659615.598,4331570.492,731.579,PD-552-1,sur,NO,tracker
124,659621.626,4331570.25,731.692,PD-555-0,sur,NO,tracker
125,659627.624,4331570.344,731.636,PD-555-1,sur,NO,tracker
126,659633.599,4331570.219,731.492,PD-558-0,sur,NO,tracker
127,659639.59,4331570.362,731.378,PD-558-1,sur,NO,tracker
128,659645.652,4331570.341,731.199,PD-561-0,sur,NO,tracker
129,659651.657,4331570.443,731.054,PD-561-1,sur,NO,tracker
130,659657.622,4331570.296,730.874,PD-564-0,sur,NO,tracker
131,659663.583,4331570.244,730.697,PD-564-1,sur,NO,tracker
132,659669.635,4331570.281,730.738,PD-568-0,sur,NO,tracker
133,659675.611,4331570.254,730.718,PD-568-1,sur,NO,tracker
134,659681.607,4331570.277,730.662,PD-572-0,sur,NO,tracker
135,659687.6,4331570.272,730.676,PD-572-1,sur,NO,tracker
136,659693.645,4331570.296,730.538,PD-575-0,sur,NO,tracker
137,659699.66,4331570.287,730.468,PD-575-1,sur,NO,tracker
138,659705.618,4331570.298,730.29,PD-578-0,sur,NO,tracker
139,659711.616,4331570.253,730.206,PD-578-1,sur,NO,tracker
140,659717.603,4331556.92,730.935,PD-581-0,sur,NO,tracker
141,659723.583,4331556.896,730.677,PD-581-1,sur,NO,tracker
142,659729.602,4331556.901,730.369,PD-584-0,sur,NO,tracker
143,659735.608,4331556.876,730.191,PD-584-1,sur,NO,tracker
144,659741.644,4331556.881,729.985,PD-587-0,sur,NO,tracker
145,659747.617,4331556.873,729.741,PD-587-1,sur,NO,tracker
146,659753.602,4331556.854,729.545,PD-589-0,sur,NO,tracker
147,659759.608,4331556.865,729.402,PD-589-1,sur,NO,tracker
148,659765.65,4331556.864,729.185,PD-591-0,sur,NO,tracker
149,659771.644,4331556.876,729.108,PD-591-1,sur,NO,tracker
150,659777.652,4331556.901,728.896,PD-593-0,sur,NO,tracker
151,659783.666,4331556.859,728.79,PD-593-1,sur,NO,tracker
152,659747.63,4331527.409,730.68,PD-586-1,norte,NO,tracker
153,659741.63,4331527.373,730.852,PD-586-0,norte,NO,tracker
154,659735.619,4331527.381,731.058,PD-583-1,norte,NO,tracker
155,659729.621,4331527.436,731.258,PD-583-0,norte,NO,tracker
156,659723.648,4331527.387,731.6,PD-580-1,norte,NO,tracker
157,659717.661,4331527.363,731.834,PD-580-0,norte,NO,tracker
158,659711.615,4331527.382,732.131,PD-577-1,norte,NO,tracker
159,659705.61,4331527.398,732.529,PD-577-0,norte,NO,tracker
160,659699.649,4331527.425,732.953,PD-574-1,norte,NO,tracker
161,659693.647,4331527.38,733.269,PD-574-0,norte,NO,tracker
162,659687.633,4331509.012,733.893,PD-571-1,norte,NO,tracker
163,659681.62,4331509.001,734.257,PD-571-0,norte,NO,tracker
164,659675.604,4331508.901,734.656,PD-567-1,norte,NO,tracker
165,659669.632,4331509.009,735.03,PD-567-0,norte,NO,tracker
166,659663.649,4331509.047,735.421,PD-563-1,norte,NO,tracker
167,659657.626,4331509.016,735.685,PD-563-0,norte,NO,tracker
168,659651.673,4331527.402,735.286,PD-560-1,norte,NO,tracker
169,659645.646,4331527.422,735.442,PD-560-0,norte,NO,tracker
170,659639.656,4331527.406,735.692,PD-557-1,norte,NO,tracker
171,659633.616,4331527.389,735.835,PD-557-0,norte,NO,tracker
172,659627.633,4331527.429,736.045,PD-554-1,norte,NO,tracker
173,659621.612,4331527.486,736.158,PD-554-0,norte,NO,tracker
174,659615.614,4331527.387,736.323,PD-551-1,norte,NO,tracker
175,659609.631,4331527.457,736.31,PD-551-0,norte,NO,tracker
176,659603.608,4331527.337,736.332,PD-548-1,norte,NO,tracker
177,659597.651,4331527.413,736.413,PD-548-0,norte,NO,tracker
178,659591.576,4331527.412,736.348,PD-544-1,norte,NO,tracker
179,659585.6,4331527.403,736.391,PD-544-0,norte,NO,tracker
180,659579.637,4331519.847,736.568,PD-539-1,norte,NO,tracker
181,659573.647,4331519.85,736.609,PD-539-0,norte,NO,tracker
182,659567.623,4331519.881,736.626,PD-533-1,norte,NO,tracker
183,659561.565,4331519.874,736.72,PD-533-0,norte,NO,tracker
184,659555.585,4331501.353,737.337,PD-526-1,norte,NO,tracker
185,659549.581,4331501.379,737.406,PD-526-0,norte,NO,tracker
186,659543.596,4331501.333,737.329,PD-520-1,norte,NO,tracker
187,659537.665,4331501.364,737.167,PD-520-0,norte,NO,tracker
188,659531.569,4331482.953,737.899,PD-514-1,norte,NO,tracker
189,659525.583,4331482.916,737.82,PD-514-0,norte,NO,tracker
190,659519.668,4331482.913,737.879,PD-507-1,norte,NO,tracker
191,659513.623,4331482.892,737.733,PD-507-0,norte,NO,tracker
192,659507.641,4331444.619,739.523,PD-500-1,norte,NO,tracker
193,659501.583,4331444.647,739.493,PD-500-0,norte,NO,tracker
194,659495.659,4331444.579,739.477,PD-494-1,norte,NO,tracker
195,659489.655,4331444.636,739.501,PD-494-0,norte,NO,tracker
196,659483.617,4331444.64,739.42,PD-488-1,norte,NO,tracker
197,659477.64,4331444.633,739.334,PD-488-0,norte,NO,tracker
198,659471.614,4331444.604,739.387,PD-483-1,norte,NO,tracker
199,659465.622,4331444.648,739.279,PD-483-0,norte,NO,tracker
200,659459.63,4331444.524,739.23,PD-479-1,norte,NO,tracker
201,659453.581,4331444.661,739.071,PD-479-0,norte,NO,tracker
202,659453.608,4331388.526,742.366,PD-479-0,sur,NO,tracker
203,659459.588,4331388.386,742.168,PD-479-1,sur,NO,tracker
204,659465.553,4331370.068,742.992,PD-483-0,sur,NO,tracker
205,659471.617,4331369.986,742.901,PD-483-1,sur,NO,tracker
206,659477.618,4331331.939,743.47,PD-487-0,sur,NO,tracker
207,659483.613,4331331.947,743.401,PD-487-1,sur,NO,tracker
208,659489.609,4331331.922,743.483,PD-493-0,sur,NO,tracker
209,659495.621,4331331.898,743.287,PD-493-1,sur,NO,tracker
210,659501.578,4331331.979,743.241,PD-499-0,sur,NO,tracker
211,659507.587,4331331.95,743.216,PD-499-1,sur,NO,tracker
212,659513.637,4331333.323,743.242,PD-505-0,sur,NO,tracker
213,659519.656,4331333.305,743.137,PD-505-1,sur,NO,tracker
214,659525.654,4331333.371,743.019,PD-512-0,sur,NO,tracker
215,659531.641,4331333.329,742.9,PD-512-1,sur,NO,tracker
216,659537.578,4331351.834,742.205,PD-518-0,sur,NO,tracker
217,659543.551,4331351.784,742.167,PD-518-1,sur,NO,tracker
218,659549.59,4331351.753,741.94,PD-524-0,sur,NO,tracker
219,659555.612,4331351.776,741.763,PD-524-1,sur,NO,tracker
220,659561.621,4331350.693,741.757,PD-530-0,sur,NO,tracker
221,659567.625,4331350.646,741.666,PD-530-1,sur,NO,tracker
222,659573.62,4331350.67,741.497,PD-537-0,sur,NO,tracker
223,659579.617,4331350.636,741.437,PD-537-1,sur,NO,tracker
224,659585.605,4331358.2,741.272,PD-542-0,sur,NO,tracker
225,659591.589,4331358.253,741.249,PD-542-1,sur,NO,tracker
226,659597.63,4331358.252,741.172,PD-546-0,sur,NO,tracker
227,659603.64,4331358.272,741.125,PD-546-1,sur,NO,tracker
228,659609.646,4331358.217,741.013,PD-549-0,sur,NO,tracker
229,659615.623,4331358.194,740.859,PD-549-1,sur,NO,tracker
230,659621.638,4331377.802,740.281,PD-553-0,sur,NO,tracker
231,659627.64,4331377.809,740.097,PD-553-1,sur,NO,tracker
232,659633.57,4331377.823,739.849,PD-556-0,sur,NO,tracker
233,659639.563,4331377.795,739.678,PD-556-1,sur,NO,tracker
234,659645.647,4331377.849,739.669,PD-559-0,sur,NO,tracker
235,659651.659,4331377.797,739.483,PD-559-1,sur,NO,tracker
236,659657.679,4331377.816,739.347,PD-562-0,sur,NO,tracker
237,659663.663,4331377.785,739.163,PD-562-1,sur,NO,tracker
238,659669.631,4331382.737,738.893,PD-566-0,sur,NO,tracker
239,659675.635,4331382.706,738.749,PD-566-1,sur,NO,tracker
240,659681.66,4331382.738,738.54,PD-570-0,sur,NO,tracker
241,659687.621,4331382.717,738.369,PD-570-1,sur,NO,tracker
242,659687.684,4331438.924,737.113,PD-570-1,norte,NO,tracker
243,659681.663,4331438.962,737.112,PD-570-0,norte,NO,tracker
244,659675.655,4331438.934,737.177,PD-566-1,norte,NO,tracker
245,659669.661,4331438.973,737.196,PD-566-0,norte,NO,tracker
246,659669.632,4331471.271,736.313,PD-567-0,sur,NO,tracker
247,659675.633,4331471.193,736.087,PD-567-1,sur,NO,tracker
248,659681.627,4331471.264,735.947,PD-571-0,sur,NO,tracker
249,659687.637,4331471.282,735.8,PD-571-1,sur,NO,tracker
250,659693.63,4331471.175,735.517,PD-574-0,sur,NO,tracker
251,659699.627,4331471.222,735.284,PD-574-1,sur,NO,tracker
252,659705.605,4331471.237,735.043,PD-577-0,sur,NO,tracker
253,659711.596,4331471.257,734.838,PD-577-1,sur,NO,tracker
254,659717.616,4331471.181,734.685,PD-580-0,sur,NO,tracker
255,659723.645,4331471.197,734.462,PD-580-1,sur,NO,tracker
256,659729.65,4331471.256,734.181,PD-583-0,sur,NO,tracker
257,659735.641,4331471.249,733.799,PD-583-1,sur,NO,tracker
258,659741.611,4331489.598,732.345,PD-586-0,sur,NO,tracker
259,659747.643,4331489.659,732.186,PD-586-1,sur,NO,tracker
260,659789.621,4331575.239,728.05,PD-595-0,sur,NO,tracker
261,659795.632,4331575.267,727.802,PD-595-1,sur,NO,tracker
262,659801.624,4331610.417,726.921,PD-597-0,sur,NO,tracker
263,659807.641,4331610.401,726.701,PD-597-1,sur,NO,tracker
264,659813.637,4331628.82,725.945,PD-598-0,sur,NO,tracker
265,659819.619,4331628.837,725.725,PD-598-1,sur,NO,tracker
266,659819.665,4331685.057,724.492,PD-598-1,norte,NO,tracker
267,659813.643,4331685.04,724.634,PD-598-0,norte,NO,tracker
268,659807.708,4331685.098,724.769,PD-597-1,norte,NO,tracker
269,659801.661,4331685.106,724.998,PD-597-0,norte,NO,tracker
270,659795.683,4331687.98,725.089,PD-596-1,norte,NO,tracker
271,659789.651,4331688.015,725.184,PD-596-0,norte,NO,tracker
272,659783.656,4331688.002,725.333,PD-594-1,norte,NO,tracker
273,659777.642,4331688.011,725.434,PD-594-0,norte,NO,tracker
274,659771.638,4331687.97,725.606,PD-592-1,norte,NO,tracker
275,659765.629,4331688.014,725.587,PD-592-0,norte,NO,tracker
276,659759.618,4331687.947,725.573,PD-590-1,norte,NO,tracker
277,659753.616,4331687.986,725.648,PD-590-0,norte,NO,tracker
278,659747.656,4331687.997,725.727,PD-588-1,norte,NO,tracker
279,659741.655,4331687.975,725.776,PD-588-0,norte,NO,tracker
280,659735.628,4331688.032,725.823,PD-585-1,norte,NO,tracker
281,659729.611,4331688.024,725.849,PD-585-0,norte,NO,tracker
282,659723.574,4331688.019,725.849,PD-582-1,norte,NO,tracker
283,659717.559,4331688.0,725.777,PD-582-0,norte,NO,tracker
284,659711.669,4331644.901,727.07,PD-578-1,norte,NO,tracker
285,659705.654,4331644.931,727.115,PD-578-0,norte,NO,tracker
286,659699.657,4331644.915,727.155,PD-575-1,norte,NO,tracker
287,659693.635,4331644.921,727.101,PD-575-0,norte,NO,tracker
288,659687.629,4331644.887,727.09,PD-572-1,norte,NO,tracker
289,659681.642,4331644.916,727.098,PD-572-0,norte,NO,tracker
290,659675.649,4331644.869,727.101,PD-568-1,norte,NO,tracker
291,659669.601,4331644.897,727.086,PD-568-0,norte,NO,tracker
292,659663.615,4331644.865,727.093,PD-564-1,norte,NO,tracker
293,659657.597,4331644.887,727.079,PD-564-0,norte,NO,tracker
294,659651.653,4331645.161,727.091,PD-561-1,norte,NO,tracker
295,659645.633,4331645.052,727.067,PD-561-0,norte,NO,tracker
296,659639.66,4331645.027,727.039,PD-558-1,norte,NO,tracker
297,659633.64,4331644.875,727.026,PD-558-0,norte,NO,tracker
298,659627.644,4331645.004,726.991,PD-555-1,norte,NO,tracker
299,659621.659,4331644.919,726.931,PD-555-0,norte,NO,tracker
300,659615.642,4331645.139,726.848,PD-552-1,norte,NO,tracker
301,659609.616,4331645.011,726.734,PD-552-0,norte,NO,tracker
302,659591.673,4331665.62,727.017,PD-545-1,norte,NO,tracker
303,659585.65,4331665.474,727.0,PD-545-0,norte,NO,tracker
304,659657.568,4331675.949,726.164,PD-565-0,sur,NO,tracker
305,659663.598,4331675.921,726.103,PD-565-1,sur,NO,tracker
306,659669.6,4331673.943,726.166,PD-569-0,sur,NO,tracker
307,659675.606,4331673.918,725.954,PD-569-1,sur,NO,tracker
308,659681.614,4331671.956,725.861,PD-573-0,sur,NO,tracker
309,659687.62,4331671.903,725.779,PD-573-1,sur,NO,tracker
310,659693.631,4331669.937,725.89,PD-576-0,sur,NO,tracker
311,659699.645,4331669.934,725.915,PD-576-1,sur,NO,tracker
312,659705.589,4331667.944,726.275,PD-579-0,sur,NO,tracker
313,659711.647,4331667.935,726.418,PD-579-1,sur,NO,tracker
314,659711.642,4331705.694,725.005,PD-579-1,norte,NO,tracker
315,659705.63,4331705.715,724.844,PD-579-0,norte,NO,tracker
316,659699.659,4331707.683,724.734,PD-576-1,norte,NO,tracker
317,659693.658,4331707.693,724.72,PD-576-0,norte,NO,tracker
318,659687.649,4331709.656,724.7,PD-573-1,norte,NO,tracker
319,659681.644,4331709.694,724.696,PD-573-0,norte,NO,tracker
320,659675.645,4331711.676,724.657,PD-569-1,norte,NO,tracker
321,659669.65,4331711.687,724.699,PD-569-0,norte,NO,tracker
322,659663.597,4331713.666,724.739,PD-565-1,norte,NO,tracker
323,659657.577,4331713.696,724.805,PD-565-0,norte,NO,tracker
324,659579.677,4331721.806,727.002,PD-541-1,norte,NO,tracker
325,659573.655,4331721.829,727.172,PD-541-0,norte,NO,tracker
326,659567.664,4331721.795,727.489,PD-536-1,norte,NO,tracker
327,659561.658,4331721.824,727.659,PD-536-0,norte,NO,tracker
328,659555.634,4331721.812,727.858,PD-529-1,norte,NO,tracker
329,659549.62,4331721.85,728.041,PD-529-0,norte,NO,tracker
330,659543.664,4331721.768,728.25,PD-523-1,norte,NO,tracker
331,659537.677,4331721.815,728.42,PD-523-0,norte,NO,tracker
332,659531.586,4331721.817,728.674,PD-517-1,norte,NO,tracker
333,659525.597,4331721.769,728.806,PD-517-0,norte,NO,tracker
334,659519.575,4331721.824,728.966,PD-511-1,norte,NO,tracker
335,659513.604,4331721.854,729.19,PD-511-0,norte,NO,tracker
336,659312.289,4331870.305,732.956,PD-444-0,sur,NO,tracker
337,659318.308,4331870.303,732.776,PD-444-1,sur,NO,tracker
338,659324.354,4331870.346,732.565,PD-447-0,sur,NO,tracker
339,659330.391,4331870.312,732.505,PD-447-1,sur,NO,tracker
340,659336.308,4331870.369,732.359,PD-450-0,sur,NO,tracker
341,659342.274,4331870.3,732.209,PD-450-1,sur,NO,tracker
342,659348.331,4331870.316,732.032,PD-453-0,sur,NO,tracker
343,659354.307,4331870.283,731.963,PD-453-1,sur,NO,tracker
344,659360.301,4331870.135,731.835,PD-456-0,sur,NO,tracker
345,659366.3,4331870.344,731.655,PD-456-1,sur,NO,tracker
346,659372.399,4331870.349,731.54,PD-459-0,sur,NO,tracker
347,659378.391,4331870.305,731.467,PD-459-1,sur,NO,tracker
348,659384.313,4331860.508,730.996,PD-462-0,sur,NO,tracker
349,659390.333,4331860.525,730.824,PD-462-1,sur,NO,tracker
350,659396.377,4331860.521,730.559,PD-466-0,sur,NO,tracker
351,659402.34,4331860.522,730.347,PD-466-1,sur,NO,tracker
352,659408.36,4331860.563,730.169,PD-469-0,sur,NO,tracker
353,659414.334,4331860.533,730.086,PD-469-1,sur,NO,tracker
354,659420.456,4331860.573,729.956,PD-473-0,sur,NO,tracker
355,659426.474,4331860.526,729.782,PD-473-1,sur,NO,tracker
356,659432.414,4331860.54,729.69,PD-476-0,sur,NO,tracker
357,659438.443,4331860.495,729.623,PD-476-1,sur,NO,tracker
358,659444.326,4331860.561,729.452,PD-480-0,sur,NO,tracker
359,659450.335,4331860.525,729.369,PD-480-1,sur,NO,tracker
360,659456.394,4331860.551,729.258,PD-484-0,sur,NO,tracker
361,659462.394,4331860.507,729.044,PD-484-1,sur,NO,tracker
362,659468.388,4331860.582,728.89,PD-489-0,sur,NO,tracker
363,659474.38,4331860.534,728.744,PD-489-1,sur,NO,tracker
364,659480.396,4331860.55,728.618,PD-495-0,sur,NO,tracker
365,659486.404,4331860.534,728.436,PD-495-1,sur,NO,tracker
366,659492.367,4331860.545,728.47,PD-501-0,sur,NO,tracker
367,659498.363,4331860.576,728.238,PD-501-1,sur,NO,tracker
368,659504.39,4331860.535,728.082,PD-506-0,sur,NO,tracker
369,659510.412,4331860.522,727.931,PD-506-1,sur,NO,tracker
370,659516.364,4331860.569,727.761,PD-513-0,sur,NO,tracker
371,659522.348,4331860.499,727.615,PD-513-1,sur,NO,tracker
372,659528.316,4331860.512,727.48,PD-519-0,sur,NO,tracker
373,659534.331,4331860.536,727.357,PD-519-1,sur,NO,tracker
374,659540.371,4331860.54,727.233,PD-525-0,sur,NO,tracker
375,659546.356,4331860.513,727.157,PD-525-1,sur,NO,tracker
376,659552.377,4331860.507,726.947,PD-532-0,sur,NO,tracker
377,659558.354,4331860.537,726.787,PD-532-1,sur,NO,tracker
378,659564.363,4331903.675,727.1,HD-1-0,sur,NO,tracker
379,659570.319,4331903.666,726.897,HD-1-1,sur,NO,tracker
380,659576.327,4331903.691,726.726,HD-2-0,sur,NO,tracker
381,659582.33,4331903.678,726.539,HD-2-1,sur,NO,tracker
382,659588.346,4331903.658,726.44,HD-3-0,sur,NO,tracker
383,659594.344,4331903.69,726.31,HD-3-1,sur,NO,tracker
384,659600.374,4331903.691,726.157,HD-4-0,sur,NO,tracker
385,659606.344,4331903.676,725.955,HD-4-1,sur,NO,tracker
386,659612.36,4331903.663,725.73,HD-6-0,sur,SI,tracker
387,659612.344,4331903.347,725.81,HD-5-0,norte,SI,tracker
388,659612.311,4331828.682,724.449,HD-5-0,sur,NO,tracker
389,659618.33,4331828.689,724.272,HD-5-1,sur,NO,tracker
390,659624.33,4331828.693,724.027,HD-7-0,sur,NO,tracker
391,659630.312,4331828.727,723.671,HD-7-1,sur,NO,tracker
392,659636.304,4331828.718,723.507,HD-9-0,sur,NO,tracker
393,659642.311,4331828.692,723.344,HD-9-1,sur,NO,tracker
394,659648.336,4331828.687,723.169,HD-11-0,sur,NO,tracker
395,659654.32,4331828.708,723.107,HD-11-1,sur,NO,tracker
396,659660.304,4331828.714,722.868,HD-13-0,sur,NO,tracker
397,659666.324,4331828.677,722.723,HD-13-1,sur,NO,tracker
398,659672.318,4331828.68,722.593,HD-15-0,sur,NO,tracker
399,659678.317,4331828.648,722.462,HD-15-1,sur,NO,tracker
400,659684.332,4331823.69,722.533,HD-17-0,sur,NO,tracker
401,659690.316,4331823.726,722.19,HD-17-1,sur,NO,tracker
402,659696.274,4331823.736,721.718,HD-19-0,sur,NO,tracker
403,659702.268,4331823.712,721.4,HD-19-1,sur,NO,tracker
404,659708.305,4331823.756,721.204,HD-21-0,sur,NO,tracker
405,659714.293,4331823.748,721.085,HD-21-1,sur,NO,tracker
406,659720.329,4331823.736,720.963,HD-23-0,sur,NO,tracker
407,659726.336,4331823.712,720.901,HD-23-1,sur,NO,tracker
408,659732.358,4331823.69,720.913,HD-25-0,sur,NO,tracker
409,659738.343,4331823.693,720.898,HD-25-1,sur,NO,tracker
410,659744.319,4331823.697,720.846,HD-27-0,sur,NO,tracker
411,659750.319,4331823.683,720.844,HD-27-1,sur,NO,tracker
412,659756.301,4331823.695,720.891,HD-29-0,sur,NO,tracker
413,659762.321,4331823.706,720.958,HD-29-1,sur,NO,tracker
414,659768.332,4331823.718,720.911,HD-31-0,sur,NO,tracker
415,659774.329,4331823.718,720.875,HD-31-1,sur,NO,tracker
416,659780.371,4331823.718,720.848,HD-33-0,sur,NO,tracker
417,659786.364,4331823.717,720.693,HD-33-1,sur,NO,tracker
418,659792.381,4331823.719,720.64,HD-35-0,sur,NO,tracker
419,659798.365,4331823.712,720.581,HD-35-1,sur,NO,tracker
420,659804.288,4331803.763,721.352,HD-37-0,sur,NO,tracker
421,659810.297,4331803.761,721.301,HD-37-1,sur,NO,tracker
422,659816.383,4331803.842,721.428,HD-39-0,sur,NO,tracker
423,659822.349,4331803.87,721.317,HD-39-1,sur,NO,tracker
424,659828.29,4331782.038,721.999,HD-41-0,sur,NO,tracker
425,659834.31,4331782.054,721.997,HD-41-1,sur,NO,tracker
426,659840.335,4331782.188,722.1,HD-43-0,sur,NO,tracker
427,659846.329,4331781.997,721.95,HD-43-1,sur,NO,tracker
428,659852.375,4331782.02,721.872,HD-45-0,sur,NO,tracker
429,659858.363,4331781.998,721.794,HD-45-1,sur,NO,tracker
430,659864.352,4331781.98,721.688,HD-47-0,sur,NO,tracker
431,659870.316,4331782.03,721.582,HD-47-1,sur,NO,tracker
432,659876.349,4331781.982,721.295,HD-49-0,sur,NO,tracker
433,659882.364,4331781.949,721.304,HD-49-1,sur,NO,tracker
434,659882.392,4331838.17,719.836,HD-49-1,norte,NO,tracker
435,659876.397,4331838.196,719.884,HD-49-0,norte,NO,tracker
436,659870.351,4331838.233,719.742,HD-47-1,norte,NO,tracker
437,659864.397,4331838.167,719.676,HD-47-0,norte,NO,tracker
438,659858.357,4331838.18,719.691,HD-45-1,norte,NO,tracker
439,659852.388,4331838.205,719.704,HD-45-0,norte,NO,tracker
440,659846.311,4331838.174,719.728,HD-43-1,norte,NO,tracker
441,659840.33,4331838.363,719.813,HD-43-0,norte,NO,tracker
442,659876.289,4331860.042,718.134,HD-50-0,sur,NO,tracker
443,659882.296,4331860.007,718.079,HD-50-1,sur,NO,tracker
444,659888.31,4331860.059,718.105,HD-52-0,sur,NO,tracker
445,659894.331,4331860.031,718.02,HD-52-1,sur,NO,tracker
446,659900.359,4331857.885,718.09,HD-54-0,sur,NO,tracker
447,659906.34,4331857.89,717.987,HD-54-1,sur,NO,tracker
448,659912.259,4331782.978,720.292,HD-56-0,sur,NO,tracker
449,659918.251,4331782.974,720.085,HD-56-1,sur,NO,tracker
450,659924.295,4331782.989,719.853,HD-59-0,sur,NO,tracker
451,659930.323,4331782.982,719.692,HD-59-1,sur,NO,tracker
452,659936.293,4331782.97,719.649,HD-62-0,sur,NO,tracker
453,659942.326,4331782.914,719.427,HD-62-1,sur,NO,tracker
454,659948.3,4331782.945,719.304,HD-65-0,sur,NO,tracker
455,659954.319,4331782.934,718.982,HD-65-1,sur,NO,tracker
456,659960.405,4331782.948,719.196,HD-68-0,sur,NO,tracker
457,659966.354,4331782.958,718.97,HD-68-1,sur,NO,tracker
458,659972.321,4331757.925,718.747,HD-71-0,sur,NO,tracker
459,659978.323,4331757.953,718.615,HD-71-1,sur,NO,tracker
460,659984.279,4331757.945,718.444,HD-75-0,sur,NO,tracker
461,659990.263,4331757.916,718.269,HD-75-1,sur,NO,tracker
462,659996.298,4331757.95,718.059,HD-79-0,sur,NO,tracker
463,660002.318,4331757.934,717.951,HD-79-1,sur,NO,tracker
464,660008.339,4331757.973,717.788,HD-83-0,sur,NO,tracker
465,660014.325,4331757.965,717.638,HD-83-1,sur,NO,tracker
466,660020.37,4331757.99,717.57,HD-87-0,sur,NO,tracker
467,660026.372,4331757.918,717.598,HD-87-1,sur,NO,tracker
468,660032.367,4331757.979,717.505,HD-90-0,sur,NO,tracker
469,660038.331,4331757.914,717.495,HD-90-1,sur,NO,tracker
470,660044.345,4331757.966,717.414,HD-92-0,sur,NO,tracker
471,660050.363,4331757.955,717.371,HD-92-1,sur,NO,tracker
472,660056.329,4331801.396,715.992,HD-94-0,sur,NO,tracker
473,660062.334,4331801.348,715.953,HD-94-1,sur,NO,tracker
474,660068.297,4331801.453,715.769,HD-97-0,sur,NO,tracker
475,660074.298,4331801.446,715.737,HD-97-1,sur,NO,tracker
476,660080.363,4331782.986,716.624,HD-100-0,sur,NO,tracker
477,660086.334,4331783.0,716.804,HD-100-1,sur,NO,tracker
478,660092.299,4331782.881,717.008,HD-103-0,sur,NO,tracker
479,660098.301,4331782.953,717.099,HD-103-1,sur,NO,tracker
480,660104.332,4331783.012,717.058,HD-106-0,sur,NO,tracker
481,660110.356,4331783.014,717.089,HD-106-1,sur,NO,tracker
482,660116.314,4331783.026,717.178,HD-109-0,sur,NO,tracker
483,660122.328,4331783.005,717.159,HD-109-1,sur,NO,tracker
484,660128.344,4331783.01,717.168,HD-112-0,sur,NO,tracker
485,660134.334,4331782.99,717.273,HD-112-1,sur,NO,tracker
486,660140.248,4331783.05,717.347,HD-115-0,sur,NO,tracker
487,660146.254,4331782.973,717.423,HD-115-1,sur,NO,tracker
488,660152.309,4331783.028,717.535,HD-118-0,sur,NO,tracker
489,660158.308,4331782.986,717.73,HD-118-1,sur,NO,tracker
490,660164.289,4331757.25,718.203,HD-121-0,sur,NO,tracker
491,660170.32,4331757.22,718.156,HD-121-1,sur,NO,tracker
492,660176.3,4331757.247,718.149,HD-124-0,sur,NO,tracker
493,660182.346,4331757.23,718.151,HD-124-1,sur,NO,tracker
494,660182.365,4331831.906,716.408,HD-124-1,norte,NO,tracker
495,660176.376,4331831.929,716.319,HD-124-0,norte,NO,tracker
496,660170.303,4331831.886,716.252,HD-121-1,norte,NO,tracker
497,660164.315,4331831.908,716.064,HD-121-0,norte,NO,tracker
498,660164.271,4331896.562,712.827,HD-122-0,sur,NO,tracker
499,660170.324,4331896.573,712.738,HD-122-1,sur,NO,tracker
500,660176.383,4331896.617,712.555,HD-125-0,sur,NO,tracker
501,660182.359,4331896.573,712.489,HD-125-1,sur,NO,tracker
502,660188.315,4331896.596,712.355,HD-127-0,sur,NO,tracker
503,660194.303,4331896.618,712.32,HD-127-1,sur,NO,tracker
504,660200.338,4331896.589,712.267,HD-129-0,sur,NO,tracker
505,660206.368,4331896.597,712.106,HD-129-1,sur,NO,tracker
506,660212.27,4331839.51,714.914,HD-131-0,sur,NO,tracker
507,660218.317,4331839.552,714.738,HD-131-1,sur,NO,tracker
508,660224.262,4331839.561,714.724,HD-133-0,sur,NO,tracker
509,660230.291,4331839.568,714.674,HD-133-1,sur,NO,tracker
510,660236.269,4331764.492,717.432,HD-135-0,sur,NO,tracker
511,660242.308,4331764.514,717.311,HD-135-1,sur,NO,tracker
512,660248.302,4331764.513,717.141,HD-138-0,sur,NO,tracker
513,660254.309,4331764.518,716.948,HD-138-1,sur,NO,tracker
514,660260.332,4331764.52,716.826,HD-141-0,sur,NO,tracker
515,660266.311,4331764.526,716.682,HD-141-1,sur,NO,tracker
516,660272.32,4331764.528,716.445,HD-144-0,sur,NO,tracker
517,660278.312,4331764.494,716.34,HD-144-1,sur,NO,tracker
518,660284.282,4331764.519,716.15,HD-147-0,sur,NO,tracker
519,660290.275,4331764.425,716.018,HD-147-1,sur,NO,tracker
520,660296.358,4331764.478,715.88,HD-150-0,sur,NO,tracker
521,660302.364,4331764.466,715.87,HD-150-1,sur,NO,tracker
522,660308.403,4331764.472,715.785,HD-153-0,sur,NO,tracker
523,660314.421,4331764.509,715.696,HD-153-1,sur,NO,tracker
524,660320.29,4331789.112,715.017,HD-156-0,sur,NO,tracker
525,660326.287,4331789.066,714.957,HD-156-1,sur,NO,tracker
526,660326.388,4331863.727,712.451,HD-156-1,norte,NO,tracker
527,660320.388,4331863.759,712.483,HD-156-0,norte,NO,tracker
528,660314.371,4331970.567,710.118,HD-155-1,norte,NO,tracker
529,660308.379,4331970.536,710.412,HD-155-0,norte,NO,tracker
530,660302.37,4331970.557,710.207,HD-152-1,norte,NO,tracker
531,660296.395,4331970.542,710.303,HD-152-0,norte,NO,tracker
532,660290.375,4331988.987,710.421,HD-149-1,norte,NO,tracker
533,660284.408,4331988.989,710.478,HD-149-0,norte,NO,tracker
534,660278.348,4331989.027,710.358,HD-146-1,norte,NO,tracker
535,660272.342,4331989.032,710.481,HD-146-0,norte,NO,tracker
536,660266.361,4331988.986,710.48,HD-143-1,norte,NO,tracker
537,660260.384,4331988.996,710.531,HD-143-0,norte,NO,tracker
538,660254.33,4331989.063,710.615,HD-140-1,norte,NO,tracker
539,660248.335,4331989.051,710.716,HD-140-0,norte,NO,tracker
540,660242.371,4331989.307,710.822,HD-137-1,norte,NO,tracker
541,660236.37,4331989.259,710.859,HD-137-0,norte,NO,tracker
542,660230.37,4331989.101,710.894,HD-134-1,norte,NO,tracker
543,660224.38,4331989.064,710.96,HD-134-0,norte,NO,tracker
544,660218.361,4331989.09,710.946,HD-132-1,norte,NO,tracker
545,660212.338,4331989.076,710.943,HD-132-0,norte,NO,tracker
546,660206.345,4332027.689,712.028,HD-130-1,norte,NO,tracker
547,660200.393,4332027.742,711.994,HD-130-0,norte,NO,tracker
548,660194.294,4332027.735,711.993,HD-128-1,norte,NO,tracker
549,660188.297,4332027.748,712.023,HD-128-0,norte,NO,tracker
550,660182.356,4332027.703,712.059,HD-126-1,norte,NO,tracker
551,660176.325,4332027.719,712.014,HD-126-0,norte,NO,tracker
552,660170.346,4332027.715,711.934,HD-123-1,norte,NO,tracker
553,660164.331,4332027.736,711.912,HD-123-0,norte,NO,tracker
554,660158.312,4332007.477,711.7,HD-120-1,norte,NO,tracker
555,660152.309,4332007.455,711.68,HD-120-0,norte,NO,tracker
556,660146.323,4332007.466,711.717,HD-117-1,norte,NO,tracker
557,660140.32,4332007.463,711.799,HD-117-0,norte,NO,tracker
558,660134.399,4332007.429,711.814,HD-114-1,norte,NO,tracker
559,660128.392,4332007.401,711.794,HD-114-0,norte,NO,tracker
560,660122.315,4332007.489,711.859,HD-111-1,norte,NO,tracker
561,660116.315,4332007.464,711.878,HD-111-0,norte,NO,tracker
562,660110.345,4332007.523,712.048,HD-108-1,norte,NO,tracker
563,660104.358,4332007.484,712.107,HD-108-0,norte,NO,tracker
564,660098.315,4332007.477,712.213,HD-105-1,norte,NO,tracker
565,660092.329,4332007.455,712.172,HD-105-0,norte,NO,tracker
566,660086.411,4332007.49,712.217,HD-102-1,norte,NO,tracker
567,660080.41,4332007.478,712.251,HD-102-0,norte,NO,tracker
568,660074.386,4332025.97,712.088,HD-99-1,norte,NO,tracker
569,660068.395,4332025.95,712.193,HD-99-0,norte,NO,tracker
570,660062.343,4332025.957,712.124,HD-96-1,norte,NO,tracker
571,660056.331,4332025.958,712.261,HD-96-0,norte,NO,tracker
572,660050.38,4331907.543,714.834,HD-93-1,norte,NO,tracker
573,660044.374,4331907.576,715.068,HD-93-0,norte,NO,tracker
574,660038.37,4331907.576,715.046,HD-91-1,norte,NO,tracker
575,660032.362,4331907.562,715.178,HD-91-0,norte,NO,tracker
576,660026.331,4331945.575,714.14,HD-89-1,norte,NO,tracker
577,660020.352,4331945.628,714.282,HD-89-0,norte,NO,tracker
578,660014.36,4332039.229,712.401,HD-86-1,norte,NO,tracker
579,660008.363,4332039.189,712.414,HD-86-0,norte,NO,tracker
580,660002.353,4332039.191,712.522,HD-82-1,norte,NO,tracker
581,659996.324,4332039.22,712.585,HD-82-0,norte,NO,tracker
582,659990.35,4332020.776,712.889,HD-78-1,norte,NO,tracker
583,659984.345,4332020.812,712.986,HD-78-0,norte,NO,tracker
584,659978.321,4332020.832,713.015,HD-74-1,norte,NO,tracker
585,659972.313,4332020.786,713.086,HD-74-0,norte,NO,tracker
586,659966.378,4332007.504,713.457,HD-70-1,norte,NO,tracker
587,659960.379,4332007.5,713.571,HD-70-0,norte,NO,tracker
588,659954.335,4332007.471,713.722,HD-67-1,norte,NO,tracker
589,659948.34,4332007.488,713.792,HD-67-0,norte,NO,tracker
590,659942.312,4332007.495,713.957,HD-64-1,norte,NO,tracker
591,659936.289,4332007.482,714.048,HD-64-0,norte,NO,tracker
592,659930.286,4332007.955,714.255,HD-61-1,norte,NO,tracker
593,659924.275,4332007.782,714.437,HD-61-0,norte,NO,tracker
594,659918.358,4331970.845,715.681,HD-58-1,norte,NO,tracker
595,659912.352,4331970.827,715.847,HD-58-0,norte,NO,tracker
596,659906.333,4331970.632,715.916,HD-55-1,norte,NO,tracker
597,659900.388,4331970.596,716.075,HD-55-0,norte,NO,tracker
598,659894.343,4331991.169,715.811,HD-53-1,norte,NO,tracker
599,659888.332,4331991.201,715.958,HD-53-0,norte,NO,tracker
600,659882.329,4331991.165,716.04,HD-51-1,norte,NO,tracker
601,659876.329,4331991.224,715.977,HD-51-0,norte,NO,tracker
602,659870.354,4331991.303,715.993,HD-48-1,norte,NO,tracker
603,659864.388,4331991.275,715.906,HD-48-0,norte,NO,tracker
604,659858.353,4331991.181,715.873,HD-46-1,norte,NO,tracker
605,659852.387,4331991.201,715.952,HD-46-0,norte,NO,tracker
606,659846.325,4331991.157,715.987,HD-44-1,norte,NO,tracker
607,659840.333,4331991.201,716.036,HD-44-0,norte,NO,tracker
608,659840.351,4331953.44,717.358,HD-44-0,sur,NO,tracker
609,659846.355,4331953.4,717.221,HD-44-1,sur,NO,tracker
610,659852.378,4331953.446,717.141,HD-46-0,sur,NO,tracker
611,659858.387,4331953.414,717.08,HD-46-1,sur,NO,tracker
612,659864.322,4331916.592,717.656,HD-48-0,sur,NO,tracker
613,659870.326,4331916.603,717.556,HD-48-1,sur,NO,tracker
614,659834.358,4331894.691,718.73,HD-42-1,norte,NO,tracker
615,659828.348,4331894.655,718.859,HD-42-0,norte,NO,tracker
616,659822.367,4331916.699,718.889,HD-40-1,norte,NO,tracker
617,659816.384,4331916.666,718.849,HD-40-0,norte,NO,tracker
618,659810.379,4331916.382,718.826,HD-38-1,norte,NO,tracker
619,659804.39,4331916.438,718.851,HD-38-0,norte,NO,tracker
620,659798.351,4331973.302,717.923,HD-36-1,norte,NO,tracker
621,659792.354,4331973.341,718.127,HD-36-0,norte,NO,tracker
622,659786.371,4331973.29,718.48,HD-34-1,norte,NO,tracker
623,659780.386,4331973.319,718.614,HD-34-0,norte,NO,tracker
624,659774.34,4331973.276,718.752,HD-32-1,norte,NO,tracker
625,659768.323,4331973.335,719.011,HD-32-0,norte,NO,tracker
626,659762.316,4331973.338,719.128,HD-30-1,norte,NO,tracker
627,659756.349,4331973.284,719.403,HD-30-0,norte,NO,tracker
628,659750.313,4331973.286,719.615,HD-28-1,norte,NO,tracker
629,659744.335,4331973.334,720.071,HD-28-0,norte,NO,tracker
630,659738.298,4331973.3,720.348,HD-26-1,norte,NO,tracker
631,659732.334,4331973.296,720.632,HD-26-0,norte,NO,tracker
632,659726.332,4331973.346,720.809,HD-24-1,norte,NO,tracker
633,659720.355,4331973.341,720.972,HD-24-0,norte,NO,tracker
634,659714.307,4331973.354,721.226,HD-22-1,norte,NO,tracker
635,659708.345,4331973.367,721.439,HD-22-0,norte,NO,tracker
636,659702.323,4331973.338,721.726,HD-20-1,norte,NO,tracker
637,659696.333,4331973.356,721.963,HD-20-0,norte,NO,tracker
638,659690.335,4331973.342,722.142,HD-18-1,norte,NO,tracker
639,659684.319,4331973.352,722.443,HD-18-0,norte,NO,tracker
640,659678.388,4331978.381,722.526,HD-16-1,norte,NO,tracker
641,659672.384,4331978.299,722.701,HD-16-0,norte,NO,tracker
642,659666.328,4331978.317,722.994,HD-14-1,norte,NO,tracker
643,659660.339,4331978.323,723.261,HD-14-0,norte,NO,tracker
644,659654.306,4331978.307,723.628,HD-12-1,norte,NO,tracker
645,659648.329,4331978.356,723.835,HD-12-0,norte,NO,tracker
646,659642.343,4331978.322,723.993,HD-10-1,norte,NO,tracker
647,659636.336,4331978.322,724.224,HD-10-0,norte,NO,tracker
648,659630.348,4331978.334,724.298,HD-8-1,norte,NO,tracker
649,659624.361,4331978.306,724.666,HD-8-0,norte,NO,tracker
650,659618.389,4331978.337,724.796,HD-6-1,norte,NO,tracker
651,659612.4,4331978.36,725.12,HD-6-0,norte,NO,tracker
652,659606.348,4331978.376,725.397,HD-4-1,norte,NO,tracker
653,659600.344,4331978.351,725.563,HD-4-0,norte,NO,tracker
654,659594.353,4331978.381,725.738,HD-3-1,norte,NO,tracker
655,659588.356,4331978.341,726.029,HD-3-0,norte,NO,tracker
656,659582.383,4331978.37,726.256,HD-2-1,norte,NO,tracker
657,659576.382,4331978.387,726.484,HD-2-0,norte,NO,tracker
658,659570.347,4331978.351,726.733,HD-1-1,norte,NO,tracker
659,659564.34,4331978.371,727.019,HD-1-0,norte,NO,tracker
660,659558.374,4331973.261,727.114,PD-534-1,norte,NO,tracker
661,659552.373,4331973.238,727.206,PD-534-0,norte,NO,tracker
662,659546.406,4331991.653,727.321,PD-527-1,norte,NO,tracker
663,659540.387,4331991.731,727.502,PD-527-0,norte,NO,tracker
664,659534.378,4331991.688,727.723,PD-521-1,norte,NO,tracker
665,659528.366,4331991.66,727.845,PD-521-0,norte,NO,tracker
666,659522.408,4331991.687,727.963,PD-515-1,norte,NO,tracker
667,659516.392,4331991.75,728.151,PD-515-0,norte,NO,tracker
668,659510.36,4332010.194,728.189,PD-508-1,norte,NO,tracker
669,659504.381,4332010.166,728.389,PD-508-0,norte,NO,tracker
670,659498.357,4332010.108,728.526,PD-502-1,norte,NO,tracker
671,659492.365,4332010.139,728.718,PD-502-0,norte,NO,tracker
672,659486.402,4332010.172,728.911,PD-496-1,norte,NO,tracker
673,659480.379,4332010.143,729.036,PD-496-0,norte,NO,tracker
674,659474.379,4332010.147,729.195,PD-490-1,norte,NO,tracker
675,659468.393,4332010.173,729.32,PD-490-0,norte,NO,tracker
676,659462.334,4332010.165,729.433,PD-485-1,norte,NO,tracker
677,659456.322,4332010.166,729.544,PD-485-0,norte,NO,tracker
678,659450.39,4332010.17,729.568,PD-481-1,norte,NO,tracker
679,659444.409,4332010.177,729.73,PD-481-0,norte,NO,tracker
680,659438.418,4332010.129,729.854,PD-477-1,norte,NO,tracker
681,659432.429,4332010.185,729.898,PD-477-0,norte,NO,tracker
682,659426.411,4332010.178,729.915,PD-474-1,norte,NO,tracker
683,659420.409,4332010.191,730.035,PD-474-0,norte,NO,tracker
684,659414.414,4332048.185,728.896,PD-471-1,norte,NO,tracker
685,659408.383,4332048.198,729.018,PD-471-0,norte,NO,tracker
686,659402.408,4332048.2,729.112,PD-468-1,norte,NO,tracker
687,659396.4,4332048.203,729.307,PD-468-0,norte,NO,tracker
688,659390.412,4332048.413,729.42,PD-464-1,norte,NO,tracker
689,659384.389,4332048.43,729.646,PD-464-0,norte,NO,tracker
690,659378.447,4332019.89,730.357,PD-460-1,norte,NO,tracker
691,659372.417,4332019.914,730.438,PD-460-0,norte,NO,tracker
692,659366.382,4332001.523,731.146,PD-457-1,norte,NO,tracker
693,659360.363,4332001.5,731.071,PD-457-0,norte,NO,tracker
694,659354.308,4331983.057,731.579,PD-454-1,norte,NO,tracker
695,659348.331,4331983.01,731.606,PD-454-0,norte,NO,tracker
696,659342.34,4331944.986,732.625,PD-450-1,norte,NO,tracker
697,659336.364,4331945.066,732.787,PD-450-0,norte,NO,tracker
698,659330.363,4331926.554,732.987,PD-447-1,norte,NO,tracker
699,659324.358,4331926.569,733.036,PD-447-0,norte,NO,tracker
700,659318.423,4331908.075,733.224,PD-444-1,norte,NO,tracker
701,659312.42,4331908.083,733.346,PD-444-0,norte,NO,tracker
702,659328.452,4331691.14,734.711,PD-446-1,sur,SI,tracker
703,659328.408,4331690.819,734.79,PD-445-1,norte,SI,tracker
704,659322.446,4331691.172,734.867,PD-446-0,sur,SI,tracker
705,659322.377,4331690.838,734.87,PD-445-0,norte,SI,tracker
706,659316.434,4331691.146,735.086,PD-443-1,sur,SI,tracker
707,659316.438,4331690.813,735.188,PD-442-1,norte,SI,tracker
708,659310.433,4331691.131,735.2,PD-443-0,sur,SI,tracker
709,659310.39,4331690.784,735.304,PD-442-0,norte,SI,tracker
710,659304.393,4331691.134,735.485,PD-441-1,sur,SI,tracker
711,659304.372,4331690.843,735.537,PD-440-1,norte,SI,tracker
712,659298.441,4331691.145,735.615,PD-441-0,sur,SI,tracker
713,659298.423,4331690.81,735.742,PD-440-0,norte,SI,tracker
714,659292.425,4331690.796,735.952,PD-438-1,norte,SI,tracker
715,659292.46,4331691.091,735.968,PD-439-1,sur,SI,tracker
716,659286.435,4331691.126,736.224,PD-439-0,sur,SI,tracker
717,659286.442,4331690.848,736.272,PD-438-0,norte,SI,tracker
718,659280.406,4331691.123,736.493,PD-437-1,sur,SI,tracker
719,659280.459,4331690.811,736.497,PD-436-1,norte,SI,tracker
720,659274.466,4331690.847,736.716,PD-436-0,norte,SI,tracker
721,659274.411,4331691.155,736.759,PD-437-0,sur,SI,tracker
722,659268.408,4331690.813,736.903,PD-434-1,norte,SI,tracker
723,659268.404,4331691.118,736.94,PD-435-1,sur,SI,tracker
724,659262.374,4331691.191,737.181,PD-435-0,sur,SI,tracker
725,659262.43,4331690.804,737.186,PD-434-0,norte,SI,tracker
726,659256.473,4331690.819,737.396,PD-432-1,norte,SI,tracker
727,659256.417,4331691.168,737.406,PD-433-1,sur,SI,tracker
728,659250.386,4331691.148,737.665,PD-433-0,sur,SI,tracker
729,659250.384,4331690.872,737.593,PD-432-0,norte,SI,tracker
730,659334.453,4331709.629,733.724,PD-449-0,sur,SI,tracker
731,659334.459,4331709.289,733.685,PD-448-0,norte,SI,tracker
732,659340.421,4331709.581,733.586,PD-449-1,sur,SI,tracker
733,659340.421,4331709.313,733.54,PD-448-1,norte,SI,tracker
734,659346.44,4331709.57,733.372,PD-452-0,sur,SI,tracker
735,659346.455,4331709.266,733.436,PD-451-0,norte,SI,tracker
736,659352.434,4331709.255,733.229,PD-451-1,norte,SI,tracker
737,659352.449,4331709.554,733.262,PD-452-1,sur,SI,tracker
738,659477.57,4331635.121,732.498,PD-491-0,norte,SI,tracker
739,659477.576,4331635.384,732.513,PD-492-0,sur,SI,tracker
740,659483.569,4331635.071,732.173,PD-491-1,norte,SI,tracker
741,659483.547,4331635.376,732.239,PD-492-1,sur,SI,tracker
742,659489.642,4331635.103,731.872,PD-497-0,norte,SI,tracker
743,659489.622,4331635.388,731.937,PD-498-0,sur,SI,tracker
744,659495.652,4331635.152,731.488,PD-497-1,norte,SI,tracker
745,659495.61,4331635.4,731.564,PD-498-1,sur,SI,tracker
746,659501.533,4331635.343,731.198,PD-504-0,sur,SI,tracker
747,659501.574,4331635.099,731.151,PD-503-0,norte,SI,tracker
748,659507.541,4331635.074,730.848,PD-503-1,norte,SI,tracker
749,659507.529,4331635.331,730.898,PD-504-1,sur,SI,tracker
750,659513.617,4331665.395,730.368,PD-510-0,norte,SI,tracker
751,659513.597,4331665.664,730.445,PD-511-0,sur,SI,tracker
752,659519.59,4331665.586,730.051,PD-511-1,sur,SI,tracker
753,659519.583,4331665.339,729.973,PD-510-1,norte,SI,tracker
754,659525.586,4331665.561,729.697,PD-517-0,sur,SI,tracker
755,659525.563,4331665.378,729.736,PD-516-0,norte,SI,tracker
756,659531.53,4331665.6,729.469,PD-517-1,sur,SI,tracker
757,659531.563,4331665.349,729.369,PD-516-1,norte,SI,tracker
758,659537.595,4331665.403,729.181,PD-522-0,norte,SI,tracker
759,659537.633,4331665.587,729.186,PD-523-0,sur,SI,tracker
760,659543.597,4331665.547,728.957,PD-523-1,sur,SI,tracker
761,659543.56,4331665.381,728.91,PD-522-1,norte,SI,tracker
762,659549.602,4331665.62,728.639,PD-529-0,sur,SI,tracker
763,659549.568,4331665.346,728.607,PD-528-0,norte,SI,tracker
764,659555.543,4331665.371,728.28,PD-528-1,norte,SI,tracker
765,659555.623,4331665.592,728.354,PD-529-1,sur,SI,tracker
766,659561.59,4331665.408,727.844,PD-535-0,norte,SI,tracker
767,659561.581,4331665.605,727.912,PD-536-0,sur,SI,tracker
768,659567.604,4331665.572,727.579,PD-536-1,sur,SI,tracker
769,659567.608,4331665.359,727.54,PD-535-1,norte,SI,tracker
770,659573.632,4331665.404,727.413,PD-540-0,norte,SI,tracker
771,659573.61,4331665.613,727.481,PD-541-0,sur,SI,tracker
772,659579.636,4331665.6,727.363,PD-541-1,sur,SI,tracker
773,659579.623,4331665.377,727.24,PD-540-1,norte,SI,tracker
774,659717.534,4331613.091,728.147,PD-581-0,norte,SI,tracker
775,659717.555,4331613.352,728.12,PD-582-0,sur,SI,tracker
776,659723.546,4331613.096,728.197,PD-581-1,norte,SI,tracker
777,659723.589,4331613.373,728.154,PD-582-1,sur,SI,tracker
778,659729.529,4331613.111,728.179,PD-584-0,norte,SI,tracker
779,659729.505,4331613.376,728.213,PD-585-0,sur,SI,tracker
780,659735.565,4331613.385,728.112,PD-585-1,sur,SI,tracker
781,659735.559,4331613.083,728.105,PD-584-1,norte,SI,tracker
782,659741.605,4331613.073,728.042,PD-587-0,norte,SI,tracker
783,659741.58,4331613.339,728.057,PD-588-0,sur,SI,tracker
784,659747.624,4331613.346,728.025,PD-588-1,sur,SI,tracker
785,659747.6,4331613.099,728.014,PD-587-1,norte,SI,tracker
786,659753.53,4331613.077,728.017,PD-589-0,norte,SI,tracker
787,659753.547,4331613.337,727.958,PD-590-0,sur,SI,tracker
788,659759.521,4331613.101,727.95,PD-589-1,norte,SI,tracker
789,659759.54,4331613.306,727.915,PD-590-1,sur,SI,tracker
790,659765.595,4331613.383,727.785,PD-592-0,sur,SI,tracker
791,659765.595,4331613.079,727.709,PD-591-0,norte,SI,tracker
792,659771.552,4331613.088,727.612,PD-591-1,norte,SI,tracker
793,659771.571,4331613.313,727.683,PD-592-1,sur,SI,tracker
794,659777.631,4331613.365,727.572,PD-594-0,sur,SI,tracker
795,659777.608,4331613.132,727.554,PD-593-0,norte,SI,tracker
796,659783.607,4331613.097,727.309,PD-593-1,norte,SI,tracker
797,659783.584,4331613.36,727.389,PD-594-1,sur,SI,tracker
798,659789.582,4331613.028,727.207,PD-595-0,norte,SI,tracker
799,659789.612,4331613.362,727.112,PD-596-0,sur,SI,tracker
800,659795.557,4331612.987,727.061,PD-595-1,norte,SI,tracker
801,659795.581,4331613.313,726.994,PD-596-1,sur,SI,tracker
802,659663.615,4331452.854,736.998,PD-563-1,sur,SI,tracker
803,659663.607,4331452.486,737.002,PD-562-1,norte,SI,tracker
804,659657.605,4331452.507,737.109,PD-562-0,norte,SI,tracker
805,659657.588,4331452.831,737.137,PD-563-0,sur,SI,tracker
806,659651.636,4331452.75,737.293,PD-560-1,sur,SI,tracker
807,659651.635,4331452.505,737.271,PD-559-1,norte,SI,tracker
808,659645.607,4331452.784,737.388,PD-560-0,sur,SI,tracker
809,659645.625,4331452.54,737.335,PD-559-0,norte,SI,tracker
810,659639.567,4331452.772,737.571,PD-557-1,sur,SI,tracker
811,659639.547,4331452.47,737.58,PD-556-1,norte,SI,tracker
812,659633.544,4331452.74,737.6,PD-557-0,sur,SI,tracker
813,659633.536,4331452.5,737.664,PD-556-0,norte,SI,tracker
814,659627.631,4331452.777,737.752,PD-554-1,sur,SI,tracker
815,659627.611,4331452.491,737.698,PD-553-1,norte,SI,tracker
816,659621.588,4331452.486,737.818,PD-553-0,norte,SI,tracker
817,659621.644,4331452.827,737.899,PD-554-0,sur,SI,tracker
818,659615.564,4331470.947,737.504,PD-550-1,norte,SI,tracker
819,659615.567,4331471.184,737.534,PD-551-1,sur,SI,tracker
820,659609.571,4331471.261,737.719,PD-551-0,sur,SI,tracker
821,659609.666,4331470.952,737.678,PD-550-0,norte,SI,tracker
822,659603.642,4331471.147,737.766,PD-548-1,sur,SI,tracker
823,659603.6,4331470.977,737.694,PD-547-1,norte,SI,tracker
824,659597.581,4331470.941,737.77,PD-547-0,norte,SI,tracker
825,659597.579,4331471.223,737.778,PD-548-0,sur,SI,tracker
826,659591.556,4331471.238,737.952,PD-544-1,sur,SI,tracker
827,659591.544,4331470.979,737.984,PD-543-1,norte,SI,tracker
828,659585.565,4331471.228,738.108,PD-544-0,sur,SI,tracker
829,659585.547,4331470.973,738.119,PD-543-0,norte,SI,tracker
830,659579.607,4331463.676,738.513,PD-539-1,sur,SI,tracker
831,659579.622,4331463.335,738.503,PD-538-1,norte,SI,tracker
832,659573.625,4331463.365,738.562,PD-538-0,norte,SI,tracker
833,659573.608,4331463.674,738.573,PD-539-0,sur,SI,tracker
834,659567.635,4331463.708,738.735,PD-533-1,sur,SI,tracker
835,659567.561,4331463.356,738.76,PD-531-1,norte,SI,tracker
836,659561.584,4331463.693,738.738,PD-533-0,sur,SI,tracker
837,659561.565,4331463.362,738.809,PD-531-0,norte,SI,tracker
838,659555.476,4331426.74,739.991,PD-526-1,sur,SI,tracker
839,659555.502,4331426.448,740.015,PD-524-1,norte,SI,tracker
840,659549.535,4331426.771,740.108,PD-526-0,sur,SI,tracker
841,659549.536,4331426.418,740.127,PD-524-0,norte,SI,tracker
842,659543.548,4331426.739,740.186,PD-520-1,sur,SI,tracker
843,659543.56,4331426.426,740.223,PD-518-1,norte,SI,tracker
844,659537.555,4331426.751,740.301,PD-520-0,sur,SI,tracker
845,659537.553,4331426.491,740.237,PD-518-0,norte,SI,tracker
846,659531.611,4331408.357,740.932,PD-514-1,sur,SI,tracker
847,659531.607,4331407.996,740.923,PD-512-1,norte,SI,tracker
848,659525.59,4331408.03,740.93,PD-512-0,norte,SI,tracker
849,659525.575,4331408.308,741.029,PD-514-0,sur,SI,tracker
850,659519.576,4331408.27,740.894,PD-507-1,sur,SI,tracker
851,659519.635,4331407.971,740.974,PD-505-1,norte,SI,tracker
852,659513.571,4331408.278,740.953,PD-507-0,sur,SI,tracker
853,659513.64,4331407.998,740.988,PD-505-0,norte,SI,tracker
854,659507.569,4331370.011,742.343,PD-500-1,sur,SI,tracker
855,659507.571,4331369.688,742.223,PD-499-1,norte,SI,tracker
856,659501.598,4331370.042,742.391,PD-500-0,sur,SI,tracker
857,659501.586,4331369.725,742.346,PD-499-0,norte,SI,tracker
858,659495.639,4331369.666,742.45,PD-493-1,norte,SI,tracker
859,659495.589,4331369.971,742.484,PD-494-1,sur,SI,tracker
860,659489.602,4331370.016,742.52,PD-494-0,sur,SI,tracker
861,659489.642,4331369.743,742.514,PD-493-0,norte,SI,tracker
862,659483.58,4331370.056,742.646,PD-488-1,sur,SI,tracker
863,659483.593,4331369.719,742.712,PD-487-1,norte,SI,tracker
864,659477.612,4331370.065,742.879,PD-488-0,sur,SI,tracker
865,659477.554,4331369.685,742.731,PD-487-0,norte,SI,tracker
866,659561.561,4331388.717,740.975,PD-531-0,sur,SI,tracker
867,659561.573,4331388.464,740.914,PD-530-0,norte,SI,tracker
868,659567.581,4331388.718,740.86,PD-531-1,sur,SI,tracker
869,659567.568,4331388.42,740.842,PD-530-1,norte,SI,tracker
870,659573.596,4331388.452,740.687,PD-537-0,norte,SI,tracker
871,659573.611,4331388.708,740.733,PD-538-0,sur,SI,tracker
872,659573.608,4331388.719,740.727,PD-538-0,sur,SI,tracker
873,659579.606,4331388.416,740.559,PD-537-1,norte,SI,tracker
874,659579.598,4331388.684,740.61,PD-538-1,sur,SI,tracker
875,659585.588,4331396.317,740.342,PD-543-0,sur,SI,tracker
876,659585.605,4331395.957,740.215,PD-542-0,norte,SI,tracker
877,659591.569,4331396.327,740.131,PD-543-1,sur,SI,tracker
878,659591.57,4331396.001,740.092,PD-542-1,norte,SI,tracker
879,659597.577,4331396.021,739.999,PD-546-0,norte,SI,tracker
880,659597.624,4331396.284,740.064,PD-547-0,sur,SI,tracker
881,659603.61,4331396.309,739.91,PD-547-1,sur,SI,tracker
882,659603.615,4331396.041,739.882,PD-546-1,norte,SI,tracker
883,659609.59,4331395.999,739.888,PD-549-0,norte,SI,tracker
884,659609.653,4331396.308,739.931,PD-550-0,sur,SI,tracker
885,659615.571,4331395.97,739.807,PD-549-1,norte,SI,tracker
886,659615.62,4331396.289,739.817,PD-550-1,sur,SI,tracker
887,659360.274,4331926.831,732.374,PD-457-0,sur,SI,tracker
888,659360.293,4331926.371,732.271,PD-456-0,norte,SI,tracker
889,659366.313,4331926.575,732.159,PD-456-1,norte,SI,tracker
890,659366.291,4331926.842,732.257,PD-457-1,sur,SI,tracker
891,659354.3,4331945.287,732.294,PD-454-1,sur,SI,tracker
892,659354.364,4331944.971,732.28,PD-453-1,norte,SI,tracker
893,659348.321,4331945.256,732.548,PD-454-0,sur,SI,tracker
894,659348.335,4331945.008,732.522,PD-453-0,norte,SI,tracker
895,659372.308,4331945.276,732.055,PD-460-0,sur,SI,tracker
896,659372.377,4331945.043,732.038,PD-459-0,norte,SI,tracker
897,659378.326,4331945.252,731.938,PD-460-1,sur,SI,tracker
898,659378.371,4331945.0,731.921,PD-459-1,norte,SI,tracker
899,659384.331,4331935.201,731.829,PD-462-0,norte,SI,tracker
900,659384.28,4331935.493,731.849,PD-463-0,sur,SI,tracker
901,659390.294,4331935.562,731.765,PD-463-1,sur,SI,tracker
902,659390.347,4331935.223,731.737,PD-462-1,norte,SI,tracker
903,659396.262,4331935.21,731.667,PD-466-0,norte,SI,tracker
904,659396.307,4331935.49,731.652,PD-467-0,sur,SI,tracker
905,659384.331,4332010.684,730.458,PD-464-0,sur,SI,tracker
906,659384.315,4332010.295,730.442,PD-463-0,norte,SI,tracker
907,659390.293,4332010.355,730.365,PD-463-1,norte,SI,tracker
908,659390.323,4332010.663,730.311,PD-464-1,sur,SI,tracker
909,659396.297,4332010.152,730.362,PD-467-0,norte,SI,tracker
910,659396.36,4332010.457,730.327,PD-468-0,sur,SI,tracker
911,659402.312,4332010.157,730.298,PD-467-1,norte,SI,tracker
912,659402.368,4332010.463,730.292,PD-468-1,sur,SI,tracker
913,659408.332,4332010.172,730.184,PD-470-0,norte,SI,tracker
914,659408.37,4332010.448,730.183,PD-471-0,sur,SI,tracker
915,659414.343,4332010.157,730.146,PD-470-1,norte,SI,tracker
916,659414.38,4332010.417,730.09,PD-471-1,sur,SI,tracker
917,659402.295,4331935.498,731.511,PD-467-1,sur,SI,tracker
918,659402.319,4331935.224,731.49,PD-466-1,norte,SI,tracker
919,659408.346,4331935.247,731.404,PD-469-0,norte,SI,tracker
920,659408.338,4331935.505,731.374,PD-470-0,sur,SI,tracker
921,659414.34,4331935.223,731.305,PD-469-1,norte,SI,tracker
922,659414.34,4331935.488,731.321,PD-470-1,sur,SI,tracker
923,659420.384,4331935.25,731.13,PD-473-0,norte,SI,tracker
924,659420.393,4331935.5,731.195,PD-474-0,sur,SI,tracker
925,659426.357,4331935.51,730.932,PD-474-1,sur,SI,tracker
926,659426.407,4331935.204,731.008,PD-473-1,norte,SI,tracker
927,659432.337,4331935.227,730.776,PD-476-0,norte,SI,tracker
928,659432.393,4331935.512,730.768,PD-477-0,sur,SI,tracker
929,659438.362,4331935.465,730.544,PD-477-1,sur,SI,tracker
930,659438.362,4331935.188,730.648,PD-476-1,norte,SI,tracker
931,659444.353,4331935.233,730.429,PD-480-0,norte,SI,tracker
932,659444.346,4331935.475,730.416,PD-481-0,sur,SI,tracker
933,659450.36,4331935.475,730.203,PD-481-1,sur,SI,tracker
934,659450.36,4331935.213,730.208,PD-480-1,norte,SI,tracker
935,659456.356,4331935.238,730.081,PD-484-0,norte,SI,tracker
936,659456.262,4331935.477,730.084,PD-485-0,sur,SI,tracker
937,659462.382,4331935.198,729.923,PD-484-1,norte,SI,tracker
938,659462.232,4331935.454,729.914,PD-485-1,sur,SI,tracker
939,659468.377,4331935.275,729.739,PD-489-0,norte,SI,tracker
940,659468.343,4331935.475,729.738,PD-490-0,sur,SI,tracker
941,659474.356,4331935.479,729.586,PD-490-1,sur,SI,tracker
942,659474.375,4331935.22,729.601,PD-489-1,norte,SI,tracker
943,659480.353,4331935.222,729.364,PD-495-0,norte,SI,tracker
944,659480.331,4331935.447,729.398,PD-496-0,sur,SI,tracker
945,659486.316,4331935.47,729.274,PD-496-1,sur,SI,tracker
946,659486.375,4331935.209,729.251,PD-495-1,norte,SI,tracker
947,659492.354,4331935.22,729.038,PD-501-0,norte,SI,tracker
948,659492.409,4331935.431,729.05,PD-502-0,sur,SI,tracker
949,659492.409,4331935.431,729.044,PD-502-0,sur,SI,tracker
950,659498.395,4331935.409,728.927,PD-502-1,sur,SI,tracker
951,659498.392,4331935.266,728.896,PD-501-1,norte,SI,tracker
952,659504.383,4331935.209,728.778,PD-506-0,norte,SI,tracker
953,659504.331,4331935.482,728.779,PD-508-0,sur,SI,tracker
954,659510.366,4331935.201,728.68,PD-506-1,norte,SI,tracker
955,659510.374,4331935.484,728.687,PD-508-1,sur,SI,tracker
956,659516.364,4331916.79,728.502,PD-513-0,norte,SI,tracker
957,659516.396,4331917.046,728.464,PD-515-0,sur,SI,tracker
958,659522.402,4331916.983,728.435,PD-515-1,sur,SI,tracker
959,659522.402,4331916.739,728.383,PD-513-1,norte,SI,tracker
960,659528.311,4331916.752,728.166,PD-519-0,norte,SI,tracker
961,659528.317,4331916.963,728.162,PD-521-0,sur,SI,tracker
962,659534.301,4331916.994,727.977,PD-521-1,sur,SI,tracker
963,659534.321,4331916.767,727.97,PD-519-1,norte,SI,tracker
964,659540.37,4331916.776,727.851,PD-525-0,norte,SI,tracker
965,659540.352,4331917.054,727.79,PD-527-0,sur,SI,tracker
966,659546.374,4331916.95,727.649,PD-527-1,sur,SI,tracker
967,659546.388,4331916.767,727.652,PD-525-1,norte,SI,tracker
968,659552.34,4331935.201,727.413,PD-532-0,norte,SI,tracker
969,659552.338,4331935.457,727.424,PD-534-0,sur,SI,tracker
970,659558.347,4331935.495,727.366,PD-534-1,sur,SI,tracker
971,659558.364,4331935.222,727.356,PD-532-1,norte,SI,tracker
972,659612.332,4331903.35,725.812,HD-5-0,norte,SI,tracker
973,659612.361,4331903.654,725.761,HD-6-0,sur,SI,tracker
974,659618.326,4331903.349,725.755,HD-5-1,norte,SI,tracker
975,659618.379,4331903.614,725.761,HD-6-1,sur,SI,tracker
976,659624.345,4331903.39,725.406,HD-7-0,norte,SI,tracker
977,659624.321,4331903.626,725.394,HD-8-0,sur,SI,tracker
978,659630.334,4331903.38,725.279,HD-7-1,norte,SI,tracker
979,659630.353,4331903.645,725.27,HD-8-1,sur,SI,tracker
980,659636.376,4331903.623,724.837,HD-10-0,sur,SI,tracker
981,659636.361,4331903.402,724.868,HD-9-0,norte,SI,tracker
982,659642.332,4331903.372,724.703,HD-9-1,norte,SI,tracker
983,659642.356,4331903.609,724.698,HD-10-1,sur,SI,tracker
984,659648.342,4331903.382,724.401,HD-11-0,norte,SI,tracker
985,659648.321,4331903.67,724.459,HD-12-0,sur,SI,tracker
986,659654.306,4331903.393,724.117,HD-11-1,norte,SI,tracker
987,659654.313,4331903.619,724.184,HD-12-1,sur,SI,tracker
988,659660.351,4331903.625,723.911,HD-14-0,sur,SI,tracker
989,659660.354,4331903.389,723.913,HD-13-0,norte,SI,tracker
990,659666.3,4331903.376,723.675,HD-13-1,norte,SI,tracker
991,659666.33,4331903.625,723.67,HD-14-1,sur,SI,tracker
992,659672.281,4331903.381,723.381,HD-15-0,norte,SI,tracker
993,659672.358,4331903.622,723.362,HD-16-0,sur,SI,tracker
994,659678.3,4331903.345,723.102,HD-15-1,norte,SI,tracker
995,659678.316,4331903.673,723.097,HD-16-1,sur,SI,tracker
996,659684.283,4331898.394,722.801,HD-17-0,norte,SI,tracker
997,659684.31,4331898.641,722.863,HD-18-0,sur,SI,tracker
998,659690.331,4331898.644,722.609,HD-18-1,sur,SI,tracker
999,659690.309,4331898.42,722.614,HD-17-1,norte,SI,tracker
1000,659696.333,4331898.438,722.305,HD-19-0,norte,SI,tracker
1001,659696.285,4331898.681,722.331,HD-20-0,sur,SI,tracker
1002,659702.331,4331898.42,722.121,HD-19-1,norte,SI,tracker
1003,659702.299,4331898.65,722.123,HD-20-1,sur,SI,tracker
1004,659708.334,4331898.69,721.869,HD-22-0,sur,SI,tracker
1005,659708.32,4331898.453,721.879,HD-21-0,norte,SI,tracker
1006,659714.312,4331898.656,721.662,HD-22-1,sur,SI,tracker
1007,659714.286,4331898.45,721.627,HD-21-1,norte,SI,tracker
1008,659720.282,4331898.652,721.365,HD-24-0,sur,SI,tracker
1009,659720.293,4331898.425,721.372,HD-23-0,norte,SI,tracker
1010,659726.29,4331898.394,721.102,HD-23-1,norte,SI,tracker
1011,659726.278,4331898.653,721.174,HD-24-1,sur,SI,tracker
1012,659732.304,4331898.614,720.994,HD-26-0,sur,SI,tracker
1013,659732.302,4331898.408,720.941,HD-25-0,norte,SI,tracker
1014,659738.295,4331898.377,720.738,HD-25-1,norte,SI,tracker
1015,659738.33,4331898.599,720.761,HD-26-1,sur,SI,tracker
1016,659744.293,4331898.646,720.516,HD-28-0,sur,SI,tracker
1017,659744.321,4331898.394,720.529,HD-27-0,norte,SI,tracker
1018,659750.309,4331898.394,720.247,HD-27-1,norte,SI,tracker
1019,659750.303,4331898.604,720.311,HD-28-1,sur,SI,tracker
1020,659756.314,4331898.584,720.097,HD-30-0,sur,SI,tracker
1021,659756.312,4331898.379,720.139,HD-29-0,norte,SI,tracker
1022,659762.303,4331898.384,719.978,HD-29-1,norte,SI,tracker
1023,659762.284,4331898.638,719.947,HD-30-1,sur,SI,tracker
1024,659768.253,4331898.41,719.774,HD-31-0,norte,SI,tracker
1025,659768.226,4331898.64,719.777,HD-32-0,sur,SI,tracker
1026,659774.316,4331898.594,719.645,HD-32-1,sur,SI,tracker
1027,659774.308,4331898.402,719.65,HD-31-1,norte,SI,tracker
1028,659780.347,4331898.409,719.528,HD-33-0,norte,SI,tracker
1029,659780.357,4331898.625,719.529,HD-34-0,sur,SI,tracker
1030,659786.361,4331898.618,719.383,HD-34-1,sur,SI,tracker
1031,659786.356,4331898.401,719.358,HD-33-1,norte,SI,tracker
1032,659792.343,4331898.395,719.303,HD-35-0,norte,SI,tracker
1033,659792.345,4331898.644,719.307,HD-36-0,sur,SI,tracker
1034,659798.316,4331898.626,719.163,HD-36-1,sur,SI,tracker
1035,659798.349,4331898.415,719.11,HD-35-1,norte,SI,tracker
1036,659804.327,4331878.424,719.181,HD-37-0,norte,SI,tracker
1037,659804.322,4331878.674,719.222,HD-38-0,sur,SI,tracker
1038,659810.35,4331878.665,719.113,HD-38-1,sur,SI,tracker
1039,659816.384,4331878.63,719.061,HD-39-0,norte,SI,tracker
1040,659816.348,4331878.885,719.08,HD-40-0,sur,SI,tracker
1041,659810.333,4331878.391,719.029,HD-37-1,norte,SI,tracker
1042,659822.336,4331878.919,719.028,HD-40-1,sur,SI,tracker
1043,659822.381,4331878.677,718.937,HD-39-1,norte,SI,tracker
1044,659828.326,4331856.677,719.241,HD-41-0,norte,SI,tracker
1045,659828.381,4331856.888,719.263,HD-42-0,sur,SI,tracker
1046,659834.332,4331856.681,719.154,HD-41-1,norte,SI,tracker
1047,659834.392,4331856.919,719.19,HD-42-1,sur,SI,tracker
1048,659876.331,4331916.555,717.355,HD-51-0,sur,SI,tracker
1049,659876.324,4331916.268,717.296,HD-50-0,norte,SI,tracker
1050,659882.314,4331916.253,717.263,HD-50-1,norte,SI,tracker
1051,659882.282,4331916.485,717.299,HD-51-1,sur,SI,tracker
1052,659888.278,4331916.286,717.187,HD-52-0,norte,SI,tracker
1053,659888.34,4331916.535,717.147,HD-53-0,sur,SI,tracker
1054,659894.305,4331916.26,717.11,HD-52-1,norte,SI,tracker
1055,659894.339,4331916.501,717.056,HD-53-1,sur,SI,tracker
1056,659900.292,4331932.552,716.722,HD-54-0,norte,SI,tracker
1057,659900.354,4331932.836,716.756,HD-55-0,sur,SI,tracker
1058,659906.305,4331932.584,716.623,HD-54-1,norte,SI,tracker
1059,659906.344,4331932.857,716.652,HD-55-1,sur,SI,tracker
1060,659912.333,4331932.716,716.515,HD-57-0,norte,SI,tracker
1061,659912.334,4331933.05,716.573,HD-58-0,sur,SI,tracker
1062,659918.358,4331932.767,716.345,HD-57-1,norte,SI,tracker
1063,659918.356,4331933.063,716.366,HD-58-1,sur,SI,tracker
1064,659912.365,4331857.905,718.08,HD-57-0,sur,SI,tracker
1065,659912.362,4331857.662,718.212,HD-56-0,norte,SI,tracker
1066,659918.357,4331857.661,718.159,HD-56-1,norte,SI,tracker
1067,659918.337,4331857.986,718.169,HD-57-1,sur,SI,tracker
1068,659924.342,4331857.658,717.956,HD-59-0,norte,SI,tracker
1069,659924.331,4331858.012,717.91,HD-60-0,sur,SI,tracker
1070,659930.361,4331857.661,717.96,HD-59-1,norte,SI,tracker
1071,659930.351,4331858.061,717.957,HD-60-1,sur,SI,tracker
1072,659924.315,4331932.994,715.988,HD-61-0,sur,SI,tracker
1073,659924.337,4331932.79,715.986,HD-60-0,norte,SI,tracker
1074,659930.323,4331932.839,715.808,HD-60-1,norte,SI,tracker
1075,659930.305,4331933.193,715.816,HD-61-1,sur,SI,tracker
1076,659936.26,4331932.824,715.785,HD-64-0,sur,SI,tracker
1077,659936.321,4331932.563,715.705,HD-63-0,norte,SI,tracker
1078,659942.285,4331932.592,715.606,HD-63-1,norte,SI,tracker
1079,659942.266,4331932.817,715.629,HD-64-1,sur,SI,tracker
1080,659936.312,4331857.889,717.958,HD-63-0,sur,SI,tracker
1081,659936.351,4331857.66,717.942,HD-62-0,norte,SI,tracker
1082,659942.294,4331857.915,717.844,HD-63-1,sur,SI,tracker
1083,659948.326,4331857.944,717.929,HD-66-0,sur,SI,tracker
1084,659948.31,4331857.632,717.905,HD-65-0,norte,SI,tracker
1085,659954.302,4331857.634,717.953,HD-65-1,norte,SI,tracker
1086,659954.269,4331857.937,717.853,HD-66-1,sur,SI,tracker
1087,659948.308,4331932.845,715.561,HD-67-0,sur,SI,tracker
1088,659948.359,4331932.605,715.492,HD-66-0,norte,SI,tracker
1089,659954.271,4331932.813,715.484,HD-67-1,sur,SI,tracker
1090,659954.34,4331932.605,715.395,HD-66-1,norte,SI,tracker
1091,659960.341,4331932.81,715.387,HD-70-0,sur,SI,tracker
1092,659960.33,4331932.578,715.375,HD-69-0,norte,SI,tracker
1093,659966.342,4331932.553,715.443,HD-69-1,norte,SI,tracker
1094,659966.326,4331932.821,715.48,HD-70-1,sur,SI,tracker
1095,659960.358,4331857.946,717.844,HD-69-0,sur,SI,tracker
1096,659960.353,4331857.637,718.116,HD-68-0,norte,SI,tracker
1097,659966.357,4331857.658,718.058,HD-68-1,norte,SI,tracker
1098,659966.356,4331857.911,717.804,HD-69-1,sur,SI,tracker
1099,659972.31,4331832.662,718.081,HD-71-0,norte,SI,tracker
1100,659972.309,4331832.921,718.128,HD-72-0,sur,SI,tracker
1101,659978.326,4331832.651,718.011,HD-71-1,norte,SI,tracker
1102,659978.303,4331833.035,717.995,HD-72-1,sur,SI,tracker
1103,659984.334,4331832.659,717.84,HD-75-0,norte,SI,tracker
1104,659984.33,4331832.939,717.721,HD-76-0,sur,SI,tracker
1105,659990.319,4331832.629,717.603,HD-75-1,norte,SI,tracker
1106,659990.321,4331833.03,717.578,HD-76-1,sur,SI,tracker
1107,659990.315,4331907.868,715.815,HD-76-1,norte,SI,tracker
1108,659990.31,4331908.079,715.781,HD-77-1,sur,SI,tracker
1109,659984.305,4331908.094,715.868,HD-77-0,sur,SI,tracker
1110,659984.309,4331907.749,715.915,HD-76-0,norte,SI,tracker
1111,659978.309,4331908.025,715.912,HD-73-1,sur,SI,tracker
1112,659978.292,4331907.837,716.022,HD-72-1,norte,SI,tracker
1113,659972.303,4331908.091,715.962,HD-73-0,sur,SI,tracker
1114,659972.272,4331907.738,716.003,HD-72-0,norte,SI,tracker
1115,659972.273,4331983.025,713.945,HD-74-0,sur,SI,tracker
1116,659972.281,4331983.021,713.948,HD-74-0,sur,SI,tracker
1117,659972.279,4331982.786,713.975,HD-73-0,norte,SI,tracker
1118,659978.301,4331983.043,713.869,HD-74-1,sur,SI,tracker
1119,659978.261,4331982.733,713.872,HD-73-1,norte,SI,tracker
1120,659984.275,4331983.027,713.727,HD-78-0,sur,SI,tracker
1121,659984.31,4331982.78,713.722,HD-77-0,norte,SI,tracker
1122,659990.261,4331982.761,713.618,HD-77-1,norte,SI,tracker
1123,659990.274,4331983.024,713.593,HD-78-1,sur,SI,tracker
1124,659996.324,4331964.547,714.117,HD-82-0,sur,SI,tracker
1125,659996.362,4331964.342,714.158,HD-81-0,norte,SI,tracker
1126,660002.363,4331964.297,714.113,HD-81-1,norte,SI,tracker
1127,660002.341,4331964.495,714.045,HD-82-1,sur,SI,tracker
1128,660008.285,4331964.308,713.958,HD-85-0,norte,SI,tracker
1129,660008.296,4331964.498,713.96,HD-86-0,sur,SI,tracker
1130,660014.292,4331964.289,713.746,HD-85-1,norte,SI,tracker
1131,660014.275,4331964.539,713.803,HD-86-1,sur,SI,tracker
1132,660014.391,4331889.381,716.033,HD-84-1,norte,SI,tracker
1133,660014.379,4331889.611,716.013,HD-85-1,sur,SI,tracker
1134,660008.377,4331889.63,716.158,HD-85-0,sur,SI,tracker
1135,660008.384,4331889.273,716.119,HD-84-0,norte,SI,tracker
1136,660002.386,4331889.616,716.366,HD-81-1,sur,SI,tracker
1137,660002.342,4331889.39,716.281,HD-80-1,norte,SI,tracker
1138,659996.394,4331889.661,716.392,HD-81-0,sur,SI,tracker
1139,659996.327,4331889.27,716.338,HD-80-0,norte,SI,tracker
1140,659996.375,4331814.421,717.67,HD-80-0,sur,SI,tracker
1141,659996.292,4331814.186,717.558,HD-79-0,norte,SI,tracker
1142,660002.291,4331814.18,717.385,HD-79-1,norte,SI,tracker
1143,660002.381,4331814.535,717.497,HD-80-1,sur,SI,tracker
1144,660008.352,4331814.228,717.168,HD-83-0,norte,SI,tracker
1145,660008.372,4331814.426,717.331,HD-84-0,sur,SI,tracker
1146,660014.352,4331814.225,716.951,HD-83-1,norte,SI,tracker
1147,660014.348,4331814.523,717.091,HD-84-1,sur,SI,tracker
1148,660020.346,4331832.703,716.593,HD-87-0,norte,SI,tracker
1149,660020.348,4331832.803,716.754,HD-88-0,sur,SI,tracker
1150,660026.355,4331832.87,716.602,HD-88-1,sur,SI,tracker
1151,660026.351,4331832.633,716.441,HD-87-1,norte,SI,tracker
1152,660032.369,4331832.693,716.157,HD-90-0,norte,SI,tracker
1153,660032.327,4331832.864,716.464,HD-91-0,sur,SI,tracker
1154,660038.352,4331832.887,716.27,HD-91-1,sur,SI,tracker
1155,660038.385,4331832.617,715.954,HD-90-1,norte,SI,tracker
1156,660044.362,4331832.878,716.046,HD-93-0,sur,SI,tracker
1157,660044.319,4331832.67,715.745,HD-92-0,norte,SI,tracker
1158,660050.36,4331832.835,715.809,HD-93-1,sur,SI,tracker
1159,660050.326,4331832.667,715.646,HD-92-1,norte,SI,tracker
1160,660056.318,4331876.351,715.05,HD-95-0,sur,SI,tracker
1161,660056.312,4331876.075,715.012,HD-94-0,norte,SI,tracker
1162,660062.328,4331876.315,714.868,HD-95-1,sur,SI,tracker
1163,660062.312,4331876.043,714.872,HD-94-1,norte,SI,tracker
1164,660068.28,4331876.376,714.737,HD-98-0,sur,SI,tracker
1165,660068.317,4331876.123,714.779,HD-97-0,norte,SI,tracker
1166,660074.335,4331876.114,714.659,HD-97-1,norte,SI,tracker
1167,660074.262,4331876.357,714.665,HD-98-1,sur,SI,tracker
1168,660074.29,4331951.048,713.114,HD-98-1,norte,SI,tracker
1169,660074.324,4331951.263,713.109,HD-99-1,sur,SI,tracker
1170,660068.368,4331951.261,713.169,HD-99-0,sur,SI,tracker
1171,660068.329,4331951.066,713.184,HD-98-0,norte,SI,tracker
1172,660062.331,4331951.261,713.199,HD-96-1,sur,SI,tracker
1173,660062.321,4331951.001,713.245,HD-95-1,norte,SI,tracker
1174,660056.302,4331951.266,713.383,HD-96-0,sur,SI,tracker
1175,660056.339,4331951.019,713.427,HD-95-0,norte,SI,tracker
1176,660080.36,4331932.802,713.34,HD-102-0,sur,SI,tracker
1177,660080.352,4331932.596,713.309,HD-101-0,norte,SI,tracker
1178,660086.349,4331932.561,713.279,HD-101-1,norte,SI,tracker
1179,660086.358,4331932.799,713.293,HD-102-1,sur,SI,tracker
1180,660092.285,4331932.807,713.091,HD-105-0,sur,SI,tracker
1181,660092.311,4331932.607,713.05,HD-104-0,norte,SI,tracker
1182,660098.315,4331932.571,712.982,HD-104-1,norte,SI,tracker
1183,660098.294,4331932.807,712.947,HD-105-1,sur,SI,tracker
1184,660104.388,4331932.601,712.962,HD-107-0,norte,SI,tracker
1185,660104.355,4331932.797,712.968,HD-108-0,sur,SI,tracker
1186,660110.347,4331932.805,712.857,HD-108-1,sur,SI,tracker
1187,660110.376,4331932.616,712.864,HD-107-1,norte,SI,tracker
1188,660116.272,4331932.553,712.786,HD-110-0,norte,SI,tracker
1189,660116.312,4331932.786,712.747,HD-111-0,sur,SI,tracker
1190,660122.308,4331932.814,712.741,HD-111-1,sur,SI,tracker
1191,660122.301,4331932.56,712.803,HD-110-1,norte,SI,tracker
1192,660128.351,4331932.506,712.679,HD-113-0,norte,SI,tracker
1193,660128.364,4331932.717,712.689,HD-114-0,sur,SI,tracker
1194,660134.343,4331932.747,712.59,HD-114-1,sur,SI,tracker
1195,660134.356,4331932.52,712.586,HD-113-1,norte,SI,tracker
1196,660140.268,4331932.581,712.419,HD-116-0,norte,SI,tracker
1197,660140.306,4331932.809,712.461,HD-117-0,sur,SI,tracker
1198,660146.299,4331932.813,712.322,HD-117-1,sur,SI,tracker
1199,660146.305,4331932.549,712.311,HD-116-1,norte,SI,tracker
1200,660152.291,4331932.529,712.196,HD-119-0,norte,SI,tracker
1201,660152.339,4331932.785,712.215,HD-120-0,sur,SI,tracker
1202,660152.346,4331932.551,712.209,HD-119-0,norte,SI,tracker
1203,660152.332,4331932.789,712.217,HD-120-0,sur,SI,tracker
1204,660158.341,4331932.58,712.126,HD-119-1,norte,SI,tracker
1205,660158.332,4331932.798,712.137,HD-120-1,sur,SI,tracker
1206,660158.318,4331857.613,714.586,HD-118-1,norte,SI,tracker
1207,660158.305,4331857.919,714.584,HD-119-1,sur,SI,tracker
1208,660152.34,4331857.877,714.336,HD-119-0,sur,SI,tracker
1209,660152.329,4331857.674,714.528,HD-118-0,norte,SI,tracker
1210,660146.314,4331857.627,714.451,HD-115-1,norte,SI,tracker
1211,660146.307,4331857.897,714.303,HD-116-1,sur,SI,tracker
1212,660140.299,4331857.913,714.292,HD-116-0,sur,SI,tracker
1213,660140.306,4331857.692,714.304,HD-115-0,norte,SI,tracker
1214,660134.334,4331857.853,714.282,HD-113-1,sur,SI,tracker
1215,660134.353,4331857.651,714.307,HD-112-1,norte,SI,tracker
1216,660128.362,4331857.682,714.404,HD-112-0,norte,SI,tracker
1217,660128.338,4331857.835,714.364,HD-113-0,sur,SI,tracker
1218,660122.311,4331857.887,714.402,HD-110-1,sur,SI,tracker
1219,660122.292,4331857.654,714.389,HD-109-1,norte,SI,tracker
1220,660116.325,4331857.882,714.374,HD-110-0,sur,SI,tracker
1221,660116.263,4331857.693,714.381,HD-109-0,norte,SI,tracker
1222,660110.335,4331857.92,714.406,HD-107-1,sur,SI,tracker
1223,660110.365,4331857.671,714.453,HD-106-1,norte,SI,tracker
1224,660104.313,4331857.931,714.386,HD-107-0,sur,SI,tracker
1225,660104.364,4331857.685,714.436,HD-106-0,norte,SI,tracker
1226,660098.287,4331857.905,714.544,HD-104-1,sur,SI,tracker
1227,660098.337,4331857.605,714.519,HD-103-1,norte,SI,tracker
1228,660092.303,4331857.933,714.692,HD-104-0,sur,SI,tracker
1229,660092.362,4331857.536,714.604,HD-103-0,norte,SI,tracker
1230,660086.351,4331857.882,714.744,HD-101-1,sur,SI,tracker
1231,660086.367,4331857.677,714.702,HD-100-1,norte,SI,tracker
1232,660080.326,4331857.922,714.89,HD-101-0,sur,SI,tracker
1233,660080.355,4331857.67,714.834,HD-100-0,norte,SI,tracker
1234,660164.311,4331953.077,711.785,HD-123-0,sur,SI,tracker
1235,660164.285,4331952.829,711.837,HD-122-0,norte,SI,tracker
1236,660170.297,4331952.816,711.657,HD-122-1,norte,SI,tracker
1237,660170.311,4331953.033,711.755,HD-123-1,sur,SI,tracker
1238,660176.35,4331953.05,711.696,HD-126-0,sur,SI,tracker
1239,660176.358,4331952.846,711.736,HD-125-0,norte,SI,tracker
1240,660182.32,4331952.807,711.671,HD-125-1,norte,SI,tracker
1241,660182.386,4331953.026,711.675,HD-126-1,sur,SI,tracker
1242,660188.292,4331953.073,711.6,HD-128-0,sur,SI,tracker
1243,660188.342,4331952.821,711.584,HD-127-0,norte,SI,tracker
1244,660194.264,4331953.061,711.427,HD-128-1,sur,SI,tracker
1245,660194.292,4331952.856,711.498,HD-127-1,norte,SI,tracker
1246,660200.396,4331953.079,711.42,HD-130-0,sur,SI,tracker
1247,660200.376,4331952.829,711.418,HD-129-0,norte,SI,tracker
1248,660206.366,4331952.844,711.266,HD-129-1,norte,SI,tracker
1249,660206.39,4331953.006,711.11,HD-130-1,sur,SI,tracker
1250,660212.298,4331914.405,711.564,HD-132-0,sur,SI,tracker
1251,660212.301,4331914.405,711.563,HD-132-0,sur,SI,tracker
1252,660212.298,4331914.124,711.567,HD-131-0,norte,SI,tracker
1253,660218.321,4331914.165,711.415,HD-131-1,norte,SI,tracker
1254,660218.304,4331914.399,711.414,HD-132-1,sur,SI,tracker
1255,660230.322,4331914.156,711.202,HD-133-1,norte,SI,tracker
1256,660230.367,4331914.412,711.225,HD-134-1,sur,SI,tracker
1257,660224.381,4331914.388,711.276,HD-134-0,sur,SI,tracker
1258,660224.306,4331914.158,711.295,HD-133-0,norte,SI,tracker
1259,660236.321,4331914.576,711.243,HD-137-0,sur,SI,tracker
1260,660236.372,4331914.199,711.317,HD-136-0,norte,SI,tracker
1261,660242.372,4331914.371,711.26,HD-136-1,norte,SI,tracker
1262,660242.32,4331914.602,711.25,HD-137-1,sur,SI,tracker
1263,660248.292,4331914.385,711.2,HD-140-0,sur,SI,tracker
1264,660248.307,4331914.086,711.165,HD-139-0,norte,SI,tracker
1265,660254.284,4331914.106,711.199,HD-139-1,norte,SI,tracker
1266,660254.278,4331914.382,711.23,HD-140-1,sur,SI,tracker
1267,660260.371,4331914.12,711.147,HD-142-0,norte,SI,tracker
1268,660260.343,4331914.304,711.113,HD-143-0,sur,SI,tracker
1269,660266.361,4331914.311,711.026,HD-143-1,sur,SI,tracker
1270,660266.375,4331914.118,711.046,HD-142-1,norte,SI,tracker
1271,660272.278,4331914.111,710.958,HD-145-0,norte,SI,tracker
1272,660272.286,4331914.378,710.953,HD-146-0,sur,SI,tracker
1273,660278.291,4331914.09,710.951,HD-145-1,norte,SI,tracker
1274,660278.31,4331914.352,710.9,HD-146-1,sur,SI,tracker
1275,660284.29,4331914.088,710.882,HD-148-0,norte,SI,tracker
1276,660284.36,4331914.296,710.961,HD-149-0,sur,SI,tracker
1277,660290.294,4331914.098,710.852,HD-148-1,norte,SI,tracker
1278,660290.34,4331914.301,710.877,HD-149-1,sur,SI,tracker
1279,660296.346,4331895.657,711.395,HD-151-0,norte,SI,tracker
1280,660296.335,4331895.907,711.37,HD-152-0,sur,SI,tracker
1281,660302.361,4331895.629,711.343,HD-151-1,norte,SI,tracker
1282,660302.306,4331895.868,711.322,HD-152-1,sur,SI,tracker
1283,660308.34,4331895.864,711.129,HD-155-0,sur,SI,tracker
1284,660308.334,4331895.688,711.296,HD-154-0,norte,SI,tracker
1285,660314.314,4331895.624,711.348,HD-154-1,norte,SI,tracker
1286,660314.346,4331895.897,711.269,HD-155-1,sur,SI,tracker
1287,660314.369,4331820.768,714.134,HD-153-1,norte,SI,tracker
1288,660314.373,4331820.99,714.092,HD-154-1,sur,SI,tracker
1289,660308.398,4331821.067,714.078,HD-154-0,sur,SI,tracker
1290,660308.354,4331820.713,714.117,HD-153-0,norte,SI,tracker
1291,660302.347,4331820.996,714.174,HD-151-1,sur,SI,tracker
1292,660302.358,4331820.721,714.224,HD-150-1,norte,SI,tracker
1293,660296.33,4331821.029,714.208,HD-151-0,sur,SI,tracker
1294,660296.352,4331820.755,714.267,HD-150-0,norte,SI,tracker
1295,660290.323,4331839.094,713.633,HD-147-1,norte,SI,tracker
1296,660290.282,4331839.471,713.66,HD-148-1,sur,SI,tracker
1297,660284.311,4331839.452,713.694,HD-148-0,sur,SI,tracker
1298,660284.314,4331839.18,713.708,HD-147-0,norte,SI,tracker
1299,660278.311,4331839.473,713.874,HD-145-1,sur,SI,tracker
1300,660278.327,4331839.166,713.894,HD-144-1,norte,SI,tracker
1301,660272.35,4331839.484,714.006,HD-145-0,sur,SI,tracker
1302,660272.316,4331839.192,713.993,HD-144-0,norte,SI,tracker
1303,660266.348,4331839.202,714.149,HD-141-1,norte,SI,tracker
1304,660266.358,4331839.488,714.085,HD-142-1,sur,SI,tracker
1305,660260.354,4331839.48,714.178,HD-142-0,sur,SI,tracker
1306,660260.361,4331839.182,714.193,HD-141-0,norte,SI,tracker
1307,660254.304,4331839.46,714.356,HD-139-1,sur,SI,tracker
1308,660254.363,4331839.193,714.326,HD-138-1,norte,SI,tracker
1309,660248.301,4331839.166,714.436,HD-138-0,norte,SI,tracker
1310,660248.286,4331839.452,714.507,HD-139-0,sur,SI,tracker
1311,660242.355,4331839.629,714.487,HD-136-1,sur,SI,tracker
1312,660242.326,4331839.185,714.531,HD-135-1,norte,SI,tracker
1313,660236.322,4331839.418,714.514,HD-136-0,sur,SI,tracker
1314,660236.339,4331839.146,714.538,HD-135-0,norte,SI,tracker
1315,659591.651,4331628.08,727.686,PD-545-1,motor,NO,ARTICULADO
1316,659585.623,4331627.932,727.743,PD-545-0,motor,NO,ARTICULADO
1317,659609.554,4331607.526,728.562,PD-552-0,motor,NO,ARTICULADO
1318,659615.612,4331607.63,728.547,PD-552-1,motor,NO,ARTICULADO
1319,659621.62,4331607.417,728.578,PD-555-0,motor,NO,ARTICULADO
1320,659627.619,4331607.494,728.567,PD-555-1,motor,NO,ARTICULADO
1321,659633.586,4331607.365,728.637,PD-558-0,motor,NO,ARTICULADO
1322,659639.588,4331607.529,728.564,PD-558-1,motor,NO,ARTICULADO
1323,659651.622,4331607.644,728.608,PD-561-1,motor,NO,ARTICULADO
1324,659645.585,4331607.524,728.582,PD-561-0,motor,NO,ARTICULADO
1325,660236.328,4331876.664,712.687,HD-136-0,motor,NO,ARTICULADO
1326,660242.335,4331876.85,712.571,HD-136-1,motor,NO,ARTICULADO
1327,660014.375,4331851.824,716.524,HD-84-1,motor,NO,ARTICULADO
1328,660008.37,4331851.721,716.744,HD-84-0,motor,NO,ARTICULADO
1329,659996.362,4331851.702,717.15,HD-80-0,motor,NO,ARTICULADO
1330,660002.36,4331851.814,716.913,HD-80-1,motor,NO,ARTICULADO
1331,659990.302,4331870.296,716.762,HD-76-1,motor,NO,ARTICULADO
1332,659984.303,4331870.186,716.959,HD-76-0,motor,NO,ARTICULADO
1333,659978.329,4331870.303,717.072,HD-72-1,motor,NO,ARTICULADO
1334,659972.305,4331870.174,717.132,HD-72-0,motor,NO,ARTICULADO
1335,659930.297,4331895.298,716.76,HD-60-1,motor,NO,ARTICULADO
1336,659924.311,4331895.235,716.877,HD-60-0,motor,NO,ARTICULADO
1337,659918.335,4331895.235,716.917,HD-57-1,motor,NO,ARTICULADO
1338,659912.335,4331895.167,717.068,HD-57-0,motor,NO,ARTICULADO
1339,659816.341,4331841.103,719.81,HD-39-0,motor,NO,ARTICULADO
1340,659822.327,4331841.117,719.798,HD-39-1,motor,NO,ARTICULADO
1341,659924.29,4331970.251,715.331,HD-61-0,motor,NO,ARTICULADO
1342,659930.311,4331970.465,715.025,HD-61-1,motor,NO,ARTICULADO
1343,659390.33,4331972.833,731.02,PD-463-1,motor,NO,ARTICULADO
1344,659384.335,4331972.777,731.11,PD-463-0,motor,NO,ARTICULADO
1345,658168.455,4331962.253,744.049,PD-126-0,sur,NO,tracker
1346,658174.489,4331962.191,744.143,PD-126-1,sur,NO,tracker
1347,658180.475,4331962.211,744.141,PD-137-0,sur,NO,tracker
1348,658186.515,4331962.209,744.19,PD-137-1,sur,NO,tracker
1349,658192.579,4331962.209,744.05,PD-151-0,sur,NO,tracker
1350,658198.582,4331962.198,743.868,PD-151-1,sur,NO,tracker
1351,658204.457,4331980.318,743.363,PD-165-0,sur,NO,tracker
1352,658210.47,4331980.313,743.153,PD-165-1,sur,NO,tracker
1353,658216.548,4331980.361,742.658,PD-176-0,sur,NO,tracker
1354,658222.574,4331980.329,742.298,PD-176-1,sur,NO,tracker
1355,658222.516,4332055.018,741.982,PD-176-1,norte,NO,tracker
1356,658216.521,4332055.033,742.332,PD-176-0,norte,NO,tracker
1357,658210.478,4332054.99,742.536,PD-165-1,norte,NO,tracker
1358,658204.508,4332054.995,742.682,PD-165-0,norte,NO,tracker
1359,658198.581,4332037.16,743.127,PD-154-1,sur,SI,tracker
1360,658198.567,4332036.883,743.161,PD-151-1,norte,SI,tracker
1361,658192.571,4332037.158,743.207,PD-154-0,sur,SI,tracker
1362,658192.549,4332036.88,743.19,PD-151-0,norte,SI,tracker
1363,658186.482,4332037.16,742.92,PD-140-1,sur,SI,tracker
1364,658186.506,4332036.865,742.966,PD-137-1,norte,SI,tracker
1365,658180.493,4332037.167,742.826,PD-140-0,sur,SI,tracker
1366,658180.476,4332036.913,742.82,PD-137-0,norte,SI,tracker
1367,658174.511,4332037.136,742.754,PD-129-1,sur,SI,tracker
1368,658174.469,4332036.885,742.725,PD-126-1,norte,SI,tracker
1369,658168.541,4332037.191,742.605,PD-129-0,sur,SI,tracker
1370,658168.508,4332036.921,742.665,PD-126-0,norte,SI,tracker
1371,658168.51,4332036.921,742.662,PD-126-0,norte,SI,tracker
1372,658168.513,4332111.84,740.806,PD-129-0,norte,NO,tracker
1373,658174.467,4332111.8,740.898,PD-129-1,norte,NO,tracker
1374,658180.511,4332111.818,740.93,PD-140-0,norte,NO,tracker
1375,658186.495,4332111.817,741.061,PD-140-1,norte,NO,tracker
1376,658192.526,4332111.797,741.259,PD-154-0,norte,NO,tracker
1377,658198.533,4332111.796,741.3,PD-154-1,norte,NO,tracker
1378,658177.975,4332164.831,740.008,PD-141-0,sur,NO,tracker
1379,658183.972,4332164.745,739.942,PD-141-1,sur,NO,tracker
1380,658189.958,4332164.811,739.952,PD-155-0,sur,NO,tracker
1381,658195.963,4332164.784,740.016,PD-155-1,sur,NO,tracker
1382,658201.97,4332164.792,740.132,PD-167-0,sur,NO,tracker
1383,658207.995,4332164.785,740.268,PD-167-1,sur,NO,tracker
1384,658213.993,4332164.796,740.332,PD-178-0,sur,NO,tracker
1385,658220.02,4332164.803,740.196,PD-178-1,sur,NO,tracker
1386,658226.029,4332164.805,740.054,PD-192-0,sur,NO,tracker
1387,658232.015,4332164.771,739.945,PD-192-1,sur,NO,tracker
1388,658237.962,4332151.113,739.888,PD-208-0,sur,NO,tracker
1389,658243.979,4332151.132,739.843,PD-208-1,sur,NO,tracker
1390,658250.001,4332151.143,739.818,PD-224-0,sur,NO,tracker
1391,658256.005,4332151.136,739.78,PD-224-1,sur,NO,tracker
1392,658262.022,4332151.137,739.723,PD-239-0,sur,NO,tracker
1393,658268.028,4332151.109,739.638,PD-239-1,sur,NO,tracker
1394,658274.067,4332151.134,739.524,PD-255-0,sur,NO,tracker
1395,658280.042,4332151.159,739.269,PD-255-1,sur,NO,tracker
1396,658280.027,4332225.879,738.14,PD-255-1,norte,SI,tracker
1397,658280.07,4332226.135,738.189,PD-256-1,sur,SI,tracker
1398,658274.05,4332226.077,738.248,PD-256-0,sur,SI,tracker
1399,658274.06,4332225.815,738.273,PD-255-0,norte,SI,tracker
1400,658268.057,4332226.041,738.358,PD-240-1,sur,SI,tracker
1401,658268.043,4332225.799,738.358,PD-239-1,norte,SI,tracker
1402,658262.038,4332226.085,738.405,PD-240-0,sur,SI,tracker
1403,658262.018,4332225.837,738.396,PD-239-0,norte,SI,tracker
1404,658255.995,4332226.089,738.469,PD-225-1,sur,SI,tracker
1405,658255.982,4332225.828,738.479,PD-224-1,norte,SI,tracker
1406,658249.979,4332225.822,738.603,PD-224-0,norte,SI,tracker
1407,658249.952,4332226.102,738.604,PD-225-0,sur,SI,tracker
1408,658244.047,4332226.1,738.63,PD-209-1,sur,SI,tracker
1409,658244.017,4332225.81,738.647,PD-208-1,norte,SI,tracker
1410,658237.988,4332226.069,738.737,PD-209-0,sur,SI,tracker
1411,658238.043,4332225.801,738.697,PD-208-0,norte,SI,tracker
1412,658232.046,4332239.717,738.33,PD-194-1,sur,SI,tracker
1413,658232.058,4332239.455,738.33,PD-192-1,norte,SI,tracker
1414,658226.071,4332239.743,738.401,PD-194-0,sur,SI,tracker
1415,658226.074,4332239.476,738.399,PD-192-0,norte,SI,tracker
1416,658220.018,4332239.464,738.511,PD-178-1,norte,SI,tracker
1417,658220.043,4332239.751,738.581,PD-179-1,sur,SI,tracker
1418,658214.043,4332239.727,738.621,PD-179-0,sur,SI,tracker
1419,658214.043,4332239.463,738.59,PD-178-0,norte,SI,tracker
1420,658208.044,4332239.71,738.573,PD-168-1,sur,SI,tracker
1421,658208.007,4332239.449,738.52,PD-167-1,norte,SI,tracker
1422,658201.976,4332239.735,738.51,PD-168-0,sur,SI,tracker
1423,658202.0,4332239.453,738.456,PD-167-0,norte,SI,tracker
1424,658195.947,4332239.729,738.535,PD-157-1,sur,SI,tracker
1425,658195.986,4332239.445,738.529,PD-155-1,norte,SI,tracker
1426,658190.001,4332239.74,738.532,PD-157-0,sur,SI,tracker
1427,658189.975,4332239.481,738.501,PD-155-0,norte,SI,tracker
1428,658183.956,4332239.414,738.559,PD-141-1,norte,SI,tracker
1429,658184.002,4332239.698,738.56,PD-143-1,sur,SI,tracker
1430,658177.979,4332239.749,738.632,PD-143-0,sur,SI,tracker
1431,658177.976,4332239.504,738.662,PD-141-0,norte,SI,tracker
1432,658178.002,4332314.401,736.809,PD-143-0,norte,NO,tracker
1433,658184.004,4332314.348,736.732,PD-143-1,norte,NO,tracker
1434,658189.97,4332314.409,736.703,PD-157-0,norte,NO,tracker
1435,658195.973,4332314.386,736.629,PD-157-1,norte,NO,tracker
1436,658202.017,4332314.392,736.481,PD-168-0,norte,NO,tracker
1437,658207.998,4332314.37,736.402,PD-168-1,norte,NO,tracker
1438,658214.007,4332314.397,736.294,PD-179-0,norte,NO,tracker
1439,658220.008,4332314.429,736.199,PD-179-1,norte,NO,tracker
1440,658226.008,4332314.43,736.224,PD-194-0,norte,NO,tracker
1441,658232.004,4332314.384,736.166,PD-194-1,norte,NO,tracker
1442,658237.953,4332300.739,736.428,PD-209-0,norte,SI,tracker
1443,658237.987,4332301.014,736.461,PD-212-0,sur,SI,tracker
1444,658243.971,4332300.757,736.392,PD-209-1,norte,SI,tracker
1445,658243.93,4332301.021,736.47,PD-212-1,sur,SI,tracker
1446,658243.944,4332301.013,736.471,PD-212-1,sur,SI,tracker
1447,658249.965,4332300.739,736.325,PD-225-0,norte,SI,tracker
1448,658249.955,4332300.981,736.347,PD-228-0,sur,SI,tracker
1449,658255.949,4332300.746,736.325,PD-225-1,norte,SI,tracker
1450,658255.915,4332301.029,736.324,PD-228-1,sur,SI,tracker
1451,658262.07,4332300.765,736.383,PD-240-0,norte,SI,tracker
1452,658262.054,4332301.041,736.356,PD-243-0,sur,SI,tracker
1453,658268.077,4332300.712,736.348,PD-240-1,norte,SI,tracker
1454,658268.046,4332301.033,736.36,PD-243-1,sur,SI,tracker
1455,658274.046,4332300.727,736.18,PD-256-0,norte,SI,tracker
1456,658274.053,4332301.068,736.201,PD-260-0,sur,SI,tracker
1457,658279.836,4332300.896,736.284,PD-260-1,sur,SI,tracker
1458,658280.019,4332301.022,736.042,PD-260-1,sur,SI,tracker
1459,658318.213,4332302.983,735.226,PD-310-0,norte,NO,tracker
1460,658324.197,4332302.907,735.109,PD-310-1,norte,NO,tracker
1461,658318.233,4332228.32,737.346,PD-310-0,sur,NO,tracker
1462,658324.194,4332228.255,737.321,PD-310-1,sur,NO,tracker
1463,658330.263,4332228.257,737.126,PD-323-0,sur,NO,tracker
1464,658336.255,4332228.212,736.828,PD-323-1,sur,NO,tracker
1465,658330.117,4332266.285,736.188,PD-324-0,sur,SI,tracker
1466,658330.207,4332266.023,736.243,PD-323-0,norte,SI,tracker
1467,658336.226,4332266.248,736.242,PD-324-1,sur,SI,tracker
1468,658336.249,4332265.98,736.263,PD-323-1,norte,SI,tracker
1469,658342.197,4332266.435,736.338,PD-338-0,sur,NO,tracker
1470,658348.203,4332266.373,736.034,PD-338-1,sur,NO,tracker
1471,658354.2,4332266.402,735.906,PD-350-0,sur,NO,tracker
1472,658360.222,4332266.376,735.706,PD-350-1,sur,NO,tracker
1473,658360.199,4332341.331,734.119,PD-353-1,sur,SI,tracker
1474,658360.257,4332341.035,734.105,PD-350-1,norte,SI,tracker
1475,658354.26,4332341.074,734.037,PD-350-0,norte,SI,tracker
1476,658354.216,4332341.347,734.024,PD-353-0,sur,SI,tracker
1477,658348.175,4332341.243,733.895,PD-341-1,sur,SI,tracker
1478,658348.199,4332341.035,733.911,PD-338-1,norte,SI,tracker
1479,658342.194,4332341.337,733.618,PD-341-0,sur,SI,tracker
1480,658342.187,4332341.068,733.741,PD-338-0,norte,SI,tracker
1481,658336.09,4332341.149,733.651,PD-327-1,sur,SI,tracker
1482,658336.144,4332340.901,733.664,PD-324-1,norte,SI,tracker
1483,658330.184,4332341.188,733.607,PD-327-0,sur,SI,tracker
1484,658330.167,4332340.933,733.726,PD-324-0,norte,SI,tracker
1485,658330.17,4332415.875,732.319,PD-327-0,norte,NO,tracker
1486,658336.197,4332415.829,732.248,PD-327-1,norte,NO,tracker
1487,658342.199,4332416.01,732.311,PD-341-0,norte,NO,tracker
1488,658348.173,4332415.92,732.379,PD-341-1,norte,NO,tracker
1489,658354.291,4332416.014,732.487,PD-353-0,norte,NO,tracker
1490,658360.252,4332415.993,732.408,PD-353-1,norte,NO,tracker
1491,658366.223,4332416.084,732.451,PD-365-0,norte,NO,tracker
1492,658372.25,4332416.036,732.393,PD-365-1,norte,NO,tracker
1493,658378.194,4332416.043,732.343,PD-378-0,norte,NO,tracker
1494,658384.218,4332416.045,732.427,PD-378-1,norte,NO,tracker
1495,658390.226,4332416.053,732.582,PD-390-0,norte,NO,tracker
1496,658396.244,4332416.025,732.763,PD-390-1,norte,NO,tracker
1497,658402.254,4332416.076,732.875,PD-400-0,norte,NO,tracker
1498,658408.236,4332416.024,732.906,PD-400-1,norte,NO,tracker
1499,658414.221,4332415.998,732.85,PD-407-0,norte,NO,tracker
1500,658420.216,4332416.072,732.83,PD-407-1,norte,NO,tracker
1501,658420.245,4332359.823,733.481,PD-407-1,sur,NO,tracker
1502,658414.265,4332359.785,733.628,PD-407-0,sur,NO,tracker
1503,658408.251,4332341.348,733.94,PD-400-1,sur,NO,tracker
1504,658402.275,4332341.395,734.036,PD-400-0,sur,NO,tracker
1505,658396.217,4332341.352,734.177,PD-390-1,sur,NO,tracker
1506,658390.221,4332341.397,734.13,PD-390-0,sur,NO,tracker
1507,658384.27,4332341.363,734.173,PD-378-1,sur,NO,tracker
1508,658378.285,4332341.365,734.108,PD-378-0,sur,NO,tracker
1509,658372.188,4332341.36,733.89,PD-365-1,sur,NO,tracker
1510,658366.206,4332341.398,733.853,PD-365-0,sur,NO,tracker
1511,658280.065,4332375.679,733.355,PD-260-1,norte,NO,tracker
1512,658274.04,4332375.698,733.445,PD-260-0,norte,NO,tracker
1513,658268.005,4332375.672,733.716,PD-243-1,norte,NO,tracker
1514,658262.015,4332375.708,733.857,PD-243-0,norte,NO,tracker
1515,658255.992,4332375.685,733.892,PD-228-1,norte,NO,tracker
1516,658250.02,4332375.642,734.212,PD-228-0,norte,NO,tracker
1517,658243.987,4332375.666,734.273,PD-212-1,norte,NO,tracker
1518,658237.966,4332375.66,734.45,PD-212-0,norte,NO,tracker
1519,658207.723,4332562.164,735.259,PD-180-0,sur,NO,tracker
1520,658213.737,4332562.14,735.238,PD-180-1,sur,NO,tracker
1521,658219.81,4332562.184,735.303,PD-195-0,sur,NO,tracker
1522,658225.759,4332562.083,735.333,PD-195-1,sur,NO,tracker
1523,658267.721,4332588.608,735.176,PD-258-0,sur,NO,tracker
1524,658273.732,4332588.571,735.349,PD-258-1,sur,NO,tracker
1525,658279.786,4332588.583,735.466,PD-273-0,sur,NO,tracker
1526,658285.784,4332588.565,735.69,PD-273-1,sur,NO,tracker
1527,658291.776,4332588.657,735.826,PD-286-0,sur,NO,tracker
1528,658297.755,4332588.56,735.953,PD-286-1,sur,NO,tracker
1529,658303.822,4332588.598,735.965,PD-301-0,sur,NO,tracker
1530,658309.82,4332588.573,735.943,PD-301-1,sur,NO,tracker
1531,658315.818,4332588.664,735.991,PD-314-0,sur,NO,tracker
1532,658321.811,4332588.606,735.934,PD-314-1,sur,NO,tracker
1533,658327.789,4332588.657,735.922,PD-330-0,sur,NO,tracker
1534,658333.814,4332588.623,735.929,PD-330-1,sur,NO,tracker
1535,658339.835,4332589.986,735.947,PD-344-0,sur,NO,tracker
1536,658345.805,4332589.966,735.951,PD-344-1,sur,NO,tracker
1537,658351.777,4332589.969,735.894,PD-356-0,sur,NO,tracker
1538,658357.783,4332589.933,735.874,PD-356-1,sur,NO,tracker
1539,658363.794,4332589.978,735.923,PD-368-0,sur,NO,tracker
1540,658369.824,4332589.975,735.927,PD-368-1,sur,NO,tracker
1541,658369.779,4332627.752,736.869,PD-368-1,norte,NO,tracker
1542,658363.776,4332627.774,736.88,PD-368-0,norte,NO,tracker
1543,658357.788,4332646.187,737.397,PD-356-1,norte,NO,tracker
1544,658351.787,4332646.217,737.414,PD-356-0,norte,NO,tracker
1545,658345.798,4332664.626,737.969,PD-344-1,norte,NO,tracker
1546,658339.783,4332664.652,738.079,PD-344-0,norte,NO,tracker
1547,658333.765,4332626.394,737.042,PD-330-1,norte,SI,tracker
1548,658333.755,4332626.598,737.112,PD-333-1,sur,SI,tracker
1549,658327.818,4332626.612,737.095,PD-333-0,sur,SI,tracker
1550,658327.793,4332626.423,737.029,PD-330-0,norte,SI,tracker
1551,658321.811,4332626.366,737.039,PD-314-1,norte,SI,tracker
1552,658321.832,4332626.59,737.085,PD-317-1,sur,SI,tracker
1553,658315.806,4332626.616,736.971,PD-317-0,sur,SI,tracker
1554,658315.858,4332626.4,736.968,PD-314-0,norte,SI,tracker
1555,658309.787,4332626.325,736.977,PD-301-1,norte,SI,tracker
1556,658309.821,4332626.595,736.979,PD-303-1,sur,SI,tracker
1557,658303.839,4332626.639,737.047,PD-303-0,sur,SI,tracker
1558,658303.764,4332626.379,737.019,PD-301-0,norte,SI,tracker
1559,658297.751,4332626.642,736.995,PD-289-1,sur,SI,tracker
1560,658297.769,4332626.32,736.965,PD-286-1,norte,SI,tracker
1561,658291.741,4332626.617,736.991,PD-289-0,sur,SI,tracker
1562,658291.782,4332626.423,736.931,PD-286-0,norte,SI,tracker
1563,658285.762,4332626.309,737.004,PD-273-1,norte,SI,tracker
1564,658285.736,4332626.613,737.032,PD-275-1,sur,SI,tracker
1565,658279.754,4332626.646,737.165,PD-275-0,sur,SI,tracker
1566,658279.77,4332626.31,737.239,PD-273-0,norte,SI,tracker
1567,658273.74,4332626.575,737.059,PD-261-1,sur,SI,tracker
1568,658273.802,4332626.333,737.042,PD-258-1,norte,SI,tracker
1569,658267.738,4332626.663,737.147,PD-261-0,sur,SI,tracker
1570,658267.767,4332626.317,737.035,PD-258-0,norte,SI,tracker
1571,658261.842,4332655.584,738.01,PD-244-1,sur,NO,tracker
1572,658255.864,4332655.577,738.06,PD-244-0,sur,NO,tracker
1573,658249.739,4332655.566,738.078,PD-229-1,sur,NO,tracker
1574,658243.73,4332655.606,738.084,PD-229-0,sur,NO,tracker
1575,658237.758,4332655.53,737.924,PD-213-1,sur,NO,tracker
1576,658231.76,4332655.573,737.93,PD-213-0,sur,NO,tracker
1577,658225.795,4332637.084,737.554,PD-197-1,sur,SI,tracker
1578,658225.791,4332636.713,737.537,PD-195-1,norte,SI,tracker
1579,658219.8,4332637.126,737.616,PD-197-0,sur,SI,tracker
1580,658219.782,4332636.838,737.582,PD-195-0,norte,SI,tracker
1581,658207.73,4332637.134,737.687,PD-181-0,sur,SI,tracker
1582,658207.736,4332636.792,737.665,PD-180-0,norte,SI,tracker
1583,658213.759,4332636.775,737.601,PD-180-1,norte,SI,tracker
1584,658213.774,4332637.112,737.615,PD-181-1,sur,SI,tracker
1585,658207.74,4332693.312,739.395,PD-181-0,norte,NO,tracker
1586,658213.742,4332693.287,739.302,PD-181-1,norte,NO,tracker
1587,658219.846,4332693.321,739.264,PD-197-0,norte,NO,tracker
1588,658225.78,4332693.275,739.198,PD-197-1,norte,NO,tracker
1589,658231.746,4332693.295,739.062,PD-213-0,norte,NO,tracker
1590,658237.789,4332693.239,739.129,PD-213-1,norte,NO,tracker
1591,658243.731,4332693.331,739.102,PD-229-0,norte,NO,tracker
1592,658249.744,4332693.296,739.14,PD-229-1,norte,NO,tracker
1593,658255.799,4332693.313,739.123,PD-244-0,norte,NO,tracker
1594,658261.793,4332693.319,739.04,PD-244-1,norte,NO,tracker
1595,658267.751,4332701.326,739.207,PD-261-0,norte,NO,tracker
1596,658273.771,4332701.212,739.247,PD-261-1,norte,NO,tracker
1597,658279.781,4332701.286,739.297,PD-275-0,norte,NO,tracker
1598,658285.759,4332701.251,739.275,PD-275-1,norte,NO,tracker
1599,658291.734,4332701.264,739.246,PD-289-0,norte,NO,tracker
1600,658297.732,4332701.283,739.224,PD-289-1,norte,NO,tracker
1601,658303.797,4332701.299,739.275,PD-303-0,norte,NO,tracker
1602,658309.81,4332701.259,739.218,PD-303-1,norte,NO,tracker
1603,658315.791,4332701.28,739.176,PD-317-0,norte,NO,tracker
1604,658321.807,4332701.267,739.127,PD-317-1,norte,NO,tracker
1605,658327.845,4332701.292,739.087,PD-333-0,norte,NO,tracker
1606,658333.857,4332701.232,739.087,PD-333-1,norte,NO,tracker
1607,658321.783,4332711.462,739.504,PD-319-1,sur,NO,tracker
1608,658315.779,4332711.494,739.501,PD-319-0,sur,NO,tracker
1609,658309.806,4332711.473,739.601,PD-305-1,sur,NO,tracker
1610,658303.773,4332711.493,739.55,PD-305-0,sur,NO,tracker
1611,658297.817,4332711.517,739.61,PD-291-1,sur,NO,tracker
1612,658291.798,4332711.523,739.629,PD-291-0,sur,NO,tracker
1613,658285.788,4332711.518,739.64,PD-277-1,sur,NO,tracker
1614,658279.781,4332711.584,739.535,PD-277-0,sur,NO,tracker
1615,658273.852,4332711.481,739.522,PD-264-1,sur,NO,tracker
1616,658267.814,4332711.526,739.533,PD-264-0,sur,NO,tracker
1617,658261.728,4332711.511,739.657,PD-246-1,sur,NO,tracker
1618,658255.755,4332711.499,739.848,PD-246-0,sur,NO,tracker
1619,658249.782,4332711.461,739.802,PD-231-1,sur,NO,tracker
1620,658243.769,4332711.525,739.763,PD-231-0,sur,NO,tracker
1621,658237.736,4332711.464,739.679,PD-215-1,sur,NO,tracker
1622,658231.724,4332711.496,739.753,PD-215-0,sur,NO,tracker
1623,658225.75,4332711.273,739.988,PD-199-1,sur,NO,tracker
1624,658219.754,4332711.5,739.747,PD-199-0,sur,NO,tracker
1625,658213.769,4332711.499,739.796,PD-183-1,sur,NO,tracker
1626,658207.738,4332711.518,739.894,PD-183-0,sur,NO,tracker
1627,658207.74,4332786.447,742.125,PD-185-0,sur,SI,tracker
1628,658207.735,4332786.125,742.093,PD-183-0,norte,SI,tracker
1629,658213.737,4332786.106,742.029,PD-183-1,norte,SI,tracker
1630,658213.763,4332786.372,742.11,PD-185-1,sur,SI,tracker
1631,658207.762,4332824.168,743.079,PD-185-0,norte,NO,tracker
1632,658213.771,4332824.103,743.095,PD-185-1,norte,NO,tracker
1633,658219.76,4332786.472,742.056,PD-202-0,sur,SI,tracker
1634,658219.754,4332786.101,742.054,PD-199-0,norte,SI,tracker
1635,658225.728,4332786.055,742.049,PD-199-1,norte,SI,tracker
1636,658225.745,4332786.397,742.044,PD-202-1,sur,SI,tracker
1637,658231.749,4332786.434,742.028,PD-218-0,sur,SI,tracker
1638,658231.758,4332786.116,741.973,PD-215-0,norte,SI,tracker
1639,658237.744,4332786.089,741.959,PD-215-1,norte,SI,tracker
1640,658237.741,4332786.386,741.889,PD-218-1,sur,SI,tracker
1641,658237.742,4332786.386,741.887,PD-218-1,sur,SI,tracker
1642,658243.791,4332767.681,741.506,PD-231-0,norte,SI,tracker
1643,658243.814,4332768.006,741.389,PD-232-0,sur,SI,tracker
1644,658249.759,4332767.959,741.465,PD-232-1,sur,SI,tracker
1645,658249.776,4332767.648,741.493,PD-231-1,norte,SI,tracker
1646,658255.742,4332767.982,741.482,PD-249-0,sur,SI,tracker
1647,658255.777,4332767.668,741.464,PD-246-0,norte,SI,tracker
1648,658261.78,4332767.665,741.336,PD-246-1,norte,SI,tracker
1649,658261.755,4332767.964,741.342,PD-249-1,sur,SI,tracker
1650,658267.777,4332786.108,741.793,PD-264-0,norte,SI,tracker
1651,658267.805,4332786.454,741.775,PD-267-0,sur,SI,tracker
1652,658273.813,4332786.07,741.649,PD-264-1,norte,SI,tracker
1653,658273.814,4332786.383,741.647,PD-267-1,sur,SI,tracker
1654,658279.81,4332786.172,741.589,PD-277-0,norte,SI,tracker
1655,658279.831,4332786.416,741.594,PD-280-0,sur,SI,tracker
1656,658285.824,4332786.402,741.586,PD-280-1,sur,SI,tracker
1657,658285.805,4332786.112,741.581,PD-277-1,norte,SI,tracker
1658,658291.785,4332767.692,741.104,PD-291-0,norte,SI,tracker
1659,658291.831,4332768.007,741.133,PD-294-0,sur,SI,tracker
1660,658297.825,4332767.958,740.987,PD-294-1,sur,SI,tracker
1661,658297.785,4332767.674,740.987,PD-291-1,norte,SI,tracker
1662,658303.78,4332786.122,741.202,PD-305-0,norte,SI,tracker
1663,658303.763,4332786.42,741.266,PD-307-0,sur,SI,tracker
1664,658309.784,4332786.082,741.11,PD-305-1,norte,SI,tracker
1665,658309.773,4332786.335,741.152,PD-307-1,sur,SI,tracker
1666,658315.804,4332767.681,740.715,PD-319-0,norte,NO,tracker
1667,658321.744,4332767.678,740.556,PD-319-1,norte,NO,tracker
1668,658309.811,4332824.09,741.819,PD-307-1,norte,NO,tracker
1669,658303.755,4332824.16,741.949,PD-307-0,norte,NO,tracker
1670,658297.788,4332842.597,742.573,PD-294-1,norte,NO,tracker
1671,658291.779,4332842.62,742.774,PD-294-0,norte,NO,tracker
1672,658285.834,4332861.034,743.368,PD-280-1,norte,NO,tracker
1673,658279.779,4332861.065,743.521,PD-280-0,norte,NO,tracker
1674,658273.803,4332861.043,743.577,PD-267-1,norte,NO,tracker
1675,658267.819,4332861.108,743.818,PD-267-0,norte,NO,tracker
1676,658261.811,4332842.854,743.505,PD-251-1,sur,SI,tracker
1677,658261.773,4332842.583,743.513,PD-249-1,norte,SI,tracker
1678,658255.763,4332842.598,743.634,PD-249-0,norte,SI,tracker
1679,658255.808,4332842.895,743.708,PD-251-0,sur,SI,tracker
1680,658255.808,4332842.901,743.708,PD-251-0,sur,SI,tracker
1681,658249.749,4332842.87,743.635,PD-235-1,sur,SI,tracker
1682,658249.743,4332842.576,743.612,PD-232-1,norte,SI,tracker
1683,658243.779,4332842.924,743.614,PD-235-0,sur,SI,tracker
1684,658243.715,4332842.632,743.585,PD-232-0,norte,SI,tracker
1685,658237.722,4332861.08,744.094,PD-218-1,norte,SI,tracker
1686,658237.785,4332861.177,744.292,PD-218-1,norte,SI,tracker
1687,658231.795,4332861.361,744.184,PD-219-0,sur,SI,tracker
1688,658231.728,4332861.036,744.065,PD-218-0,norte,SI,tracker
1689,658225.763,4332861.31,744.153,PD-203-1,sur,SI,tracker
1690,658225.761,4332861.019,744.069,PD-202-1,norte,SI,tracker
1691,658219.727,4332861.377,744.18,PD-203-0,sur,SI,tracker
1692,658219.691,4332861.088,744.121,PD-202-0,norte,SI,tracker
1693,658219.743,4332935.992,746.261,PD-203-0,norte,NO,tracker
1694,658225.763,4332935.939,746.135,PD-203-1,norte,NO,tracker
1695,658231.795,4332935.986,746.133,PD-219-0,norte,NO,tracker
1696,658237.812,4332935.955,746.086,PD-219-1,norte,NO,tracker
1697,658243.763,4332917.54,745.566,PD-235-0,norte,NO,tracker
1698,658249.797,4332917.473,745.501,PD-235-1,norte,NO,tracker
1699,658255.852,4332917.519,745.535,PD-251-0,norte,NO,tracker
1700,658261.844,4332917.444,745.528,PD-251-1,norte,NO,tracker
1701,658361.301,4331653.088,750.666,PD-340-1,sur,NO,tracker
1702,658355.284,4331653.151,750.773,PD-340-0,sur,NO,tracker
1703,658349.301,4331653.124,750.829,PD-326-1,sur,NO,tracker
1704,658343.283,4331653.177,750.781,PD-326-0,sur,NO,tracker
1705,658367.323,4331622.294,751.245,PD-351-0,sur,NO,tracker
1706,658373.341,4331622.262,751.223,PD-351-1,sur,NO,tracker
1707,658379.319,4331622.244,751.232,PD-363-0,sur,NO,tracker
1708,658385.332,4331622.274,751.252,PD-363-1,sur,NO,tracker
1709,658391.386,4331622.289,751.261,PD-377-0,sur,NO,tracker
1710,658397.412,4331622.237,751.221,PD-377-1,sur,NO,tracker
1711,658403.381,4331622.267,751.202,PD-389-0,sur,NO,tracker
1712,658409.382,4331622.262,751.125,PD-389-1,sur,NO,tracker
1713,658415.388,4331622.262,751.091,PD-399-0,sur,NO,tracker
1714,658421.389,4331622.221,751.028,PD-399-1,sur,NO,tracker
1715,658421.305,4331696.839,748.828,PD-399-1,norte,NO,tracker
1716,658415.313,4331696.889,748.926,PD-399-0,norte,NO,tracker
1717,658409.375,4331696.884,748.891,PD-389-1,norte,NO,tracker
1718,658403.391,4331696.872,748.846,PD-389-0,norte,NO,tracker
1719,658397.355,4331697.128,749.08,PD-379-1,sur,SI,tracker
1720,658397.369,4331696.843,748.952,PD-377-1,norte,SI,tracker
1721,658391.368,4331697.146,749.0,PD-379-0,sur,SI,tracker
1722,658391.36,4331696.897,748.951,PD-377-0,norte,SI,tracker
1723,658385.33,4331696.897,749.039,PD-363-1,norte,SI,tracker
1724,658385.287,4331697.148,749.035,PD-366-1,sur,SI,tracker
1725,658379.296,4331697.162,749.196,PD-366-0,sur,SI,tracker
1726,658379.321,4331696.887,749.182,PD-363-0,norte,SI,tracker
1727,658373.293,4331696.88,749.317,PD-351-1,norte,SI,tracker
1728,658373.308,4331697.167,749.324,PD-354-1,sur,SI,tracker
1729,658367.297,4331697.225,749.418,PD-354-0,sur,SI,tracker
1730,658367.295,4331696.93,749.408,PD-351-0,norte,SI,tracker
1731,658361.273,4331727.71,748.799,PD-340-1,norte,NO,tracker
1732,658355.257,4331727.789,748.88,PD-340-0,norte,NO,tracker
1733,658349.304,4331727.753,748.912,PD-326-1,norte,NO,tracker
1734,658343.292,4331727.804,748.895,PD-326-0,norte,NO,tracker
1735,658367.358,4331771.848,747.828,PD-354-0,norte,NO,tracker
1736,658373.328,4331771.798,747.673,PD-354-1,norte,NO,tracker
1737,658373.32,4331771.8,747.671,PD-354-1,norte,NO,tracker
1738,658379.333,4331771.787,747.598,PD-366-0,norte,SI,tracker
1739,658379.285,4331772.058,747.553,PD-367-0,sur,SI,tracker
1740,658385.289,4331772.131,747.521,PD-367-1,sur,SI,tracker
1741,658385.319,4331771.779,747.475,PD-366-1,norte,SI,tracker
1742,658391.41,4331771.782,747.551,PD-379-0,norte,SI,tracker
1743,658391.398,4331772.119,747.58,PD-380-0,sur,SI,tracker
1744,658397.37,4331771.771,747.494,PD-379-1,norte,SI,tracker
1745,658397.382,4331772.09,747.508,PD-380-1,sur,SI,tracker
1746,658403.342,4331772.157,747.42,PD-391-0,sur,NO,tracker
1747,658409.324,4331772.155,747.375,PD-391-1,sur,NO,tracker
1748,658415.374,4331772.222,747.377,PD-401-0,sur,NO,tracker
1749,658421.377,4331772.139,747.328,PD-401-1,sur,NO,tracker
1750,658427.355,4331772.208,747.415,PD-408-0,sur,NO,tracker
1751,658433.363,4331772.174,747.353,PD-408-1,sur,NO,tracker
1752,658439.309,4331781.011,747.13,PD-414-0,sur,SI,tracker
1753,658439.266,4331780.653,747.159,PD-413-0,norte,SI,tracker
1754,658445.278,4331780.583,747.15,PD-413-1,norte,SI,tracker
1755,658445.325,4331780.948,747.187,PD-414-1,sur,SI,tracker
1756,658451.354,4331780.934,747.129,PD-420-0,sur,SI,tracker
1757,658451.292,4331780.586,747.132,PD-419-0,norte,SI,tracker
1758,658457.291,4331780.55,747.007,PD-419-1,norte,SI,tracker
1759,658457.355,4331780.885,747.011,PD-420-1,sur,SI,tracker
1760,658469.361,4331780.878,746.829,PD-425-1,sur,SI,tracker
1761,658469.267,4331780.601,746.767,PD-424-1,norte,SI,tracker
1762,658463.339,4331780.893,746.891,PD-425-0,sur,SI,tracker
1763,658463.275,4331780.614,746.876,PD-424-0,norte,SI,tracker
1764,658475.32,4331780.665,746.525,PD-427-0,norte,NO,tracker
1765,658481.338,4331780.597,746.423,PD-427-1,norte,NO,tracker
1766,658469.37,4331855.52,745.24,PD-425-1,norte,NO,tracker
1767,658463.37,4331855.515,745.32,PD-425-0,norte,NO,tracker
1768,658457.374,4331855.5,745.43,PD-420-1,norte,NO,tracker
1769,658451.375,4331855.543,745.509,PD-420-0,norte,NO,tracker
1770,658445.322,4331855.572,745.51,PD-414-1,norte,NO,tracker
1771,658439.309,4331855.643,745.526,PD-414-0,norte,NO,tracker
1772,658433.396,4331846.806,745.802,PD-408-1,norte,NO,tracker
1773,658427.389,4331846.828,745.863,PD-408-0,norte,NO,tracker
1774,658421.356,4331846.751,746.114,PD-401-1,norte,NO,tracker
1775,658415.362,4331846.857,746.13,PD-401-0,norte,NO,tracker
1776,658409.348,4331846.79,746.219,PD-391-1,norte,NO,tracker
1777,658403.333,4331846.81,746.265,PD-391-0,norte,NO,tracker
1778,658397.324,4331846.748,746.294,PD-380-1,norte,NO,tracker
1779,658391.335,4331846.755,746.444,PD-380-0,norte,NO,tracker
1780,658385.341,4331846.77,746.509,PD-367-1,norte,NO,tracker
1781,658379.344,4331846.696,746.635,PD-367-0,norte,NO,tracker
1782,658481.337,4331705.982,748.284,PD-427-1,sur,NO,tracker
1783,658475.327,4331706.041,748.305,PD-427-0,sur,NO,tracker
1784,658469.332,4331705.966,748.209,PD-424-1,sur,NO,tracker
1785,658463.325,4331705.976,748.224,PD-424-0,sur,NO,tracker
1786,658457.343,4331705.907,748.261,PD-419-1,sur,NO,tracker
1787,658451.339,4331705.942,748.379,PD-419-0,sur,NO,tracker
1788,658445.318,4331705.942,748.499,PD-413-1,sur,NO,tracker
1789,658439.318,4331706.016,748.624,PD-413-0,sur,NO,tracker
1790,658457.36,4331603.987,750.992,PD-418-1,norte,NO,tracker
1791,658451.357,4331604.078,751.162,PD-418-0,norte,NO,tracker
1792,658445.34,4331604.049,751.305,PD-412-1,norte,NO,tracker
1793,658439.343,4331604.069,751.431,PD-412-0,norte,NO,tracker
1794,658433.327,4331604.033,751.558,PD-406-1,norte,NO,tracker
1795,658427.323,4331604.053,751.592,PD-406-0,norte,NO,tracker
1796,658421.327,4331604.068,751.646,PD-398-1,norte,NO,tracker
1797,658415.324,4331604.058,751.696,PD-398-0,norte,NO,tracker
1798,658409.374,4331604.068,751.78,PD-387-1,norte,NO,tracker
1799,658403.357,4331604.085,751.804,PD-387-0,norte,NO,tracker
1800,658397.324,4331604.033,752.021,PD-375-1,norte,NO,tracker
1801,658391.287,4331604.08,752.126,PD-375-0,norte,NO,tracker
1802,658379.329,4331604.049,752.433,PD-357-1,norte,NO,tracker
1803,658373.307,4331604.007,752.288,PD-357-0,norte,NO,tracker
1804,658367.336,4331604.004,752.144,PD-345-1,norte,NO,tracker
1805,658361.309,4331604.035,752.22,PD-345-0,norte,NO,tracker
1806,658355.331,4331604.055,752.379,PD-332-1,norte,NO,tracker
1807,658349.302,4331604.056,752.322,PD-332-0,norte,NO,tracker
1808,658343.328,4331604.046,752.067,PD-316-1,norte,NO,tracker
1809,658337.332,4331604.094,752.055,PD-316-0,norte,NO,tracker
1810,658325.302,4331547.191,753.778,PD-299-0,norte,NO,tracker
1811,658331.302,4331547.233,753.745,PD-299-1,norte,NO,tracker
1812,658331.284,4331472.614,754.948,PD-299-1,sur,NO,tracker
1813,658325.287,4331472.584,755.017,PD-299-0,sur,NO,tracker
1814,658337.316,4331454.468,754.897,PD-313-0,sur,NO,tracker
1815,658343.338,4331454.471,754.801,PD-313-1,sur,NO,tracker
1816,658349.251,4331454.454,754.73,PD-329-0,sur,NO,tracker
1817,658355.29,4331454.443,754.515,PD-329-1,sur,NO,tracker
1818,658361.306,4331454.485,754.332,PD-342-0,sur,NO,tracker
1819,658367.296,4331454.466,754.328,PD-342-1,sur,NO,tracker
1820,658373.283,4331454.462,754.177,PD-355-0,sur,NO,tracker
1821,658379.313,4331454.511,754.079,PD-355-1,sur,NO,tracker
1822,658391.293,4331454.479,753.773,PD-373-0,sur,NO,tracker
1823,658397.324,4331454.449,753.843,PD-373-1,sur,NO,tracker
1824,658403.319,4331454.485,753.609,PD-385-0,sur,NO,tracker
1825,658409.297,4331454.456,753.541,PD-385-1,sur,NO,tracker
1826,658415.313,4331454.455,753.392,PD-396-0,sur,NO,tracker
1827,658421.336,4331454.436,753.402,PD-396-1,sur,NO,tracker
1828,658427.332,4331454.467,753.345,PD-405-0,sur,NO,tracker
1829,658433.332,4331454.456,753.41,PD-405-1,sur,NO,tracker
1830,658439.38,4331454.46,753.374,PD-411-0,sur,NO,tracker
1831,658445.4,4331454.459,753.182,PD-411-1,sur,NO,tracker
1832,658451.373,4331454.444,753.002,PD-417-0,sur,NO,tracker
1833,658451.37,4331454.453,753.005,PD-417-0,sur,NO,tracker
1834,658457.376,4331454.447,752.935,PD-417-1,sur,NO,tracker
1835,658463.32,4331454.477,752.852,PD-423-0,sur,NO,tracker
1836,658469.353,4331454.405,752.664,PD-423-1,sur,NO,tracker
1837,658469.349,4331444.38,752.783,PD-422-1,norte,NO,tracker
1838,658463.327,4331444.349,753.025,PD-422-0,norte,NO,tracker
1839,658457.378,4331444.4,753.038,PD-416-1,norte,NO,tracker
1840,658451.345,4331444.291,753.066,PD-416-0,norte,NO,tracker
1841,658445.347,4331444.35,753.37,PD-410-1,norte,NO,tracker
1842,658439.331,4331444.313,753.471,PD-410-0,norte,NO,tracker
1843,658433.319,4331444.38,753.507,PD-403-1,norte,NO,tracker
1844,658427.336,4331444.4,753.458,PD-403-0,norte,NO,tracker
1845,658421.406,4331444.422,753.467,PD-394-1,norte,NO,tracker
1846,658415.377,4331444.38,753.611,PD-394-0,norte,NO,tracker
1847,658409.354,4331444.426,753.699,PD-383-1,norte,NO,tracker
1848,658403.359,4331444.419,753.777,PD-383-0,norte,NO,tracker
1849,658397.353,4331444.407,753.857,PD-371-1,norte,NO,tracker
1850,658391.36,4331444.443,753.881,PD-371-0,norte,NO,tracker
1851,658385.339,4331444.403,753.894,PD-360-1,norte,NO,tracker
1852,658379.338,4331444.414,753.964,PD-360-0,norte,NO,tracker
1853,658373.36,4331444.386,754.071,PD-347-1,norte,NO,tracker
1854,658367.338,4331444.392,754.193,PD-347-0,norte,NO,tracker
1855,658361.328,4331444.391,754.387,PD-335-1,norte,NO,tracker
1856,658355.349,4331444.456,754.541,PD-335-0,norte,NO,tracker
1857,658349.368,4331444.386,754.669,PD-320-1,norte,NO,tracker
1858,658343.387,4331444.417,754.677,PD-320-0,norte,NO,tracker
1859,658337.43,4331444.4,754.804,PD-306-1,norte,NO,tracker
1860,658331.325,4331444.414,754.912,PD-306-0,norte,NO,tracker
1861,658325.34,4331444.412,754.916,PD-292-1,norte,NO,tracker
1862,658319.335,4331444.426,755.005,PD-292-0,norte,NO,tracker
1863,658313.317,4331444.4,755.064,PD-278-1,norte,NO,tracker
1864,658307.317,4331444.392,755.13,PD-278-0,norte,NO,tracker
1865,658301.322,4331444.391,755.224,PD-265-1,norte,NO,tracker
1866,658295.322,4331444.456,755.285,PD-265-0,norte,NO,tracker
1867,658289.32,4331444.379,755.365,PD-247-1,norte,NO,tracker
1868,658283.311,4331444.382,755.513,PD-247-0,norte,NO,tracker
1869,658283.358,4331369.748,756.462,PD-247-0,sur,NO,tracker
1870,658289.364,4331369.742,756.346,PD-247-1,sur,NO,tracker
1871,658295.326,4331387.911,755.85,PD-263-0,norte,SI,tracker
1872,658295.331,4331388.238,755.833,PD-265-0,sur,SI,tracker
1873,658301.327,4331387.976,755.809,PD-263-1,norte,SI,tracker
1874,658301.32,4331388.185,755.83,PD-265-1,sur,SI,tracker
1875,658295.316,4331313.311,758.373,PD-263-0,sur,NO,tracker
1876,658301.31,4331313.377,758.369,PD-263-1,sur,NO,tracker
1877,658307.342,4331294.922,759.175,PD-276-0,sur,NO,tracker
1878,658313.386,4331294.83,759.24,PD-276-1,sur,NO,tracker
1879,658319.278,4331238.509,762.354,PD-288-0,sur,NO,tracker
1880,658325.28,4331238.449,762.391,PD-288-1,sur,NO,tracker
1881,658331.25,4331219.995,763.425,PD-302-0,sur,NO,tracker
1882,658337.259,4331219.947,763.457,PD-302-1,sur,NO,tracker
1883,658343.309,4331219.999,763.505,PD-315-0,sur,NO,tracker
1884,658349.292,4331219.967,763.418,PD-315-1,sur,NO,tracker
1885,658355.357,4331219.959,763.501,PD-331-0,sur,NO,tracker
1886,658361.357,4331219.97,763.498,PD-331-1,sur,NO,tracker
1887,658367.406,4331220.058,763.417,PD-343-0,sur,NO,tracker
1888,658373.384,4331219.997,763.326,PD-343-1,sur,NO,tracker
1889,658379.301,4331238.467,762.32,PD-358-0,sur,NO,tracker
1890,658385.295,4331238.462,762.206,PD-358-1,sur,NO,tracker
1891,658391.324,4331238.471,762.149,PD-369-0,sur,NO,tracker
1892,658397.367,4331238.439,762.184,PD-369-1,sur,NO,tracker
1893,658403.355,4331256.862,761.246,PD-381-0,sur,NO,tracker
1894,658409.359,4331256.893,761.271,PD-381-1,sur,NO,tracker
1895,658415.344,4331256.9,761.199,PD-392-0,sur,NO,tracker
1896,658421.367,4331256.811,761.195,PD-392-1,sur,NO,tracker
1897,658427.304,4331294.921,759.504,PD-402-0,sur,NO,tracker
1898,658433.301,4331294.927,759.487,PD-402-1,sur,NO,tracker
1899,658439.312,4331294.667,759.524,PD-409-0,sur,NO,tracker
1900,658445.313,4331294.681,759.454,PD-409-1,sur,NO,tracker
1901,658451.366,4331294.706,759.467,PD-415-0,sur,NO,tracker
1902,658457.369,4331294.649,759.388,PD-415-1,sur,NO,tracker
1903,658463.33,4331301.62,758.941,PD-421-0,sur,NO,tracker
1904,658469.335,4331301.535,758.842,PD-421-1,sur,NO,tracker
1905,658475.398,4331311.063,758.244,PD-426-0,sur,NO,tracker
1906,658481.374,4331311.03,758.143,PD-426-1,sur,NO,tracker
1907,658481.32,4331348.71,756.421,PD-426-1,norte,NO,tracker
1908,658475.301,4331348.75,756.429,PD-426-0,norte,NO,tracker
1909,658469.298,4331376.075,754.917,PD-421-1,norte,NO,tracker
1910,658463.311,4331376.145,754.91,PD-421-0,norte,NO,tracker
1911,658469.344,4331406.64,753.318,PD-422-1,sur,NO,tracker
1912,658463.333,4331406.615,753.565,PD-422-0,sur,NO,tracker
1913,658457.331,4331369.665,755.168,PD-416-1,sur,SI,tracker
1914,658457.365,4331369.174,755.306,PD-415-1,norte,SI,tracker
1915,658451.352,4331369.575,755.306,PD-416-0,sur,SI,tracker
1916,658451.344,4331369.241,755.38,PD-415-0,norte,SI,tracker
1917,658445.333,4331369.629,755.307,PD-410-1,sur,SI,tracker
1918,658445.303,4331369.23,755.431,PD-409-1,norte,SI,tracker
1919,658439.349,4331369.576,755.434,PD-410-0,sur,SI,tracker
1920,658439.317,4331369.211,755.451,PD-409-0,norte,SI,tracker
1921,658433.298,4331369.452,755.407,PD-402-1,norte,SI,tracker
1922,658433.368,4331369.746,755.283,PD-403-1,sur,SI,tracker
1923,658427.289,4331369.464,755.427,PD-402-0,norte,SI,tracker
1924,658427.351,4331369.785,755.342,PD-403-0,sur,SI,tracker
1925,658421.383,4331369.45,755.498,PD-393-1,norte,SI,tracker
1926,658421.385,4331369.797,755.433,PD-394-1,sur,SI,tracker
1927,658415.345,4331369.77,755.498,PD-394-0,sur,SI,tracker
1928,658415.321,4331369.483,755.535,PD-393-0,norte,SI,tracker
1929,658409.312,4331369.801,755.463,PD-383-1,sur,SI,tracker
1930,658409.332,4331369.461,755.571,PD-382-1,norte,SI,tracker
1931,658409.331,4331369.459,755.556,PD-382-1,norte,SI,tracker
1932,658403.298,4331369.795,755.472,PD-383-0,sur,SI,tracker
1933,658403.316,4331369.484,755.611,PD-382-0,norte,SI,tracker
1934,658403.31,4331369.477,755.612,PD-382-0,norte,SI,tracker
1935,658403.313,4331369.474,755.614,PD-382-0,norte,SI,tracker
1936,658397.334,4331388.221,754.992,PD-371-1,sur,SI,tracker
1937,658397.349,4331387.889,755.006,PD-370-1,norte,SI,tracker
1938,658391.38,4331387.949,755.107,PD-370-0,norte,SI,tracker
1939,658391.377,4331388.243,755.128,PD-371-0,sur,SI,tracker
1940,658385.359,4331388.232,755.11,PD-360-1,sur,SI,tracker
1941,658385.325,4331387.927,755.131,PD-359-1,norte,SI,tracker
1942,658379.304,4331387.96,755.143,PD-359-0,norte,SI,tracker
1943,658379.363,4331388.213,755.162,PD-360-0,sur,SI,tracker
1944,658373.317,4331369.772,755.851,PD-347-1,sur,SI,tracker
1945,658373.347,4331369.478,755.911,PD-346-1,norte,SI,tracker
1946,658367.333,4331369.772,755.869,PD-347-0,sur,SI,tracker
1947,658367.324,4331369.46,755.858,PD-346-0,norte,SI,tracker
1948,658361.368,4331369.475,755.963,PD-334-1,norte,SI,tracker
1949,658361.331,4331369.746,755.911,PD-335-1,sur,SI,tracker
1950,658355.333,4331369.828,756.014,PD-335-0,sur,SI,tracker
1951,658355.332,4331369.494,756.098,PD-334-0,norte,SI,tracker
1952,658349.338,4331369.753,756.013,PD-320-1,sur,SI,tracker
1953,658349.355,4331369.513,756.039,PD-318-1,norte,SI,tracker
1954,658343.37,4331369.5,756.103,PD-318-0,norte,SI,tracker
1955,658343.318,4331369.805,756.126,PD-320-0,sur,SI,tracker
1956,658337.371,4331369.795,756.159,PD-306-1,sur,SI,tracker
1957,658337.322,4331369.481,756.177,PD-304-1,norte,SI,tracker
1958,658331.328,4331369.806,756.212,PD-306-0,sur,SI,tracker
1959,658331.319,4331369.489,756.247,PD-304-0,norte,SI,tracker
1960,658325.363,4331388.234,755.759,PD-292-1,sur,SI,tracker
1961,658325.369,4331387.959,755.794,PD-290-1,norte,SI,tracker
1962,658319.361,4331388.244,755.72,PD-292-0,sur,SI,tracker
1963,658319.332,4331387.916,755.754,PD-290-0,norte,SI,tracker
1964,658313.338,4331369.758,756.379,PD-278-1,sur,SI,tracker
1965,658313.361,4331369.425,756.42,PD-276-1,norte,SI,tracker
1966,658307.313,4331369.741,756.441,PD-278-0,sur,SI,tracker
1967,658307.323,4331369.512,756.379,PD-276-0,norte,SI,tracker
1968,658301.325,4331388.192,755.843,PD-265-1,sur,SI,tracker
1969,658301.334,4331387.981,755.827,PD-263-1,norte,SI,tracker
1970,658295.336,4331388.248,755.849,PD-265-0,sur,SI,tracker
1971,658295.33,4331387.917,755.838,PD-263-0,norte,SI,tracker
1972,658319.336,4331313.312,758.393,PD-290-0,sur,SI,tracker
1973,658319.288,4331313.05,758.505,PD-288-0,norte,SI,tracker
1974,658325.35,4331312.982,758.545,PD-288-1,norte,SI,tracker
1975,658325.336,4331313.33,758.388,PD-290-1,sur,SI,tracker
1976,658331.308,4331294.526,759.442,PD-302-0,norte,SI,tracker
1977,658331.363,4331294.877,759.3,PD-304-0,sur,SI,tracker
1978,658337.322,4331294.472,759.438,PD-302-1,norte,SI,tracker
1979,658337.348,4331294.904,759.276,PD-304-1,sur,SI,tracker
1980,658343.299,4331294.509,759.337,PD-315-0,norte,SI,tracker
1981,658343.313,4331294.907,759.253,PD-318-0,sur,SI,tracker
1982,658349.262,4331294.496,759.345,PD-315-1,norte,SI,tracker
1983,658349.359,4331294.97,759.267,PD-318-1,sur,SI,tracker
1984,658355.357,4331294.496,759.481,PD-331-0,norte,SI,tracker
1985,658355.349,4331294.925,759.431,PD-334-0,sur,SI,tracker
1986,658361.35,4331294.51,759.457,PD-331-1,norte,SI,tracker
1987,658361.388,4331294.919,759.417,PD-334-1,sur,SI,tracker
1988,658367.348,4331294.59,759.415,PD-343-0,norte,SI,tracker
1989,658367.342,4331294.895,759.391,PD-346-0,sur,SI,tracker
1990,658373.368,4331294.542,759.422,PD-343-1,norte,SI,tracker
1991,658373.358,4331294.882,759.336,PD-346-1,sur,SI,tracker
1992,658379.289,4331313.009,758.344,PD-358-0,norte,SI,tracker
1993,658379.309,4331313.384,758.385,PD-359-0,sur,SI,tracker
1994,658385.323,4331313.335,758.328,PD-359-1,sur,SI,tracker
1995,658385.313,4331313.004,758.326,PD-358-1,norte,SI,tracker
1996,658391.352,4331312.99,758.5,PD-369-0,norte,SI,tracker
1997,658391.345,4331313.356,758.451,PD-370-0,sur,SI,tracker
1998,658397.341,4331312.965,758.475,PD-369-1,norte,SI,tracker
1999,658397.399,4331313.327,758.397,PD-370-1,sur,SI,tracker
2000,658403.361,4331294.544,759.453,PD-381-0,norte,SI,tracker
2001,658403.371,4331294.942,759.391,PD-382-0,sur,SI,tracker
2002,658409.382,4331294.905,759.42,PD-382-1,sur,SI,tracker
2003,658409.359,4331294.594,759.423,PD-381-1,norte,SI,tracker
2004,658415.338,4331294.593,759.38,PD-392-0,norte,SI,tracker
2005,658415.356,4331294.93,759.422,PD-393-0,sur,SI,tracker
2006,658421.362,4331294.5,759.356,PD-392-1,norte,SI,tracker
2007,658421.378,4331294.887,759.38,PD-393-1,sur,SI,tracker
2008,658457.34,4331529.353,751.93,PD-418-1,sur,SI,tracker
2009,658457.367,4331529.107,751.866,PD-417-1,norte,SI,tracker
2010,658451.357,4331529.08,752.075,PD-417-0,norte,SI,tracker
2011,658451.365,4331529.431,752.173,PD-418-0,sur,SI,tracker
2012,658445.325,4331529.408,752.22,PD-412-1,sur,SI,tracker
2013,658445.346,4331529.113,752.191,PD-411-1,norte,SI,tracker
2014,658439.325,4331529.417,752.32,PD-412-0,sur,SI,tracker
2015,658439.337,4331529.12,752.352,PD-411-0,norte,SI,tracker
2016,658433.278,4331529.116,752.592,PD-405-1,norte,SI,tracker
2017,658433.341,4331529.388,752.693,PD-406-1,sur,SI,tracker
2018,658427.325,4331529.426,753.06,PD-406-0,sur,SI,tracker
2019,658427.271,4331529.117,752.911,PD-405-0,norte,SI,tracker
2020,658421.275,4331529.433,753.157,PD-398-1,sur,SI,tracker
2021,658421.28,4331529.091,752.98,PD-396-1,norte,SI,tracker
2022,658415.271,4331529.425,753.074,PD-398-0,sur,SI,tracker
2023,658415.249,4331529.116,753.018,PD-396-0,norte,SI,tracker
2024,658409.304,4331529.43,753.17,PD-387-1,sur,SI,tracker
2025,658409.33,4331529.119,753.158,PD-385-1,norte,SI,tracker
2026,658403.307,4331529.446,753.356,PD-387-0,sur,SI,tracker
2027,658403.32,4331529.138,753.437,PD-385-0,norte,SI,tracker
2028,658397.26,4331529.394,753.59,PD-375-1,sur,SI,tracker
2029,658397.276,4331529.094,753.551,PD-373-1,norte,SI,tracker
2030,658391.227,4331529.437,753.773,PD-375-0,sur,SI,tracker
2031,658391.246,4331529.102,753.546,PD-373-0,norte,SI,tracker
2032,658379.355,4331529.247,753.594,PD-357-1,sur,SI,tracker
2033,658379.317,4331529.025,753.534,PD-355-1,norte,SI,tracker
2034,658373.276,4331529.104,753.794,PD-355-0,norte,SI,tracker
2035,658373.35,4331529.384,753.905,PD-357-0,sur,SI,tracker
2036,658367.361,4331529.36,754.025,PD-345-1,sur,SI,tracker
2037,658367.31,4331529.11,753.972,PD-342-1,norte,SI,tracker
2038,658361.327,4331529.139,754.138,PD-342-0,norte,SI,tracker
2039,658361.349,4331529.414,754.163,PD-345-0,sur,SI,tracker
2040,658355.346,4331529.393,754.138,PD-332-1,sur,SI,tracker
2041,658355.326,4331529.08,754.109,PD-329-1,norte,SI,tracker
2042,658349.303,4331529.414,754.1,PD-332-0,sur,SI,tracker
2043,658349.319,4331529.103,754.095,PD-329-0,norte,SI,tracker
2044,658343.295,4331529.439,754.136,PD-316-1,sur,SI,tracker
2045,658343.324,4331529.118,754.103,PD-313-1,norte,SI,tracker
2046,658337.303,4331529.472,754.193,PD-316-0,sur,SI,tracker
2047,658337.303,4331529.097,754.2,PD-313-0,norte,SI,tracker
2048,658203.051,4331123.611,767.246,PD-145-0,sur,NO,tracker
2049,658209.025,4331123.564,767.336,PD-145-1,sur,NO,tracker
2050,658215.022,4331123.59,767.351,PD-159-0,sur,NO,tracker
2051,658220.971,4331123.591,767.467,PD-159-1,sur,NO,tracker
2052,658227.022,4331123.6,767.589,PD-170-0,sur,NO,tracker
2053,658233.057,4331113.343,768.132,PD-169-1,norte,NO,tracker
2054,658227.071,4331113.405,768.174,PD-169-0,norte,NO,tracker
2055,658221.061,4331113.321,768.088,PD-158-1,norte,NO,tracker
2056,658215.068,4331113.414,767.949,PD-158-0,norte,NO,tracker
2057,658209.111,4331113.259,767.971,PD-144-1,norte,NO,tracker
2058,658203.1,4331113.381,767.916,PD-144-0,norte,NO,tracker
2059,658197.067,4331113.313,767.838,PD-131-1,norte,NO,tracker
2060,658191.109,4331113.299,767.732,PD-131-0,norte,NO,tracker
2061,658185.015,4331113.435,767.471,PD-118-1,norte,NO,tracker
2062,658179.066,4331113.452,767.172,PD-118-0,norte,NO,tracker
2063,658173.048,4331113.447,766.972,PD-109-1,norte,NO,tracker
2064,658167.113,4331113.408,766.776,PD-109-0,norte,NO,tracker
2065,658161.072,4331113.385,766.338,PD-100-1,norte,NO,tracker
2066,658155.08,4331113.374,765.974,PD-100-0,norte,NO,tracker
2067,658149.086,4331113.39,765.734,PD-92-1,norte,NO,tracker
2068,658143.113,4331113.402,765.474,PD-92-0,norte,NO,tracker
2069,658137.066,4331113.352,765.211,PD-85-1,norte,NO,tracker
2070,658131.073,4331113.394,764.983,PD-85-0,norte,NO,tracker
2071,658125.101,4331113.589,764.863,PD-78-1,norte,NO,tracker
2072,658119.114,4331113.469,764.564,PD-78-0,norte,NO,tracker
2073,658113.049,4331113.352,764.393,PD-72-1,norte,NO,tracker
2074,658107.038,4331113.404,764.215,PD-72-0,norte,NO,tracker
2075,658101.058,4331113.402,764.177,PD-65-1,norte,NO,tracker
2076,658095.015,4331113.399,764.13,PD-65-0,norte,NO,tracker
2077,658089.083,4331113.396,764.14,PD-60-1,norte,NO,tracker
2078,658083.08,4331113.405,764.153,PD-60-0,norte,NO,tracker
2079,658077.061,4331094.92,764.813,PD-54-1,norte,NO,tracker
2080,658071.054,4331094.94,764.795,PD-54-0,norte,NO,tracker
2081,658065.032,4331094.903,764.917,PD-48-1,norte,NO,tracker
2082,658059.059,4331094.968,764.866,PD-48-0,norte,NO,tracker
2083,658053.045,4331094.94,764.853,PD-43-1,norte,NO,tracker
2084,658047.035,4331094.928,764.844,PD-43-0,norte,NO,tracker
2085,658047.09,4331057.278,767.084,PD-43-0,sur,NO,tracker
2086,658053.081,4331057.279,767.148,PD-43-1,sur,NO,tracker
2087,658059.042,4331057.324,767.137,PD-48-0,sur,NO,tracker
2088,658065.067,4331057.257,767.127,PD-48-1,sur,NO,tracker
2089,658071.068,4331057.3,767.181,PD-54-0,sur,NO,tracker
2090,658077.078,4331057.295,767.279,PD-54-1,sur,NO,tracker
2091,658083.069,4331057.309,767.17,PD-60-0,sur,NO,tracker
2092,658089.082,4331057.292,767.204,PD-60-1,sur,NO,tracker
2093,658095.088,4331057.318,767.312,PD-65-0,sur,NO,tracker
2094,658100.935,4331057.381,766.801,PD-65-1,sur,NO,tracker
2095,658107.045,4331057.328,767.47,PD-72-0,sur,NO,tracker
2096,658113.064,4331057.256,767.474,PD-72-1,sur,NO,tracker
2097,658119.111,4331057.371,767.666,PD-78-0,sur,NO,tracker
2098,658125.102,4331057.479,767.755,PD-78-1,sur,NO,tracker
2099,658131.104,4331057.281,767.808,PD-85-0,sur,NO,tracker
2100,658137.126,4331057.237,768.007,PD-85-1,sur,NO,tracker
2101,658143.082,4331057.262,768.127,PD-92-0,sur,NO,tracker
2102,658149.086,4331057.257,768.258,PD-92-1,sur,NO,tracker
2103,658155.141,4331057.253,768.578,PD-100-0,sur,NO,tracker
2104,658161.12,4331057.249,768.78,PD-100-1,sur,NO,tracker
2105,658167.046,4331038.847,769.908,PD-109-0,sur,NO,tracker
2106,658173.076,4331038.878,770.11,PD-109-1,sur,NO,tracker
2107,658179.128,4331038.885,770.4,PD-118-0,sur,NO,tracker
2108,658185.146,4331038.857,770.422,PD-118-1,sur,NO,tracker
2109,658191.024,4331019.08,771.39,PD-130-0,sur,NO,tracker
2110,658197.024,4331019.104,771.436,PD-130-1,sur,NO,tracker
2111,658203.076,4331002.782,772.006,PD-142-0,sur,NO,tracker
2112,658209.105,4331002.795,772.092,PD-142-1,sur,NO,tracker
2113,658215.086,4331002.788,772.234,PD-156-0,sur,NO,tracker
2114,658221.084,4331002.79,772.237,PD-156-1,sur,NO,tracker
2115,658221.113,4331040.496,770.865,PD-156-1,norte,NO,tracker
2116,658215.109,4331040.484,770.868,PD-156-0,norte,NO,tracker
2117,658209.032,4331040.499,770.916,PD-142-1,norte,NO,tracker
2118,658203.064,4331040.482,770.832,PD-142-0,norte,NO,tracker
2119,658191.073,4331075.597,769.038,PD-131-0,sur,SI,tracker
2120,658191.075,4331075.201,769.169,PD-130-0,norte,SI,tracker
2121,658197.066,4331075.234,769.355,PD-130-1,norte,SI,tracker
2122,658197.06,4331075.601,769.394,PD-131-1,sur,SI,tracker
2123,658203.08,4331075.685,769.375,PD-144-0,sur,NO,tracker
2124,658209.125,4331075.56,769.552,PD-144-1,sur,NO,tracker
2125,658215.136,4331075.717,769.614,PD-158-0,sur,NO,tracker
2126,658221.138,4331075.625,769.665,PD-158-1,sur,NO,tracker
2127,658227.103,4331075.69,769.648,PD-169-0,sur,NO,tracker
2128,658233.12,4331075.632,769.663,PD-169-1,sur,NO,tracker
2129,658233.026,4331123.564,767.619,PD-170-1,sur,NO,tracker
2130,658239.055,4331123.592,767.553,PD-182-0,sur,NO,tracker
2131,658245.067,4331123.559,767.558,PD-182-1,sur,NO,tracker
2132,658251.012,4331123.568,767.648,PD-198-0,sur,NO,tracker
2133,658257.036,4331123.525,767.718,PD-198-1,sur,NO,tracker
2134,658263.062,4331123.533,767.64,PD-214-0,sur,NO,tracker
2135,658269.056,4331123.538,767.699,PD-214-1,sur,NO,tracker
2136,658275.07,4331123.548,767.616,PD-230-0,sur,NO,tracker
2137,658281.058,4331123.575,767.729,PD-230-1,sur,NO,tracker
2138,658287.042,4331123.563,767.602,PD-245-0,sur,NO,tracker
2139,658293.068,4331123.5,767.635,PD-245-1,sur,NO,tracker
2140,658299.063,4331123.535,767.521,PD-262-0,sur,NO,tracker
2141,658305.087,4331123.553,767.407,PD-262-1,sur,NO,tracker
2142,658305.0,4331179.703,765.412,PD-262-1,norte,NO,tracker
2143,658299.093,4331179.681,765.342,PD-262-0,norte,NO,tracker
2144,658293.149,4331198.089,764.554,PD-245-1,norte,NO,tracker
2145,658287.19,4331198.135,764.505,PD-245-0,norte,NO,tracker
2146,658281.157,4331198.128,764.286,PD-230-1,norte,NO,tracker
2147,658275.064,4331198.096,764.18,PD-230-0,norte,NO,tracker
2148,658269.07,4331180.047,764.873,PD-216-1,sur,SI,tracker
2149,658269.053,4331179.675,765.016,PD-214-1,norte,SI,tracker
2150,658263.075,4331180.063,764.889,PD-216-0,sur,SI,tracker
2151,658263.043,4331179.687,765.036,PD-214-0,norte,SI,tracker
2152,658257.05,4331198.079,763.891,PD-198-1,norte,SI,tracker
2153,658257.095,4331198.469,763.822,PD-200-1,sur,SI,tracker
2154,658251.1,4331198.443,763.734,PD-200-0,sur,SI,tracker
2155,658251.088,4331198.127,763.904,PD-198-0,norte,SI,tracker
2156,658245.136,4331198.481,763.682,PD-184-1,sur,SI,tracker
2157,658245.068,4331198.113,763.821,PD-182-1,norte,SI,tracker
2158,658239.139,4331198.595,763.564,PD-184-0,sur,SI,tracker
2159,658239.092,4331198.131,763.696,PD-182-0,norte,SI,tracker
2160,658233.114,4331198.435,763.534,PD-171-1,sur,SI,tracker
2161,658233.057,4331198.102,763.613,PD-170-1,norte,SI,tracker
2162,658227.101,4331198.522,763.388,PD-171-0,sur,SI,tracker
2163,658227.054,4331198.115,763.557,PD-170-0,norte,SI,tracker
2164,658221.024,4331198.464,763.316,PD-160-1,sur,SI,tracker
2165,658221.054,4331198.082,763.354,PD-159-1,norte,SI,tracker
2166,658215.067,4331198.445,763.317,PD-160-0,sur,SI,tracker
2167,658215.047,4331198.096,763.344,PD-159-0,norte,SI,tracker
2168,658209.003,4331198.432,763.181,PD-146-1,sur,SI,tracker
2169,658209.037,4331198.071,763.192,PD-145-1,norte,SI,tracker
2170,658203.008,4331198.416,763.053,PD-146-0,sur,SI,tracker
2171,658203.01,4331198.109,763.078,PD-145-0,norte,SI,tracker
2172,658197.038,4331180.317,763.931,PD-132-1,sur,NO,tracker
2173,658191.029,4331180.354,763.622,PD-132-0,sur,NO,tracker
2174,658185.093,4331180.331,763.624,PD-119-1,sur,NO,tracker
2175,658179.13,4331180.337,763.465,PD-119-0,sur,NO,tracker
2176,658173.01,4331180.322,763.379,PD-110-1,sur,NO,tracker
2177,658167.005,4331180.316,763.272,PD-110-0,sur,NO,tracker
2178,658161.071,4331123.626,765.838,PD-101-1,sur,NO,tracker
2179,658155.082,4331123.543,765.619,PD-101-0,sur,NO,tracker
2180,658149.062,4331123.501,765.329,PD-93-1,sur,NO,tracker
2181,658143.043,4331123.537,765.106,PD-93-0,sur,NO,tracker
2182,658143.01,4331198.105,761.795,PD-93-0,norte,NO,tracker
2183,658149.055,4331198.067,761.959,PD-93-1,norte,NO,tracker
2184,658155.075,4331198.086,762.003,PD-101-0,norte,SI,tracker
2185,658155.024,4331198.452,761.978,PD-102-0,sur,SI,tracker
2186,658161.098,4331198.178,762.12,PD-101-1,norte,SI,tracker
2187,658161.036,4331198.367,762.057,PD-102-1,sur,SI,tracker
2188,658167.019,4331236.819,760.472,PD-111-0,sur,SI,tracker
2189,658167.002,4331236.438,760.52,PD-110-0,norte,SI,tracker
2190,658173.036,4331236.443,760.598,PD-110-1,norte,SI,tracker
2191,658172.994,4331236.769,760.478,PD-111-1,sur,SI,tracker
2192,658179.061,4331236.787,760.642,PD-120-0,sur,SI,tracker
2193,658179.051,4331236.443,760.722,PD-119-0,norte,SI,tracker
2194,658185.064,4331236.436,760.772,PD-119-1,norte,SI,tracker
2195,658185.017,4331236.794,760.718,PD-120-1,sur,SI,tracker
2196,658191.028,4331255.258,759.982,PD-134-0,sur,SI,tracker
2197,658191.035,4331254.919,760.041,PD-132-0,norte,SI,tracker
2198,658197.032,4331255.237,760.036,PD-134-1,sur,SI,tracker
2199,658197.046,4331254.877,760.086,PD-132-1,norte,SI,tracker
2200,658202.999,4331273.336,759.338,PD-148-0,sur,SI,tracker
2201,658203.028,4331272.96,759.333,PD-146-0,norte,SI,tracker
2202,658209.057,4331273.311,759.405,PD-148-1,sur,SI,tracker
2203,658209.054,4331272.991,759.398,PD-146-1,norte,SI,tracker
2204,658215.06,4331273.364,759.496,PD-162-0,sur,SI,tracker
2205,658215.018,4331272.996,759.502,PD-160-0,norte,SI,tracker
2206,658221.027,4331273.027,759.582,PD-160-1,norte,SI,tracker
2207,658221.081,4331273.333,759.578,PD-162-1,sur,SI,tracker
2208,658227.113,4331273.062,759.615,PD-171-0,norte,SI,tracker
2209,658227.088,4331273.328,759.577,PD-172-0,sur,SI,tracker
2210,658233.1,4331273.368,759.644,PD-172-1,sur,SI,tracker
2211,658233.113,4331272.958,759.699,PD-171-1,norte,SI,tracker
2212,658239.11,4331273.136,759.834,PD-184-0,norte,SI,tracker
2213,658239.104,4331273.4,759.673,PD-186-0,sur,SI,tracker
2214,658269.074,4331254.574,761.309,PD-216-1,norte,NO,tracker
2215,658263.068,4331254.577,761.211,PD-216-0,norte,NO,tracker
2216,658257.062,4331273.002,760.09,PD-200-1,norte,NO,tracker
2217,658251.054,4331272.971,760.082,PD-200-0,norte,NO,tracker
2218,658245.135,4331273.374,759.731,PD-186-1,sur,SI,tracker
2219,658245.129,4331273.021,759.921,PD-184-1,norte,SI,tracker
2220,658245.043,4331347.977,757.198,PD-186-1,norte,NO,tracker
2221,658239.063,4331347.986,757.23,PD-186-0,norte,NO,tracker
2222,658233.102,4331347.97,757.294,PD-172-1,norte,NO,tracker
2223,658227.071,4331347.94,757.349,PD-172-0,norte,NO,tracker
2224,658221.033,4331347.945,757.414,PD-162-1,norte,NO,tracker
2225,658215.056,4331347.98,757.388,PD-162-0,norte,NO,tracker
2226,658209.062,4331347.948,757.488,PD-148-1,norte,NO,tracker
2227,658203.026,4331347.973,757.612,PD-148-0,norte,NO,tracker
2228,658197.042,4331329.868,757.96,PD-134-1,norte,NO,tracker
2229,658191.025,4331329.891,758.061,PD-134-0,norte,NO,tracker
2230,658185.071,4331311.403,758.34,PD-120-1,norte,NO,tracker
2231,658179.081,4331311.392,758.376,PD-120-0,norte,NO,tracker
2232,658173.003,4331311.395,758.481,PD-111-1,norte,NO,tracker
2233,658166.906,4331311.447,758.459,PD-111-0,norte,NO,tracker
2234,658161.036,4331272.958,759.346,PD-102-1,norte,NO,tracker
2235,658155.034,4331273.036,759.32,PD-102-0,norte,NO,tracker
2236,658251.031,4331105.31,768.47,PD-196-0,norte,NO,tracker
2237,658257.027,4331105.288,768.555,PD-196-1,norte,NO,tracker
2238,658262.994,4331105.324,768.449,PD-211-0,norte,NO,tracker
2239,658269.024,4331105.333,768.446,PD-211-1,norte,NO,tracker
2240,658275.091,4331105.381,768.428,PD-227-0,norte,NO,tracker
2241,658281.078,4331105.296,768.316,PD-227-1,norte,NO,tracker
2242,658287.069,4331105.317,768.351,PD-242-0,norte,NO,tracker
2243,658293.068,4331105.292,768.138,PD-242-1,norte,NO,tracker
2244,658299.074,4331105.339,768.087,PD-259-0,norte,NO,tracker
2245,658305.094,4331105.34,768.049,PD-259-1,norte,NO,tracker
2246,658311.064,4331105.37,767.952,PD-274-0,norte,NO,tracker
2247,658317.09,4331105.357,767.874,PD-274-1,norte,NO,tracker
2248,658323.108,4331105.351,767.746,PD-287-0,norte,NO,tracker
2249,658329.097,4331105.327,767.734,PD-287-1,norte,NO,tracker
2250,658251.051,4331067.37,769.922,PD-193-0,norte,SI,tracker
2251,658251.084,4331067.616,769.97,PD-196-0,sur,SI,tracker
2252,658251.056,4330992.772,772.451,PD-193-0,sur,NO,tracker
2253,658257.043,4330992.736,772.454,PD-193-1,sur,NO,tracker
2254,658263.136,4330992.708,772.241,PD-210-0,sur,NO,tracker
2255,658269.128,4330992.72,772.147,PD-210-1,sur,NO,tracker
2256,658275.106,4330992.692,771.844,PD-226-0,sur,NO,tracker
2257,658281.098,4330992.679,771.741,PD-226-1,sur,NO,tracker
2258,658287.115,4330992.696,771.561,PD-241-0,sur,NO,tracker
2259,658293.137,4330992.697,771.488,PD-241-1,sur,NO,tracker
2260,658299.089,4330992.741,771.353,PD-257-0,sur,NO,tracker
2261,658305.106,4330992.712,771.142,PD-257-1,sur,NO,tracker
2262,658311.092,4330992.699,770.957,PD-272-0,sur,NO,tracker
2263,658317.054,4330992.645,770.743,PD-272-1,sur,NO,tracker
2264,658323.101,4330992.716,770.623,PD-285-0,sur,NO,tracker
2265,658329.111,4330992.684,770.545,PD-285-1,sur,NO,tracker
2266,658335.123,4330975.326,771.165,PD-298-0,sur,NO,tracker
2267,658341.096,4330975.279,771.253,PD-298-1,sur,NO,tracker
2268,658347.113,4330972.03,771.406,PD-312-0,sur,NO,tracker
2269,658353.11,4330972.007,771.35,PD-312-1,sur,NO,tracker
2270,658359.107,4330968.833,771.406,PD-328-0,sur,NO,tracker
2271,658365.147,4330968.836,771.373,PD-328-1,sur,NO,tracker
2272,658365.122,4331006.545,770.12,PD-328-1,norte,NO,tracker
2273,658359.081,4331006.53,769.957,PD-328-0,norte,NO,tracker
2274,658353.154,4331028.142,769.111,PD-312-1,norte,NO,tracker
2275,658347.11,4331028.16,769.065,PD-312-0,norte,NO,tracker
2276,658341.146,4331031.728,769.014,PD-300-1,sur,SI,tracker
2277,658341.131,4331031.417,769.02,PD-298-1,norte,SI,tracker
2278,658341.112,4331069.444,768.023,PD-300-1,norte,NO,tracker
2279,658335.142,4331069.414,768.196,PD-300-0,norte,NO,tracker
2280,658329.151,4331067.592,768.571,PD-287-1,sur,SI,tracker
2281,658329.089,4331067.297,768.552,PD-285-1,norte,SI,tracker
2282,658335.238,4331031.364,769.132,PD-298-0,norte,SI,tracker
2283,658335.109,4331031.703,769.266,PD-300-0,sur,SI,tracker
2284,658323.106,4331067.341,768.718,PD-285-0,norte,SI,tracker
2285,658323.128,4331067.624,768.69,PD-287-0,sur,SI,tracker
2286,658317.146,4331067.64,768.935,PD-274-1,sur,SI,tracker
2287,658317.126,4331067.269,768.878,PD-272-1,norte,SI,tracker
2288,658311.051,4331067.309,769.076,PD-272-0,norte,SI,tracker
2289,658311.079,4331067.65,769.107,PD-274-0,sur,SI,tracker
2290,658305.138,4331067.621,769.104,PD-259-1,sur,SI,tracker
2291,658305.155,4331067.306,769.092,PD-257-1,norte,SI,tracker
2292,658299.138,4331067.327,769.313,PD-257-0,norte,SI,tracker
2293,658299.086,4331067.641,769.288,PD-259-0,sur,SI,tracker
2294,658293.21,4331067.583,769.474,PD-242-1,sur,SI,tracker
2295,658293.163,4331067.303,769.457,PD-241-1,norte,SI,tracker
2296,658287.114,4331067.286,769.549,PD-241-0,norte,SI,tracker
2297,658287.082,4331067.61,769.579,PD-242-0,sur,SI,tracker
2298,658281.09,4331067.589,769.704,PD-227-1,sur,SI,tracker
2299,658281.051,4331067.268,769.638,PD-226-1,norte,SI,tracker
2300,658275.057,4331067.277,769.762,PD-226-0,norte,SI,tracker
2301,658275.089,4331067.666,769.786,PD-227-0,sur,SI,tracker
2302,658269.095,4331067.628,769.839,PD-211-1,sur,SI,tracker
2303,658269.063,4331067.322,769.937,PD-210-1,norte,SI,tracker
2304,658263.089,4331067.299,769.843,PD-210-0,norte,SI,tracker
2305,658263.118,4331067.608,769.9,PD-211-0,sur,SI,tracker
2306,658257.126,4331067.586,769.908,PD-196-1,sur,SI,tracker
2307,658257.106,4331067.33,769.87,PD-193-1,norte,SI,tracker
2308,658167.074,4330983.013,773.248,PD-108-0,norte,NO,tracker
2309,658173.055,4330982.996,773.129,PD-108-1,norte,NO,tracker
2310,658179.051,4330983.004,773.009,PD-117-0,norte,NO,tracker
2311,658185.068,4330983.001,773.077,PD-117-1,norte,NO,tracker
2312,658191.119,4330980.043,773.077,PD-127-0,norte,NO,tracker
2313,658197.135,4330980.052,773.178,PD-127-1,norte,NO,tracker
2314,658203.078,4330977.054,773.342,PD-139-0,norte,NO,tracker
2315,658209.105,4330976.998,773.136,PD-139-1,norte,NO,tracker
2316,658215.06,4330974.016,773.375,PD-153-0,norte,NO,tracker
2317,658221.091,4330974.009,773.352,PD-153-1,norte,NO,tracker
2318,658251.127,4330963.24,773.143,PD-191-0,norte,NO,tracker
2319,658257.113,4330963.223,772.976,PD-191-1,norte,NO,tracker
2320,658263.091,4330960.237,772.718,PD-207-0,norte,NO,tracker
2321,658269.086,4330960.167,772.654,PD-207-1,norte,NO,tracker
2322,658275.091,4330957.228,772.54,PD-222-0,norte,NO,tracker
2323,658281.123,4330957.203,772.315,PD-222-1,norte,NO,tracker
2324,658287.133,4330954.208,772.272,PD-237-0,norte,NO,tracker
2325,658293.123,4330954.172,772.121,PD-237-1,norte,NO,tracker
2326,658299.14,4330951.21,772.128,PD-253-0,norte,NO,tracker
2327,658305.14,4330951.262,772.103,PD-253-1,norte,NO,tracker
2328,658311.144,4330948.263,772.086,PD-270-0,norte,NO,tracker
2329,658317.091,4330948.194,772.099,PD-270-1,norte,NO,tracker
2330,658323.139,4330945.207,772.136,PD-283-0,norte,NO,tracker
2331,658329.148,4330945.201,772.155,PD-283-1,norte,NO,tracker
2332,658335.085,4330942.21,772.27,PD-297-0,norte,NO,tracker
2333,658341.102,4330942.248,772.321,PD-297-1,norte,NO,tracker
2334,658347.116,4330939.178,772.339,PD-311-0,norte,NO,tracker
2335,658353.154,4330939.174,772.44,PD-311-1,norte,NO,tracker
2336,658353.155,4330939.172,772.446,PD-311-1,norte,NO,tracker
2337,658359.128,4330936.207,772.437,PD-325-0,norte,NO,tracker
2338,658365.148,4330936.17,772.489,PD-325-1,norte,NO,tracker
2339,658371.159,4330930.237,772.534,PD-339-0,norte,NO,tracker
2340,658377.09,4330930.23,772.567,PD-339-1,norte,NO,tracker
2341,658383.125,4330925.155,772.71,PD-352-0,norte,NO,tracker
2342,658389.118,4330925.172,772.647,PD-352-1,norte,NO,tracker
2343,658395.097,4330925.133,772.566,PD-364-0,norte,NO,tracker
2344,658401.119,4330925.064,772.435,PD-364-1,norte,NO,tracker
2345,658425.172,4330831.77,774.887,PD-388-1,norte,NO,tracker
2346,658419.151,4330831.78,774.84,PD-388-0,norte,NO,tracker
2347,658413.097,4330850.159,774.26,PD-376-1,norte,NO,tracker
2348,658407.086,4330850.159,774.338,PD-376-0,norte,NO,tracker
2349,658401.163,4330850.447,774.328,PD-364-1,sur,SI,tracker
2350,658401.115,4330850.229,774.399,PD-362-1,norte,SI,tracker
2351,658395.11,4330850.215,774.373,PD-362-0,norte,SI,tracker
2352,658395.198,4330850.495,774.29,PD-364-0,sur,SI,tracker
2353,658389.157,4330850.546,774.402,PD-352-1,sur,SI,tracker
2354,658389.108,4330850.215,774.364,PD-349-1,norte,SI,tracker
2355,658383.183,4330850.153,774.393,PD-349-0,norte,SI,tracker
2356,658383.161,4330850.521,774.449,PD-352-0,sur,SI,tracker
2357,658377.091,4330874.055,773.937,PD-339-1,sur,NO,tracker
2358,658371.149,4330874.062,774.0,PD-339-0,sur,NO,tracker
2359,658365.124,4330879.984,773.892,PD-325-1,sur,NO,tracker
2360,658359.11,4330880.037,774.02,PD-325-0,sur,NO,tracker
2361,658353.161,4330883.019,774.032,PD-311-1,sur,NO,tracker
2362,658347.142,4330883.035,774.069,PD-311-0,sur,NO,tracker
2363,658341.118,4330886.063,773.992,PD-297-1,sur,NO,tracker
2364,658335.127,4330886.031,774.058,PD-297-0,sur,NO,tracker
2365,658329.175,4330889.036,774.016,PD-283-1,sur,NO,tracker
2366,658323.15,4330889.04,774.046,PD-283-0,sur,NO,tracker
2367,658317.145,4330892.053,773.932,PD-270-1,sur,NO,tracker
2368,658311.101,4330892.111,773.982,PD-270-0,sur,NO,tracker
2369,658305.117,4330895.097,773.825,PD-253-1,sur,NO,tracker
2370,658299.129,4330895.06,773.737,PD-253-0,sur,NO,tracker
2371,658293.141,4330898.002,773.752,PD-237-1,sur,NO,tracker
2372,658287.071,4330898.036,773.723,PD-237-0,sur,NO,tracker
2373,658281.093,4330901.031,773.705,PD-222-1,sur,NO,tracker
2374,658275.063,4330901.06,773.815,PD-222-0,sur,NO,tracker
2375,658269.075,4330903.996,773.755,PD-207-1,sur,NO,tracker
2376,658263.08,4330904.068,773.873,PD-207-0,sur,NO,tracker
2377,658257.092,4330907.034,773.903,PD-191-1,sur,NO,tracker
2378,658251.097,4330907.039,774.028,PD-191-0,sur,NO,tracker
2379,658221.158,4330936.293,774.453,PD-153-1,sur,NO,tracker
2380,658215.121,4330936.274,774.647,PD-153-0,sur,NO,tracker
2381,658209.156,4330902.39,775.526,PD-139-1,sur,NO,tracker
2382,658203.072,4330902.562,775.323,PD-139-0,sur,NO,tracker
2383,658197.148,4330905.451,775.587,PD-127-1,sur,NO,tracker
2384,658191.149,4330905.484,775.648,PD-127-0,sur,NO,tracker
2385,658185.16,4330908.28,775.962,PD-117-1,sur,NO,tracker
2386,658179.118,4330908.423,776.047,PD-117-0,sur,NO,tracker
2387,658173.035,4330908.417,775.999,PD-108-1,sur,NO,tracker
2388,658167.041,4330908.442,776.089,PD-108-0,sur,NO,tracker
2389,658197.062,4330887.255,775.735,PD-124-1,norte,NO,tracker
2390,658191.121,4330887.315,775.8,PD-124-0,norte,NO,tracker
2391,658185.117,4330890.306,775.82,PD-114-1,norte,NO,tracker
2392,658179.122,4330890.336,776.004,PD-114-0,norte,NO,tracker
2393,658173.095,4330893.294,776.126,PD-106-1,norte,NO,tracker
2394,658167.07,4330893.288,776.176,PD-106-0,norte,NO,tracker
2395,658161.112,4330896.309,776.373,PD-96-1,norte,NO,tracker
2396,658155.129,4330896.319,776.468,PD-96-0,norte,NO,tracker
2397,658149.101,4330899.253,776.46,PD-89-1,norte,NO,tracker
2398,658143.115,4330899.315,776.448,PD-89-0,norte,NO,tracker
2399,658137.118,4330902.325,776.449,PD-82-1,norte,NO,tracker
2400,658131.116,4330902.329,776.597,PD-82-0,norte,NO,tracker
2401,658131.109,4330846.132,777.29,PD-82-0,sur,NO,tracker
2402,658137.114,4330846.149,777.299,PD-82-1,sur,NO,tracker
2403,658143.054,4330843.119,777.262,PD-89-0,sur,NO,tracker
2404,658149.048,4330843.064,777.143,PD-89-1,sur,NO,tracker
2405,658155.143,4330840.134,777.089,PD-96-0,sur,NO,tracker
2406,658161.137,4330840.113,776.988,PD-96-1,sur,NO,tracker
2407,658167.079,4330837.107,776.898,PD-106-0,sur,NO,tracker
2408,658173.094,4330837.104,776.783,PD-106-1,sur,NO,tracker
2409,658179.092,4330834.106,776.818,PD-114-0,sur,NO,tracker
2410,658185.087,4330834.096,776.769,PD-114-1,sur,NO,tracker
2411,658191.169,4330831.114,776.668,PD-124-0,sur,NO,tracker
2412,658197.119,4330831.062,776.686,PD-124-1,sur,NO,tracker
2413,658239.09,4330821.177,776.785,PD-174-0,sur,NO,tracker
2414,658245.079,4330821.11,776.731,PD-174-1,sur,NO,tracker
2415,658251.11,4330818.154,776.727,PD-188-0,sur,NO,tracker
2416,658257.026,4330818.111,776.62,PD-188-1,sur,NO,tracker
2417,658263.073,4330833.586,776.173,PD-205-0,sur,NO,tracker
2418,658269.085,4330833.597,776.187,PD-205-1,sur,NO,tracker
2419,658275.147,4330830.585,776.275,PD-221-0,sur,NO,tracker
2420,658281.145,4330830.522,776.329,PD-221-1,sur,NO,tracker
2421,658287.079,4330827.512,776.309,PD-236-0,sur,NO,tracker
2422,658293.098,4330827.545,776.183,PD-236-1,sur,NO,tracker
2423,658299.124,4330806.128,776.559,PD-252-0,sur,NO,tracker
2424,658305.125,4330806.08,776.573,PD-252-1,sur,NO,tracker
2425,658311.151,4330803.138,776.546,PD-269-0,sur,NO,tracker
2426,658317.161,4330803.078,776.379,PD-269-1,sur,NO,tracker
2427,658323.112,4330800.095,776.486,PD-282-0,sur,NO,tracker
2428,658329.112,4330800.076,776.45,PD-282-1,sur,NO,tracker
2429,658335.112,4330778.636,776.749,PD-296-0,sur,NO,tracker
2430,658341.123,4330778.653,776.583,PD-296-1,sur,NO,tracker
2431,658347.056,4330775.202,776.768,PD-308-0,norte,SI,tracker
2432,658347.095,4330775.595,776.744,PD-309-0,sur,SI,tracker
2433,658353.108,4330775.591,776.695,PD-309-1,sur,SI,tracker
2434,658353.085,4330775.24,776.65,PD-308-1,norte,SI,tracker
2435,658359.112,4330775.285,776.93,PD-321-0,norte,SI,tracker
2436,658359.147,4330775.564,776.888,PD-322-0,sur,SI,tracker
2437,658365.149,4330775.573,776.854,PD-322-1,sur,SI,tracker
2438,658365.143,4330775.245,776.878,PD-321-1,norte,SI,tracker
2439,658371.101,4330775.247,776.678,PD-336-0,norte,SI,tracker
2440,658371.085,4330775.567,776.683,PD-337-0,sur,SI,tracker
2441,658377.086,4330775.193,776.773,PD-336-1,norte,SI,tracker
2442,658377.079,4330775.588,776.728,PD-337-1,sur,SI,tracker
2443,658383.111,4330775.303,776.724,PD-348-0,norte,SI,tracker
2444,658383.119,4330775.577,776.542,PD-349-0,sur,SI,tracker
2445,658389.107,4330775.312,776.668,PD-348-1,norte,SI,tracker
2446,658389.125,4330775.615,776.533,PD-349-1,sur,SI,tracker
2447,658395.102,4330775.241,776.732,PD-361-0,norte,SI,tracker
2448,658395.156,4330775.613,776.61,PD-362-0,sur,SI,tracker
2449,658401.152,4330775.296,776.612,PD-361-1,norte,SI,tracker
2450,658401.145,4330775.619,776.538,PD-362-1,sur,SI,tracker
2451,658407.073,4330775.574,776.705,PD-376-0,sur,SI,tracker
2452,658407.114,4330775.184,776.691,PD-374-0,norte,SI,tracker
2453,658413.101,4330775.273,776.586,PD-374-1,norte,SI,tracker
2454,658413.071,4330775.572,776.623,PD-376-1,sur,SI,tracker
2455,658419.103,4330775.349,776.612,PD-386-0,norte,SI,tracker
2456,658419.125,4330775.634,776.55,PD-388-0,sur,SI,tracker
2457,658425.097,4330775.281,776.515,PD-386-1,norte,SI,tracker
2458,658425.146,4330775.605,776.412,PD-388-1,sur,SI,tracker
2459,658431.142,4330754.69,776.895,PD-397-0,norte,NO,tracker
2460,658437.143,4330754.627,776.84,PD-397-1,norte,NO,tracker
2461,658443.059,4330724.104,777.079,PD-404-0,norte,NO,tracker
2462,658449.067,4330724.12,777.075,PD-404-1,norte,NO,tracker
2463,658449.15,4330667.904,777.7,PD-404-1,sur,NO,tracker
2464,658443.137,4330667.898,777.779,PD-404-0,sur,NO,tracker
2465,658437.072,4330660.412,777.871,PD-395-1,sur,NO,tracker
2466,658431.078,4330660.437,777.94,PD-395-0,sur,NO,tracker
2467,658425.056,4330644.148,778.262,PD-384-1,sur,NO,tracker
2468,658419.037,4330644.12,778.245,PD-384-0,sur,NO,tracker
2469,658413.07,4330644.164,778.253,PD-372-1,sur,NO,tracker
2470,658407.03,4330644.173,778.255,PD-372-0,sur,NO,tracker
2471,658437.091,4330716.607,777.264,PD-395-1,norte,SI,tracker
2472,658437.125,4330716.903,777.28,PD-397-1,sur,SI,tracker
2473,658431.035,4330716.962,777.374,PD-397-0,sur,SI,tracker
2474,658431.089,4330716.636,777.353,PD-395-0,norte,SI,tracker
2475,658425.112,4330700.334,777.533,PD-384-1,norte,SI,tracker
2476,658425.171,4330700.648,777.61,PD-386-1,sur,SI,tracker
2477,658419.166,4330700.706,777.737,PD-386-0,sur,SI,tracker
2478,658419.087,4330700.315,777.666,PD-384-0,norte,SI,tracker
2479,658413.122,4330700.621,777.972,PD-374-1,sur,SI,tracker
2480,658413.09,4330700.327,777.721,PD-372-1,norte,SI,tracker
2481,658407.126,4330700.515,777.992,PD-374-0,sur,SI,tracker
2482,658407.095,4330700.334,777.746,PD-372-0,norte,SI,tracker
2483,658401.131,4330700.647,778.103,PD-361-1,sur,NO,tracker
2484,658395.147,4330700.599,778.106,PD-361-0,sur,NO,tracker
2485,658389.164,4330700.673,778.227,PD-348-1,sur,NO,tracker
2486,658383.131,4330700.652,778.314,PD-348-0,sur,NO,tracker
2487,658377.119,4330700.567,778.474,PD-336-1,sur,NO,tracker
2488,658371.13,4330700.643,778.548,PD-336-0,sur,NO,tracker
2489,658365.102,4330700.629,778.552,PD-321-1,sur,NO,tracker
2490,658359.098,4330700.646,778.705,PD-321-0,sur,NO,tracker
2491,658353.132,4330700.619,778.799,PD-308-1,sur,NO,tracker
2492,658347.114,4330700.585,778.72,PD-308-0,sur,NO,tracker
2493,658341.165,4330691.985,778.991,PD-295-1,sur,NO,tracker
2494,658335.139,4330691.975,778.996,PD-295-0,sur,NO,tracker
2495,658329.104,4330695.252,778.964,PD-281-1,sur,NO,tracker
2496,658323.08,4330695.294,778.961,PD-281-0,sur,NO,tracker
2497,658317.098,4330698.571,778.785,PD-268-1,sur,NO,tracker
2498,658311.094,4330698.567,778.824,PD-268-0,sur,NO,tracker
2499,658305.076,4330701.908,778.773,PD-250-1,sur,NO,tracker
2500,658299.057,4330701.9,778.709,PD-250-0,sur,NO,tracker
2501,658293.086,4330705.154,778.66,PD-234-1,sur,NO,tracker
2502,658287.066,4330705.185,778.668,PD-234-0,sur,NO,tracker
2503,658281.102,4330718.524,778.382,PD-220-1,sur,NO,tracker
2504,658275.084,4330718.565,778.16,PD-220-0,sur,NO,tracker
2505,658269.146,4330718.472,778.325,PD-204-1,sur,NO,tracker
2506,658263.132,4330718.55,778.435,PD-204-0,sur,NO,tracker
2507,658257.105,4330718.558,778.499,PD-187-1,sur,NO,tracker
2508,658251.15,4330718.55,778.556,PD-187-0,sur,NO,tracker
2509,658245.12,4330718.506,778.619,PD-173-1,sur,NO,tracker
2510,658239.102,4330718.587,778.696,PD-173-0,sur,NO,tracker
2511,658233.118,4330718.543,778.87,PD-163-1,sur,NO,tracker
2512,658227.071,4330718.574,778.895,PD-163-0,sur,NO,tracker
2513,658221.077,4330718.559,779.146,PD-149-1,sur,NO,tracker
2514,658215.08,4330718.575,779.164,PD-149-0,sur,NO,tracker
2515,658209.145,4330767.325,778.202,PD-135-1,sur,NO,tracker
2516,658203.134,4330767.383,778.303,PD-135-0,sur,NO,tracker
2517,658197.055,4330767.38,778.274,PD-122-1,sur,NO,tracker
2518,658191.05,4330767.443,778.346,PD-122-0,sur,NO,tracker
2519,658191.049,4330805.179,777.465,PD-122-0,norte,NO,tracker
2520,658197.055,4330805.111,777.421,PD-122-1,norte,NO,tracker
2521,658203.091,4330805.116,777.345,PD-135-0,norte,NO,tracker
2522,658209.084,4330805.057,777.408,PD-135-1,norte,NO,tracker
2523,658215.029,4330793.212,777.771,PD-149-0,norte,NO,tracker
2524,658221.02,4330793.213,777.749,PD-149-1,norte,NO,tracker
2525,658227.077,4330793.231,777.582,PD-163-0,norte,NO,tracker
2526,658233.091,4330793.197,777.454,PD-163-1,norte,NO,tracker
2527,658239.055,4330793.221,777.521,PD-173-0,norte,NO,tracker
2528,658245.086,4330793.149,777.407,PD-173-1,norte,NO,tracker
2529,658251.08,4330793.196,777.379,PD-187-0,norte,NO,tracker
2530,658257.079,4330793.21,777.303,PD-187-1,norte,NO,tracker
2531,658263.125,4330793.22,777.254,PD-204-0,norte,NO,tracker
2532,658269.136,4330793.14,777.24,PD-204-1,norte,NO,tracker
2533,658275.092,4330793.212,777.364,PD-220-0,norte,NO,tracker
2534,658281.117,4330793.174,777.228,PD-220-1,norte,NO,tracker
2535,658287.06,4330742.921,777.806,PD-234-0,norte,NO,tracker
2536,658293.068,4330742.872,777.891,PD-234-1,norte,NO,tracker
2537,658299.067,4330739.605,777.779,PD-250-0,norte,NO,tracker
2538,658305.072,4330739.627,777.732,PD-250-1,norte,NO,tracker
2539,658311.075,4330736.281,777.821,PD-268-0,norte,NO,tracker
2540,658317.07,4330736.306,777.867,PD-268-1,norte,NO,tracker
2541,658323.081,4330733.012,777.84,PD-281-0,norte,NO,tracker
2542,658329.061,4330732.975,777.91,PD-281-1,norte,NO,tracker
2543,658335.093,4330748.162,777.641,PD-295-0,norte,NO,tracker
2544,658341.132,4330748.134,777.527,PD-295-1,norte,NO,tracker
2545,658377.09,4330850.204,774.588,PD-337-1,norte,NO,tracker
2546,658371.07,4330850.206,774.681,PD-337-0,norte,NO,tracker
2547,658365.1,4330850.192,774.834,PD-322-1,norte,NO,tracker
2548,658359.095,4330850.189,774.866,PD-322-0,norte,NO,tracker
2549,658353.161,4330850.053,774.874,PD-309-1,norte,NO,tracker
2550,658347.127,4330850.231,775.048,PD-309-0,norte,NO,tracker
2551,658341.153,4330853.286,775.143,PD-296-1,norte,NO,tracker
2552,658335.167,4330853.254,775.158,PD-296-0,norte,NO,tracker
2553,658329.149,4330856.282,775.174,PD-282-1,norte,NO,tracker
2554,658323.126,4330856.29,775.188,PD-282-0,norte,NO,tracker
2555,658317.068,4330859.275,775.169,PD-269-1,norte,NO,tracker
2556,658311.069,4330859.317,775.14,PD-269-0,norte,NO,tracker
2557,658305.131,4330862.249,775.154,PD-252-1,norte,NO,tracker
2558,658299.135,4330862.319,775.287,PD-252-0,norte,NO,tracker
2559,658293.112,4330865.274,775.241,PD-236-1,norte,NO,tracker
2560,658287.143,4330865.285,775.147,PD-236-0,norte,NO,tracker
2561,658281.097,4330868.315,775.111,PD-221-1,norte,NO,tracker
2562,658275.103,4330868.344,775.115,PD-221-0,norte,NO,tracker
2563,658269.132,4330871.338,775.05,PD-205-1,norte,NO,tracker
2564,658263.137,4330871.309,775.123,PD-205-0,norte,NO,tracker
2565,658257.131,4330874.288,775.096,PD-188-1,norte,NO,tracker
2566,658251.136,4330874.322,775.127,PD-188-0,norte,NO,tracker
2567,658245.087,4330877.314,774.881,PD-174-1,norte,NO,tracker
2568,658239.075,4330877.36,775.002,PD-174-0,norte,NO,tracker
2569,658047.085,4330731.831,776.185,PD-39-0,norte,NO,tracker
2570,658053.076,4330731.803,776.691,PD-39-1,norte,NO,tracker
2571,658059.132,4330726.893,777.568,PD-44-0,norte,NO,tracker
2572,658065.139,4330726.885,778.065,PD-44-1,norte,NO,tracker
2573,658071.166,4330703.421,779.573,PD-49-0,norte,NO,tracker
2574,658077.163,4330703.405,779.951,PD-49-1,norte,NO,tracker
2575,658083.132,4330698.429,780.214,PD-55-0,norte,NO,tracker
2576,658089.125,4330698.375,780.33,PD-55-1,norte,NO,tracker
2577,658095.062,4330693.403,780.524,PD-61-0,norte,NO,tracker
2578,658101.083,4330693.474,780.509,PD-61-1,norte,NO,tracker
2579,658107.081,4330727.361,779.992,PD-66-0,norte,NO,tracker
2580,658113.087,4330727.302,779.952,PD-66-1,norte,NO,tracker
2581,658119.091,4330724.347,780.034,PD-73-0,norte,NO,tracker
2582,658125.144,4330724.34,779.938,PD-73-1,norte,NO,tracker
2583,658131.052,4330721.383,779.974,PD-79-0,norte,NO,tracker
2584,658137.07,4330721.372,779.923,PD-79-1,norte,NO,tracker
2585,658143.098,4330718.431,779.844,PD-86-0,norte,NO,tracker
2586,658149.103,4330718.37,779.797,PD-86-1,norte,NO,tracker
2587,658155.136,4330715.384,779.66,PD-94-0,norte,NO,tracker
2588,658161.135,4330715.345,779.597,PD-94-1,norte,NO,tracker
2589,658167.125,4330712.331,779.513,PD-103-0,norte,NO,tracker
2590,658173.125,4330712.235,779.427,PD-103-1,norte,NO,tracker
2591,658179.058,4330709.742,779.41,PD-112-0,norte,NO,tracker
2592,658185.093,4330709.747,779.428,PD-112-1,norte,NO,tracker
2593,658191.082,4330709.884,779.337,PD-121-0,norte,NO,tracker
2594,658197.085,4330709.754,779.313,PD-121-1,norte,NO,tracker
2595,658203.096,4330708.294,779.181,PD-133-0,norte,NO,tracker
2596,658209.124,4330708.274,779.139,PD-133-1,norte,NO,tracker
2597,658215.102,4330705.291,779.095,PD-147-0,norte,NO,tracker
2598,658221.102,4330705.251,779.023,PD-147-1,norte,NO,tracker
2599,658227.082,4330702.289,778.947,PD-161-0,norte,NO,tracker
2600,658233.093,4330702.281,778.93,PD-161-1,norte,NO,tracker
2601,658263.045,4330684.259,779.163,PD-201-0,norte,NO,tracker
2602,658269.107,4330684.282,779.179,PD-201-1,norte,NO,tracker
2603,658275.104,4330684.237,779.15,PD-217-0,norte,NO,tracker
2604,658281.102,4330684.235,779.199,PD-217-1,norte,NO,tracker
2605,658287.094,4330684.254,779.108,PD-233-0,norte,NO,tracker
2606,658293.081,4330684.272,779.083,PD-233-1,norte,NO,tracker
2607,658299.076,4330678.281,779.111,PD-248-0,norte,NO,tracker
2608,658305.045,4330678.253,779.1,PD-248-1,norte,NO,tracker
2609,658311.097,4330678.28,779.135,PD-266-0,norte,NO,tracker
2610,658317.075,4330678.269,779.007,PD-266-1,norte,NO,tracker
2611,658323.096,4330678.286,778.969,PD-279-0,norte,NO,tracker
2612,658329.087,4330678.286,778.824,PD-279-1,norte,NO,tracker
2613,658335.096,4330676.26,778.778,PD-293-0,norte,NO,tracker
2614,658341.083,4330676.201,778.649,PD-293-1,norte,NO,tracker
2615,658341.137,4330638.453,778.751,PD-293-1,sur,NO,tracker
2616,658335.132,4330638.519,778.865,PD-293-0,sur,NO,tracker
2617,658329.072,4330622.086,778.98,PD-279-1,sur,NO,tracker
2618,658323.054,4330622.101,779.024,PD-279-0,sur,NO,tracker
2619,658317.038,4330622.063,779.218,PD-266-1,sur,NO,tracker
2620,658311.064,4330622.093,779.224,PD-266-0,sur,NO,tracker
2621,658305.072,4330622.063,779.361,PD-248-1,sur,NO,tracker
2622,658299.113,4330622.115,779.436,PD-248-0,sur,NO,tracker
2623,658293.049,4330646.541,779.391,PD-233-1,sur,NO,tracker
2624,658287.05,4330646.531,779.44,PD-233-0,sur,NO,tracker
2625,658281.052,4330646.506,779.533,PD-217-1,sur,NO,tracker
2626,658275.036,4330646.513,779.601,PD-217-0,sur,NO,tracker
2627,658269.108,4330646.544,779.695,PD-201-1,sur,NO,tracker
2628,658263.079,4330646.509,779.73,PD-201-0,sur,NO,tracker
2629,658233.147,4330646.108,779.802,PD-161-1,sur,NO,tracker
2630,658227.12,4330646.115,779.818,PD-161-0,sur,NO,tracker
2631,658221.129,4330649.069,779.749,PD-147-1,sur,NO,tracker
2632,658215.147,4330649.099,779.912,PD-147-0,sur,NO,tracker
2633,658209.083,4330652.096,779.869,PD-133-1,sur,NO,tracker
2634,658203.096,4330652.105,779.974,PD-133-0,sur,NO,tracker
2635,658197.071,4330653.563,779.908,PD-121-1,sur,NO,tracker
2636,658191.065,4330653.686,779.87,PD-121-0,sur,NO,tracker
2637,658185.047,4330653.541,780.003,PD-112-1,sur,NO,tracker
2638,658179.035,4330653.556,780.151,PD-112-0,sur,NO,tracker
2639,658173.074,4330637.601,780.573,PD-103-1,sur,NO,tracker
2640,658167.093,4330637.703,780.623,PD-103-0,sur,NO,tracker
2641,658161.181,4330640.71,780.544,PD-94-1,sur,NO,tracker
2642,658155.182,4330640.752,780.687,PD-94-0,sur,NO,tracker
2643,658149.112,4330643.724,780.679,PD-86-1,sur,NO,tracker
2644,658143.12,4330643.798,780.748,PD-86-0,sur,NO,tracker
2645,658137.106,4330646.734,780.819,PD-79-1,sur,NO,tracker
2646,658131.086,4330646.752,780.891,PD-79-0,sur,NO,tracker
2647,658125.118,4330649.688,780.932,PD-73-1,sur,NO,tracker
2648,658119.063,4330649.704,780.972,PD-73-0,sur,NO,tracker
2649,658113.109,4330652.647,780.979,PD-66-1,sur,NO,tracker
2650,658114.99,4330633.994,781.228,PD-71-0,norte,NO,tracker
2651,658120.964,4330633.987,781.119,PD-71-1,norte,NO,tracker
2652,658126.982,4330629.975,781.309,PD-77-0,norte,NO,tracker
2653,658132.987,4330629.945,781.261,PD-77-1,norte,NO,tracker
2654,658138.96,4330626.009,781.157,PD-84-0,norte,NO,tracker
2655,658144.987,4330625.967,781.122,PD-84-1,norte,NO,tracker
2656,658151.005,4330621.999,781.21,PD-91-0,norte,NO,tracker
2657,658157.011,4330622.027,781.193,PD-91-1,norte,NO,tracker
2658,658163.023,4330617.973,781.128,PD-99-0,norte,NO,tracker
2659,658168.999,4330617.894,781.071,PD-99-1,norte,NO,tracker
2660,658168.993,4330561.699,781.715,PD-99-1,sur,NO,tracker
2661,658163.031,4330561.785,781.883,PD-99-0,sur,NO,tracker
2662,658157.043,4330565.835,781.842,PD-91-1,sur,NO,tracker
2663,658151.028,4330565.809,781.935,PD-91-0,sur,NO,tracker
2664,658144.993,4330569.776,782.091,PD-84-1,sur,NO,tracker
2665,658139.0,4330569.824,782.142,PD-84-0,sur,NO,tracker
2666,658132.997,4330555.307,782.406,PD-77-1,sur,NO,tracker
2667,658126.996,4330555.337,782.508,PD-77-0,sur,NO,tracker
2668,658120.975,4330559.349,782.55,PD-71-1,sur,NO,tracker
2669,658115.001,4330559.364,782.71,PD-71-0,sur,NO,tracker
2670,658107.084,4330652.723,781.09,PD-66-0,sur,NO,tracker
2671,658101.13,4330655.745,781.149,PD-61-1,sur,NO,tracker
2672,658095.119,4330655.681,781.145,PD-61-0,sur,NO,tracker
2673,658089.102,4330660.66,781.191,PD-55-1,sur,NO,tracker
2674,658083.119,4330660.734,781.165,PD-55-0,sur,NO,tracker
2675,658077.148,4330665.693,781.082,PD-49-1,sur,NO,tracker
2676,658071.152,4330665.708,781.104,PD-49-0,sur,NO,tracker
2677,658065.145,4330670.761,780.836,PD-44-1,sur,NO,tracker
2678,658059.125,4330670.813,780.779,PD-44-0,sur,NO,tracker
2679,658053.067,4330675.724,780.127,PD-39-1,sur,NO,tracker
2680,658047.079,4330675.761,779.801,PD-39-0,sur,NO,tracker
2681,657996.84,4330593.908,782.332,PD-28-0,norte,NO,tracker
2682,658002.845,4330593.904,782.461,PD-28-1,norte,NO,tracker
2683,658008.981,4330586.44,782.798,PD-31-0,norte,NO,tracker
2684,658014.982,4330586.415,782.925,PD-31-1,norte,NO,tracker
2685,658020.948,4330576.577,783.197,PD-34-0,norte,NO,tracker
2686,658026.94,4330576.525,783.216,PD-34-1,norte,NO,tracker
2687,658027.023,4330520.332,783.896,PD-34-1,sur,NO,tracker
2688,658021.027,4330520.39,784.04,PD-34-0,sur,NO,tracker
2689,658014.987,4330530.236,784.072,PD-31-1,sur,NO,tracker
2690,658009.015,4330530.254,784.194,PD-31-0,sur,NO,tracker
2691,658002.978,4330537.728,784.155,PD-28-1,sur,NO,tracker
2692,657997.015,4330537.741,784.227,PD-28-0,sur,NO,tracker
2693,657982.122,4330536.414,784.185,PD-24-1,norte,NO,tracker
2694,657976.124,4330536.478,784.181,PD-24-0,norte,NO,tracker
2695,657970.063,4330549.519,783.852,PD-21-1,norte,NO,tracker
2696,657964.06,4330549.491,783.696,PD-21-0,norte,NO,tracker
2697,657958.074,4330544.589,783.798,PD-18-1,norte,NO,tracker
2698,657952.054,4330544.56,783.754,PD-18-0,norte,NO,tracker
2699,657952.002,4330506.846,784.874,PD-18-0,sur,NO,tracker
2700,657958.028,4330506.859,784.781,PD-18-1,sur,NO,tracker
2701,657964.041,4330493.315,785.056,PD-21-0,sur,NO,tracker
2702,657970.045,4330493.342,784.911,PD-21-1,sur,NO,tracker
2703,657976.106,4330498.74,784.757,PD-24-0,sur,NO,tracker
2704,657982.114,4330498.679,784.689,PD-24-1,sur,NO,tracker
2705,657957.138,4330482.96,785.093,PD-17-1,norte,NO,tracker
2706,657951.112,4330482.962,784.995,PD-17-0,norte,NO,tracker
2707,657945.114,4330482.979,784.992,PD-14-1,norte,NO,tracker
2708,657939.127,4330482.956,784.984,PD-14-0,norte,NO,tracker
2709,657933.088,4330482.964,785.044,PD-12-1,norte,NO,tracker
2710,657927.099,4330483.004,785.053,PD-12-0,norte,NO,tracker
2711,657921.099,4330482.941,785.033,PD-10-1,norte,NO,tracker
2712,657915.079,4330482.988,785.124,PD-10-0,norte,NO,tracker
2713,657909.106,4330464.49,785.49,PD-8-1,norte,NO,tracker
2714,657903.127,4330464.454,785.447,PD-8-0,norte,NO,tracker
2715,657897.119,4330446.021,786.06,PD-6-1,norte,NO,tracker
2716,657891.121,4330446.043,786.097,PD-6-0,norte,NO,tracker
2717,657885.084,4330446.158,785.998,PD-4-1,norte,NO,tracker
2718,657879.091,4330446.173,785.954,PD-4-0,norte,NO,tracker
2719,657873.088,4330446.113,785.989,PD-3-1,norte,NO,tracker
2720,657867.098,4330446.167,785.904,PD-3-0,norte,NO,tracker
2721,657861.111,4330443.391,786.229,PD-2-1,norte,NO,tracker
2722,657855.111,4330443.4,786.284,PD-2-0,norte,NO,tracker
2723,657849.12,4330434.558,786.729,PD-1-1,norte,NO,tracker
2724,657843.133,4330434.5,787.186,PD-1-0,norte,NO,tracker
2725,657843.095,4330396.819,789.117,PD-1-0,sur,NO,tracker
2726,657849.087,4330396.898,788.904,PD-1-1,sur,NO,tracker
2727,657855.103,4330387.279,788.898,PD-2-0,sur,NO,tracker
2728,657861.085,4330387.243,788.623,PD-2-1,sur,NO,tracker
2729,657867.124,4330371.597,789.018,PD-3-0,sur,NO,tracker
2730,657873.098,4330371.512,788.736,PD-3-1,sur,NO,tracker
2731,657879.09,4330371.572,788.361,PD-4-0,sur,NO,tracker
2732,657885.095,4330371.558,788.138,PD-4-1,sur,NO,tracker
2733,657891.101,4330333.462,788.938,PD-5-0,sur,NO,tracker
2734,657897.093,4330333.405,788.578,PD-5-1,sur,NO,tracker
2735,657903.096,4330333.421,788.342,PD-7-0,sur,NO,tracker
2736,657909.102,4330333.419,788.053,PD-7-1,sur,NO,tracker
2737,657915.106,4330333.427,787.773,PD-9-0,sur,NO,tracker
2738,657921.117,4330333.43,787.562,PD-9-1,sur,NO,tracker
2739,657927.043,4330333.423,787.453,PD-11-0,sur,NO,tracker
2740,657933.082,4330333.366,787.398,PD-11-1,sur,NO,tracker
2741,657939.152,4330333.455,787.46,PD-13-0,sur,NO,tracker
2742,657945.126,4330333.429,787.365,PD-13-1,sur,NO,tracker
2743,657951.121,4330333.43,787.311,PD-16-0,sur,NO,tracker
2744,657957.159,4330333.462,787.192,PD-16-1,sur,NO,tracker
2745,657963.186,4330333.56,787.217,PD-20-0,sur,NO,tracker
2746,657969.165,4330333.54,787.029,PD-20-1,sur,NO,tracker
2747,657975.18,4330333.437,786.985,PD-23-0,sur,NO,tracker
2748,657981.185,4330333.423,786.956,PD-23-1,sur,NO,tracker
2749,657981.122,4330389.581,785.124,PD-23-1,norte,NO,tracker
2750,657975.129,4330389.604,785.135,PD-23-0,norte,NO,tracker
2751,657969.14,4330408.152,785.077,PD-20-1,norte,NO,tracker
2752,657963.106,4330408.165,785.147,PD-20-0,norte,NO,tracker
2753,657957.146,4330408.077,785.188,PD-16-1,norte,SI,tracker
2754,657957.147,4330408.306,785.267,PD-17-1,sur,SI,tracker
2755,657951.158,4330408.04,785.283,PD-16-0,norte,SI,tracker
2756,657951.173,4330408.291,785.337,PD-17-0,sur,SI,tracker
2757,657939.175,4330408.33,785.654,PD-14-0,sur,SI,tracker
2758,657939.159,4330408.077,785.613,PD-13-0,norte,SI,tracker
2759,657945.179,4330408.05,785.479,PD-13-1,norte,SI,tracker
2760,657945.177,4330408.326,785.529,PD-14-1,sur,SI,tracker
2761,657927.089,4330408.359,785.959,PD-12-0,sur,SI,tracker
2762,657927.105,4330408.061,785.951,PD-11-0,norte,SI,tracker
2763,657933.096,4330408.331,785.814,PD-12-1,sur,SI,tracker
2764,657933.111,4330407.989,785.779,PD-11-1,norte,SI,tracker
2765,657921.102,4330408.05,786.111,PD-9-1,norte,SI,tracker
2766,657921.103,4330408.303,786.166,PD-10-1,sur,SI,tracker
2767,657915.091,4330408.047,786.287,PD-9-0,norte,SI,tracker
2768,657915.09,4330408.345,786.245,PD-10-0,sur,SI,tracker
2769,657909.061,4330389.877,786.863,PD-8-1,sur,SI,tracker
2770,657909.092,4330389.598,786.862,PD-7-1,norte,SI,tracker
2771,657903.185,4330389.622,787.026,PD-7-0,norte,SI,tracker
2772,657903.172,4330389.417,787.111,PD-7-0,norte,SI,tracker
2773,657897.065,4330408.022,786.761,PD-5-1,norte,SI,tracker
2774,657897.046,4330408.292,786.754,PD-6-1,sur,SI,tracker
2775,657891.069,4330408.312,786.874,PD-6-0,sur,SI,tracker
2776,657891.088,4330408.076,786.97,PD-5-0,norte,SI,tracker
2777,657951.138,4330262.952,791.03,PD-15-0,sur,NO,tracker
2778,657957.087,4330262.932,791.022,PD-15-1,sur,NO,tracker
2779,657963.095,4330244.473,791.962,PD-19-0,sur,NO,tracker
2780,657969.096,4330244.428,791.945,PD-19-1,sur,NO,tracker
2781,657975.117,4330244.517,791.914,PD-22-0,sur,NO,tracker
2782,657981.121,4330244.458,792.053,PD-22-1,sur,NO,tracker
2783,657987.109,4330226.082,793.065,PD-25-0,sur,NO,tracker
2784,657993.114,4330226.032,793.224,PD-25-1,sur,NO,tracker
2785,657999.098,4330206.702,794.364,PD-26-0,sur,NO,tracker
2786,658005.1,4330206.704,794.48,PD-26-1,sur,NO,tracker
2787,657999.137,4330244.471,792.193,PD-27-0,sur,SI,tracker
2788,657999.113,4330243.824,792.285,PD-26-0,norte,SI,tracker
2789,658005.081,4330244.477,792.294,PD-27-1,sur,SI,tracker
2790,658005.119,4330243.837,792.343,PD-26-1,norte,SI,tracker
2791,658011.138,4330226.015,793.531,PD-30-0,sur,SI,tracker
2792,658011.077,4330225.368,793.628,PD-29-0,norte,SI,tracker
2793,658017.124,4330225.446,793.746,PD-29-1,norte,SI,tracker
2794,658017.142,4330226.052,793.672,PD-30-1,sur,SI,tracker
2795,658017.095,4330188.303,795.828,PD-29-1,sur,NO,tracker
2796,658011.086,4330188.244,795.691,PD-29-0,sur,NO,tracker
2797,658023.066,4330169.654,797.138,PD-32-0,sur,NO,tracker
2798,658029.107,4330169.593,797.312,PD-32-1,sur,NO,tracker
2799,658035.079,4330151.17,798.546,PD-35-0,sur,NO,tracker
2800,658041.086,4330151.086,798.672,PD-35-1,sur,NO,tracker
2801,658047.087,4330151.15,798.759,PD-37-0,sur,NO,tracker
2802,658053.096,4330151.168,799.005,PD-37-1,sur,NO,tracker
2803,658059.066,4330133.413,799.826,PD-40-0,sur,NO,tracker
2804,658065.067,4330133.457,799.962,PD-40-1,sur,NO,tracker
2805,658071.119,4330114.924,800.895,PD-45-0,sur,NO,tracker
2806,658077.052,4330114.936,800.899,PD-45-1,sur,NO,tracker
2807,658083.071,4330095.348,801.381,PD-50-0,sur,NO,tracker
2808,658089.066,4330095.321,801.195,PD-50-1,sur,NO,tracker
2809,658095.104,4330095.351,801.061,PD-56-0,sur,NO,tracker
2810,658101.099,4330095.269,801.005,PD-56-1,sur,NO,tracker
2811,658083.133,4330133.475,800.182,PD-51-0,sur,SI,tracker
2812,658083.097,4330133.054,800.082,PD-50-0,norte,SI,tracker
2813,658089.144,4330133.433,800.197,PD-51-1,sur,SI,tracker
2814,658089.085,4330133.027,800.093,PD-50-1,norte,SI,tracker
2815,658095.124,4330133.065,800.033,PD-56-0,norte,SI,tracker
2816,658095.151,4330133.364,800.128,PD-57-0,sur,SI,tracker
2817,658101.151,4330133.388,800.059,PD-57-1,sur,SI,tracker
2818,658101.11,4330132.995,799.966,PD-56-1,norte,SI,tracker
2819,658107.123,4330114.919,800.618,PD-62-0,sur,NO,tracker
2820,658113.119,4330114.882,800.338,PD-62-1,sur,NO,tracker
2821,658119.134,4330120.948,799.728,PD-67-0,sur,NO,tracker
2822,658125.172,4330120.975,799.604,PD-67-1,sur,NO,tracker
2823,658119.15,4330159.014,798.765,PD-68-0,sur,SI,tracker
2824,658119.13,4330158.697,798.799,PD-67-0,norte,SI,tracker
2825,658125.143,4330158.693,798.501,PD-67-1,norte,SI,tracker
2826,658125.155,4330158.997,798.389,PD-68-1,sur,SI,tracker
2827,658131.145,4330140.495,799.082,PD-74-0,sur,NO,tracker
2828,658137.125,4330140.497,798.849,PD-74-1,sur,NO,tracker
2829,658143.14,4330158.987,797.882,PD-80-0,sur,NO,tracker
2830,658149.148,4330158.983,797.728,PD-80-1,sur,NO,tracker
2831,658155.109,4330158.999,797.622,PD-87-0,sur,NO,tracker
2832,658161.126,4330158.983,797.302,PD-87-1,sur,NO,tracker
2833,658167.13,4330171.726,796.759,PD-95-0,sur,NO,tracker
2834,658173.147,4330171.737,796.692,PD-95-1,sur,NO,tracker
2835,658179.143,4330190.182,795.958,PD-104-0,sur,NO,tracker
2836,658185.115,4330190.172,795.764,PD-104-1,sur,NO,tracker
2837,658191.153,4330208.63,795.208,PD-113-0,sur,NO,tracker
2838,658197.153,4330208.626,795.072,PD-113-1,sur,NO,tracker
2839,658203.149,4330208.587,794.633,PD-123-0,sur,NO,tracker
2840,658209.15,4330208.646,794.339,PD-123-1,sur,NO,tracker
2841,658215.071,4330228.301,794.123,PD-136-0,sur,NO,tracker
2842,658221.047,4330228.263,793.835,PD-136-1,sur,NO,tracker
2843,658227.105,4330236.141,793.425,PD-150-0,sur,NO,tracker
2844,658233.193,4330236.131,793.32,PD-150-1,sur,NO,tracker
2845,658239.108,4330254.491,792.341,PD-164-0,sur,NO,tracker
2846,658245.112,4330254.547,792.194,PD-164-1,sur,NO,tracker
2847,658251.152,4330254.598,791.939,PD-175-0,sur,NO,tracker
2848,658257.156,4330254.563,791.621,PD-175-1,sur,NO,tracker
2849,658263.155,4330272.989,790.682,PD-189-0,sur,NO,tracker
2850,658269.161,4330272.99,790.493,PD-189-1,sur,NO,tracker
2851,658275.089,4330292.63,789.521,PD-206-0,sur,NO,tracker
2852,658281.2,4330292.629,789.336,PD-206-1,sur,NO,tracker
2853,658287.16,4330311.055,788.395,PD-223-0,sur,NO,tracker
2854,658293.218,4330311.059,788.182,PD-223-1,sur,NO,tracker
2855,658299.116,4330329.545,787.099,PD-238-0,sur,NO,tracker
2856,658305.169,4330329.5,786.88,PD-238-1,sur,NO,tracker
2857,658311.11,4330329.507,786.588,PD-254-0,sur,NO,tracker
2858,658317.125,4330329.454,786.341,PD-254-1,sur,NO,tracker
2859,658323.124,4330329.464,786.001,PD-271-0,sur,NO,tracker
2860,658329.126,4330329.441,785.921,PD-271-1,sur,NO,tracker
2861,658335.137,4330329.451,785.522,PD-284-0,sur,NO,tracker
2862,658341.18,4330329.466,785.398,PD-284-1,sur,NO,tracker
2863,658341.118,4330367.2,784.183,PD-284-1,norte,NO,tracker
2864,658335.1,4330367.176,784.324,PD-284-0,norte,NO,tracker
2865,658329.266,4330367.17,784.484,PD-271-1,norte,NO,tracker
2866,658323.243,4330367.171,784.612,PD-271-0,norte,NO,tracker
2867,658317.218,4330367.163,784.727,PD-254-1,norte,NO,tracker
2868,658311.2,4330367.206,784.813,PD-254-0,norte,NO,tracker
2869,658305.12,4330367.188,784.905,PD-238-1,norte,NO,tracker
2870,658299.163,4330367.23,785.036,PD-238-0,norte,NO,tracker
2871,658293.146,4330367.179,785.232,PD-223-1,norte,NO,tracker
2872,658287.155,4330367.18,785.345,PD-223-0,norte,NO,tracker
2873,658281.218,4330367.201,785.435,PD-206-1,norte,NO,tracker
2874,658275.119,4330367.184,785.571,PD-206-0,norte,NO,tracker
2875,658269.158,4330367.154,785.824,PD-190-1,norte,NO,tracker
2876,658263.132,4330367.177,785.911,PD-190-0,norte,NO,tracker
2877,658257.145,4330367.163,785.842,PD-177-1,norte,NO,tracker
2878,658251.13,4330367.171,785.876,PD-177-0,norte,NO,tracker
2879,658245.139,4330367.117,785.936,PD-166-1,norte,NO,tracker
2880,658239.097,4330367.157,785.812,PD-166-0,norte,NO,tracker
2881,658233.092,4330367.133,785.98,PD-152-1,norte,NO,tracker
2882,658227.148,4330367.173,786.142,PD-152-0,norte,NO,tracker
2883,658221.156,4330377.672,785.415,PD-138-1,norte,NO,tracker
2884,658215.137,4330377.703,785.465,PD-138-0,norte,NO,tracker
2885,658209.142,4330377.762,785.338,PD-128-1,norte,NO,tracker
2886,658203.163,4330377.744,785.336,PD-128-0,norte,NO,tracker
2887,658197.138,4330377.731,785.275,PD-116-1,norte,NO,tracker
2888,658191.214,4330377.753,785.297,PD-116-0,norte,NO,tracker
2889,658185.098,4330377.728,785.318,PD-107-1,norte,NO,tracker
2890,658179.098,4330377.76,785.227,PD-107-0,norte,NO,tracker
2891,658173.096,4330377.728,785.228,PD-98-1,norte,NO,tracker
2892,658167.105,4330377.709,785.143,PD-98-0,norte,NO,tracker
2893,658161.129,4330364.95,785.945,PD-90-1,norte,NO,tracker
2894,658155.021,4330364.955,786.004,PD-90-0,norte,NO,tracker
2895,658149.136,4330364.967,785.826,PD-83-1,norte,NO,tracker
2896,658143.149,4330364.969,785.899,PD-83-0,norte,NO,tracker
2897,658137.094,4330364.931,785.741,PD-76-1,norte,NO,tracker
2898,658131.126,4330364.93,785.699,PD-76-0,norte,NO,tracker
2899,658125.132,4330364.939,785.862,PD-70-1,norte,NO,tracker
2900,658119.089,4330364.955,785.842,PD-70-0,norte,NO,tracker
2901,658113.109,4330339.38,787.57,PD-64-1,norte,NO,tracker
2902,658107.115,4330339.373,787.447,PD-64-0,norte,NO,tracker
2903,658101.111,4330339.37,787.261,PD-59-1,norte,NO,tracker
2904,658095.119,4330339.406,787.161,PD-59-0,norte,NO,tracker
2905,658089.087,4330339.31,787.018,PD-53-1,norte,NO,tracker
2906,658083.094,4330339.452,786.887,PD-53-0,norte,NO,tracker
2907,658077.04,4330339.285,786.845,PD-47-1,norte,NO,tracker
2908,658071.027,4330339.354,786.754,PD-47-0,norte,NO,tracker
2909,658065.103,4330339.367,786.735,PD-42-1,norte,NO,tracker
2910,658059.109,4330339.391,786.828,PD-42-0,norte,NO,tracker
2911,658053.083,4330300.537,789.312,PD-38-1,norte,NO,tracker
2912,658047.069,4330300.54,789.229,PD-38-0,norte,NO,tracker
2913,658041.067,4330300.527,789.162,PD-36-1,norte,NO,tracker
2914,658035.075,4330300.597,789.216,PD-36-0,norte,NO,tracker
2915,658029.093,4330300.581,789.165,PD-33-1,norte,NO,tracker
2916,658023.104,4330300.589,789.179,PD-33-0,norte,NO,tracker
2917,658017.16,4330300.586,789.312,PD-30-1,norte,NO,tracker
2918,658011.106,4330300.533,789.261,PD-30-0,norte,NO,tracker
2919,658005.087,4330300.58,789.241,PD-27-1,norte,NO,tracker
2920,657999.078,4330300.574,789.122,PD-27-0,norte,NO,tracker
2921,657993.13,4330300.553,789.094,PD-25-1,norte,NO,tracker
2922,657987.126,4330300.599,789.097,PD-25-0,norte,NO,tracker
2923,657981.112,4330300.552,789.032,PD-22-1,norte,NO,tracker
2924,657975.142,4330300.627,789.103,PD-22-0,norte,NO,tracker
2925,657969.103,4330300.534,789.201,PD-19-1,norte,NO,tracker
2926,657963.12,4330300.576,789.182,PD-19-0,norte,NO,tracker
2927,657957.094,4330300.631,789.311,PD-15-1,norte,NO,tracker
2928,657951.098,4330300.662,789.282,PD-15-0,norte,NO,tracker
2929,658029.082,4330244.087,792.885,PD-32-1,norte,SI,tracker
2930,658029.09,4330244.516,792.847,PD-33-1,sur,SI,tracker
2931,658023.078,4330244.509,792.66,PD-33-0,sur,SI,tracker
2932,658023.09,4330244.172,792.734,PD-32-0,norte,SI,tracker
2933,658035.085,4330226.136,794.18,PD-36-0,sur,SI,tracker
2934,658035.091,4330225.66,794.255,PD-35-0,norte,SI,tracker
2935,658041.083,4330226.081,794.37,PD-36-1,sur,SI,tracker
2936,658041.121,4330225.6,794.456,PD-35-1,norte,SI,tracker
2937,658047.075,4330225.658,794.576,PD-37-0,norte,SI,tracker
2938,658047.094,4330226.081,794.42,PD-38-0,sur,SI,tracker
2939,658053.109,4330226.078,794.462,PD-38-1,sur,SI,tracker
2940,658053.089,4330225.679,794.49,PD-37-1,norte,SI,tracker
2941,658059.061,4330207.961,795.914,PD-40-0,norte,SI,tracker
2942,658059.076,4330208.354,795.847,PD-41-0,sur,SI,tracker
2943,658065.075,4330208.388,795.879,PD-41-1,sur,SI,tracker
2944,658065.086,4330207.981,795.944,PD-40-1,norte,SI,tracker
2945,658059.094,4330283.334,790.578,PD-42-0,sur,SI,tracker
2946,658059.093,4330282.824,790.632,PD-41-0,norte,SI,tracker
2947,658065.061,4330283.319,790.608,PD-42-1,sur,SI,tracker
2948,658065.092,4330282.854,790.626,PD-41-1,norte,SI,tracker
2949,658071.193,4330264.881,791.966,PD-47-0,sur,SI,tracker
2950,658071.192,4330264.461,792.16,PD-46-0,norte,SI,tracker
2951,658077.095,4330264.819,792.029,PD-47-1,sur,SI,tracker
2952,658077.076,4330264.456,792.102,PD-46-1,norte,SI,tracker
2953,658071.17,4330189.99,797.153,PD-46-0,sur,SI,tracker
2954,658071.07,4330189.462,797.077,PD-45-0,norte,SI,tracker
2955,658077.157,4330189.937,797.248,PD-46-1,sur,SI,tracker
2956,658077.118,4330189.476,797.252,PD-45-1,norte,SI,tracker
2957,658083.214,4330208.383,796.174,PD-52-0,sur,SI,tracker
2958,658083.163,4330207.955,796.209,PD-51-0,norte,SI,tracker
2959,658089.176,4330208.359,796.287,PD-52-1,sur,SI,tracker
2960,658089.154,4330207.984,796.303,PD-51-1,norte,SI,tracker
2961,658083.119,4330283.402,790.965,PD-53-0,sur,SI,tracker
2962,658083.126,4330282.89,790.98,PD-52-0,norte,SI,tracker
2963,658089.077,4330283.261,791.065,PD-53-1,sur,SI,tracker
2964,658089.124,4330282.84,791.073,PD-52-1,norte,SI,tracker
2965,658095.097,4330283.343,791.072,PD-59-0,sur,SI,tracker
2966,658095.104,4330282.865,791.152,PD-58-0,norte,SI,tracker
2967,658101.071,4330283.321,791.187,PD-59-1,sur,SI,tracker
2968,658101.115,4330282.857,791.221,PD-58-1,norte,SI,tracker
2969,658095.127,4330208.425,796.308,PD-58-0,sur,SI,tracker
2970,658095.112,4330207.94,796.349,PD-57-0,norte,SI,tracker
2971,658101.145,4330207.938,796.444,PD-57-1,norte,SI,tracker
2972,658101.14,4330208.398,796.428,PD-58-1,sur,SI,tracker
2973,658113.147,4330189.934,797.487,PD-63-1,sur,SI,tracker
2974,658113.134,4330189.482,797.465,PD-62-1,norte,SI,tracker
2975,658107.145,4330189.925,797.467,PD-63-0,sur,SI,tracker
2976,658107.138,4330189.506,797.482,PD-62-0,norte,SI,tracker
2977,658107.142,4330264.446,792.765,PD-63-0,norte,SI,tracker
2978,658107.095,4330264.93,792.81,PD-64-0,sur,SI,tracker
2979,658113.058,4330264.93,792.924,PD-64-1,sur,SI,tracker
2980,658113.144,4330264.461,792.889,PD-63-1,norte,SI,tracker
2981,658119.085,4330308.88,789.566,PD-70-0,sur,SI,tracker
2982,658119.17,4330308.452,789.624,PD-69-0,norte,SI,tracker
2983,658125.101,4330308.878,789.619,PD-70-1,sur,SI,tracker
2984,658125.103,4330308.447,789.684,PD-69-1,norte,SI,tracker
2985,658119.136,4330234.009,794.918,PD-69-0,sur,SI,tracker
2986,658119.113,4330233.568,794.785,PD-68-0,norte,SI,tracker
2987,658125.087,4330233.583,795.021,PD-68-1,norte,SI,tracker
2988,658125.138,4330233.997,795.0,PD-69-1,sur,SI,tracker
2989,658131.281,4330215.584,796.04,PD-75-0,sur,SI,tracker
2990,658131.194,4330215.099,795.999,PD-74-0,norte,SI,tracker
2991,658137.125,4330215.09,795.973,PD-74-1,norte,SI,tracker
2992,658137.201,4330215.439,796.003,PD-75-1,sur,SI,tracker
2993,658131.091,4330290.056,791.092,PD-75-0,norte,SI,tracker
2994,658131.133,4330290.486,791.071,PD-76-0,sur,SI,tracker
2995,658137.074,4330289.984,791.246,PD-75-1,norte,SI,tracker
2996,658137.151,4330290.472,791.212,PD-76-1,sur,SI,tracker
2997,658143.122,4330308.873,789.937,PD-83-0,sur,SI,tracker
2998,658143.082,4330308.466,789.914,PD-81-0,norte,SI,tracker
2999,658149.1,4330308.473,790.257,PD-81-1,norte,SI,tracker
3000,658149.14,4330308.922,790.218,PD-83-1,sur,SI,tracker
3001,658143.164,4330234.013,794.995,PD-81-0,sur,SI,tracker
3002,658143.148,4330233.587,795.044,PD-80-0,norte,SI,tracker
3003,658149.159,4330233.949,794.983,PD-81-1,sur,SI,tracker
3004,658149.126,4330233.591,795.037,PD-80-1,norte,SI,tracker
3005,658155.127,4330234.005,794.917,PD-88-0,sur,SI,tracker
3006,658155.085,4330233.605,794.906,PD-87-0,norte,SI,tracker
3007,658161.125,4330233.583,794.863,PD-87-1,norte,SI,tracker
3008,658161.128,4330233.951,794.787,PD-88-1,sur,SI,tracker
3009,658155.142,4330308.901,790.081,PD-90-0,sur,SI,tracker
3010,658155.154,4330308.499,790.069,PD-88-0,norte,SI,tracker
3011,658161.157,4330308.479,790.175,PD-88-1,norte,SI,tracker
3012,658161.143,4330308.886,790.148,PD-90-1,sur,SI,tracker
3013,658167.087,4330321.69,789.354,PD-98-0,sur,SI,tracker
3014,658167.119,4330321.272,789.398,PD-97-0,norte,SI,tracker
3015,658173.173,4330321.707,789.284,PD-98-1,sur,SI,tracker
3016,658173.197,4330321.268,789.297,PD-97-1,norte,SI,tracker
3017,658167.182,4330246.769,794.209,PD-97-0,sur,SI,tracker
3018,658167.163,4330246.339,794.194,PD-95-0,norte,SI,tracker
3019,658173.199,4330246.74,794.051,PD-97-1,sur,SI,tracker
3020,658173.157,4330246.33,793.988,PD-95-1,norte,SI,tracker
3021,658179.154,4330228.27,794.822,PD-105-0,sur,SI,tracker
3022,658179.111,4330227.88,794.619,PD-104-0,norte,SI,tracker
3023,658185.149,4330227.876,794.435,PD-104-1,norte,SI,tracker
3024,658185.216,4330228.247,794.677,PD-105-1,sur,SI,tracker
3025,658179.152,4330303.295,790.627,PD-107-0,sur,SI,tracker
3026,658179.192,4330302.793,790.633,PD-105-0,norte,SI,tracker
3027,658185.165,4330303.244,790.594,PD-107-1,sur,SI,tracker
3028,658185.137,4330302.814,790.609,PD-105-1,norte,SI,tracker
3029,658191.121,4330321.673,789.226,PD-116-0,sur,SI,tracker
3030,658191.113,4330321.247,789.287,PD-115-0,norte,SI,tracker
3031,658197.201,4330321.232,789.145,PD-115-1,norte,SI,tracker
3032,658197.147,4330321.647,789.082,PD-116-1,sur,SI,tracker
3033,658203.129,4330321.25,789.174,PD-125-0,norte,SI,tracker
3034,658203.134,4330321.649,788.997,PD-128-0,sur,SI,tracker
3035,658209.14,4330321.66,788.852,PD-128-1,sur,SI,tracker
3036,658209.125,4330321.264,789.064,PD-125-1,norte,SI,tracker
3037,658215.127,4330303.189,790.206,PD-138-0,sur,SI,tracker
3038,658215.08,4330302.849,790.352,PD-136-0,norte,SI,tracker
3039,658221.089,4330302.823,790.278,PD-136-1,norte,SI,tracker
3040,658221.131,4330303.153,790.139,PD-138-1,sur,SI,tracker
3041,658227.06,4330311.065,789.398,PD-152-0,sur,SI,tracker
3042,658227.132,4330310.695,789.471,PD-150-0,norte,SI,tracker
3043,658227.076,4330310.677,789.538,PD-150-0,norte,SI,tracker
3044,658233.073,4330311.03,789.393,PD-152-1,sur,SI,tracker
3045,658233.084,4330310.665,789.47,PD-150-1,norte,SI,tracker
3046,658239.136,4330292.632,790.405,PD-166-0,sur,SI,tracker
3047,658239.159,4330292.185,790.628,PD-164-0,norte,SI,tracker
3048,658245.142,4330292.259,790.433,PD-164-1,norte,SI,tracker
3049,658245.146,4330292.594,790.422,PD-166-1,sur,SI,tracker
3050,658251.093,4330292.673,790.399,PD-177-0,sur,SI,tracker
3051,658251.161,4330292.279,790.327,PD-175-0,norte,SI,tracker
3052,658257.135,4330292.657,790.196,PD-177-1,sur,SI,tracker
3053,658257.126,4330292.27,790.139,PD-175-1,norte,SI,tracker
3054,658269.116,4330311.004,788.704,PD-190-1,sur,SI,tracker
3055,658269.158,4330310.652,788.75,PD-189-1,norte,SI,tracker
3056,658263.153,4330310.658,788.859,PD-189-0,norte,SI,tracker
3057,658263.131,4330311.043,788.808,PD-190-0,sur,SI,tracker
3058,658209.164,4330246.336,793.45,PD-123-1,norte,SI,tracker
3059,658209.176,4330246.738,793.694,PD-125-1,sur,SI,tracker
3060,658203.131,4330246.721,793.882,PD-125-0,sur,SI,tracker
3061,658203.095,4330246.282,793.587,PD-123-0,norte,SI,tracker
3062,658197.121,4330246.329,793.931,PD-113-1,norte,SI,tracker
3063,658197.2,4330246.718,793.913,PD-115-1,sur,SI,tracker
3064,658191.069,4330246.723,793.913,PD-115-0,sur,SI,tracker
3065,658191.081,4330246.338,793.956,PD-113-0,norte,SI,tracker
3066,658457.351,4331406.88,753.589,PD-416-1,motor,NO,ARTICULADO
3067,658451.324,4331406.776,753.787,PD-416-0,motor,NO,ARTICULADO
3068,658445.33,4331406.824,753.946,PD-410-1,motor,NO,ARTICULADO
3069,658439.347,4331406.793,754.023,PD-410-0,motor,NO,ARTICULADO
