1,200962.096,8162440.445,1568.593,,,,,,,,,
2,200962.131,8162403.739,1568.394,,,,,,,,,
3,200962.124,8162402.715,1568.421,,,,,,,,,
4,200962.184,8162366.036,1569.653,,,,,,,,,
5,200962.13,8162365.227,1569.237,,,,,,,,,
6,200962.113,8162328.548,1568.59,,,,,,,,,
7,200962.114,8162327.538,1568.605,,,,,,,,,
8,200962.133,8162290.823,1569.329,,,,,,,,,
9,200955.957,8162290.751,1569.189,,,,,,,,,
10,200949.724,8162290.891,1568.9,,,,,,,,,
11,200955.927,8162328.259,1568.403,,,,,,,,,
12,200955.923,8162327.454,1568.404,,,,,,,,,
13,200949.69,8162327.599,1568.388,,,,,,,,,   
14,200949.689,8162328.572,1568.385,,,,,,,,,
15,200955.971,8162365.865,1569.467,,,,,,,,,
16,200955.94,8162365.164,1569.104,,,,,,,,,
17,200949.71,8162365.298,1569.024,,,,,,,,,
18,200949.714,8162366.019,1569.258,,,,,,,,,
19,200955.934,8162402.537,1568.334,,,,,,,,,
20,200955.937,8162403.364,1568.326,,,,,,,,,
21,200949.761,8162403.693,1568.329,,,,,,,,,
22,200949.752,8162402.755,1568.351,,,,,,,,,
23,200955.905,8162440.285,1568.489,,,,,,,,,
24,200949.679,8162440.44,1568.705,,,,,,,,,
25,200949.632,8162441.156,1568.704,,,,,,,,,
26,200949.685,8162478.91,1568.292,,,,,,,,,
27,200949.683,8162477.847,1568.305,,,,,,,,,
28,200949.68,8162515.569,1567.165,,,,,,,,,
29,200943.478,8162515.408,1567.14,,,,,,,,,
30,200937.345,8162515.539,1566.884,,,,,,,,,
31,200937.302,8162478.834,1567.804,,,,,,,,,
32,200937.317,8162477.812,1567.816,,,,,,,,,
33,200943.508,8162477.675,1568.131,,,,,,,,,
34,200943.516,8162478.524,1568.115,,,,,,,,,
35,200937.291,8162441.12,1568.03,,,,,,,,,
36,200943.52,8162440.991,1568.107,,,,,,,,,
37,200943.524,8162440.344,1568.016,,,,,,,,,
38,200937.323,8162403.71,1568.01,,,,,,,,,
39,200937.284,8162402.812,1568.028,,,,,,,,,
40,200943.533,8162402.703,1568.189,,,,,,,,,
41,200943.503,8162403.36,1567.826,,,,,,,,,
42,200943.518,8162365.928,1569.049,,,,,,,,,
43,200943.515,8162365.149,1568.589,,,,,,,,,
44,200937.353,8162366.048,1568.869,,,,,,,,,
45,200937.314,8162365.349,1568.477,,,,,,,,,
46,200943.491,8162328.077,1568.09,,,,,,,,,
47,200943.486,8162327.815,1568.08,,,,,,,,,
48,200937.3,8162328.283,1567.869,,,,,,,,,
49,200937.297,8162328.013,1567.864,,,,,,,,,
50,200943.532,8162290.721,1568.879,,,,,,,,,
51,200937.328,8162290.949,1568.848,,,,,,,,,
52,200931.183,8162290.769,1568.579,,,,,,,,,
53,200924.97,8162290.905,1568.238,,,,,,,,,
54,200931.085,8162327.538,1567.833,,,,,,,,,
55,200931.096,8162328.203,1567.811,,,,,,,,,
56,200924.92,8162327.631,1567.59,,,,,,,,,
57,200924.928,8162328.654,1567.579,,,,,,,,,
58,200924.926,8162365.371,1568.157,,,,,,,,,
59,200924.932,8162365.958,1568.432,,,,,,,,,
60,200931.155,8162365.191,1568.292,,,,,,,,,
61,200931.145,8162365.834,1568.765,,,,,,,,,
62,200931.103,8162402.638,1567.831,,,,,,,,,
63,200931.105,8162403.305,1567.934,,,,,,,,,
64,200924.93,8162403.626,1567.638,,,,,,,,,
65,200924.94,8162402.756,1567.684,,,,,,,,,
66,200918.732,8162402.696,1567.475,,,,,,,,,
67,200918.752,8162403.332,1567.497,,,,,,,,,
68,200912.617,8162403.671,1567.547,,,,,,,,,
69,200912.582,8162402.821,1567.592,,,,,,,,,
70,200931.128,8162440.276,1568.107,,,,,,,,,
71,200931.141,8162440.948,1567.917,,,,,,,,,
72,200924.98,8162441.076,1567.783,,,,,,,,,
73,200924.968,8162440.395,1567.453,,,,,,,,,
74,200924.918,8162477.78,1567.33,,,,,,,,,
75,200924.919,8162478.821,1567.317,,,,,,,,,
76,200931.125,8162477.688,1567.601,,,,,,,,,
77,200931.12,8162478.477,1567.596,,,,,,,,,
78,200931.171,8162515.387,1566.724,,,,,,,,,
79,200924.954,8162515.517,1566.689,,,,,,,,,
80,200918.766,8162515.423,1566.602,,,,,,,,,
81,200912.522,8162515.542,1566.549,,,,,,,,,
82,200912.532,8162478.813,1567.4,,,,,,,,,
83,200912.502,8162477.745,1567.399,,,,,,,,,
84,200918.72,8162478.501,1567.319,,,,,,,,,
85,200918.705,8162477.701,1567.343,,,,,,,,,
86,200918.79,8162440.961,1567.745,,,,,,,,,
87,200918.77,8162440.336,1567.496,,,,,,,,,
88,200912.551,8162441.064,1567.186,,,,,,,,,
89,200912.597,8162440.487,1566.872,,,,,,,,,
90,200912.528,8162366.037,1568.064,,,,,,,,,
91,200912.519,8162365.327,1567.789,,,,,,,,,
92,200918.746,8162365.897,1568.372,,,,,,,,,
93,200918.736,8162365.215,1568.125,,,,,,,,,
94,200918.73,8162328.304,1567.261,,,,,,,,,
95,200918.713,8162327.522,1567.264,,,,,,,,,
96,200918.766,8162290.794,1568.326,,,,,,,,,
97,200912.565,8162290.89,1568.568,,,,,,,,,
98,200906.36,8162290.781,1568.598,,,,,,,,,
99,200900.069,8162290.926,1567.694,,,,,,,,,
100,200900.222,8162328.684,1567.122,,,,,,,,,
101,200900.24,8162327.778,1567.082,,,,,,,,,
102,200906.35,8162327.477,1566.975,,,,,,,,,
103,200906.288,8162328.238,1566.981,,,,,,,,,
104,200900.12,8162365.443,1567.1,,,,,,,,,
105,200900.158,8162365.969,1567.42,,,,,,,,,
106,200906.346,8162365.194,1567.484,,,,,,,,,
107,200906.345,8162365.914,1567.705,,,,,,,,,
108,200906.372,8162402.617,1567.761,,,,,,,,,
109,200906.379,8162403.443,1567.742,,,,,,,,,
110,200900.183,8162402.721,1567.578,,,,,,,,,
111,200900.187,8162403.724,1567.555,,,,,,,,,
112,200900.136,8162440.448,1566.5,,,,,,,,,
113,200900.173,8162441.047,1566.768,,,,,,,,,
114,200906.359,8162441.038,1566.934,,,,,,,,,
115,200906.414,8162440.373,1566.734,,,,,,,,,
116,200906.286,8162477.735,1567.5,,,,,,,,,
117,200906.294,8162478.585,1567.504,,,,,,,,,
118,200900.125,8162478.806,1567.507,,,,,,,,,
119,200900.093,8162477.792,1567.483,,,,,,,,,
120,200906.333,8162515.518,1566.333,,,,,,,,,
121,200900.147,8162515.476,1566.102,,,,,,,,,
122,200893.933,8162515.416,1565.86,,,,,,,,,
123,200887.734,8162515.509,1565.623,,,,,,,,,
124,200887.886,8162478.722,1566.584,,,,,,,,,
125,200887.758,8162477.816,1566.635,,,,,,,,,
126,200893.954,8162477.724,1567.146,,,,,,,,,
127,200893.965,8162478.494,1567.145,,,,,,,,,
128,200893.969,8162440.957,1566.406,,,,,,,,,
129,200893.961,8162440.308,1566.168,,,,,,,,,
130,200887.749,8162441.047,1566.299,,,,,,,,,
131,200887.788,8162440.424,1566.091,,,,,,,,,
132,200887.744,8162403.674,1567.583,,,,,,,,,
133,200887.74,8162402.775,1567.607,,,,,,,,,
134,200893.943,8162402.609,1567.557,,,,,,,,,
135,200893.932,8162403.393,1567.545,,,,,,,,,
136,200893.976,8162365.872,1567.171,,,,,,,,,
137,200893.925,8162365.249,1566.975,,,,,,,,,
138,200887.758,8162365.985,1566.701,,,,,,,,,
139,200887.746,8162365.349,1566.58,,,,,,,,,
140,200893.925,8162327.471,1566.752,,,,,,,,,
141,200893.895,8162328.312,1566.758,,,,,,,,,
142,200887.765,8162328.573,1566.291,,,,,,,,,
143,200887.745,8162327.701,1566.297,,,,,,,,,
144,200893.95,8162290.754,1566.761,,,,,,,,,
145,200887.751,8162290.901,1566.304,,,,,,,,,
146,200881.564,8162290.737,1566.319,,,,,,,,,
147,200875.349,8162290.827,1566.262,,,,,,,,,
148,200881.521,8162327.516,1566.212,,,,,,,,,
149,200881.536,8162328.206,1566.229,,,,,,,,,
150,200875.349,8162327.577,1566.172,,,,,,,,,
151,200875.39,8162328.419,1566.144,,,,,,,,,
152,200875.365,8162365.177,1566.058,,,,,,,,,
153,200875.401,8162366.009,1566.158,,,,,,,,,
154,200881.588,8162365.86,1566.517,,,,,,,,,
155,200881.545,8162365.197,1566.565,,,,,,,,,
156,200875.338,8162402.755,1566.797,,,,,,,,,
157,200875.343,8162403.738,1566.785,,,,,,,,,
158,200881.495,8162402.678,1567.314,,,,,,,,,
159,200881.537,8162403.366,1567.305,,,,,,,,,
160,200875.368,8162440.463,1565.648,,,,,,,,,
161,200875.321,8162441.063,1565.884,,,,,,,,,
162,200881.581,8162440.307,1566.034,,,,,,,,,
163,200881.592,8162440.919,1566.244,,,,,,,,,
164,200881.556,8162477.749,1566.27,,,,,,,,,
165,200881.562,8162478.461,1566.249,,,,,,,,,
166,200875.35,8162478.79,1566.303,,,,,,,,,
167,200875.343,8162477.797,1566.316,,,,,,,,,
168,200881.534,8162515.411,1565.772,,,,,,,,,
169,200875.37,8162515.513,1565.53,,,,,,,,,
170,200875.357,8162516.201,1565.405,,,,,,,,,
171,200875.355,8162552.961,1565.736,,,,,,,,,
172,200875.368,8162553.892,1565.749,,,,,,,,,
173,200875.338,8162590.662,1565.84,,,,,,,,,
174,200869.166,8162590.439,1565.362,,,,,,,,,
175,200862.916,8162590.617,1565.067,,,,,,,,,
176,200862.901,8162552.915,1565.163,,,,,,,,,
177,200862.93,8162553.821,1565.174,,,,,,,,,
178,200869.04,8162552.784,1565.517,,,,,,,,,
179,200869.117,8162553.482,1565.539,,,,,,,,,
180,200869.161,8162515.998,1565.084,,,,,,,,,
181,200869.171,8162515.402,1565.552,,,,,,,,,
182,200862.994,8162516.173,1565.175,,,,,,,,,
183,200862.977,8162515.499,1565.744,,,,,,,,,
184,200869.129,8162477.682,1566.185,,,,,,,,,
185,200869.131,8162478.44,1566.198,,,,,,,,,
186,200862.965,8162478.706,1565.969,,,,,,,,,
187,200862.943,8162477.83,1565.948,,,,,,,,,
188,200862.983,8162440.432,1565.727,,,,,,,,,
189,200862.98,8162441.034,1565.952,,,,,,,,,
190,200869.113,8162440.906,1565.795,,,,,,,,,
191,200869.164,8162440.278,1565.535,,,,,,,,,
192,200869.142,8162403.367,1566.363,,,,,,,,,
193,200869.127,8162402.585,1566.375,,,,,,,,,
194,200862.978,8162403.616,1566.198,,,,,,,,,
195,200862.939,8162402.761,1566.176,,,,,,,,,
196,200862.944,8162365.975,1565.648,,,,,,,,,
197,200862.921,8162365.369,1565.612,,,,,,,,,
198,200869.001,8162365.309,1565.719,,,,,,,,,
199,200869.195,8162365.789,1565.943,,,,,,,,,
200,200869.152,8162328.283,1565.845,,,,,,,,,
201,200869.15,8162327.614,1565.839,,,,,,,,,
202,200862.901,8162328.585,1565.475,,,,,,,,,
203,200862.907,8162327.691,1565.511,,,,,,,,,
204,200869.134,8162290.888,1565.905,,,,,,,,,
205,200862.952,8162290.911,1566.052,,,,,,,,,
206,200856.742,8162290.715,1566.002,,,,,,,,,
207,200850.511,8162290.86,1565.968,,,,,,,,,
208,200850.499,8162328.559,1565.404,,,,,,,,,
209,200850.526,8162327.59,1565.426,,,,,,,,,
210,200856.725,8162327.491,1565.338,,,,,,,,,
211,200856.758,8162328.221,1565.335,,,,,,,,,
212,200856.344,8162365.347,1565.144,,,,,,,,,
213,200856.802,8162365.815,1565.377,,,,,,,,,
214,200850.704,8162365.51,1565.471,,,,,,,,,
215,200850.511,8162366.002,1565.505,,,,,,,,,
216,200850.53,8162402.78,1565.834,,,,,,,,,
217,200850.55,8162403.555,1565.875,,,,,,,,,
218,200856.654,8162403.292,1566.221,,,,,,,,,
219,200856.745,8162402.641,1566.155,,,,,,,,,
220,200850.501,8162440.466,1565.428,,,,,,,,,
221,200850.548,8162441.084,1565.731,,,,,,,,,
222,200856.799,8162440.317,1565.482,,,,,,,,,
223,200856.788,8162440.926,1565.753,,,,,,,,,
224,200856.715,8162477.745,1565.801,,,,,,,,,
225,200856.752,8162478.418,1565.82,,,,,,,,,
226,200850.564,8162477.798,1565.694,,,,,,,,,
227,200850.554,8162478.82,1565.691,,,,,,,,,
228,200850.565,8162515.521,1565.573,,,,,,,,,
229,200850.566,8162516.208,1565.033,,,,,,,,,
230,200856.79,8162516.012,1565.168,,,,,,,,,
231,200856.759,8162515.395,1565.564,,,,,,,,,
232,200856.709,8162552.834,1565.089,,,,,,,,,
233,200856.731,8162553.541,1565.094,,,,,,,,,
234,200850.75,8162553.756,1564.765,,,,,,,,,
235,200850.544,8162552.947,1564.823,,,,,,,,,
236,200856.753,8162590.53,1564.588,,,,,,,,,
237,200850.603,8162590.677,1564.314,,,,,,,,,
238,200844.425,8162590.591,1564.422,,,,,,,,,
239,200838.131,8162590.7,1564.483,,,,,,,,,
240,200838.337,8162553.833,1564.409,,,,,,,,,
241,200838.148,8162553.121,1564.537,,,,,,,,,
242,200844.312,8162553.62,1564.591,,,,,,,,,
243,200844.294,8162552.888,1564.6,,,,,,,,,
244,200838.166,8162516.231,1564.752,,,,,,,,,
245,200838.167,8162515.566,1564.997,,,,,,,,,
246,200844.362,8162516.102,1564.937,,,,,,,,,
247,200844.382,8162515.436,1565.089,,,,,,,,,
248,200844.341,8162478.57,1565.361,,,,,,,,,
249,200844.337,8162477.715,1565.36,,,,,,,,,
250,200838.172,8162478.857,1565.225,,,,,,,,,
251,200838.163,8162477.816,1565.222,,,,,,,,,
252,200838.163,8162441.093,1565.328,,,,,,,,,
253,200838.163,8162440.34,1565.044,,,,,,,,,
254,200844.372,8162440.98,1565.371,,,,,,,,,
255,200844.328,8162440.338,1565.108,,,,,,,,,
256,200844.31,8162403.394,1565.122,,,,,,,,,
257,200844.292,8162402.635,1565.118,,,,,,,,,
258,200838.209,8162403.635,1564.58,,,,,,,,,
259,200838.175,8162402.569,1564.579,,,,,,,,,
260,200838.108,8162365.433,1565.339,,,,,,,,,
261,200838.143,8162365.891,1565.058,,,,,,,,,
262,200844.279,8162365.776,1565.223,,,,,,,,,
263,200844.312,8162365.143,1565.385,,,,,,,,,
264,200844.201,8162327.462,1564.979,,,,,,,,,
265,200844.305,8162328.206,1565.027,,,,,,,,,
266,200838.152,8162328.67,1564.959,,,,,,,,,
267,200838.167,8162327.712,1564.968,,,,,,,,,
268,200844.306,8162290.664,1565.904,,,,,,,,,
269,200838.142,8162290.961,1565.648,,,,,,,,,
270,200831.951,8162290.804,1565.739,,,,,,,,,
271,200825.756,8162290.874,1565.756,,,,,,,,,
272,200825.765,8162328.642,1564.888,,,,,,,,,
273,200825.746,8162327.594,1564.911,,,,,,,,,
274,200831.946,8162327.497,1564.846,,,,,,,,,
275,200831.935,8162328.32,1564.826,,,,,,,,,
276,200831.941,8162365.856,1565.017,,,,,,,,,
277,200831.953,8162365.231,1565.137,,,,,,,,,
278,200825.762,8162366.01,1564.497,,,,,,,,,
279,200825.78,8162365.337,1564.581,,,,,,,,,
280,200831.942,8162402.567,1564.398,,,,,,,,,
281,200831.967,8162403.301,1564.448,,,,,,,,,
282,200826.001,8162403.581,1564.36,,,,,,,,,
283,200825.765,8162403.066,1564.525,,,,,,,,,
284,200825.739,8162440.505,1564.529,,,,,,,,,
285,200825.758,8162441.129,1564.841,,,,,,,,,
286,200831.855,8162440.326,1564.89,,,,,,,,,
287,200832.011,8162440.842,1565.132,,,,,,,,,
288,200831.96,8162477.676,1564.935,,,,,,,,,
289,200831.944,8162478.41,1564.976,,,,,,,,,
290,200825.808,8162478.823,1564.758,,,,,,,,,
291,200825.777,8162478.035,1564.798,,,,,,,,,
292,200825.753,8162515.591,1564.646,,,,,,,,,
293,200825.785,8162516.219,1564.509,,,,,,,,,
294,200831.908,8162515.399,1565.012,,,,,,,,,
295,200831.958,8162516.01,1564.702,,,,,,,,,
296,200831.898,8162552.756,1564.112,,,,,,,,,
297,200831.944,8162553.509,1564.125,,,,,,,,,
298,200825.863,8162553.879,1563.902,,,,,,,,,
299,200825.761,8162552.998,1563.918,,,,,,,,,
300,200831.638,8162590.676,1564.085,,,,,,,,,
301,200825.759,8162590.72,1564.168,,,,,,,,,
302,200819.565,8162590.536,1563.97,,,,,,,,,
303,200813.35,8162590.771,1563.655,,,,,,,,,
304,200813.39,8162553.905,1563.533,,,,,,,,,
305,200813.355,8162553.045,1563.532,,,,,,,,,
306,200819.518,8162552.837,1563.713,,,,,,,,,
307,200819.535,8162553.534,1563.713,,,,,,,,,
308,200819.599,8162516.037,1564.293,,,,,,,,,
309,200819.572,8162515.367,1564.314,,,,,,,,,
310,200813.348,8162516.268,1564.21,,,,,,,,,
311,200813.346,8162515.533,1564.306,,,,,,,,,
312,200813.401,8162478.793,1564.517,,,,,,,,,
313,200813.386,8162477.978,1564.57,,,,,,,,,
314,200819.295,8162477.745,1564.605,,,,,,,,,
315,200819.547,8162478.35,1564.661,,,,,,,,,
316,200813.602,8162440.998,1564.503,,,,,,,,,
317,200813.368,8162440.694,1564.508,,,,,,,,,
318,200819.286,8162440.419,1564.341,,,,,,,,,
319,200819.571,8162440.927,1564.574,,,,,,,,,
320,200819.373,8162402.659,1564.182,,,,,,,,,
321,200819.538,8162403.174,1564.236,,,,,,,,,
322,200813.4,8162403.674,1564.372,,,,,,,,,
323,200813.41,8162402.896,1564.395,,,,,,,,,
324,200813.631,8162365.954,1564.242,,,,,,,,,
325,200813.357,8162365.419,1564.076,,,,,,,,,
326,200819.471,8162365.799,1564.205,,,,,,,,,
327,200819.462,8162365.265,1564.349,,,,,,,,,
328,200819.351,8162328.152,1564.525,,,,,,,,,
329,200819.496,8162327.605,1564.574,,,,,,,,,
330,200813.423,8162328.594,1564.625,,,,,,,,,
331,200813.372,8162327.787,1564.677,,,,,,,,,
332,200813.378,8162290.86,1565.253,,,,,,,,,
333,200819.558,8162290.761,1565.509,,,,,,,,,
334,201856.595,8162013.673,1592.405,,,,,,,,,
335,201850.396,8162013.79,1592.076,,,,,,,,,
336,201844.203,8162013.653,1591.941,,,,,,,,,
337,201844.203,8162050.403,1591.774,,,,,,,,,
338,201844.209,8162051.384,1591.767,,,,,,,,,
339,201844.219,8162088.075,1591.048,,,,,,,,,
340,201844.213,8162088.749,1591.209,,,,,,,,,
341,201850.315,8162088.231,1591.296,,,,,,,,,
342,201850.427,8162088.849,1591.501,,,,,,,,,
343,201856.579,8162088.083,1591.51,,,,,,,,,
344,201856.587,8162088.748,1591.681,,,,,,,,,
345,201856.585,8162125.553,1591.438,,,,,,,,,
346,201856.574,8162126.413,1591.426,,,,,,,,,
347,201850.39,8162126.53,1591.319,,,,,,,,,
348,201850.401,8162125.632,1591.327,,,,,,,,,
349,201844.192,8162126.472,1591.184,,,,,,,,,
350,201844.189,8162125.535,1591.196,,,,,,,,,
351,201844.184,8162163.228,1590.721,,,,,,,,,
352,201850.383,8162163.303,1590.92,,,,,,,,,
353,201856.609,8162163.185,1590.831,,,,,,,,,
354,201837.985,8162207.999,1589.51,,,,,,,,,
355,201831.8,8162207.853,1589.247,,,,,,,,,
356,201825.627,8162208.035,1589.133,,,,,,,,,
357,201819.414,8162207.905,1589.155,,,,,,,,,
358,201819.414,8162170.121,1589.785,,,,,,,,,
359,201819.433,8162171.256,1589.783,,,,,,,,,
360,201825.604,8162170.255,1590.054,,,,,,,,,
361,201825.598,8162171.321,1590.041,,,,,,,,,
362,201831.794,8162170.13,1590.243,,,,,,,,,
363,201831.799,8162171.186,1590.218,,,,,,,,,
364,201838.009,8162170.253,1590.283,,,,,,,,,
365,201838.017,8162171.305,1590.27,,,,,,,,,
366,201838,8162132.903,1591.082,,,,,,,,,
367,201838.01,8162133.567,1591.01,,,,,,,,,
368,201831.838,8162133.411,1590.593,,,,,,,,,
369,201831.805,8162132.768,1590.731,,,,,,,,,
370,201825.591,8162132.875,1590.254,,,,,,,,,
371,201825.594,8162133.596,1590.193,,,,,,,,,
372,201819.418,8162132.768,1589.808,,,,,,,,,
373,201819.416,8162133.466,1589.642,,,,,,,,,
374,201819.414,8162095.995,1590.717,,,,,,,,,
375,201819.411,8162095.08,1590.737,,,,,,,,,
376,201825.615,8162095.244,1590.813,,,,,,,,,
377,201825.627,8162096.141,1590.803,,,,,,,,,
378,201831.804,8162095.086,1590.941,,,,,,,,,
379,201831.796,8162096,1590.92,,,,,,,,,
380,201837.978,8162095.121,1591.118,,,,,,,,,
381,201837.992,8162096.156,1591.113,,,,,,,,,
382,201838.01,8162058.45,1591.214,,,,,,,,,
383,201838.044,8162057.773,1591.382,,,,,,,,,
384,201831.82,8162058.327,1591.169,,,,,,,,,
385,201831.841,8162057.656,1591.298,,,,,,,,,
386,201825.619,8162058.449,1591.177,,,,,,,,,
387,201825.568,8162057.783,1591.212,,,,,,,,,
388,201819.428,8162058.346,1591.031,,,,,,,,,
389,201819.371,8162057.634,1591.14,,,,,,,,,
390,201819.411,8162020.901,1591.392,,,,,,,,,
391,201819.399,8162019.976,1591.394,,,,,,,,,
392,201825.574,8162020.116,1591.64,,,,,,,,,
393,201825.574,8162021.037,1591.639,,,,,,,,,
394,201831.802,8162019.971,1591.722,,,,,,,,,
395,201831.811,8162020.987,1591.713,,,,,,,,,
396,201838.115,8162020.098,1591.86,,,,,,,,,
397,201838.023,8162021.063,1591.848,,,,,,,,,
398,201837.999,8161983.354,1592.105,,,,,,,,,
399,201831.8,8161983.235,1592.012,,,,,,,,,
400,201825.627,8161983.373,1591.898,,,,,,,,,
401,201819.416,8161983.21,1591.666,,,,,,,,,
402,201813.213,8161983.424,1591.507,,,,,,,,,
403,201807.027,8161983.249,1591.239,,,,,,,,,
404,201800.807,8161983.371,1591.012,,,,,,,,,
405,201794.631,8161983.273,1590.888,,,,,,,,,
406,201788.444,8161983.41,1590.792,,,,,,,,,
407,201782.228,8161983.404,1590.476,,,,,,,,,
408,201776.033,8161983.378,1590.406,,,,,,,,,
409,201769.823,8161983.422,1590.17,,,,,,,,,
410,201763.626,8161983.389,1589.883,,,,,,,,,
411,201757.436,8161983.37,1589.751,,,,,,,,,
412,201751.275,8161983.407,1589.655,,,,,,,,,
413,201745.05,8161983.349,1589.47,,,,,,,,,
414,201738.875,8161983.41,1589.336,,,,,,,,,
415,201732.664,8161983.4,1589.23,,,,,,,,,
416,201732.649,8162020.944,1589.113,,,,,,,,,
417,201732.653,8162020.151,1589.12,,,,,,,,,
418,201738.845,8162020.174,1589.314,,,,,,,,,
419,201738.846,8162020.986,1589.305,,,,,,,,,
420,201745.038,8162020.94,1589.382,,,,,,,,,
421,201745.03,8162020.054,1589.384,,,,,,,,,
422,201751.219,8162020.186,1589.562,,,,,,,,,
423,201751.224,8162021.006,1589.553,,,,,,,,,
424,201757.444,8162020.082,1589.687,,,,,,,,,
425,201757.446,8162020.994,1589.683,,,,,,,,,
426,201763.631,8162020.955,1589.863,,,,,,,,,
427,201763.649,8162020.065,1589.865,,,,,,,,,
428,201769.852,8162020.974,1590.04,,,,,,,,,
429,201769.835,8162020.181,1590.039,,,,,,,,,
430,201776.04,8162020.898,1590.286,,,,,,,,,
431,201776.02,8162020.13,1590.278,,,,,,,,,
432,201782.233,8162020.949,1590.304,,,,,,,,,
433,201782.23,8162020.1,1590.303,,,,,,,,,
434,201788.421,8162020.124,1590.539,,,,,,,,,
435,201788.419,8162020.971,1590.53,,,,,,,,,
436,201794.641,8162019.984,1590.633,,,,,,,,,
437,201794.651,8162020.994,1590.632,,,,,,,,,
438,201800.807,8162021.034,1590.907,,,,,,,,,
439,201800.815,8162020.108,1590.916,,,,,,,,,
440,201807.044,8162019.975,1591.097,,,,,,,,,
441,201807.046,8162020.924,1591.095,,,,,,,,,
442,201813.195,8162021.088,1591.219,,,,,,,,,
443,201813.21,8162020.11,1591.23,,,,,,,,,
444,201813.269,8162058.514,1590.781,,,,,,,,,
445,201813.204,8162057.842,1590.886,,,,,,,,,
446,201807.06,8162058.35,1590.893,,,,,,,,,
447,201807.003,8162057.666,1590.895,,,,,,,,,
448,201800.837,8162058.457,1590.49,,,,,,,,,
449,201800.783,8162057.785,1590.563,,,,,,,,,
450,201794.639,8162058.371,1590.37,,,,,,,,,
451,201794.609,8162057.697,1590.445,,,,,,,,,
452,201788.439,8162058.537,1590.311,,,,,,,,,
453,201788.419,8162057.695,1590.252,,,,,,,,,
454,201782.235,8162058.48,1590.255,,,,,,,,,
455,201782.217,8162057.694,1590.135,,,,,,,,,
456,201776.023,8162058.494,1590.107,,,,,,,,,
457,201776.013,8162057.666,1590.135,,,,,,,,,
458,201769.823,8162058.464,1589.639,,,,,,,,,
459,201769.829,8162057.703,1589.913,,,,,,,,,
460,201763.622,8162057.677,1589.834,,,,,,,,,
461,201763.638,8162058.526,1589.741,,,,,,,,,
462,201757.437,8162058.438,1589.526,,,,,,,,,
463,201757.443,8162057.652,1589.593,,,,,,,,,
464,201751.222,8162058.454,1589.48,,,,,,,,,
465,201751.229,8162057.702,1589.434,,,,,,,,,
466,201745.018,8162058.48,1589.382,,,,,,,,,
467,201745.038,8162057.649,1589.306,,,,,,,,,
468,201738.875,8162058.51,1589.206,,,,,,,,,
469,201738.874,8162057.709,1589.276,,,,,,,,,
470,201732.673,8162058.507,1589.063,,,,,,,,,
471,201732.659,8162057.694,1588.997,,,,,,,,,
472,201732.653,8162095.228,1588.647,,,,,,,,,
473,201732.653,8162096.116,1588.634,,,,,,,,,
474,201738.836,8162095.236,1588.779,,,,,,,,,
475,201738.835,8162096.102,1588.763,,,,,,,,,
476,201745.027,8162096.057,1588.961,,,,,,,,,
477,201745.027,8162095.207,1588.975,,,,,,,,,
478,201751.225,8162095.182,1589.12,,,,,,,,,
479,201751.225,8162096.02,1589.107,,,,,,,,,
480,201757.45,8162095.134,1589.206,,,,,,,,,
481,201757.446,8162096.047,1589.2,,,,,,,,,
482,201763.653,8162096.115,1589.356,,,,,,,,,
483,201763.661,8162095.215,1589.363,,,,,,,,,
484,201769.826,8162095.971,1589.369,,,,,,,,,
485,201769.838,8162095.222,1589.38,,,,,,,,,
486,201776.012,8162096.02,1589.563,,,,,,,,,
487,201776.023,8162095.274,1589.571,,,,,,,,,
488,201782.225,8162096.05,1589.694,,,,,,,,,
489,201782.24,8162095.208,1589.713,,,,,,,,,
490,201788.407,8162096.11,1589.813,,,,,,,,,
491,201788.412,8162095.226,1589.832,,,,,,,,,
492,201794.635,8162096.072,1590.026,,,,,,,,,
493,201794.647,8162095.094,1590.04,,,,,,,,,
494,201800.812,8162096.176,1590.236,,,,,,,,,
495,201800.82,8162095.179,1590.257,,,,,,,,,
496,201807.174,8162095.968,1590.526,,,,,,,,,
497,201807.034,8162095.091,1590.487,,,,,,,,,
498,201813.202,8162095.288,1590.607,,,,,,,,,
499,201813.204,8162096.256,1590.597,,,,,,,,,
500,201813.206,8162133.605,1589.533,,,,,,,,,
501,201813.196,8162132.93,1589.534,,,,,,,,,
502,201806.998,8162133.432,1589.332,,,,,,,,,
503,201807.012,8162132.766,1589.379,,,,,,,,,
504,201800.822,8162132.875,1589.349,,,,,,,,,
505,201800.86,8162133.577,1589.374,,,,,,,,,
506,201794.633,8162132.789,1589.311,,,,,,,,,
507,201794.659,8162133.589,1589.399,,,,,,,,,
508,201788.414,8162133.607,1589.2,,,,,,,,,
509,201788.436,8162132.833,1589.343,,,,,,,,,
510,201782.26,8162133.59,1589.179,,,,,,,,,
511,201782.245,8162132.774,1589.169,,,,,,,,,
512,201776.023,8162133.65,1588.936,,,,,,,,,
513,201776.034,8162132.789,1589.024,,,,,,,,,
514,201769.819,8162133.565,1588.936,,,,,,,,,
515,201769.846,8162132.766,1589.131,,,,,,,,,
516,201763.653,8162133.616,1588.909,,,,,,,,,
517,201763.671,8162132.84,1588.979,,,,,,,,,
518,201757.473,8162133.427,1588.663,,,,,,,,,
519,201757.452,8162132.737,1588.905,,,,,,,,,
520,201751.223,8162133.611,1588.471,,,,,,,,,
521,201751.233,8162132.746,1588.754,,,,,,,,,
522,201745.046,8162133.467,1588.36,,,,,,,,,
523,201745.045,8162132.793,1588.555,,,,,,,,,
524,201738.871,8162133.571,1588.291,,,,,,,,,
525,201738.866,8162132.811,1588.335,,,,,,,,,
526,201732.665,8162133.472,1588.157,,,,,,,,,
527,201732.656,8162132.797,1588.212,,,,,,,,,
528,201732.673,8162170.164,1587.724,,,,,,,,,
529,201732.674,8162171.234,1587.715,,,,,,,,,
530,201738.862,8162170.267,1587.854,,,,,,,,,
531,201738.86,8162171.31,1587.838,,,,,,,,,
532,201745.03,8162170.151,1587.99,,,,,,,,,
533,201745.014,8162171.228,1587.999,,,,,,,,,
534,201751.313,8162171.377,1588.154,,,,,,,,,
535,201751.229,8162170.296,1588.138,,,,,,,,,
536,201757.458,8162171.163,1588.352,,,,,,,,,
537,201757.467,8162170.132,1588.356,,,,,,,,,
538,201763.65,8162171.366,1588.404,,,,,,,,,
539,201763.648,8162170.365,1588.414,,,,,,,,,
540,201769.82,8162170.226,1588.594,,,,,,,,,
541,201769.828,8162171.218,1588.562,,,,,,,,,
542,201776.042,8162171.33,1588.602,,,,,,,,,
543,201776.035,8162170.298,1588.619,,,,,,,,,
544,201782.239,8162170.302,1588.795,,,,,,,,,
545,201782.25,8162171.197,1588.783,,,,,,,,,
546,201788.45,8162171.225,1588.926,,,,,,,,,
547,201788.457,8162170.31,1588.938,,,,,,,,,
548,201794.628,8162170.31,1589.092,,,,,,,,,
549,201794.646,8162171.228,1589.086,,,,,,,,,
550,201800.857,8162171.182,1589.18,,,,,,,,,
551,201800.82,8162170.302,1589.184,,,,,,,,,
552,201807.03,8162170.136,1589.398,,,,,,,,,
553,201807.042,8162171.193,1589.393,,,,,,,,,
554,201813.206,8162171.33,1589.538,,,,,,,,,
555,201813.206,8162170.316,1589.544,,,,,,,,,
556,201813.208,8162208.726,1588.944,,,,,,,,,
557,201813.224,8162208.043,1589.011,,,,,,,,,
558,201807.031,8162208.669,1589.012,,,,,,,,,
559,201807.027,8162207.888,1588.979,,,,,,,,,
560,201800.821,8162208.674,1588.821,,,,,,,,,
561,201800.806,8162207.902,1588.959,,,,,,,,,
562,201794.607,8162207.915,1588.786,,,,,,,,,
563,201794.612,8162208.562,1588.762,,,,,,,,,
564,201788.427,8162208.666,1588.377,,,,,,,,,
565,201788.435,8162207.926,1588.657,,,,,,,,,
566,201782.223,8162208.672,1588.329,,,,,,,,,
567,201782.26,8162207.893,1588.436,,,,,,,,,
568,201776.042,8162208.685,1588.335,,,,,,,,,
569,201776.027,8162207.966,1588.291,,,,,,,,,
570,201769.863,8162208.545,1588.181,,,,,,,,,
571,201769.811,8162207.879,1588.202,,,,,,,,,
572,201763.636,8162208.706,1588.157,,,,,,,,,
573,201763.636,8162208.058,1588.299,,,,,,,,,
574,201757.465,8162208.562,1588.069,,,,,,,,,
575,201757.45,8162207.875,1588.299,,,,,,,,,
576,201751.247,8162208.679,1587.992,,,,,,,,,
577,201751.255,8162208.042,1588.166,,,,,,,,,
578,201745.059,8162208.557,1587.836,,,,,,,,,
579,201745.06,8162207.904,1588.109,,,,,,,,,
580,201738.848,8162208.602,1587.646,,,,,,,,,
581,201738.815,8162207.998,1587.792,,,,,,,,,
582,201732.632,8162208.501,1587.624,,,,,,,,,
583,201732.632,8162207.914,1587.824,,,,,,,,,
584,201732.653,8162245.246,1587.617,,,,,,,,,
585,201732.656,8162246.227,1587.614,,,,,,,,,
586,201738.844,8162246.344,1587.687,,,,,,,,,
587,201738.847,8162245.332,1587.693,,,,,,,,,
588,201745.026,8162246.329,1587.763,,,,,,,,,
589,201745.036,8162245.243,1587.76,,,,,,,,,
590,201751.217,8162246.435,1587.853,,,,,,,,,
591,201751.221,8162245.385,1587.861,,,,,,,,,
592,201757.367,8162245.199,1587.952,,,,,,,,,
593,201757.422,8162246.347,1587.897,,,,,,,,,
594,201763.638,8162246.474,1587.984,,,,,,,,,
595,201763.624,8162245.354,1587.957,,,,,,,,,
596,201769.811,8162245.255,1588.099,,,,,,,,,
597,201769.731,8162246.252,1588.064,,,,,,,,,
598,201776.056,8162246.402,1588.069,,,,,,,,,
599,201776.046,8162245.394,1588.084,,,,,,,,,
600,201782.234,8162246.281,1588.104,,,,,,,,,
601,201782.227,8162245.367,1588.106,,,,,,,,,
602,201788.433,8162245.355,1588.161,,,,,,,,,
603,201788.435,8162246.275,1588.153,,,,,,,,,
604,201794.641,8162245.254,1588.292,,,,,,,,,
605,201794.611,8162246.29,1588.276,,,,,,,,,
606,201800.87,8162246.405,1588.342,,,,,,,,,
607,201800.909,8162245.503,1588.366,,,,,,,,,
608,201807.033,8162245.329,1588.628,,,,,,,,,
609,201807.048,8162246.329,1588.612,,,,,,,,,
610,201813.232,8162245.384,1588.576,,,,,,,,,
611,201813.231,8162246.386,1588.562,,,,,,,,,
612,201813.212,8162283.037,1588.159,,,,,,,,,
613,201807.011,8162282.969,1588.215,,,,,,,,,
614,201800.808,8162283.104,1587.775,,,,,,,,,
615,201794.588,8162282.988,1587.985,,,,,,,,,
616,201788.415,8162282.972,1587.94,,,,,,,,,
617,201782.216,8162282.98,1587.877,,,,,,,,,
618,201776.026,8162283.124,1587.853,,,,,,,,,
619,201769.808,8162282.991,1587.84,,,,,,,,,
620,201763.667,8162283.139,1587.748,,,,,,,,,
621,201757.476,8162283.014,1587.56,,,,,,,,,
622,201751.256,8162283.115,1587.57,,,,,,,,,
623,201745.046,8162283.006,1587.656,,,,,,,,,
624,201738.842,8162283.047,1587.644,,,,,,,,,
625,201732.633,8162282.925,1587.498,,,,,,,,,
626,201726.402,8162276.156,1587.519,,,,,,,,,
627,201726.44,8162239.463,1587.536,,,,,,,,,
628,201726.44,8162238.448,1587.542,,,,,,,,,
629,201726.457,8162201.748,1587.536,,,,,,,,,
630,201726.459,8162201.02,1587.738,,,,,,,,,
631,201726.426,8162164.308,1587.529,,,,,,,,,
632,201726.438,8162163.3,1587.545,,,,,,,,,
633,201726.497,8162126.554,1588.266,,,,,,,,,
634,201726.455,8162125.82,1588.303,,,,,,,,,
635,201726.446,8162089.097,1588.643,,,,,,,,,
636,201726.442,8162088.179,1588.645,,,,,,,,,
637,201726.456,8162051.49,1588.983,,,,,,,,,
638,201726.443,8162050.801,1588.981,,,,,,,,,
639,201726.457,8162013.992,1589.073,,,,,,,,,
640,201726.493,8162013.147,1589.102,,,,,,,,,
641,201726.449,8161976.38,1589.154,,,,,,,,,
642,201720.236,8161976.347,1589.065,,,,,,,,,
643,201720.244,8162013.111,1588.928,,,,,,,,,
644,201720.252,8162013.889,1588.923,,,,,,,,,
645,201720.241,8162050.64,1588.765,,,,,,,,,
646,201720.239,8162051.496,1588.883,,,,,,,,,
647,201720.254,8162088.182,1588.534,,,,,,,,,
648,201720.244,8162089.092,1588.522,,,,,,,,,
649,201720.257,8162126.481,1588.131,,,,,,,,,
650,201720.242,8162125.818,1588.173,,,,,,,,,
651,201720.25,8162163.189,1587.447,,,,,,,,,
652,201720.205,8162164.19,1587.425,,,,,,,,,
653,201720.265,8162200.91,1587.574,,,,,,,,,
654,201720.259,8162201.596,1587.504,,,,,,,,,
655,201720.242,8162238.307,1587.529,,,,,,,,,
656,201720.239,8162239.325,1587.532,,,,,,,,,
657,201720.23,8162276.016,1587.334,,,,,,,,,
658,201900.006,8162051.435,1592.843,,,,,,,,,
659,201899.999,8162050.558,1592.849,,,,,,,,,
660,201905.956,8162050.338,1592.937,,,,,,,,,
661,201906.193,8162051.288,1592.988,,,,,,,,,
662,201906.108,8162013.65,1593.254,,,,,,,,,
663,201906.171,8162013.075,1593.365,,,,,,,,,
664,201900.109,8162013.763,1593.004,,,,,,,,,
665,201899.98,8162013.151,1593.138,,,,,,,,,
666,201900.077,8161976.427,1592.816,,,,,,,,,
667,201900.05,8161975.504,1592.868,,,,,,,,,
668,201906.06,8161975.291,1593.064,,,,,,,,,
669,201906.204,8161976.231,1593.072,,,,,,,,,
670,201906.201,8161938.589,1594.223,,,,,,,,,
671,201899.904,8161938.66,1594.368,,,,,,,,,
672,201893.786,8161938.56,1594.19,,,,,,,,,
673,201893.747,8161975.234,1592.587,,,,,,,,,
674,201893.709,8161976.131,1592.625,,,,,,,,,
675,201893.726,8162012.974,1592.898,,,,,,,,,
676,201893.76,8162013.563,1592.797,,,,,,,,,
677,201887.583,8162013.807,1592.733,,,,,,,,,
678,201887.751,8162050.528,1592.444,,,,,,,,,
679,201887.656,8162051.448,1592.476,,,,,,,,,
680,201893.772,8162050.413,1592.745,,,,,,,,,
681,201893.776,8162051.27,1592.747,,,,,,,,,
682,201893.76,8162088.11,1592.737,,,,,,,,,
683,201893.753,8162088.869,1592.56,,,,,,,,,
684,201887.626,8162088.233,1592.641,,,,,,,,,
685,201887.622,8162088.829,1592.406,,,,,,,,,
686,201887.664,8162125.58,1592.129,,,,,,,,,
687,201887.634,8162126.401,1592.099,,,,,,,,,
688,201893.172,8162125.716,1591.947,,,,,,,,,
689,201893.733,8162126.387,1592.175,,,,,,,,,
690,201887.566,8162163.21,1591.811,,,,,,,,,
691,201893.768,8162163.192,1591.761,,,,,,,,,
692,201881.372,8162163.167,1591.61,,,,,,,,,
693,201875.21,8162163.372,1591.263,,,,,,,,,
694,201875.275,8162126.624,1591.793,,,,,,,,,
695,201875.262,8162125.71,1591.826,,,,,,,,,
696,201881.318,8162125.622,1591.958,,,,,,,,,
697,201881.361,8162126.347,1591.972,,,,,,,,,
698,201881.432,8162088.85,1592.294,,,,,,,,,
699,201881.414,8162088.086,1592.495,,,,,,,,,
700,201875.315,8162088.804,1591.977,,,,,,,,,
701,201875.176,8162088.042,1592.132,,,,,,,,,
702,201875.313,8162051.316,1592.242,,,,,,,,,
703,201875.281,8162050.738,1592.339,,,,,,,,,
704,201881.233,8162050.396,1592.265,,,,,,,,,
705,201881.314,8162051.174,1592.351,,,,,,,,,
706,201881.38,8162013.603,1592.67,,,,,,,,,
707,201875.189,8162013.709,1592.499,,,,,,,,,
708,201868.989,8162013.774,1592.449,,,,,,,,,
709,201862.963,8162013.864,1592.577,,,,,,,,,
710,201862.825,8162050.545,1591.943,,,,,,,,,
711,201862.835,8162051.508,1591.924,,,,,,,,,
712,201868.843,8162050.601,1592.192,,,,,,,,,
713,201868.9,8162051.203,1592.253,,,,,,,,,
714,201868.876,8162088.169,1591.91,,,,,,,,,
715,201869.011,8162088.753,1591.831,,,,,,,,,
716,201862.816,8162088.882,1591.641,,,,,,,,,
717,201862.78,8162088.223,1591.773,,,,,,,,,
718,201862.958,8162125.595,1591.556,,,,,,,,,
719,201862.924,8162126.524,1591.576,,,,,,,,,
720,201868.888,8162125.57,1591.655,,,,,,,,,
721,201868.922,8162126.368,1591.7,,,,,,,,,
722,201868.766,8162163.043,1591.053,,,,,,,,,
723,201862.844,8162163.327,1590.925,,,,,,,,,
724,201073.326,8163415.396,1567.646,,,,,,,,,
725,201079.507,8163415.524,1567.335,,,,,,,,,
726,201085.73,8163415.407,1566.93,,,,,,,,,
727,201091.915,8163415.473,1566.723,,,,,,,,,
728,201098.12,8163415.414,1567.313,,,,,,,,,
729,201104.335,8163415.49,1567.42,,,,,,,,,
730,201110.489,8163415.391,1568.023,,,,,,,,,
731,201116.726,8163415.529,1568.21,,,,,,,,,
732,201122.956,8163415.419,1568.627,,,,,,,,,
733,201129.141,8163415.532,1568.918,,,,,,,,,
734,201135.302,8163415.413,1569.025,,,,,,,,,
735,201141.557,8163415.545,1569.187,,,,,,,,,
736,201147.696,8163415.441,1569.707,,,,,,,,,
737,201153.972,8163415.527,1569.658,,,,,,,,,
738,201160.081,8163415.41,1569.573,,,,,,,,,
739,201166.295,8163415.48,1569.232,,,,,,,,,
740,201172.506,8163415.34,1568.805,,,,,,,,,
741,201178.683,8163415.438,1569.044,,,,,,,,,
742,201184.895,8163415.29,1568.838,,,,,,,,,
743,201191.099,8163415.42,1569.019,,,,,,,,,
744,201197.378,8163415.316,1569.419,,,,,,,,,
745,201203.539,8163415.482,1569.774,,,,,,,,,
746,201209.66,8163415.374,1570.264,,,,,,,,,
747,201215.829,8163415.534,1570.849,,,,,,,,,
748,201215.899,8163378.859,1572.764,,,,,,,,,
749,201215.899,8163377.896,1572.798,,,,,,,,,
750,201215.877,8163341.174,1573.626,,,,,,,,,
751,201209.727,8163341.047,1573.065,,,,,,,,,
752,201203.574,8163341.126,1572.833,,,,,,,,,
753,201197.383,8163340.977,1572.341,,,,,,,,,
754,201191.117,8163341.072,1571.676,,,,,,,,,
755,201191.119,8163340.472,1571.979,,,,,,,,,
756,201184.928,8163340.96,1571.437,,,,,,,,,
757,201184.898,8163340.318,1571.71,,,,,,,,,
758,201178.736,8163341.116,1570.516,,,,,,,,,
759,201172.55,8163341.047,1569.811,,,,,,,,,
760,201166.33,8163341.192,1569.142,,,,,,,,,
761,201160.173,8163341.07,1568.587,,,,,,,,,
762,201153.996,8163341.198,1567.821,,,,,,,,,
763,201147.781,8163341.113,1567.217,,,,,,,,,
764,201141.577,8163341.244,1566.754,,,,,,,,,
765,201135.345,8163341.091,1566.473,,,,,,,,,
766,201129.151,8163341.171,1566.504,,,,,,,,,
767,201122.949,8163341.067,1566.523,,,,,,,,,
768,201116.786,8163341.195,1566.187,,,,,,,,,
769,201110.568,8163341.067,1565.875,,,,,,,,,
770,201104.355,8163341.176,1565.539,,,,,,,,,
771,201098.173,8163341.145,1564.734,,,,,,,,,
772,201091.909,8163341.298,1564.248,,,,,,,,,
773,201085.703,8163341.251,1563.958,,,,,,,,,
774,201079.604,8163341.325,1563.666,,,,,,,,,
775,201073.386,8163341.102,1563.994,,,,,,,,,
776,201073.358,8163377.695,1567.152,,,,,,,,,
777,201073.364,8163378.508,1567.187,,,,,,,,,
778,201079.526,8163378.843,1567.806,,,,,,,,,
779,201079.53,8163377.803,1567.756,,,,,,,,,
780,201085.77,8163377.698,1568.227,,,,,,,,,
781,201085.756,8163378.516,1568.27,,,,,,,,,
782,201091.974,8163378.818,1568.315,,,,,,,,,
783,201091.969,8163377.772,1568.275,,,,,,,,,
784,201098.165,8163377.713,1568.19,,,,,,,,,
785,201098.156,8163378.514,1568.212,,,,,,,,,
786,201104.379,8163377.78,1568.414,,,,,,,,,
787,201104.385,8163378.822,1568.44,,,,,,,,,
788,201110.546,8163378.502,1568.72,,,,,,,,,
789,201110.548,8163377.694,1568.694,,,,,,,,,
790,201116.775,8163377.801,1568.72,,,,,,,,,
791,201116.769,8163378.848,1568.754,,,,,,,,,
792,201122.962,8163377.7,1568.762,,,,,,,,,
793,201122.975,8163378.526,1568.786,,,,,,,,,
794,201129.142,8163377.82,1568.779,,,,,,,,,
795,201129.143,8163378.843,1568.814,,,,,,,,,
796,201135.333,8163377.704,1569.241,,,,,,,,,
797,201135.338,8163378.507,1569.273,,,,,,,,,
798,201141.518,8163378.845,1569.861,,,,,,,,,
799,201141.527,8163377.818,1569.819,,,,,,,,,
800,201147.753,8163377.729,1570.071,,,,,,,,,
801,201147.754,8163378.521,1570.111,,,,,,,,,
802,201153.932,8163378.826,1570.629,,,,,,,,,
803,201153.958,8163377.813,1570.594,,,,,,,,,
804,201160.15,8163378.517,1570.883,,,,,,,,,
805,201160.158,8163377.716,1570.869,,,,,,,,,
806,201166.328,8163378.829,1571.534,,,,,,,,,
807,201166.342,8163377.814,1571.526,,,,,,,,,
808,201172.529,8163378.519,1571.522,,,,,,,,,
809,201172.546,8163377.744,1571.527,,,,,,,,,
810,201178.752,8163377.801,1571.692,,,,,,,,,
811,201178.77,8163378.809,1571.666,,,,,,,,,
812,201184.95,8163378.544,1572.146,,,,,,,,,
813,201184.949,8163377.76,1572.182,,,,,,,,,
814,201191.214,8163378.849,1572.236,,,,,,,,,
815,201191.179,8163377.847,1572.309,,,,,,,,,
816,201197.36,8163377.768,1572.506,,,,,,,,,
817,201197.348,8163378.522,1572.474,,,,,,,,,
818,201203.567,8163378.878,1572.493,,,,,,,,,
819,201203.564,8163377.877,1572.536,,,,,,,,,
820,201209.785,8163377.8,1572.907,,,,,,,,,
821,201209.759,8163378.551,1572.903,,,,,,,,,
822,201197.323,8163340.293,1572.149,,,,,,,,,
823,201203.526,8163340.406,1572.568,,,,,,,,,
824,201209.71,8163340.292,1572.954,,,,,,,,,
825,201215.912,8163340.411,1573.595,,,,,,,,,
826,201222.101,8163340.299,1573.48,,,,,,,,,
827,201228.302,8163340.445,1573.659,,,,,,,,,
828,201234.558,8163340.286,1573.673,,,,,,,,,
829,201240.773,8163340.506,1573.746,,,,,,,,,
830,201240.724,8163303.797,1574.629,,,,,,,,,
831,201240.721,8163302.784,1574.631,,,,,,,,,
832,201234.481,8163302.609,1574.486,,,,,,,,,
833,201234.474,8163303.345,1574.488,,,,,,,,,
834,201228.331,8163303.721,1574.22,,,,,,,,,
835,201228.333,8163302.731,1574.215,,,,,,,,,
836,201222.135,8163303.382,1573.936,,,,,,,,,
837,201222.121,8163302.6,1573.923,,,,,,,,,
838,201215.926,8163303.661,1573.482,,,,,,,,,
839,201215.934,8163302.708,1573.477,,,,,,,,,
840,201209.719,8163302.561,1573.275,,,,,,,,,
841,201209.715,8163303.373,1573.292,,,,,,,,,
842,201203.482,8163303.679,1572.783,,,,,,,,,
843,201203.485,8163302.698,1572.767,,,,,,,,,
844,201197.316,8163302.595,1572.334,,,,,,,,,
845,201197.308,8163303.364,1572.346,,,,,,,,,
846,201191.173,8163303.666,1571.565,,,,,,,,,
847,201191.11,8163302.753,1571.573,,,,,,,,,
848,201184.922,8163303.304,1570.916,,,,,,,,,
849,201184.919,8163302.594,1570.91,,,,,,,,,
850,201184.921,8163265.832,1571.786,,,,,,,,,
851,201191.14,8163266.02,1571.689,,,,,,,,,
852,201197.278,8163265.87,1571.595,,,,,,,,,
853,201203.489,8163266.001,1571.52,,,,,,,,,
854,201209.726,8163265.893,1571.625,,,,,,,,,
855,201215.89,8163265.986,1572.48,,,,,,,,,
856,201222.088,8163265.888,1572.803,,,,,,,,,
857,201228.271,8163266.038,1573.247,,,,,,,,,
858,201234.515,8163265.868,1573.669,,,,,,,,,
859,201240.744,8163266.087,1574.01,,,,,,,,,
860,201246.865,8163265.209,1574.637,,,,,,,,,
861,201253.066,8163265.279,1575.096,,,,,,,,,
862,201253.112,8163228.5,1575.388,,,,,,,,,
863,201253.143,8163227.611,1575.258,,,,,,,,,
864,201246.913,8163227.524,1574.87,,,,,,,,,
865,201246.904,8163228.295,1574.869,,,,,,,,,
866,201240.749,8163228.598,1574.812,,,,,,,,,
867,201240.746,8163227.589,1574.803,,,,,,,,,
868,201234.547,8163227.444,1574.545,,,,,,,,,
869,201234.503,8163228.209,1574.533,,,,,,,,,
870,201228.316,8163228.631,1574.352,,,,,,,,,
871,201228.308,8163227.607,1574.345,,,,,,,,,
872,201222.127,8163228.32,1574.261,,,,,,,,,
873,201222.097,8163227.477,1574.237,,,,,,,,,
874,201222.136,8163190.813,1572.528,,,,,,,,,
875,201228.322,8163190.908,1572.795,,,,,,,,,
876,201234.498,8163190.745,1573.274,,,,,,,,,
877,201240.688,8163190.891,1573.441,,,,,,,,,
878,201246.891,8163190.782,1573.973,,,,,,,,,
879,201253.122,8163190.846,1574.156,,,,,,,,,
880,201259.284,8163190.089,1574.349,,,,,,,,,
881,201265.456,8163190.28,1574.701,,,,,,,,,
882,201265.5,8163153.555,1574.786,,,,,,,,,
883,201265.485,8163152.621,1574.792,,,,,,,,,
884,201259.309,8163152.433,1574.741,,,,,,,,,
885,201259.307,8163153.151,1574.745,,,,,,,,,
886,201253.11,8163153.517,1575.142,,,,,,,,,
887,201253.106,8163152.537,1575.163,,,,,,,,,
888,201246.908,8163152.386,1575.393,,,,,,,,,
889,201246.922,8163153.134,1575.398,,,,,,,,,
890,201240.726,8163153.55,1575.328,,,,,,,,,
891,201240.699,8163152.519,1575.346,,,,,,,,,
892,201234.496,8163152.417,1575.193,,,,,,,,,
893,201234.5,8163153.201,1575.201,,,,,,,,,
894,201228.319,8163153.47,1574.808,,,,,,,,,
895,201228.323,8163152.464,1574.801,,,,,,,,,
896,201222.077,8163152.422,1574.66,,,,,,,,,
897,201222.09,8163153.189,1574.694,,,,,,,,,
898,201222.07,8163115.693,1572.344,,,,,,,,,
899,201228.248,8163115.764,1572.787,,,,,,,,,
900,201234.495,8163115.702,1573.235,,,,,,,,,
901,201240.654,8163115.803,1573.717,,,,,,,,,
902,201246.91,8163115.613,1574.482,,,,,,,,,
903,201253.062,8163115.807,1574.982,,,,,,,,,
904,201259.301,8163115.683,1575.663,,,,,,,,,
905,201265.479,8163115.861,1575.57,,,,,,,,,
906,201038.867,8163430.149,1565.724,,,,,,,,,
907,201045.058,8163430.343,1565.831,,,,,,,,,
908,201051.275,8163430.221,1565.615,,,,,,,,,
909,201057.488,8163430.336,1566.079,,,,,,,,,
910,201063.602,8163430.166,1565.854,,,,,,,,,
911,201069.887,8163430.322,1566.146,,,,,,,,,
912,201076.101,8163430.207,1566.279,,,,,,,,,
913,201088.405,8163430.219,1566.998,,,,,,,,,
914,201094.628,8163430.347,1567.037,,,,,,,,,
915,201100.803,8163430.235,1567.307,,,,,,,,,
916,201107.033,8163430.323,1567.059,,,,,,,,,
917,201113.26,8163430.219,1567.023,,,,,,,,,
918,201119.509,8163430.3,1567.141,,,,,,,,,
919,201125.685,8163430.174,1567.111,,,,,,,,,
920,201131.888,8163430.322,1567.162,,,,,,,,,
921,201138.035,8163430.184,1567.203,,,,,,,,,
922,201144.247,8163430.335,1567.299,,,,,,,,,
923,201150.444,8163430.206,1567.391,,,,,,,,,
924,201156.649,8163430.314,1567.611,,,,,,,,,
925,201156.582,8163467.009,1568.739,,,,,,,,,
926,201156.574,8163468,1568.731,,,,,,,,,
927,201150.428,8163467.69,1568.524,,,,,,,,,
928,201150.431,8163466.878,1568.53,,,,,,,,,
929,201144.237,8163468.051,1568.202,,,,,,,,,
930,201144.209,8163467.034,1568.2,,,,,,,,,
931,201138.025,8163467.697,1567.771,,,,,,,,,
932,201138.026,8163466.888,1567.786,,,,,,,,,
933,201131.831,8163468.026,1567.304,,,,,,,,,
934,201131.837,8163467.051,1567.304,,,,,,,,,
935,201125.661,8163466.91,1566.797,,,,,,,,,
936,201125.653,8163467.664,1566.795,,,,,,,,,
937,201119.494,8163467.972,1566.285,,,,,,,,,
938,201119.459,8163467.076,1566.303,,,,,,,,,
939,201113.198,8163466.942,1565.974,,,,,,,,,
940,201113.234,8163467.667,1566.016,,,,,,,,,
941,201107.064,8163467.985,1565.74,,,,,,,,,
942,201107.033,8163467.052,1565.765,,,,,,,,,
943,201100.797,8163467.669,1565.761,,,,,,,,,
944,201100.821,8163466.936,1565.793,,,,,,,,,
945,201094.68,8163468.046,1566.077,,,,,,,,,
946,201094.7,8163467.235,1566.148,,,,,,,,,
947,201088.46,8163466.959,1566.489,,,,,,,,,
948,201088.457,8163467.746,1566.478,,,,,,,,,
949,201082.307,8163468.001,1566.324,,,,,,,,,
950,201082.217,8163467.039,1566.375,,,,,,,,,
951,201076.017,8163467.724,1566.364,,,,,,,,,
952,201075.988,8163466.995,1566.407,,,,,,,,,
953,201069.904,8163468.03,1566.212,,,,,,,,,
954,201069.891,8163467.06,1566.258,,,,,,,,,
955,201063.669,8163467.747,1566.042,,,,,,,,,
956,201063.681,8163467.085,1566.079,,,,,,,,,
957,201057.45,8163468.069,1566.107,,,,,,,,,
958,201057.48,8163467.09,1566.112,,,,,,,,,
959,201051.204,8163466.94,1565.909,,,,,,,,,
960,201051.225,8163467.743,1565.932,,,,,,,,,
961,201045.143,8163468.005,1565.689,,,,,,,,,
962,201045.079,8163467.097,1565.801,,,,,,,,,
963,201038.572,8163466.929,1565.441,,,,,,,,,
964,201038.567,8163467.68,1565.456,,,,,,,,,
965,201038.907,8163504.601,1564.908,,,,,,,,,
966,201045.071,8163504.787,1565.029,,,,,,,,,
967,201038.966,8163505.266,1564.623,,,,,,,,,
968,201045.141,8163505.396,1564.871,,,,,,,,,
969,201051.251,8163504.658,1565.065,,,,,,,,,
970,201051.289,8163505.344,1564.752,,,,,,,,,
971,201057.48,8163504.745,1564.865,,,,,,,,,
972,201057.442,8163505.412,1564.798,,,,,,,,,
973,201063.614,8163504.671,1564.833,,,,,,,,,
974,201063.653,8163505.355,1564.866,,,,,,,,,
975,201069.882,8163504.731,1564.93,,,,,,,,,
976,201069.861,8163505.501,1565.118,,,,,,,,,
977,201076.036,8163504.637,1565.532,,,,,,,,,
978,201076.048,8163505.369,1565.651,,,,,,,,,
979,201082.27,8163504.74,1565.985,,,,,,,,,
980,201082.217,8163505.474,1566.252,,,,,,,,,
981,201088.404,8163504.67,1566.405,,,,,,,,,
982,201088.432,8163505.312,1566.533,,,,,,,,,
983,201094.655,8163504.785,1566.463,,,,,,,,,
984,201094.613,8163505.422,1566.622,,,,,,,,,
985,201100.912,8163504.612,1566.602,,,,,,,,,
986,201100.855,8163505.318,1566.703,,,,,,,,,
987,201107.074,8163504.7,1566.921,,,,,,,,,
988,201107.073,8163505.355,1566.91,,,,,,,,,
989,201113.278,8163504.631,1567.033,,,,,,,,,
990,201119.468,8163504.696,1567.39,,,,,,,,,
991,201125.623,8163504.597,1567.302,,,,,,,,,
992,201131.82,8163504.835,1567.291,,,,,,,,,
993,201138.043,8163504.62,1567.157,,,,,,,,,
994,201144.248,8163504.749,1567.218,,,,,,,,,
995,201150.386,8163504.692,1567.553,,,,,,,,,
996,201156.613,8163504.712,1567.788,,,,,,,,,
997,201107.071,8163543.146,1566.422,,,,,,,,,
998,201107.081,8163542.179,1566.443,,,,,,,,,
999,201100.824,8163542.064,1566.28,,,,,,,,,
1000,201100.854,8163542.804,1566.283,,,,,,,,,
1001,201094.68,8163543.115,1566.769,,,,,,,,,
1002,201094.706,8163542.176,1566.777,,,,,,,,,
1003,201088.381,8163542.152,1566.832,,,,,,,,,
1004,201088.425,8163542.834,1566.84,,,,,,,,,
1005,201082.354,8163543.112,1566.924,,,,,,,,,
1006,201082.277,8163542.203,1566.953,,,,,,,,,
1007,201076.054,8163542.088,1567.019,,,,,,,,,
1008,201075.983,8163542.827,1566.998,,,,,,,,,
1009,201070.023,8163543.097,1566.812,,,,,,,,,
1010,201069.867,8163542.22,1566.901,,,,,,,,,
1011,201063.667,8163542.1,1566.747,,,,,,,,,
1012,201063.658,8163542.837,1566.746,,,,,,,,,
1013,201057.445,8163543.126,1566.652,,,,,,,,,
1014,201057.472,8163542.241,1566.684,,,,,,,,,
1015,201051.132,8163542.052,1566.16,,,,,,,,,
1016,201051.249,8163542.817,1566.279,,,,,,,,,
1017,201045.121,8163543.099,1565.845,,,,,,,,,
1018,201045.134,8163542.128,1565.843,,,,,,,,,
1019,201038.908,8163542.075,1565.332,,,,,,,,,
1020,201038.834,8163542.75,1565.353,,,,,,,,,
1021,201032.617,8163543.128,1564.882,,,,,,,,,
1022,201032.626,8163542.188,1564.906,,,,,,,,,
1023,201026.425,8163542.058,1564.504,,,,,,,,,
1024,201026.42,8163542.808,1564.516,,,,,,,,,
1025,201020.421,8163543.097,1563.652,,,,,,,,,
1026,201020.346,8163542.199,1563.695,,,,,,,,,
1027,201014.049,8163542.016,1563.602,,,,,,,,,
1028,201014.055,8163542.768,1563.605,,,,,,,,,
1029,201007.908,8163543.159,1563.437,,,,,,,,,
1030,201007.97,8163542.368,1563.488,,,,,,,,,
1031,201001.707,8163542.808,1563.202,,,,,,,,,
1032,201001.711,8163542.023,1563.22,,,,,,,,,
1033,201001.738,8163505.316,1564.6,,,,,,,,,
1034,201007.952,8163505.51,1564.409,,,,,,,,,
1035,201014.085,8163505.292,1564.578,,,,,,,,,
1036,201020.308,8163505.453,1564.384,,,,,,,,,
1037,201026.476,8163505.307,1564.296,,,,,,,,,
1038,201032.702,8163505.432,1564.314,,,,,,,,,
1039,200970.779,8163580.564,1562.06,,,,,,,,,
1040,200976.92,8163580.414,1562.078,,,,,,,,,
1041,200971.293,8163618.121,1560.888,,,,,,,,,
1042,200970.746,8163617.281,1561.015,,,,,,,,,
1043,200976.782,8163617.166,1561.52,,,,,,,,,
1044,200976.863,8163617.818,1561.579,,,,,,,,,
1045,200976.897,8163654.845,1560.942,,,,,,,,,
1046,200976.951,8163655.579,1561.303,,,,,,,,,
1047,200970.682,8163655.681,1560.642,,,,,,,,,
1048,200970.692,8163655.021,1560.627,,,,,,,,,
1049,200976.867,8163692.326,1559.368,,,,,,,,,
1050,200976.893,8163693.026,1559.358,,,,,,,,,
1051,200970.721,8163693.384,1559.659,,,,,,,,,
1052,200970.706,8163692.468,1559.727,,,,,,,,,
1053,200970.681,8163730.073,1558.111,,,,,,,,,
1054,200970.754,8163730.778,1558.12,,,,,,,,,
1055,200970.777,8163768.494,1557.745,,,,,,,,,
1056,200970.691,8163767.602,1557.802,,,,,,,,,
1057,200970.677,8163805.236,1556.601,,,,,,,,,
1058,200976.856,8163730.053,1558.218,,,,,,,,,
1059,200983.084,8163730.138,1558.542,,,,,,,,,
1060,200989.326,8163729.975,1559.026,,,,,,,,,
1061,200989.286,8163692.282,1559.406,,,,,,,,,
1062,200989.285,8163692.988,1559.397,,,,,,,,,
1063,200983.162,8163693.377,1559.226,,,,,,,,,
1064,200983.116,8163692.455,1559.287,,,,,,,,,
1065,200983.109,8163655.7,1561.063,,,,,,,,,
1066,200983.091,8163655.031,1561.214,,,,,,,,,
1067,200989.214,8163654.898,1560.949,,,,,,,,,
1068,200989.311,8163655.468,1560.835,,,,,,,,,
1069,200989.17,8163617.175,1562.509,,,,,,,,,
1070,200989.241,8163617.933,1562.486,,,,,,,,,
1071,200983.283,8163618.206,1562.015,,,,,,,,,
1072,200983.108,8163617.346,1562.075,,,,,,,,,
1073,200983.192,8163580.539,1562.356,,,,,,,,,
1074,200989.262,8163580.4,1562.701,,,,,,,,,
1075,200995.449,8163580.458,1562.92,,,,,,,,,
1076,201001.661,8163580.458,1563.884,,,,,,,,,
1077,201001.662,8163579.718,1563.784,,,,,,,,,
1078,201001.645,8163617.209,1563.201,,,,,,,,,
1079,201001.706,8163617.982,1563.218,,,,,,,,,
1080,200995.561,8163618.244,1562.903,,,,,,,,,
1081,200995.465,8163617.267,1562.971,,,,,,,,,
1082,200995.487,8163655.033,1561.032,,,,,,,,,
1083,200995.489,8163655.737,1560.804,,,,,,,,,
1084,201001.628,8163654.852,1560.779,,,,,,,,,
1085,201001.733,8163655.476,1560.616,,,,,,,,,
1086,201001.585,8163692.306,1559.667,,,,,,,,,
1087,201001.647,8163692.859,1559.721,,,,,,,,,
1088,200995.697,8163693.351,1559.461,,,,,,,,,
1089,200995.507,8163692.469,1559.531,,,,,,,,,
1090,200995.502,8163730.137,1559.317,,,,,,,,,
1091,201001.466,8163730.04,1559.201,,,,,,,,,
1092,201007.814,8163730.118,1559.121,,,,,,,,,
1093,201013.765,8163730.038,1559.614,,,,,,,,,
1094,201007.983,8163693.354,1559.946,,,,,,,,,
1095,201007.918,8163692.716,1560.054,,,,,,,,,
1096,201013.994,8163692.295,1559.972,,,,,,,,,
1097,201014.068,8163693.001,1560.014,,,,,,,,,
1098,201014.101,8163655.369,1559.979,,,,,,,,,
1099,201014.1,8163654.843,1560.626,,,,,,,,,
1100,201008.008,8163655.59,1560.549,,,,,,,,,
1101,201007.916,8163654.941,1560.901,,,,,,,,,
1102,201008.155,8163618.206,1562.942,,,,,,,,,
1103,201007.975,8163617.465,1563.074,,,,,,,,,
1104,201013.859,8163617.292,1562.54,,,,,,,,,
1105,201014.07,8163617.946,1562.527,,,,,,,,,
1106,201007.971,8163580.505,1563.876,,,,,,,,,
1107,201007.905,8163580.018,1563.975,,,,,,,,,
1108,201014.056,8163580.455,1564.462,,,,,,,,,
1109,201014.067,8163579.729,1564.424,,,,,,,,,
1110,201020.209,8163580.587,1564.772,,,,,,,,,
1111,201020.262,8163579.921,1564.872,,,,,,,,,
1112,201026.409,8163579.75,1564.707,,,,,,,,,
1113,201026.541,8163580.379,1564.753,,,,,,,,,
1114,201026.48,8163617.218,1561.977,,,,,,,,,
1115,201026.487,8163617.947,1561.935,,,,,,,,,
1116,201020.379,8163618.285,1562.272,,,,,,,,,
1117,201020.363,8163617.623,1562.391,,,,,,,,,
1118,201020.32,8163655.006,1560.466,,,,,,,,,
1119,201020.303,8163655.657,1560.405,,,,,,,,,
1120,201020.452,8163693.273,1559.929,,,,,,,,,
1121,201020.291,8163692.433,1559.961,,,,,,,,,
1122,201020.209,8163730.084,1560.527,,,,,,,,,
1123,201026.473,8163654.991,1560.234,,,,,,,,,
1124,201032.612,8163654.991,1560.566,,,,,,,,,
1125,201038.805,8163654.883,1560.707,,,,,,,,,
1126,201032.888,8163618.244,1561.923,,,,,,,,,
1127,201032.713,8163617.546,1562.014,,,,,,,,,
1128,201038.841,8163617.177,1562.473,,,,,,,,,
1129,201038.893,8163617.948,1562.445,,,,,,,,,
1130,201032.765,8163580.652,1564.575,,,,,,,,,
1131,201032.666,8163579.861,1564.871,,,,,,,,,
1132,201038.879,8163580.487,1564.676,,,,,,,,,
1133,201038.89,8163579.763,1565.077,,,,,,,,,
1134,201045.036,8163579.853,1564.772,,,,,,,,,
1135,201045.094,8163580.617,1564.485,,,,,,,,,
1136,201051.253,8163579.701,1564.818,,,,,,,,,
1137,201051.289,8163580.44,1564.604,,,,,,,,,
1138,201051.283,8163617.173,1562.285,,,,,,,,,
1139,201051.271,8163617.845,1562.249,,,,,,,,,
1140,201045.229,8163618.226,1562.294,,,,,,,,,
1141,201045.077,8163617.385,1562.416,,,,,,,,,
1142,201045.027,8163654.994,1561.192,,,,,,,,,
1143,201051.119,8163654.956,1561.694,,,,,,,,,
1144,201057.353,8163655.029,1562.332,,,,,,,,,
1145,201057.745,8163618.2,1562.049,,,,,,,,,
1146,201057.469,8163617.34,1562.16,,,,,,,,,
1147,201057.511,8163580.638,1564.298,,,,,,,,,
1148,201057.442,8163579.963,1564.527,,,,,,,,,
1149,201063.655,8163579.748,1564.772,,,,,,,,,
1150,201069.846,8163579.867,1565.042,,,,,,,,,
1151,201076.038,8163579.741,1565.368,,,,,,,,,
1152,201082.267,8163579.877,1565.332,,,,,,,,,
1153,201088.358,8163579.774,1565.377,,,,,,,,,
1154,201094.666,8163579.858,1565.578,,,,,,,,,
1155,201100.85,8163579.752,1565.488,,,,,,,,,
1156,201107.03,8163579.888,1565.428,,,,,,,,,
1157,200900.067,8163507.228,1557.622,,,,,,,,,
1158,200900.284,8163470.429,1557.29,,,,,,,,,
1159,200900.148,8163469.573,1557.376,,,,,,,,,
1160,200900.219,8163432.766,1557.605,,,,,,,,,
1161,200900.147,8163432.149,1557.467,,,,,,,,,
1162,200906.305,8163431.936,1557.482,,,,,,,,,
1163,200906.272,8163394.269,1557.906,,,,,,,,,
1164,200906.258,8163394.995,1557.896,,,,,,,,,
1165,200900.106,8163395.423,1558.202,,,,,,,,,
1166,200900.131,8163394.471,1558.245,,,,,,,,,
1167,200900.115,8163357.706,1559.311,,,,,,,,,
1168,200900.08,8163357.025,1559.487,,,,,,,,,
1169,200906.292,8163356.893,1559.046,,,,,,,,,
1170,200906.316,8163357.44,1559.024,,,,,,,,,
1171,200906.199,8163319.224,1560.444,,,,,,,,,
1172,200906.335,8163319.983,1560.37,,,,,,,,,
1173,200900.194,8163320.284,1560.604,,,,,,,,,
1174,200900.131,8163319.316,1560.642,,,,,,,,,
1175,200900.133,8163282.597,1561.739,,,,,,,,,
1176,200900.14,8163281.884,1561.65,,,,,,,,,
1177,200906.175,8163281.77,1561.599,,,,,,,,,
1178,200906.314,8163282.471,1561.574,,,,,,,,,
1179,200906.271,8163244.081,1562.401,,,,,,,,,
1180,200906.321,8163244.79,1562.405,,,,,,,,,
1181,200900.195,8163245.091,1562.315,,,,,,,,,
1182,200900.112,8163244.441,1562.391,,,,,,,,,
1183,200900.166,8163207.422,1562.045,,,,,,,,,
1184,200906.379,8163207.273,1562.366,,,,,,,,,
1185,200912.561,8163207.447,1562.63,,,,,,,,,
1186,200918.693,8163207.325,1562.822,,,,,,,,,
1187,200912.529,8163245.159,1562.445,,,,,,,,,
1188,200912.511,8163244.178,1562.453,,,,,,,,,
1189,200918.71,8163244.092,1562.406,,,,,,,,,
1190,200918.683,8163244.766,1562.423,,,,,,,,,
1191,200918.708,8163281.797,1561.507,,,,,,,,,
1192,200918.713,8163282.427,1561.375,,,,,,,,,
1193,200912.616,8163282.537,1561.587,,,,,,,,,
1194,200912.53,8163281.888,1561.74,,,,,,,,,
1195,200912.612,8163320.292,1560.326,,,,,,,,,
1196,200912.572,8163319.311,1560.338,,,,,,,,,
1197,200918.715,8163319.256,1560.333,,,,,,,,,
1198,200918.75,8163320.024,1560.292,,,,,,,,,
1199,200918.723,8163356.885,1558.396,,,,,,,,,
1200,200918.707,8163357.533,1558.664,,,,,,,,,
1201,200912.627,8163357.634,1558.732,,,,,,,,,
1202,200912.533,8163356.997,1558.727,,,,,,,,,
1203,200912.518,8163395.384,1557.968,,,,,,,,,
1204,200912.507,8163394.424,1557.963,,,,,,,,,
1205,200918.686,8163394.281,1558.381,,,,,,,,,
1206,200918.669,8163395.006,1558.384,,,,,,,,,
1207,200912.521,8163432.107,1557.722,,,,,,,,,
1208,200918.726,8163431.961,1557.992,,,,,,,,,
1209,200924.908,8163432.088,1558.183,,,,,,,,,
1210,200931.114,8163431.959,1558.083,,,,,,,,,
1211,200930.926,8163394.319,1558.569,,,,,,,,,
1212,200931.067,8163394.959,1558.609,,,,,,,,,
1213,200924.959,8163395.353,1558.489,,,,,,,,,
1214,200924.896,8163394.55,1558.555,,,,,,,,,
1215,200924.977,8163357.62,1558.705,,,,,,,,,
1216,200924.889,8163357.028,1558.879,,,,,,,,,
1217,200930.939,8163356.969,1558.816,,,,,,,,,
1218,200931.112,8163357.541,1558.611,,,,,,,,,
1219,200931.113,8163319.202,1559.661,,,,,,,,,
1220,200931.144,8163319.94,1559.669,,,,,,,,,
1221,200925.201,8163320.237,1559.94,,,,,,,,,
1222,200924.933,8163319.402,1560.051,,,,,,,,,
1223,200924.937,8163282.595,1560.863,,,,,,,,,
1224,200924.9,8163281.869,1560.857,,,,,,,,,
1225,200931.061,8163281.75,1560.705,,,,,,,,,
1226,200931.125,8163282.452,1560.582,,,,,,,,,
1227,200930.965,8163244.138,1562.165,,,,,,,,,
1228,200931.096,8163244.778,1562.186,,,,,,,,,
1229,200924.971,8163245.127,1562.309,,,,,,,,,
1230,200924.932,8163244.243,1562.336,,,,,,,,,
1231,200924.865,8163207.444,1563.085,,,,,,,,,
1232,200931.122,8163207.326,1563.278,,,,,,,,,
1233,200937.3,8163207.359,1563.396,,,,,,,,,
1234,200943.532,8163207.368,1563.375,,,,,,,,,
1235,200943.452,8163244.143,1562.447,,,,,,,,,
1236,200943.478,8163244.878,1562.442,,,,,,,,,
1237,200937.329,8163244.245,1562.209,,,,,,,,,
1238,200937.343,8163245.182,1562.192,,,,,,,,,
1239,200937.332,8163282.563,1560.691,,,,,,,,,
1240,200937.291,8163281.888,1560.87,,,,,,,,,
1241,200943.381,8163281.78,1560.65,,,,,,,,,
1242,200943.485,8163282.428,1560.859,,,,,,,,,
1243,200943.466,8163319.222,1560.079,,,,,,,,,
1244,200943.496,8163319.918,1560.104,,,,,,,,,
1245,200937.413,8163320.268,1559.785,,,,,,,,,
1246,200937.353,8163319.377,1559.846,,,,,,,,,
1247,200937.323,8163357.7,1558.863,,,,,,,,,
1248,200937.276,8163357.009,1559.065,,,,,,,,,
1249,200943.466,8163357.658,1559.462,,,,,,,,,
1250,200943.48,8163356.896,1559.738,,,,,,,,,
1251,200943.41,8163395.03,1558.997,,,,,,,,,
1252,200943.446,8163394.456,1559.013,,,,,,,,,
1253,200937.275,8163395.409,1558.582,,,,,,,,,
1254,200937.28,8163394.468,1558.612,,,,,,,,,
1255,200937.316,8163432.114,1558.31,,,,,,,,,
1256,200943.496,8163431.991,1558.51,,,,,,,,,
1257,200949.671,8163431.952,1558.682,,,,,,,,,
1258,200949.726,8163395.253,1559.16,,,,,,,,,
1259,200949.681,8163394.469,1559.197,,,,,,,,,
1260,200949.66,8163357.671,1559.67,,,,,,,,,
1261,200949.685,8163356.967,1559.702,,,,,,,,,
1262,200949.69,8163320.272,1560.561,,,,,,,,,
1263,200949.69,8163319.293,1560.593,,,,,,,,,
1264,200949.679,8163282.534,1560.199,,,,,,,,,
1265,200949.673,8163281.901,1560.141,,,,,,,,,
1266,200949.922,8163245.198,1562.732,,,,,,,,,
1267,200949.71,8163244.257,1562.858,,,,,,,,,
1268,200949.782,8163207.511,1563.415,,,,,,,,,
1269,199031.451,8164147.664,1511.897,,,,,,,,,
1270,199031.453,8164184.745,1512.494,,,,,,,,,
1271,199031.446,8164185.005,1512.488,,,,,,,,,
1272,199031.454,8164222.09,1511.804,,,,,,,,,
1273,199031.507,8164222.77,1511.518,,,,,,,,,
1274,199031.485,8164259.837,1512.63,,,,,,,,,
1275,199031.482,8164260.094,1512.624,,,,,,,,,
1276,199031.457,8164297.179,1512.855,,,,,,,,,
1277,199031.517,8164298.032,1513.178,,,,,,,,,
1278,199031.467,8164335.129,1513.11,,,,,,,,,
1279,199031.474,8164335.259,1513.106,,,,,,,,,
1280,199031.412,8164372.345,1513.057,,,,,,,,,
1281,199031.428,8164373.099,1513.166,,,,,,,,,
1282,199031.476,8164391.79,1513.327,,,,,,,,,
1283,199031.469,8164391.927,1513.327,,,,,,,,,
1284,199031.496,8164410.603,1513.501,,,,,,,,,
1285,199037.719,8164410.657,1513.644,,,,,,,,,
1286,199043.867,8164410.691,1513.544,,,,,,,,,
1287,199043.914,8164373.468,1513.455,,,,,,,,,
1288,199043.869,8164373.109,1513.289,,,,,,,,,
1289,199037.668,8164373.159,1513.149,,,,,,,,,
1290,199037.684,8164372.353,1513.142,,,,,,,,,
1291,199037.71,8164335.598,1513.187,,,,,,,,,
1292,199037.705,8164334.756,1513.184,,,,,,,,,
1293,199043.881,8164336.376,1513.03,,,,,,,,,
1294,199043.874,8164335.502,1513.412,,,,,,,,,
1295,199043.869,8164298.558,1513.222,,,,,,,,,
1296,199043.87,8164297.899,1513.202,,,,,,,,,
1297,199037.734,8164298.037,1513.247,,,,,,,,,
1298,199037.7,8164297.345,1513.226,,,,,,,,,
1299,199037.704,8164260.261,1512.737,,,,,,,,,
1300,199037.696,8164259.586,1512.75,,,,,,,,,
1301,199043.907,8164261.173,1512.97,,,,,,,,,
1302,199043.863,8164260.431,1512.784,,,,,,,,,
1303,199037.706,8164222.921,1511.94,,,,,,,,,
1304,199037.652,8164222.262,1512.053,,,,,,,,,
1305,199043.879,8164223.504,1512.17,,,,,,,,,
1306,199043.878,8164222.701,1512.162,,,,,,,,,
1307,199043.866,8164185.347,1512.598,,,,,,,,,
1308,199037.66,8164185.55,1512.443,,,,,,,,,
1309,199037.671,8164184.546,1512.484,,,,,,,,,
1310,199037.644,8164147.808,1512.285,,,,,,,,,
1311,199043.874,8164148.451,1512.465,,,,,,,,,
1312,199043.852,8164147.578,1512.452,,,,,,,,,
1313,199043.875,8164110.898,1512.713,,,,,,,,,
1314,199050.085,8164111.048,1512.834,,,,,,,,,
1315,199056.269,8164111.004,1512.812,,,,,,,,,
1316,199050.09,8164147.743,1512.633,,,,,,,,,
1317,199050.1,8164148.8,1512.588,,,,,,,,,
1318,199056.268,8164147.702,1512.788,,,,,,,,,
1319,199056.283,8164148.39,1512.8,,,,,,,,,
1320,199050.158,8164185.188,1513.154,,,,,,,,,
1321,199050.109,8164186.11,1512.708,,,,,,,,,
1322,199056.256,8164185.308,1512.736,,,,,,,,,
1323,199056.283,8164186.105,1512.518,,,,,,,,,
1324,199050.154,8164223.887,1512.51,,,,,,,,,
1325,199056.273,8164222.793,1512.721,,,,,,,,,
1326,199056.283,8164223.467,1512.719,,,,,,,,,
1327,199050.251,8164260.404,1513.209,,,,,,,,,
1328,199050.177,8164261.261,1513.116,,,,,,,,,
1329,199056.263,8164260.413,1512.88,,,,,,,,,
1330,199056.208,8164261.124,1513.143,,,,,,,,,
1331,199050.172,8164297.952,1513.391,,,,,,,,,
1332,199050.152,8164298.862,1513.339,,,,,,,,,
1333,199056.249,8164297.845,1513.433,,,,,,,,,
1334,199056.261,8164298.658,1513.441,,,,,,,,,
1335,199050.141,8164335.567,1513.591,,,,,,,,,
1336,199050.096,8164336.395,1513.278,,,,,,,,,
1337,199056.264,8164335.584,1513.446,,,,,,,,,
1338,199056.258,8164336.334,1513.352,,,,,,,,,
1339,199050.22,8164373.97,1513.58,,,,,,,,,
1340,199056.231,8164373.067,1513.54,,,,,,,,,
1341,199056.228,8164373.699,1513.543,,,,,,,,,
1342,199050.085,8164410.716,1513.579,,,,,,,,,
1343,199056.215,8164410.656,1513.77,,,,,,,,,
1344,199062.418,8164410.649,1513.896,,,,,,,,,
1345,199068.656,8164410.639,1514.046,,,,,,,,,
1346,199068.577,8164373.83,1514.051,,,,,,,,,
1347,199068.583,8164373.238,1514.077,,,,,,,,,
1348,199062.464,8164373.924,1513.724,,,,,,,,,
1349,199062.475,8164373.061,1513.704,,,,,,,,,
1350,199062.357,8164336.57,1513.856,,,,,,,,,
1351,199062.489,8164335.683,1513.547,,,,,,,,,
1352,199068.676,8164336.326,1513.874,,,,,,,,,
1353,199068.656,8164335.554,1513.681,,,,,,,,,
1354,199068.651,8164298.618,1513.679,,,,,,,,,
1355,199068.643,8164297.854,1513.689,,,,,,,,,
1356,199062.45,8164298.959,1513.548,,,,,,,,,
1357,199062.441,8164297.994,1513.513,,,,,,,,,
1358,199062.409,8164261.243,1513.309,,,,,,,,,
1359,199062.46,8164260.463,1513.024,,,,,,,,,
1360,199068.664,8164261.116,1513.295,,,,,,,,,
1361,199068.676,8164260.478,1513.193,,,,,,,,,
1362,199068.683,8164223.536,1513.057,,,,,,,,,
1363,199068.681,8164222.844,1513.041,,,,,,,,,
1364,199062.496,8164223.748,1512.796,,,,,,,,,
1365,199062.493,8164222.834,1512.812,,,,,,,,,
1366,199062.493,8164186.146,1512.53,,,,,,,,,
1367,199062.498,8164185.342,1512.723,,,,,,,,,
1368,199068.673,8164186.151,1512.914,,,,,,,,,
1369,199068.678,8164185.334,1512.828,,,,,,,,,
1370,199068.691,8164148.437,1512.99,,,,,,,,,
1371,199068.691,8164147.749,1513.001,,,,,,,,,
1372,199062.501,8164148.624,1512.823,,,,,,,,,
1373,199062.5,8164147.747,1512.818,,,,,,,,,
1374,199062.481,8164111.03,1512.877,,,,,,,,,
1375,199068.707,8164111.018,1513.121,,,,,,,,,
1376,199074.946,8164111.121,1513.02,,,,,,,,,
1377,199081.116,8164111.016,1513.347,,,,,,,,,
1378,199081.088,8164147.744,1513.347,,,,,,,,,
1379,199081.1,8164148.421,1513.337,,,,,,,,,
1380,199074.932,8164147.783,1513.199,,,,,,,,,
1381,199074.94,8164148.633,1513.196,,,,,,,,,
1382,199074.916,8164185.332,1513.156,,,,,,,,,
1383,199074.923,8164186.121,1513.025,,,,,,,,,
1384,199081.054,8164185.326,1513.339,,,,,,,,,
1385,199081.091,8164186.017,1513.53,,,,,,,,,
1386,199081.094,8164222.729,1513.168,,,,,,,,,
1387,199081.104,8164223.537,1513.19,,,,,,,,,
1388,199074.936,8164222.859,1513.193,,,,,,,,,
1389,199074.931,8164223.722,1513.173,,,,,,,,,
1390,199074.908,8164260.405,1513.36,,,,,,,,,
1391,199074.886,8164261.259,1513.444,,,,,,,,,
1392,199081.058,8164260.459,1513.919,,,,,,,,,
1393,199080.966,8164261.207,1514.003,,,,,,,,,
1394,199081,8164297.957,1514.03,,,,,,,,,
1395,199080.983,8164298.509,1514.129,,,,,,,,,
1396,199074.911,8164298.004,1514.129,,,,,,,,,
1397,199074.892,8164298.991,1514.106,,,,,,,,,
1398,199081.009,8164335.526,1514.213,,,,,,,,,
1399,199081.049,8164336.317,1514.374,,,,,,,,,
1400,199074.932,8164335.729,1514.013,,,,,,,,,
1401,199074.915,8164336.337,1513.982,,,,,,,,,
1402,199074.88,8164373.141,1515.894,,,,,,,,,
1403,199074.915,8164373.925,1514.128,,,,,,,,,
1404,199081.059,8164373.129,1514.407,,,,,,,,,
1405,199081.058,8164373.744,1514.419,,,,,,,,,
1406,199075.031,8164410.672,1514.386,,,,,,,,,
1407,199081.1,8164410.66,1514.423,,,,,,,,,
1408,199087.318,8164410.687,1514.58,,,,,,,,,
1409,199093.49,8164407.039,1514.733,,,,,,,,,
1410,199087.336,8164373.96,1514.504,,,,,,,,,
1411,199087.384,8164373.216,1514.56,,,,,,,,,
1412,199093.251,8164370.216,1514.851,,,,,,,,,
1413,199093.448,8164369.465,1514.689,,,,,,,,,
1414,199087.301,8164336.388,1514.428,,,,,,,,,
1415,199087.251,8164335.575,1514.287,,,,,,,,,
1416,199093.418,8164332.768,1514.602,,,,,,,,,
1417,199093.514,8164332.006,1514.543,,,,,,,,,
1418,199087.238,8164298.835,1514.173,,,,,,,,,
1419,199087.262,8164297.943,1514.16,,,,,,,,,
1420,199093.461,8164295.046,1514.478,,,,,,,,,
1421,199093.464,8164294.247,1514.486,,,,,,,,,
1422,199087.257,8164260.597,1513.973,,,,,,,,,
1423,199093.485,8164257.494,1513.792,,,,,,,,,
1424,199093.516,8164256.803,1513.718,,,,,,,,,
1425,199087.287,8164223.879,1513.297,,,,,,,,,
1426,199087.283,8164222.859,1513.315,,,,,,,,,
1427,199093.481,8164219.862,1513.56,,,,,,,,,
1428,199093.479,8164219.233,1513.556,,,,,,,,,
1429,199087.304,8164186.141,1513.562,,,,,,,,,
1430,199087.379,8164185.405,1513.313,,,,,,,,,
1431,199093.404,8164182.486,1513.362,,,,,,,,,
1432,199093.427,8164181.757,1513.512,,,,,,,,,
1433,199093.29,8164163.376,1513.555,,,,,,,,,
1434,199093.447,8164162.619,1513.527,,,,,,,,,
1435,199087.3,8164148.663,1513.394,,,,,,,,,
1436,199087.303,8164147.774,1513.414,,,,,,,,,
1437,199093.499,8164144.231,1513.498,,,,,,,,,
1438,199087.286,8164111.051,1513.48,,,,,,,,,
1439,199099.735,8164144.175,1513.782,,,,,,,,,
1440,199105.966,8164144.229,1514.056,,,,,,,,,
1441,199105.955,8164162.575,1513.947,,,,,,,,,
1442,199105.955,8164163.192,1513.954,,,,,,,,,
1443,199099.698,8164162.574,1513.756,,,,,,,,,
1444,199099.704,8164163.389,1513.743,,,,,,,,,
1445,199099.678,8164181.71,1513.728,,,,,,,,,
1446,199099.622,8164182.518,1513.518,,,,,,,,,
1447,199105.936,8164181.773,1513.818,,,,,,,,,
1448,199105.802,8164182.574,1513.543,,,,,,,,,
1449,199105.904,8164218.908,1512.993,,,,,,,,,
1450,199105.874,8164219.984,1513.779,,,,,,,,,
1451,199099.702,8164219.254,1513.682,,,,,,,,,
1452,199099.688,8164220.072,1513.709,,,,,,,,,
1453,199099.672,8164256.791,1514.037,,,,,,,,,
1454,199099.675,8164257.64,1514.037,,,,,,,,,
1455,199105.894,8164256.864,1513.953,,,,,,,,,
1456,199105.922,8164257.492,1514.214,,,,,,,,,
1457,199099.704,8164294.359,1514.484,,,,,,,,,
1458,199099.711,8164295.385,1514.499,,,,,,,,,
1459,199105.87,8164295.144,1514.58,,,,,,,,,
1460,199105.911,8164294.786,1514.589,,,,,,,,,
1461,199104.872,8164331.736,1515.581,,,,,,,,,
1462,199105.913,8164332.702,1514.713,,,,,,,,,
1463,199099.731,8164332.103,1514.691,,,,,,,,,
1464,199099.682,8164332.812,1514.741,,,,,,,,,
1465,199099.916,8164370.252,1514.826,,,,,,,,,
1466,199099.676,8164369.576,1514.758,,,,,,,,,
1467,199105.87,8164369.55,1515.353,,,,,,,,,
1468,199105.926,8164370.078,1514.902,,,,,,,,,
1469,199099.726,8164407.109,1514.784,,,,,,,,,
1470,199105.961,8164407.068,1515.078,,,,,,,,,
1471,199112.195,8164407.065,1515.171,,,,,,,,,
1472,199118.293,8164391.739,1515.392,,,,,,,,,
1473,199112.068,8164370.25,1515.102,,,,,,,,,
1474,199112.161,8164369.511,1515.061,,,,,,,,,
1475,199118.234,8164354.794,1515.243,,,,,,,,,
1476,199118.245,8164354.168,1515.228,,,,,,,,,
1477,199112.224,8164332.842,1514.903,,,,,,,,,
1478,199112.155,8164332.084,1515.054,,,,,,,,,
1479,199118.211,8164317.414,1515.012,,,,,,,,,
1480,199118.246,8164316.596,1515.276,,,,,,,,,
1481,199112.167,8164295.347,1514.795,,,,,,,,,
1482,199112.168,8164294.345,1514.78,,,,,,,,,
1483,199118.224,8164279.659,1514.82,,,,,,,,,
1484,199118.237,8164278.99,1514.775,,,,,,,,,
1485,199112.227,8164257.652,1514.337,,,,,,,,,
1486,199112.101,8164256.869,1514.004,,,,,,,,,
1487,199118.146,8164242.105,1514.278,,,,,,,,,
1488,199118.221,8164241.517,1513.778,,,,,,,,,
1489,199112.113,8164220.124,1513.858,,,,,,,,,
1490,199112.103,8164219.286,1513.865,,,,,,,,,
1491,199117.753,8164204.826,1514.073,,,,,,,,,
1492,199118.242,8164203.808,1514.084,,,,,,,,,
1493,199112.095,8164182.524,1513.671,,,,,,,,,
1494,199112.127,8164181.733,1514.047,,,,,,,,,
1495,199112.168,8164163.355,1514.057,,,,,,,,,
1496,199112.175,8164162.566,1514.051,,,,,,,,,
1497,199112.156,8164144.215,1514.114,,,,,,,,,
1498,199118.256,8164167.07,1514.318,,,,,,,,,
1499,199124.526,8164167.23,1514.269,,,,,,,,,
1500,199130.66,8164167.132,1514.226,,,,,,,,,
1501,199124.522,8164203.969,1514.012,,,,,,,,,
1502,199124.531,8164204.934,1514.018,,,,,,,,,
1503,199130.549,8164204.521,1514.327,,,,,,,,,
1504,199130.616,8164203.924,1514.319,,,,,,,,,
1505,199130.669,8164242.281,1514.337,,,,,,,,,
1506,199130.631,8164241.503,1514.352,,,,,,,,,
1507,199124.475,8164241.67,1514.146,,,,,,,,,
1508,199124.448,8164242.319,1514.505,,,,,,,,,
1509,199124.608,8164279.075,1514.736,,,,,,,,,
1510,199124.537,8164279.915,1514.898,,,,,,,,,
1511,199130.683,8164279.009,1514.915,,,,,,,,,
1512,199130.656,8164279.645,1514.942,,,,,,,,,
1513,199130.657,8164316.601,1515.475,,,,,,,,,
1514,199130.651,8164317.393,1515.672,,,,,,,,,
1515,199124.459,8164316.645,1515.423,,,,,,,,,
1516,199124.422,8164317.422,1515.33,,,,,,,,,
1517,199130.656,8164354.787,1515.751,,,,,,,,,
1518,199130.642,8164354.165,1515.759,,,,,,,,,
1519,199124.45,8164354.16,1515.445,,,,,,,,,
1520,199124.451,8164355.018,1515.46,,,,,,,,,
1521,199124.498,8164391.755,1515.538,,,,,,,,,
1522,199130.634,8164391.713,1515.801,,,,,,,,,
1523,199136.933,8164391.859,1515.783,,,,,,,,,
1524,199143.143,8164391.752,1515.958,,,,,,,,,
1525,199136.924,8164355.04,1515.833,,,,,,,,,
1526,199136.886,8164354.198,1515.809,,,,,,,,,
1527,199143.089,8164354.775,1515.934,,,,,,,,,
1528,199143.073,8164354.143,1515.953,,,,,,,,,
1529,199143.017,8164317.416,1515.895,,,,,,,,,
1530,199143.07,8164316.647,1515.669,,,,,,,,,
1531,199136.895,8164317.461,1515.8,,,,,,,,,
1532,199136.893,8164316.625,1515.544,,,,,,,,,
1533,199136.924,8164279.89,1514.965,,,,,,,,,
1534,199136.889,8164279.048,1514.954,,,,,,,,,
1535,199143.069,8164279.708,1515.002,,,,,,,,,
1536,199143.072,8164279.022,1514.992,,,,,,,,,
1537,199143.048,8164242.296,1514.304,,,,,,,,,
1538,199143.027,8164241.561,1514.449,,,,,,,,,
1539,199136.919,8164241.546,1514.321,,,,,,,,,
1540,199136.878,8164242.288,1514.397,,,,,,,,,
1541,199136.86,8164204.718,1513.877,,,,,,,,,
1542,199136.861,8164203.999,1514.342,,,,,,,,,
1543,199143.042,8164204.641,1514.481,,,,,,,,,
1544,199143.028,8164203.966,1514.488,,,,,,,,,
1545,199136.839,8164167.207,1514.328,,,,,,,,,
1546,199143.022,8164167.225,1514.509,,,,,,,,,
1547,199149.238,8164167.18,1514.82,,,,,,,,,
1548,199155.483,8164167.203,1514.899,,,,,,,,,
1549,199155.453,8164203.933,1514.86,,,,,,,,,
1550,199155.451,8164204.586,1514.855,,,,,,,,,
1551,199149.261,8164203.971,1514.685,,,,,,,,,
1552,199149.27,8164204.786,1514.68,,,,,,,,,
1553,199149.25,8164241.481,1514.536,,,,,,,,,
1554,199149.275,8164242.32,1514.476,,,,,,,,,
1555,199155.446,8164241.516,1514.783,,,,,,,,,
1556,199155.426,8164242.316,1514.731,,,,,,,,,
1557,199155.454,8164279.026,1515.36,,,,,,,,,
1558,199155.467,8164279.708,1515.384,,,,,,,,,
1559,199149.267,8164279.05,1515.355,,,,,,,,,
1560,199149.278,8164279.92,1515.362,,,,,,,,,
1561,199149.285,8164317.417,1516.056,,,,,,,,,
1562,199149.261,8164316.658,1516.228,,,,,,,,,
1563,199155.455,8164316.63,1515.993,,,,,,,,,
1564,199155.401,8164317.409,1516.044,,,,,,,,,
1565,199155.391,8164354.215,1516.205,,,,,,,,,
1566,199155.422,8164354.757,1516.227,,,,,,,,,
1567,199149.355,8164354.208,1516.061,,,,,,,,,
1568,199149.345,8164354.972,1516.046,,,,,,,,,
1569,199149.45,8164391.73,1516.047,,,,,,,,,
1570,199155.46,8164391.752,1516.302,,,,,,,,,
1571,199161.671,8164391.726,1516.327,,,,,,,,,
1572,199167.863,8164391.723,1516.55,,,,,,,,,
1573,199161.669,8164355.008,1516.28,,,,,,,,,
1574,199161.665,8164354.164,1516.267,,,,,,,,,
1575,199167.85,8164354.752,1516.494,,,,,,,,,
1576,199167.839,8164354.117,1516.489,,,,,,,,,
1577,199161.668,8164317.384,1516.239,,,,,,,,,
1578,199161.669,8164316.663,1516.195,,,,,,,,,
1579,199167.788,8164317.364,1516.378,,,,,,,,,
1580,199167.837,8164316.614,1516.368,,,,,,,,,
1581,199161.733,8164279.923,1515.481,,,,,,,,,
1582,199161.661,8164279.093,1515.502,,,,,,,,,
1583,199167.856,8164279.693,1515.712,,,,,,,,,
1584,199167.876,8164278.87,1515.704,,,,,,,,,
1585,199161.65,8164242.319,1514.746,,,,,,,,,
1586,199161.644,8164241.539,1514.899,,,,,,,,,
1587,199167.877,8164242.163,1514.836,,,,,,,,,
1588,199167.868,8164241.519,1515.048,,,,,,,,,
1589,199167.899,8164204.596,1515.049,,,,,,,,,
1590,199167.888,8164203.919,1515.09,,,,,,,,,
1591,199161.659,8164204.815,1514.913,,,,,,,,,
1592,199161.659,8164203.953,1514.961,,,,,,,,,
1593,199167.908,8164167.205,1515.137,,,,,,,,,
1594,199174.096,8164167.199,1515.257,,,,,,,,,
1595,199174.102,8164204.806,1515.229,,,,,,,,,
1596,199180.207,8164200.578,1515.394,,,,,,,,,
1597,199180.199,8164218.888,1515.238,,,,,,,,,
1598,199180.191,8164219.488,1515.194,,,,,,,,,
1599,199180.844,8164238.026,1517.364,,,,,,,,,
1600,199174.1,8164241.525,1515.186,,,,,,,,,
1601,199174.073,8164242.349,1514.923,,,,,,,,,
1602,199180.099,8164275.656,1516.074,,,,,,,,,
1603,199180.185,8164276.247,1516.07,,,,,,,,,
1604,199174.079,8164280.036,1516.047,,,,,,,,,
1605,199174.074,8164279.063,1516.017,,,,,,,,,
1606,199174.165,8164317.3,1516.386,,,,,,,,,
1607,199174.184,8164316.992,1516.522,,,,,,,,,
1608,199180.184,8164313.207,1516.792,,,,,,,,,
1609,199180.202,8164313.969,1516.597,,,,,,,,,
1610,199180.241,8164350.733,1516.708,,,,,,,,,
1611,199180.248,8164351.344,1516.7,,,,,,,,,
1612,199174.083,8164354.965,1516.651,,,,,,,,,
1613,199174.08,8164354.192,1516.647,,,,,,,,,
1614,199174.09,8164391.729,1516.851,,,,,,,,,
1615,199180.274,8164388.294,1516.809,,,,,,,,,
1616,199186.488,8164388.348,1516.97,,,,,,,,,
1617,199192.65,8164388.336,1517.146,,,,,,,,,
1618,199186.449,8164351.598,1516.852,,,,,,,,,
1619,199186.445,8164350.759,1516.863,,,,,,,,,
1620,199192.643,8164351.39,1517.059,,,,,,,,,
1621,199192.629,8164350.761,1517.062,,,,,,,,,
1622,199192.631,8164314.018,1516.986,,,,,,,,,
1623,199192.603,8164313.194,1516.971,,,,,,,,,
1624,199186.416,8164314.017,1516.636,,,,,,,,,
1625,199186.422,8164313.264,1516.888,,,,,,,,,
1626,199192.631,8164275.614,1516.279,,,,,,,,,
1627,199192.647,8164276.249,1516.276,,,,,,,,,
1628,199186.437,8164276.511,1516.166,,,,,,,,,
1629,199186.428,8164275.676,1516.144,,,,,,,,,
1630,199186.487,8164238.941,1515.306,,,,,,,,,
1631,199186.417,8164238.115,1515.47,,,,,,,,,
1632,199192.663,8164238.887,1515.577,,,,,,,,,
1633,199192.646,8164238.141,1515.484,,,,,,,,,
1634,199186.4,8164219.766,1515.595,,,,,,,,,
1635,199186.384,8164218.942,1515.604,,,,,,,,,
1636,199192.625,8164219.58,1515.754,,,,,,,,,
1637,199192.613,8164218.958,1515.739,,,,,,,,,
1638,199186.391,8164200.608,1515.746,,,,,,,,,
1639,199192.553,8164200.614,1515.988,,,,,,,,,
1640,199198.782,8164200.556,1516.002,,,,,,,,,
1641,199198.848,8164218.898,1515.844,,,,,,,,,
1642,199198.861,8164219.701,1515.823,,,,,,,,,
1643,199205.015,8164216.173,1515.811,,,,,,,,,
1644,199198.902,8164238.056,1515.641,,,,,,,,,
1645,199198.849,8164238.909,1515.744,,,,,,,,,
1646,199205.035,8164252.883,1516.152,,,,,,,,,
1647,199205.04,8164253.567,1516.158,,,,,,,,,
1648,199198.825,8164275.62,1516.49,,,,,,,,,
1649,199198.841,8164276.499,1516.436,,,,,,,,,
1650,199205.058,8164290.49,1516.519,,,,,,,,,
1651,199204.998,8164291.314,1516.612,,,,,,,,,
1652,199198.821,8164313.232,1517.092,,,,,,,,,
1653,199198.816,8164314.029,1516.973,,,,,,,,,
1654,199204.979,8164328.033,1517.072,,,,,,,,,
1655,199205.022,8164328.697,1517.031,,,,,,,,,
1656,199198.875,8164350.751,1517.178,,,,,,,,,
1657,199198.831,8164351.631,1517.11,,,,,,,,,
1658,199205.049,8164365.555,1517.544,,,,,,,,,
1659,199198.846,8164388.335,1517.232,,,,,,,,,
1660,199211.301,8164365.579,1517.538,,,,,,,,,
1661,199217.396,8164365.591,1517.791,,,,,,,,,
1662,199211.599,8164329.481,1516.371,,,,,,,,,
1663,199211.246,8164328.013,1517.112,,,,,,,,,
1664,199217.382,8164328.665,1517.298,,,,,,,,,
1665,199217.386,8164327.982,1517.299,,,,,,,,,
1666,199217.429,8164291.277,1516.795,,,,,,,,,
1667,199217.396,8164290.506,1517.071,,,,,,,,,
1668,199211.243,8164291.272,1516.664,,,,,,,,,
1669,199211.312,8164290.491,1516.581,,,,,,,,,
1670,199211.296,8164253.741,1516.318,,,,,,,,,
1671,199211.288,8164252.914,1516.317,,,,,,,,,
1672,199217.391,8164253.567,1516.197,,,,,,,,,
1673,199217.376,8164252.801,1516.18,,,,,,,,,
1674,199211.243,8164216.161,1516.011,,,,,,,,,
1675,199217.37,8164216.048,1516.198,,,,,,,,,
1676,199223.608,8164216.171,1516.424,,,,,,,,,
1677,199229.8,8164216.165,1516.57,,,,,,,,,
1678,199229.781,8164252.88,1516.879,,,,,,,,,
1679,199229.793,8164253.56,1516.89,,,,,,,,,
1680,199223.61,8164252.921,1516.584,,,,,,,,,
1681,199223.619,8164253.882,1516.569,,,,,,,,,
1682,199223.632,8164290.429,1515.995,,,,,,,,,
1683,199223.667,8164291.287,1516.935,,,,,,,,,
1684,199229.827,8164290.494,1517.152,,,,,,,,,
1685,199229.834,8164291.299,1516.987,,,,,,,,,
1686,199229.83,8164328.082,1518.262,,,,,,,,,
1687,199229.818,8164328.659,1517.443,,,,,,,,,
1688,199223.633,8164328.018,1517.33,,,,,,,,,
1689,199223.654,8164328.846,1517.323,,,,,,,,,
1690,199223.609,8164365.58,1517.775,,,,,,,,,
1691,199229.796,8164365.593,1517.925,,,,,,,,,
1692,199236.026,8164365.59,1518.011,,,,,,,,,
1693,199242.307,8164365.598,1518.083,,,,,,,,,
1694,199236.043,8164328.861,1517.619,,,,,,,,,
1695,199236.03,8164327.996,1517.637,,,,,,,,,
1696,199242.268,8164328.654,1517.802,,,,,,,,,
1697,199242.269,8164328.016,1517.793,,,,,,,,,
1698,199236.046,8164291.285,1517.259,,,,,,,,,
1699,199236.047,8164290.514,1517.338,,,,,,,,,
1700,199242.222,8164291.294,1517.481,,,,,,,,,
1701,199242.215,8164290.496,1517.542,,,,,,,,,
1702,199242.249,8164252.885,1517.061,,,,,,,,,
1703,199242.247,8164253.546,1517.083,,,,,,,,,
1704,199236.05,8164252.923,1516.924,,,,,,,,,
1705,199236.059,8164253.743,1516.966,,,,,,,,,
1706,199236.022,8164216.192,1516.556,,,,,,,,,
1707,199242.263,8164216.147,1516.66,,,,,,,,,
1708,199248.426,8164216.142,1516.836,,,,,,,,,
1709,199248.456,8164252.882,1517.206,,,,,,,,,
1710,199248.463,8164253.717,1517.217,,,,,,,,,
1711,199254.581,8164248.897,1517.28,,,,,,,,,
1712,199254.62,8164267.243,1517.545,,,,,,,,,
1713,199254.62,8164267.851,1517.534,,,,,,,,,
1714,199254.643,8164286.394,1517.815,,,,,,,,,
1715,199254.601,8164287.239,1517.812,,,,,,,,,
1716,199248.433,8164290.477,1517.52,,,,,,,,,
1717,199248.408,8164291.296,1517.66,,,,,,,,,
1718,199254.626,8164323.972,1518.107,,,,,,,,,
1719,199254.63,8164324.616,1518.104,,,,,,,,,
1720,199248.44,8164328.857,1517.968,,,,,,,,,
1721,199248.431,8164328.004,1517.968,,,,,,,,,
1722,199248.508,8164365.595,1518.226,,,,,,,,,
1723,199254.677,8164361.566,1518.424,,,,,,,,,
1724,199260.874,8164361.552,1518.585,,,,,,,,,
1725,199267.056,8164361.552,1518.707,,,,,,,,,
1726,199260.862,8164324.813,1518.294,,,,,,,,,
1727,199260.841,8164323.98,1518.296,,,,,,,,,
1728,199267.042,8164324.617,1518.352,,,,,,,,,
1729,199267.032,8164323.941,1518.351,,,,,,,,,
1730,199260.796,8164287.247,1517.967,,,,,,,,,
1731,199260.855,8164286.459,1518.048,,,,,,,,,
1732,199266.995,8164287.23,1517.931,,,,,,,,,
1733,199267.024,8164286.445,1517.874,,,,,,,,,
1734,199260.78,8164248.956,1517.531,,,,,,,,,
1735,199267.006,8164248.948,1517.68,,,,,,,,,
1736,199273.23,8164248.962,1517.984,,,,,,,,,
1737,199279.417,8164248.8,1518.173,,,,,,,,,
1738,199279.403,8164267.168,1518.104,,,,,,,,,
1739,199279.409,8164267.894,1518.106,,,,,,,,,
1740,199273.23,8164267.322,1518.102,,,,,,,,,
1741,199273.247,8164268.101,1518.082,,,,,,,,,
1742,199273.277,8164286.449,1518.232,,,,,,,,,
1743,199273.166,8164287.221,1518.326,,,,,,,,,
1744,199279.356,8164287.218,1518.427,,,,,,,,,
1745,199279.395,8164286.453,1518.198,,,,,,,,,
1746,199279.412,8164323.945,1518.73,,,,,,,,,
1747,199279.411,8164324.564,1518.741,,,,,,,,,
1748,199273.229,8164324.803,1518.617,,,,,,,,,
1749,199273.215,8164323.956,1518.628,,,,,,,,,
1750,199273.239,8164361.546,1518.884,,,,,,,,,
1751,199279.461,8164361.535,1518.996,,,,,,,,,
1752,199285.692,8164361.581,1519.112,,,,,,,,,
1753,199291.833,8164361.56,1519.241,,,,,,,,,
1754,199285.668,8164324.848,1518.874,,,,,,,,,
1755,199285.663,8164323.996,1518.863,,,,,,,,,
1756,199291.803,8164324.628,1518.989,,,,,,,,,
1757,199291.795,8164323.977,1518.995,,,,,,,,,
1758,199291.742,8164287.212,1518.702,,,,,,,,,
1759,199291.778,8164286.45,1518.636,,,,,,,,,
1760,199285.61,8164287.259,1518.572,,,,,,,,,
1761,199285.576,8164286.563,1518.607,,,,,,,,,
1762,199285.599,8164268.211,1518.208,,,,,,,,,
1763,199285.583,8164267.273,1518.202,,,,,,,,,
1764,199291.783,8164267.865,1518.472,,,,,,,,,
1765,199291.778,8164267.126,1518.462,,,,,,,,,
1766,199285.606,8164248.939,1518.324,,,,,,,,,
1767,199291.834,8164248.78,1518.407,,,,,,,,,
1768,199298.008,8164248.976,1518.793,,,,,,,,,
1769,199298.018,8164267.313,1518.559,,,,,,,,,
1770,199298.024,8164268.224,1518.553,,,,,,,,,
1771,199304.161,8164280.339,1518.567,,,,,,,,,
1772,199298.021,8164286.59,1518.78,,,,,,,,,
1773,199297.961,8164287.252,1518.756,,,,,,,,,
1774,199304.171,8164317.08,1519.21,,,,,,,,,
1775,199304.203,8164317.854,1519.239,,,,,,,,,
1776,199298.032,8164323.966,1519.054,,,,,,,,,
1777,199298.041,8164324.826,1519.057,,,,,,,,,
1778,199298.065,8164361.579,1519.269,,,,,,,,,
1779,199304.245,8164354.771,1519.329,,,,,,,,,
1780,199310.471,8164354.893,1519.545,,,,,,,,,
1781,199316.659,8164354.749,1519.756,,,,,,,,,
1782,199310.412,8164318.188,1519.488,,,,,,,,,
1783,199310.407,8164317.187,1519.479,,,,,,,,,
1784,199316.589,8164317.816,1519.583,,,,,,,,,
1785,199316.577,8164317.008,1519.582,,,,,,,,,
1786,199310.404,8164280.451,1518.37,,,,,,,,,
1787,199316.589,8164280.302,1518.582,,,,,,,,,
1788,199322.794,8164280.447,1518.757,,,,,,,,,
1789,199328.946,8164280.434,1519.242,,,,,,,,,
1790,199328.979,8164317.157,1519.795,,,,,,,,,
1791,199328.969,8164317.802,1519.801,,,,,,,,,
1792,199322.795,8164317.151,1519.782,,,,,,,,,
1793,199322.827,8164318.125,1519.79,,,,,,,,,
1794,199322.848,8164354.873,1519.929,,,,,,,,,
1795,199328.974,8164354.748,1520.281,,,,,,,,,
1796,199335.139,8164354.772,1520.445,,,,,,,,,
1797,199341.418,8164354.723,1520.454,,,,,,,,,
1798,199347.603,8164354.735,1520.568,,,,,,,,,
1799,199347.581,8164318.008,1520.155,,,,,,,,,
1800,199347.56,8164317.17,1520.154,,,,,,,,,
1801,199341.407,8164317.789,1520.047,,,,,,,,,
1802,199341.399,8164317.155,1520.037,,,,,,,,,
1803,199335.186,8164318.066,1519.897,,,,,,,,,
1804,199335.161,8164317.184,1519.885,,,,,,,,,
1805,199335.157,8164280.47,1519.345,,,,,,,,,
1806,199341.334,8164280.413,1519.623,,,,,,,,,
1807,199347.534,8164280.431,1519.745,,,,,,,,,
1808,199696.027,8164070.85,1528.196,,,,,,,,,
1809,199689.845,8164070.883,1528.05,,,,,,,,,
1810,199696.023,8164052.472,1528.195,,,,,,,,,
1811,199696.02,8164051.713,1528.205,,,,,,,,,
1812,199696.018,8164033.346,1528.229,,,,,,,,,
1813,199695.975,8164032.554,1528.6,,,,,,,,,
1814,199696.01,8163995.795,1528.718,,,,,,,,,
1815,199696.006,8163994.939,1528.725,,,,,,,,,
1816,199695.979,8163958.22,1528.811,,,,,,,,,
1817,199695.991,8163957.533,1528.917,,,,,,,,,
1818,199696.04,8163920.794,1529.6,,,,,,,,,
1819,199696.035,8163919.824,1529.587,,,,,,,,,
1820,199696.062,8163883.15,1527.734,,,,,,,,,
1821,199696.092,8163882.471,1527.954,,,,,,,,,
1822,199695.998,8163845.706,1527.918,,,,,,,,,
1823,199696.018,8163844.771,1527.947,,,,,,,,,
1824,199696.011,8163807.956,1529.18,,,,,,,,,
1825,199689.851,8163807.778,1528.605,,,,,,,,,
1826,199683.588,8163808.021,1528.259,,,,,,,,,
1827,199677.377,8163807.884,1527.745,,,,,,,,,
1828,199677.406,8163844.614,1527.583,,,,,,,,,
1829,199677.406,8163845.438,1527.579,,,,,,,,,
1830,199683.624,8163845.726,1527.624,,,,,,,,,
1831,199683.613,8163844.749,1527.625,,,,,,,,,
1832,199689.832,8163844.568,1527.89,,,,,,,,,
1833,199689.831,8163845.384,1527.879,,,,,,,,,
1834,199689.9,8163882.296,1527.815,,,,,,,,,
1835,199689.867,8163883.019,1527.741,,,,,,,,,
1836,199683.634,8163883.109,1527.7,,,,,,,,,
1837,199683.647,8163882.479,1528.038,,,,,,,,,
1838,199677.406,8163883.021,1527.531,,,,,,,,,
1839,199677.455,8163882.349,1527.568,,,,,,,,,
1840,199677.4,8163919.743,1529.411,,,,,,,,,
1841,199677.391,8163920.433,1529.407,,,,,,,,,
1842,199689.838,8163919.764,1529.593,,,,,,,,,
1843,199689.854,8163920.418,1529.6,,,,,,,,,
1844,199683.616,8163920.809,1529.042,,,,,,,,,
1845,199683.623,8163919.824,1529.02,,,,,,,,,
1846,199689.826,8163957.423,1529.097,,,,,,,,,
1847,199689.79,8163958.186,1528.611,,,,,,,,,
1848,199683.587,8163958.206,1528.456,,,,,,,,,
1849,199683.559,8163957.536,1528.717,,,,,,,,,
1850,199689.818,8163994.943,1528.51,,,,,,,,,
1851,199689.814,8163995.594,1528.514,,,,,,,,,
1852,199683.632,8163995.904,1528.319,,,,,,,,,
1853,199683.629,8163994.92,1528.319,,,,,,,,,
1854,199689.806,8164032.507,1528.416,,,,,,,,,
1855,199689.832,8164033.37,1528.113,,,,,,,,,
1856,199683.684,8164033.338,1527.938,,,,,,,,,
1857,199683.631,8164032.684,1528.273,,,,,,,,,
1858,199689.847,8164051.738,1528.087,,,,,,,,,
1859,199689.843,8164052.315,1528.084,,,,,,,,,
1860,199683.691,8164052.474,1527.905,,,,,,,,,
1861,199683.692,8164051.702,1527.911,,,,,,,,,
1862,199683.661,8164070.849,1527.86,,,,,,,,,
1863,199677.43,8164070.836,1527.665,,,,,,,,,
1864,199671.298,8164107.634,1527.444,,,,,,,,,
1865,199665.076,8164107.636,1527.284,,,,,,,,,
1866,199658.789,8164107.648,1527.167,,,,,,,,,
1867,199652.583,8164107.669,1527.086,,,,,,,,,
1868,199646.404,8164107.701,1526.884,,,,,,,,,
1869,199640.24,8164107.675,1526.493,,,,,,,,,
1870,199634.02,8164107.66,1526.334,,,,,,,,,
1871,199627.801,8164107.605,1526.242,,,,,,,,,
1872,199621.605,8164107.677,1525.948,,,,,,,,,
1873,199615.409,8164107.644,1525.99,,,,,,,,,
1874,199609.186,8164107.696,1525.97,,,,,,,,,
1875,199609.24,8164070.943,1526.096,,,,,,,,,
1876,199609.23,8164070.107,1526.106,,,,,,,,,
1877,199615.455,8164070.076,1526.174,,,,,,,,,
1878,199615.455,8164070.704,1526.169,,,,,,,,,
1879,199621.653,8164070.074,1526.205,,,,,,,,,
1880,199621.659,8164070.95,1526.199,,,,,,,,,
1881,199609.243,8164033.359,1526.224,,,,,,,,,
1882,199609.234,8164032.537,1526.336,,,,,,,,,
1883,199615.415,8164032.484,1526.433,,,,,,,,,
1884,199615.464,8164033.311,1526.367,,,,,,,,,
1885,199621.623,8164032.532,1526.635,,,,,,,,,
1886,199621.655,8164033.332,1526.475,,,,,,,,,
1887,199627.841,8164032.531,1526.816,,,,,,,,,
1888,199627.878,8164033.281,1526.522,,,,,,,,,
1889,199627.844,8164070.042,1526.383,,,,,,,,,
1890,199627.853,8164070.652,1526.391,,,,,,,,,
1891,199634.046,8164070.072,1526.576,,,,,,,,,
1892,199634.078,8164070.926,1526.568,,,,,,,,,
1893,199640.266,8164070.129,1526.693,,,,,,,,,
1894,199640.265,8164070.729,1526.696,,,,,,,,,
1895,199646.366,8164070.137,1526.953,,,,,,,,,
1896,199646.431,8164070.943,1526.969,,,,,,,,,
1897,199652.623,8164070.138,1527.182,,,,,,,,,
1898,199652.622,8164070.715,1527.174,,,,,,,,,
1899,199658.832,8164070.106,1527.303,,,,,,,,,
1900,199658.833,8164070.881,1527.325,,,,,,,,,
1901,199665.048,8164070.087,1527.392,,,,,,,,,
1902,199665.046,8164070.655,1527.402,,,,,,,,,
1903,199671.253,8164070.062,1527.58,,,,,,,,,
1904,199671.294,8164070.881,1527.576,,,,,,,,,
1905,199671.203,8164032.545,1528.064,,,,,,,,,
1906,199671.24,8164033.318,1527.682,,,,,,,,,
1907,199665.043,8164033.325,1527.495,,,,,,,,,
1908,199665.016,8164032.517,1527.628,,,,,,,,,
1909,199658.861,8164033.338,1527.428,,,,,,,,,
1910,199658.853,8164032.548,1527.528,,,,,,,,,
1911,199652.642,8164032.569,1527.231,,,,,,,,,
1912,199652.65,8164033.36,1527.248,,,,,,,,,
1913,199646.423,8164033.368,1527.003,,,,,,,,,
1914,199646.466,8164032.54,1527.059,,,,,,,,,
1915,199640.249,8164033.35,1526.889,,,,,,,,,
1916,199640.274,8164032.544,1526.995,,,,,,,,,
1917,199634.139,8164033.321,1526.787,,,,,,,,,
1918,199634.071,8164032.545,1527.023,,,,,,,,,
1919,199634.114,8163995.806,1527.313,,,,,,,,,
1920,199634.08,8163994.979,1527.335,,,,,,,,,
1921,199640.245,8163994.989,1527.467,,,,,,,,,
1922,199640.25,8163995.586,1527.459,,,,,,,,,
1923,199627.865,8163994.985,1527.15,,,,,,,,,
1924,199627.872,8163995.527,1527.157,,,,,,,,,
1925,199621.669,8163995.806,1526.991,,,,,,,,,
1926,199621.657,8163994.933,1526.995,,,,,,,,,
1927,199609.254,8163995.801,1526.736,,,,,,,,,
1928,199609.245,8163994.951,1526.762,,,,,,,,,
1929,199615.229,8163994.956,1526.768,,,,,,,,,
1930,199615.442,8163995.531,1526.838,,,,,,,,,
1931,199609.206,8163958.222,1527.129,,,,,,,,,
1932,199609.179,8163957.425,1527.416,,,,,,,,,
1933,199615.445,8163957.428,1527.467,,,,,,,,,
1934,199615.468,8163958.166,1527.191,,,,,,,,,
1935,199609.277,8163920.687,1527.268,,,,,,,,,
1936,199609.247,8163919.874,1527.272,,,,,,,,,
1937,199615.437,8163919.842,1527.274,,,,,,,,,
1938,199615.479,8163920.493,1527.289,,,,,,,,,
1939,199609.292,8163882.462,1527.023,,,,,,,,,
1940,199609.273,8163883.109,1527.126,,,,,,,,,
1941,199615.505,8163882.311,1527.116,,,,,,,,,
1942,199615.491,8163883.023,1527.089,,,,,,,,,
1943,199615.428,8163844.589,1526.559,,,,,,,,,
1944,199615.44,8163845.363,1526.565,,,,,,,,,
1945,199609.29,8163845.668,1526.295,,,,,,,,,
1946,199609.268,8163844.741,1526.277,,,,,,,,,
1947,199609.224,8163808.011,1525.408,,,,,,,,,
1948,199615.433,8163807.866,1525.609,,,,,,,,,
1949,199621.63,8163808.013,1525.771,,,,,,,,,
1950,199627.83,8163807.836,1526.016,,,,,,,,,
1951,199634.037,8163807.98,1526.265,,,,,,,,,
1952,199640.23,8163807.862,1526.24,,,,,,,,,
1953,199646.399,8163808.015,1526.488,,,,,,,,,
1954,199652.66,8163807.891,1526.555,,,,,,,,,
1955,199658.851,8163807.971,1526.672,,,,,,,,,
1956,199664.999,8163807.845,1527.272,,,,,,,,,
1957,199671.206,8163807.94,1527.354,,,,,,,,,
1958,199671.263,8163845.708,1527.126,,,,,,,,,
1959,199671.256,8163844.768,1527.131,,,,,,,,,
1960,199665.049,8163845.358,1527.186,,,,,,,,,
1961,199665.046,8163844.59,1527.183,,,,,,,,,
1962,199658.995,8163845.628,1526.922,,,,,,,,,
1963,199658.846,8163844.706,1526.954,,,,,,,,,
1964,199652.69,8163845.414,1526.848,,,,,,,,,
1965,199652.679,8163844.636,1526.805,,,,,,,,,
1966,199646.399,8163845.708,1526.679,,,,,,,,,
1967,199646.452,8163844.974,1526.743,,,,,,,,,
1968,199640.235,8163845.366,1526.66,,,,,,,,,
1969,199640.228,8163844.597,1526.65,,,,,,,,,
1970,199634.049,8163844.743,1526.554,,,,,,,,,
1971,199634.073,8163845.632,1526.574,,,,,,,,,
1972,199627.847,8163845.357,1526.448,,,,,,,,,
1973,199627.845,8163844.59,1526.429,,,,,,,,,
1974,199621.625,8163845.702,1526.452,,,,,,,,,
1975,199621.63,8163844.738,1526.421,,,,,,,,,
1976,199621.667,8163883.097,1527.282,,,,,,,,,
1977,199621.716,8163882.46,1527.283,,,,,,,,,
1978,199627.83,8163882.32,1527.545,,,,,,,,,
1979,199627.839,8163883.127,1527.776,,,,,,,,,
1980,199634.085,8163882.414,1527.617,,,,,,,,,
1981,199633.966,8163883.108,1527.581,,,,,,,,,
1982,199640.216,8163882.3,1527.147,,,,,,,,,
1983,199640.268,8163882.995,1527.376,,,,,,,,,
1984,199646.443,8163882.457,1527.141,,,,,,,,,
1985,199646.48,8163883.13,1527.478,,,,,,,,,
1986,199652.629,8163883.013,1527.626,,,,,,,,,
1987,199652.624,8163882.332,1527.747,,,,,,,,,
1988,199658.829,8163882.423,1527.606,,,,,,,,,
1989,199658.848,8163883.142,1527.448,,,,,,,,,
1990,199664.997,8163882.308,1527.55,,,,,,,,,
1991,199664.986,8163883.019,1527.696,,,,,,,,,
1992,199671.202,8163882.457,1527.695,,,,,,,,,
1993,199671.204,8163883.103,1527.925,,,,,,,,,
1994,199671.236,8163919.856,1528.976,,,,,,,,,
1995,199671.127,8163920.765,1528.918,,,,,,,,,
1996,199665.02,8163919.724,1528.868,,,,,,,,,
1997,199664.985,8163920.51,1528.879,,,,,,,,,
1998,199658.896,8163920.775,1529.409,,,,,,,,,
1999,199658.902,8163919.867,1529.408,,,,,,,,,
2000,199652.674,8163919.76,1528.959,,,,,,,,,
2001,199652.542,8163920.462,1528.957,,,,,,,,,
2002,199646.438,8163920.781,1529.142,,,,,,,,,
2003,199646.441,8163919.867,1529.146,,,,,,,,,
2004,199640.125,8163919.768,1528.687,,,,,,,,,
2005,199640.126,8163920.429,1528.68,,,,,,,,,
2006,199634.125,8163920.762,1527.578,,,,,,,,,
2007,199634.118,8163919.884,1527.51,,,,,,,,,
2008,199627.878,8163920.462,1527.818,,,,,,,,,
2009,199627.833,8163919.867,1527.809,,,,,,,,,
2010,199621.677,8163920.698,1527.413,,,,,,,,,
2011,199621.658,8163919.819,1527.415,,,,,,,,,
2012,199621.661,8163958.208,1527.317,,,,,,,,,
2013,199621.642,8163957.424,1527.511,,,,,,,,,
2014,199627.826,8163957.445,1527.816,,,,,,,,,
2015,199627.864,8163958.191,1527.496,,,,,,,,,
2016,199634.021,8163957.414,1527.852,,,,,,,,,
2017,199634.091,8163958.187,1527.674,,,,,,,,,
2018,199640.239,8163957.396,1527.799,,,,,,,,,
2019,199640.194,8163958.233,1527.909,,,,,,,,,
2020,199646.366,8163958.223,1527.993,,,,,,,,,
2021,199646.432,8163957.524,1527.917,,,,,,,,,
2022,199652.637,8163957.44,1528.296,,,,,,,,,
2023,199652.595,8163958.229,1528.024,,,,,,,,,
2024,199658.863,8163958.232,1527.973,,,,,,,,,
2025,199658.883,8163957.509,1528.572,,,,,,,,,
2026,199665.072,8163957.438,1528.539,,,,,,,,,
2027,199665.019,8163958.197,1528.123,,,,,,,,,
2028,199671.268,8163957.527,1528.527,,,,,,,,,
2029,199671.209,8163958.231,1528.325,,,,,,,,,
2030,199677.345,8163957.393,1528.514,,,,,,,,,
2031,199677.403,8163958.106,1528.268,,,,,,,,,
2032,199677.399,8163994.874,1528.428,,,,,,,,,
2033,199677.392,8163995.468,1528.464,,,,,,,,,
2034,199671.241,8163994.961,1528.191,,,,,,,,,
2035,199671.247,8163995.805,1528.182,,,,,,,,,
2036,199677.434,8164032.586,1528.4,,,,,,,,,
2037,199677.461,8164033.321,1528.044,,,,,,,,,
2038,199677.272,8164051.713,1527.775,,,,,,,,,
2039,199677.437,8164052.209,1527.885,,,,,,,,,
2040,199665.047,8163995.575,1527.869,,,,,,,,,
2041,199665.067,8163994.988,1527.901,,,,,,,,,
2042,199658.86,8163994.945,1527.763,,,,,,,,,
2043,199658.87,8163995.807,1527.752,,,,,,,,,
2044,199652.651,8163995.605,1527.638,,,,,,,,,
2045,199652.646,8163994.99,1527.634,,,,,,,,,
2046,199646.47,8163995.804,1527.535,,,,,,,,,
2047,199646.449,8163994.966,1527.558,,,,,,,,,
2048,199603.015,8164107.665,1525.855,,,,,,,,,
2049,199596.852,8164107.665,1525.567,,,,,,,,,
2050,199596.871,8164070.89,1525.783,,,,,,,,,
2051,199596.878,8164070.064,1525.81,,,,,,,,,
2052,199603.043,8164070.114,1525.97,,,,,,,,,
2053,199603.023,8164070.639,1525.999,,,,,,,,,
2054,199603.037,8164032.517,1526.142,,,,,,,,,
2055,199603.071,8164033.344,1526.093,,,,,,,,,
2056,199596.912,8164033.298,1526.048,,,,,,,,,
2057,199596.841,8164032.529,1526.097,,,,,,,,,
2058,199596.893,8163995.774,1526.423,,,,,,,,,
2059,199596.88,8163994.95,1526.445,,,,,,,,,
2060,199602.911,8163994.978,1526.546,,,,,,,,,
2061,199603.014,8163995.529,1526.578,,,,,,,,,
2062,199602.968,8163958.172,1526.951,,,,,,,,,
2063,199602.984,8163957.427,1527.282,,,,,,,,,
2064,199596.861,8163958.203,1526.737,,,,,,,,,
2065,199596.892,8163957.424,1527.145,,,,,,,,,
2066,199602.956,8163919.842,1527.079,,,,,,,,,
2067,199603.07,8163920.489,1527.149,,,,,,,,,
2068,199596.896,8163920.728,1527.014,,,,,,,,,
2069,199596.907,8163919.876,1527.014,,,,,,,,,
2070,199596.876,8163882.46,1526.672,,,,,,,,,
2071,199596.905,8163883.114,1526.861,,,,,,,,,
2072,199603.128,8163883.082,1526.959,,,,,,,,,
2073,199603.099,8163882.391,1526.798,,,,,,,,,
2074,199596.877,8163845.677,1526.244,,,,,,,,,
2075,199596.858,8163844.727,1526.237,,,,,,,,,
2076,199603.07,8163844.592,1526.175,,,,,,,,,
2077,199603.075,8163845.38,1526.186,,,,,,,,,
2078,199603.02,8163807.824,1525.296,,,,,,,,,
2079,199596.903,8163807.994,1525.208,,,,,,,,,
2080,199590.703,8163807.815,1525.122,,,,,,,,,
2081,199584.456,8163807.93,1525.365,,,,,,,,,
2082,199578.26,8163807.826,1525.075,,,,,,,,,
2083,199578.217,8163845.37,1525.916,,,,,,,,,
2084,199578.219,8163844.56,1525.903,,,,,,,,,
2085,199584.412,8163845.64,1525.988,,,,,,,,,
2086,199584.411,8163844.678,1525.976,,,,,,,,,
2087,199590.617,8163844.57,1526.145,,,,,,,,,
2088,199590.598,8163845.234,1526.193,,,,,,,,,
2089,199590.456,8163882.385,1526.454,,,,,,,,,
2090,199590.656,8163883.021,1526.708,,,,,,,,,
2091,199584.512,8163883.054,1526.428,,,,,,,,,
2092,199584.46,8163882.423,1526.461,,,,,,,,,
2093,199578.306,8163882.317,1526.187,,,,,,,,,
2094,199578.259,8163882.999,1526.326,,,,,,,,,
2095,199578.235,8163920.505,1526.503,,,,,,,,,
2096,199578.243,8163919.711,1526.518,,,,,,,,,
2097,199584.445,8163919.888,1526.698,,,,,,,,,
2098,199584.446,8163920.86,1526.676,,,,,,,,,
2099,199590.636,8163919.798,1526.806,,,,,,,,,
2100,199590.6,8163920.345,1526.824,,,,,,,,,
2101,199590.633,8163957.409,1526.865,,,,,,,,,
2102,199590.644,8163958.224,1526.683,,,,,,,,,
2103,199584.445,8163958.209,1526.633,,,,,,,,,
2104,199584.415,8163957.56,1526.576,,,,,,,,,
2105,199578.234,8163957.458,1526.449,,,,,,,,,
2106,199578.267,8163958.207,1526.48,,,,,,,,,
2107,199578.276,8163995.635,1526.085,,,,,,,,,
2108,199578.262,8163994.999,1526.097,,,,,,,,,
2109,199584.412,8163994.936,1526.242,,,,,,,,,
2110,199584.446,8163995.809,1526.227,,,,,,,,,
2111,199590.689,8163994.989,1526.312,,,,,,,,,
2112,199590.669,8163995.592,1526.316,,,,,,,,,
2113,199590.563,8164032.566,1525.886,,,,,,,,,
2114,199590.691,8164033.163,1525.93,,,,,,,,,
2115,199584.459,8164033.267,1525.805,,,,,,,,,
2116,199584.451,8164032.592,1525.802,,,,,,,,,
2117,199578.242,8164033.282,1525.695,,,,,,,,,
2118,199578.231,8164032.616,1525.687,,,,,,,,,
2119,199578.27,8164070.657,1525.434,,,,,,,,,
2120,199578.254,8164070.087,1525.481,,,,,,,,,
2121,199584.428,8164070.063,1525.52,,,,,,,,,
2122,199584.435,8164070.845,1525.517,,,,,,,,,
2123,199590.53,8164070.115,1525.69,,,,,,,,,
2124,199590.652,8164070.723,1525.671,,,,,,,,,
2125,199590.623,8164107.649,1525.409,,,,,,,,,
2126,199584.453,8164107.657,1525.211,,,,,,,,,
2127,199578.235,8164107.622,1525.123,,,,,,,,,
2128,199559.679,8164107.671,1524.551,,,,,,,,,
2129,199559.756,8164070.867,1524.798,,,,,,,,,
2130,199559.699,8164070.08,1524.881,,,,,,,,,
2131,199547.307,8163808.008,1524.762,,,,,,,,,
2132,199541.092,8163807.892,1524.596,,,,,,,,,
2133,199534.872,8163808.003,1524.332,,,,,,,,,
2134,199528.684,8163807.859,1524.385,,,,,,,,,
2135,199522.563,8163808.028,1524.124,,,,,,,,,
2136,199516.462,8163807.804,1523.98,,,,,,,,,
2137,199510.069,8163808.026,1524.023,,,,,,,,,
2138,199503.879,8163807.892,1523.89,,,,,,,,,
2139,199497.781,8163807.971,1523.706,,,,,,,,,
2140,199491.55,8163807.903,1523.808,,,,,,,,,
2141,199485.309,8163808.006,1523.527,,,,,,,,,
2142,199485.524,8163845.562,1524.138,,,,,,,,,
2143,199485.337,8163844.748,1524.217,,,,,,,,,
2144,199491.479,8163844.644,1524.233,,,,,,,,,
2145,199491.485,8163845.441,1524.243,,,,,,,,,
2146,199497.942,8163845.553,1524.426,,,,,,,,,
2147,199497.739,8163844.941,1524.58,,,,,,,,,
2148,199503.82,8163844.599,1524.467,,,,,,,,,
2149,199503.873,8163845.364,1524.516,,,,,,,,,
2150,199510.187,8163845.712,1524.597,,,,,,,,,
2151,199510.104,8163844.769,1524.613,,,,,,,,,
2152,199516.293,8163844.597,1524.767,,,,,,,,,
2153,199516.295,8163845.289,1524.795,,,,,,,,,
2154,199522.504,8163844.733,1524.938,,,,,,,,,
2155,199522.493,8163845.733,1524.939,,,,,,,,,
2156,199528.658,8163844.572,1524.872,,,,,,,,,
2157,199528.663,8163845.385,1524.872,,,,,,,,,
2158,199535.885,8163845.507,1524.544,,,,,,,,,
2159,199534.87,8163844.727,1525.056,,,,,,,,,
2160,199541.071,8163844.605,1525.217,,,,,,,,,
2161,199541.029,8163845.383,1525.215,,,,,,,,,
2162,199547.273,8163845.69,1525.185,,,,,,,,,
2163,199547.282,8163844.751,1525.218,,,,,,,,,
2164,199547.242,8163882.451,1525.536,,,,,,,,,
2165,199547.27,8163883.063,1525.754,,,,,,,,,
2166,199541.089,8163882.346,1525.473,,,,,,,,,
2167,199541.067,8163883.117,1525.596,,,,,,,,,
2168,199534.862,8163882.467,1525.141,,,,,,,,,
2169,199534.882,8163883.111,1525.357,,,,,,,,,
2170,199528.652,8163882.327,1525.036,,,,,,,,,
2171,199528.67,8163882.967,1525.253,,,,,,,,,
2172,199522.531,8163882.496,1525.168,,,,,,,,,
2173,199522.435,8163883.114,1525.198,,,,,,,,,
2174,199516.323,8163882.351,1524.802,,,,,,,,,
2175,199516.283,8163883.036,1525.009,,,,,,,,,
2176,199510.061,8163882.474,1524.908,,,,,,,,,
2177,199510.15,8163883.07,1524.953,,,,,,,,,
2178,199503.894,8163882.358,1524.623,,,,,,,,,
2179,199503.892,8163882.971,1524.786,,,,,,,,,
2180,199497.741,8163882.44,1524.465,,,,,,,,,
2181,199497.681,8163883.055,1524.658,,,,,,,,,
2182,199491.513,8163882.356,1524.217,,,,,,,,,
2183,199491.485,8163882.963,1524.506,,,,,,,,,
2184,199485.351,8163882.485,1524.049,,,,,,,,,
2185,199485.303,8163882.977,1524.147,,,,,,,,,
2186,199485.259,8163919.823,1523.814,,,,,,,,,
2187,199485.271,8163920.684,1523.815,,,,,,,,,
2188,199491.493,8163919.688,1523.973,,,,,,,,,
2189,199491.504,8163920.512,1523.98,,,,,,,,,
2190,199497.188,8163919.855,1524.097,,,,,,,,,
2191,199497.694,8163920.852,1524.194,,,,,,,,,
2192,199503.882,8163919.687,1524.423,,,,,,,,,
2193,199503.876,8163920.473,1524.403,,,,,,,,,
2194,199510.225,8163920.734,1524.515,,,,,,,,,
2195,199510.145,8163919.891,1524.619,,,,,,,,,
2196,199516.265,8163919.807,1524.777,,,,,,,,,
2197,199516.265,8163920.497,1524.763,,,,,,,,,
2198,199522.485,8163920.673,1524.996,,,,,,,,,
2199,199522.473,8163919.832,1524.995,,,,,,,,,
2200,199528.581,8163919.696,1525.147,,,,,,,,,
2201,199528.657,8163920.463,1525.191,,,,,,,,,
2202,199534.885,8163919.8,1525.357,,,,,,,,,
2203,199534.923,8163920.691,1525.358,,,,,,,,,
2204,199541.046,8163919.821,1525.498,,,,,,,,,
2205,199541.012,8163920.431,1525.498,,,,,,,,,
2206,199547.173,8163919.801,1525.694,,,,,,,,,
2207,199547.23,8163920.714,1525.719,,,,,,,,,
2208,199547.276,8163958.201,1525.489,,,,,,,,,
2209,199547.224,8163957.423,1525.615,,,,,,,,,
2210,199541.06,8163958.233,1525.257,,,,,,,,,
2211,199540.946,8163957.477,1525.391,,,,,,,,,
2212,199534.856,8163957.551,1525.142,,,,,,,,,
2213,199534.903,8163958.213,1525.07,,,,,,,,,
2214,199529.037,8163958.138,1524.781,,,,,,,,,
2215,199528.66,8163957.413,1524.886,,,,,,,,,
2216,199522.448,8163958.21,1524.778,,,,,,,,,
2217,199522.454,8163957.475,1524.776,,,,,,,,,
2218,199516.256,8163958.283,1524.623,,,,,,,,,
2219,199516.264,8163957.487,1524.513,,,,,,,,,
2220,199510.063,8163958.24,1524.364,,,,,,,,,
2221,199510.099,8163957.543,1524.257,,,,,,,,,
2222,199503.848,8163958.279,1524.195,,,,,,,,,
2223,199503.875,8163957.424,1524.149,,,,,,,,,
2224,199497.755,8163958.22,1524.006,,,,,,,,,
2225,199497.695,8163957.548,1523.835,,,,,,,,,
2226,199491.507,8163958.249,1523.88,,,,,,,,,
2227,199491.49,8163957.44,1523.739,,,,,,,,,
2228,199485.292,8163957.403,1523.479,,,,,,,,,
2229,199485.381,8163958.245,1523.725,,,,,,,,,
2230,199485.338,8163995.797,1523.702,,,,,,,,,
2231,199485.32,8163994.953,1523.687,,,,,,,,,
2232,199491.508,8163994.945,1523.846,,,,,,,,,
2233,199491.522,8163995.623,1523.837,,,,,,,,,
2234,199497.7,8163995.809,1523.998,,,,,,,,,
2235,199497.716,8163995.037,1524.032,,,,,,,,,
2236,199503.713,8163995.006,1524.117,,,,,,,,,
2237,199503.868,8163995.652,1524.151,,,,,,,,,
2238,199510.201,8163995.028,1524.291,,,,,,,,,
2239,199510.105,8163995.784,1524.33,,,,,,,,,
2240,199516.151,8163995.007,1524.513,,,,,,,,,
2241,199516.277,8163995.635,1524.552,,,,,,,,,
2242,199522.488,8163995.774,1524.684,,,,,,,,,
2243,199522.486,8163994.977,1524.704,,,,,,,,,
2244,199528.624,8163994.973,1524.8,,,,,,,,,
2245,199528.651,8163995.513,1524.833,,,,,,,,,
2246,199534.92,8163995.765,1524.966,,,,,,,,,
2247,199534.911,8163994.918,1524.968,,,,,,,,,
2248,199541.018,8163994.998,1525.119,,,,,,,,,
2249,199541.053,8163995.539,1525.156,,,,,,,,,
2250,199547.261,8163994.903,1525.366,,,,,,,,,
2251,199547.271,8163995.79,1525.361,,,,,,,,,
2252,199547.269,8164033.348,1524.963,,,,,,,,,
2253,199547.271,8164032.497,1525.183,,,,,,,,,
2254,199541.078,8164033.351,1524.849,,,,,,,,,
2255,199541.055,8164032.535,1525.044,,,,,,,,,
2256,199534.853,8164033.35,1524.785,,,,,,,,,
2257,199534.908,8164032.557,1524.858,,,,,,,,,
2258,199528.659,8164033.288,1524.667,,,,,,,,,
2259,199528.671,8164032.633,1524.698,,,,,,,,,
2260,199522.415,8164033.3,1524.447,,,,,,,,,
2261,199522.466,8164032.514,1524.591,,,,,,,,,
2262,199516.256,8164033.323,1524.343,,,,,,,,,
2263,199516.241,8164032.669,1524.49,,,,,,,,,
2264,199510.121,8164033.304,1524.157,,,,,,,,,
2265,199510.049,8164032.537,1524.301,,,,,,,,,
2266,199503.87,8164033.323,1523.994,,,,,,,,,
2267,199503.813,8164032.685,1524.123,,,,,,,,,
2268,199497.654,8164033.353,1523.984,,,,,,,,,
2269,199497.682,8164032.551,1523.979,,,,,,,,,
2270,199491.485,8164033.373,1523.752,,,,,,,,,
2271,199491.503,8164032.538,1523.799,,,,,,,,,
2272,199485.304,8164032.543,1523.66,,,,,,,,,
2273,199485.277,8164033.375,1523.684,,,,,,,,,
2274,199485.289,8164070.935,1523.293,,,,,,,,,
2275,199485.285,8164070.097,1523.303,,,,,,,,,
2276,199491.449,8164070.123,1523.403,,,,,,,,,
2277,199491.469,8164070.691,1523.408,,,,,,,,,
2278,199497.688,8164070.907,1523.527,,,,,,,,,
2279,199497.679,8164070.911,1523.522,,,,,,,,,
2280,199497.657,8164070.075,1523.528,,,,,,,,,
2281,199503.698,8164070.083,1523.614,,,,,,,,,
2282,199503.843,8164070.604,1523.699,,,,,,,,,
2283,199510.089,8164070.072,1523.783,,,,,,,,,
2284,199510.099,8164070.883,1523.789,,,,,,,,,
2285,199516.277,8164070.038,1523.999,,,,,,,,,
2286,199516.282,8164070.736,1523.988,,,,,,,,,
2287,199522.454,8164070.921,1524.079,,,,,,,,,
2288,199522.459,8164070.1,1524.091,,,,,,,,,
2289,199528.621,8164070.039,1524.249,,,,,,,,,
2290,199528.66,8164070.703,1524.244,,,,,,,,,
2291,199534.863,8164070.951,1524.387,,,,,,,,,
2292,199534.841,8164070.171,1524.451,,,,,,,,,
2293,199540.808,8164070.124,1524.427,,,,,,,,,
2294,199541.076,8164070.532,1524.541,,,,,,,,,
2295,199546.967,8164070.087,1524.458,,,,,,,,,
2296,199547.253,8164070.92,1524.572,,,,,,,,,
2297,199553.367,8164070.064,1524.621,,,,,,,,,
2298,199553.499,8164070.702,1524.66,,,,,,,,,
2299,199553.464,8164107.614,1524.303,,,,,,,,,
2300,199547.303,8164107.657,1524.171,,,,,,,,,
2301,199541.121,8164107.657,1524.24,,,,,,,,,
2302,199534.865,8164107.685,1524.032,,,,,,,,,
2303,199528.669,8164107.607,1523.852,,,,,,,,,
2304,199522.478,8164107.7,1523.695,,,,,,,,,
2305,199516.32,8164107.671,1523.654,,,,,,,,,
2306,199510.171,8164107.664,1523.437,,,,,,,,,
2307,199503.893,8164107.635,1523.369,,,,,,,,,
2308,199497.696,8164107.699,1523.106,,,,,,,,,
2309,199491.501,8164107.698,1523.055,,,,,,,,,
2310,199485.323,8164107.668,1522.871,,,,,,,,,
2311,199479.152,8164107.655,1522.787,,,,,,,,,
2312,199472.942,8164107.639,1522.726,,,,,,,,,
2313,199478.774,8164070.132,1523.133,,,,,,,,,
2314,199479.073,8164070.653,1523.18,,,,,,,,,
2315,199472.922,8164070.873,1523.031,,,,,,,,,
2316,199472.907,8164070.077,1523.066,,,,,,,,,
2317,199479.068,8164033.325,1523.521,,,,,,,,,
2318,199479.057,8164032.519,1523.515,,,,,,,,,
2319,199472.903,8164033.323,1523.407,,,,,,,,,
2320,199472.83,8164032.622,1523.411,,,,,,,,,
2321,199473.094,8163996.013,1523.11,,,,,,,,,
2322,199473.096,8163995.342,1523.166,,,,,,,,,
2323,199478.85,8163994.975,1523.577,,,,,,,,,
2324,199479.116,8163995.539,1523.634,,,,,,,,,
2325,199472.972,8163957.455,1523.216,,,,,,,,,
2326,199473.017,8163958.23,1523.433,,,,,,,,,
2327,199479.091,8163957.382,1523.507,,,,,,,,,
2328,199479.157,8163958.201,1523.666,,,,,,,,,
2329,199478.93,8163919.831,1523.624,,,,,,,,,
2330,199479.104,8163920.481,1523.654,,,,,,,,,
2331,199472.939,8163920.727,1523.466,,,,,,,,,
2332,199472.918,8163919.902,1523.497,,,,,,,,,
2333,199472.857,8163883.12,1523.756,,,,,,,,,
2334,199472.879,8163882.388,1524.04,,,,,,,,,
2335,199479.081,8163882.329,1523.902,,,,,,,,,
2336,199479.094,8163883.06,1523.795,,,,,,,,,
2337,199472.887,8163845.601,1523.781,,,,,,,,,
2338,199472.924,8163845.017,1523.829,,,,,,,,,
2339,199478.916,8163844.64,1523.864,,,,,,,,,
2340,199479.108,8163845.363,1523.938,,,,,,,,,
2341,199472.935,8163808.03,1523.423,,,,,,,,,
2342,199479.116,8163807.873,1523.347,,,,,,,,,
2343,199999.765,8163994.833,1535.837,,,,,,,,,
2344,199999.76,8163995.59,1535.843,,,,,,,,,
2345,199999.798,8163958.105,1534.931,,,,,,,,,
2346,200005.976,8163958.224,1535.147,,,,,,,,,
2347,200005.961,8163957.549,1534.956,,,,,,,,,
2348,199999.751,8163957.398,1535.022,,,,,,,,,
2349,200005.93,8163995.887,1535.954,,,,,,,,,
2350,200005.938,8163994.948,1535.949,,,,,,,,,
2351,199999.672,8163919.689,1535.091,,,,,,,,,
2352,199999.676,8163920.433,1535.087,,,,,,,,,
2353,200005.886,8163919.804,1534.912,,,,,,,,,
2354,200005.886,8163920.807,1534.915,,,,,,,,,
2355,199993.53,8163807.993,1536.561,,,,,,,,,
2356,199987.34,8163807.929,1536.333,,,,,,,,,
2357,199981.229,8163807.939,1536.134,,,,,,,,,
2358,199975.005,8163807.813,1535.811,,,,,,,,,
2359,199968.786,8163807.929,1535.531,,,,,,,,,
2360,199962.609,8163807.827,1535.124,,,,,,,,,
2361,199974.891,8163844.6,1536.747,,,,,,,,,
2362,199974.895,8163845.428,1536.733,,,,,,,,,
2363,199981.105,8163844.737,1536.756,,,,,,,,,
2364,199981.106,8163845.732,1536.735,,,,,,,,,
2365,199987.291,8163844.7,1536.89,,,,,,,,,
2366,199987.307,8163845.489,1536.879,,,,,,,,,
2367,199993.503,8163844.723,1537.031,,,,,,,,,
2368,199993.505,8163845.716,1537.001,,,,,,,,,
2369,200037.018,8163807.801,1538.296,,,,,,,,,
2370,200043.192,8163807.961,1538.501,,,,,,,,,
2371,200049.342,8163807.839,1538.705,,,,,,,,,
2372,200055.585,8163807.972,1538.987,,,,,,,,,
2373,200061.72,8163807.84,1539.426,,,,,,,,,
2374,200067.916,8163808.009,1539.751,,,,,,,,,
2375,200074.105,8163807.894,1540.064,,,,,,,,,
2376,200080.294,8163808.005,1540.328,,,,,,,,,
2377,200086.517,8163807.867,1540.332,,,,,,,,,
2378,200092.681,8163808.08,1540.763,,,,,,,,,
2379,200098.871,8163807.93,1540.907,,,,,,,,,
2380,200105.048,8163808.081,1541.133,,,,,,,,,
2381,200111.209,8163807.943,1541.494,,,,,,,,,
2382,200117.437,8163808.085,1541.385,,,,,,,,,
2383,200123.698,8163807.981,1541.968,,,,,,,,,
2384,200129.886,8163808.117,1540.855,,,,,,,,,
2385,200136.098,8163807.977,1540.995,,,,,,,,,
2386,200142.282,8163808.149,1540.958,,,,,,,,,
2387,200148.533,8163807.986,1540.789,,,,,,,,,
2388,200154.685,8163808.111,1540.597,,,,,,,,,
2389,200160.852,8163807.921,1540.546,,,,,,,,,
2390,200167.075,8163808.101,1540.472,,,,,,,,,
2391,200173.28,8163807.926,1540.555,,,,,,,,,
2392,200179.493,8163808.124,1540.584,,,,,,,,,
2393,200179.436,8163845.761,1538.268,,,,,,,,,
2394,200179.449,8163844.777,1538.276,,,,,,,,,
2395,200173.222,8163845.369,1538.531,,,,,,,,,
2396,200173.219,8163844.607,1538.562,,,,,,,,,
2397,200167.062,8163845.739,1538.399,,,,,,,,,
2398,200167.073,8163844.793,1538.427,,,,,,,,,
2399,200160.847,8163844.572,1538.245,,,,,,,,,
2400,200160.848,8163845.375,1538.237,,,,,,,,,
2401,200154.672,8163845.754,1538.24,,,,,,,,,
2402,200154.682,8163844.854,1538.309,,,,,,,,,
2403,200148.478,8163844.58,1537.956,,,,,,,,,
2404,200148.453,8163845.389,1537.934,,,,,,,,,
2405,200142.287,8163845.724,1538.141,,,,,,,,,
2406,200142.288,8163844.762,1538.185,,,,,,,,,
2407,200136.117,8163845.368,1538.01,,,,,,,,,
2408,200136.111,8163844.657,1538.079,,,,,,,,,
2409,200129.921,8163845.756,1538.889,,,,,,,,,
2410,200129.916,8163844.789,1538.924,,,,,,,,,
2411,200123.787,8163845.35,1538.485,,,,,,,,,
2412,200123.685,8163844.616,1538.517,,,,,,,,,
2413,200117.5,8163845.746,1538.517,,,,,,,,,
2414,200117.521,8163844.787,1538.568,,,,,,,,,
2415,200111.296,8163844.614,1538.352,,,,,,,,,
2416,200111.263,8163845.349,1538.332,,,,,,,,,
2417,200105.087,8163845.731,1538.196,,,,,,,,,
2418,200105.104,8163844.969,1538.313,,,,,,,,,
2419,200098.889,8163844.626,1538.266,,,,,,,,,
2420,200098.86,8163845.418,1538.234,,,,,,,,,
2421,200092.702,8163845.78,1538.33,,,,,,,,,
2422,200092.695,8163844.803,1538.379,,,,,,,,,
2423,200086.499,8163844.634,1538.598,,,,,,,,,
2424,200086.491,8163845.441,1538.558,,,,,,,,,
2425,200080.339,8163845.766,1538.229,,,,,,,,,
2426,200080.318,8163844.732,1538.271,,,,,,,,,
2427,200074.237,8163845.305,1538.148,,,,,,,,,
2428,200074.093,8163844.714,1538.217,,,,,,,,,
2429,200067.883,8163845.78,1537.984,,,,,,,,,
2430,200067.877,8163844.81,1538.036,,,,,,,,,
2431,200061.708,8163845.386,1537.905,,,,,,,,,
2432,200061.627,8163844.667,1537.935,,,,,,,,,
2433,200055.496,8163845.744,1537.867,,,,,,,,,
2434,200055.515,8163844.799,1537.918,,,,,,,,,
2435,200049.29,8163844.636,1537.865,,,,,,,,,
2436,200049.286,8163845.384,1537.868,,,,,,,,,
2437,200043.127,8163845.755,1537.832,,,,,,,,,
2438,200043.121,8163844.813,1537.86,,,,,,,,,
2439,200036.922,8163844.617,1537.687,,,,,,,,,
2440,200036.899,8163845.411,1537.644,,,,,,,,,
2441,200036.91,8163882.263,1535.478,,,,,,,,,
2442,200036.912,8163882.964,1535.719,,,,,,,,,
2443,200043.119,8163882.423,1535.604,,,,,,,,,
2444,200043.086,8163883.075,1535.673,,,,,,,,,
2445,200049.299,8163882.29,1535.649,,,,,,,,,
2446,200049.323,8163882.909,1535.876,,,,,,,,,
2447,200055.533,8163882.413,1535.774,,,,,,,,,
2448,200055.493,8163883.097,1536.014,,,,,,,,,
2449,200061.757,8163882.264,1535.875,,,,,,,,,
2450,200061.776,8163882.952,1536.143,,,,,,,,,
2451,200067.925,8163882.431,1535.979,,,,,,,,,
2452,200067.943,8163883.08,1536.182,,,,,,,,,
2453,200074.153,8163882.325,1536.321,,,,,,,,,
2454,200074.161,8163882.925,1536.558,,,,,,,,,
2455,200080.366,8163882.439,1536.541,,,,,,,,,
2456,200080.321,8163883.115,1536.775,,,,,,,,,
2457,200086.527,8163882.303,1536.806,,,,,,,,,
2458,200086.498,8163882.931,1537.003,,,,,,,,,
2459,200092.712,8163882.485,1537.022,,,,,,,,,
2460,200092.697,8163883.05,1537.278,,,,,,,,,
2461,200098.867,8163882.351,1537.197,,,,,,,,,
2462,200098.926,8163882.961,1537.432,,,,,,,,,
2463,200105.09,8163882.477,1537.454,,,,,,,,,
2464,200105.114,8163883.111,1537.689,,,,,,,,,
2465,200111.333,8163882.338,1537.491,,,,,,,,,
2466,200111.306,8163882.971,1537.615,,,,,,,,,
2467,200117.505,8163882.487,1537.799,,,,,,,,,
2468,200117.495,8163882.929,1537.896,,,,,,,,,
2469,200123.694,8163882.361,1537.982,,,,,,,,,
2470,200123.764,8163882.875,1538.177,,,,,,,,,
2471,200129.938,8163882.497,1538.054,,,,,,,,,
2472,200129.97,8163883.101,1538.28,,,,,,,,,
2473,200136.115,8163882.298,1538.236,,,,,,,,,
2474,200136.129,8163882.969,1538.438,,,,,,,,,
2475,200142.244,8163882.5,1538.353,,,,,,,,,
2476,200142.339,8163883.072,1538.551,,,,,,,,,
2477,200148.511,8163882.306,1538.838,,,,,,,,,
2478,200148.489,8163882.944,1538.91,,,,,,,,,
2479,200154.704,8163882.465,1538.96,,,,,,,,,
2480,200154.735,8163883.069,1538.817,,,,,,,,,
2481,200160.768,8163882.27,1538.953,,,,,,,,,
2482,200160.83,8163882.945,1539.139,,,,,,,,,
2483,200166.988,8163882.471,1539.247,,,,,,,,,
2484,200167.068,8163882.99,1539.349,,,,,,,,,
2485,200173.267,8163882.291,1539.632,,,,,,,,,
2486,200173.329,8163882.99,1539.761,,,,,,,,,
2487,200179.466,8163882.467,1539.858,,,,,,,,,
2488,200179.52,8163883.099,1539.76,,,,,,,,,
2489,200179.51,8163920.819,1539.516,,,,,,,,,
2490,200179.5,8163919.83,1539.533,,,,,,,,,
2491,200173.312,8163920.497,1539.214,,,,,,,,,
2492,200173.32,8163919.733,1539.231,,,,,,,,,
2493,200167.113,8163920.838,1538.982,,,,,,,,,
2494,200167.088,8163919.832,1539,,,,,,,,,
2495,200160.891,8163920.457,1538.74,,,,,,,,,
2496,200160.889,8163919.68,1538.765,,,,,,,,,
2497,200154.708,8163920.799,1538.757,,,,,,,,,
2498,200154.692,8163919.819,1538.766,,,,,,,,,
2499,200148.485,8163919.666,1538.404,,,,,,,,,
2500,200148.493,8163920.471,1538.393,,,,,,,,,
2501,200142.287,8163920.737,1538.518,,,,,,,,,
2502,200142.291,8163919.799,1538.52,,,,,,,,,
2503,200136.063,8163919.691,1538.519,,,,,,,,,
2504,200136.05,8163920.479,1538.511,,,,,,,,,
2505,200129.876,8163920.778,1538.605,,,,,,,,,
2506,200129.841,8163919.807,1538.61,,,,,,,,,
2507,200123.663,8163919.704,1538.273,,,,,,,,,
2508,200123.672,8163920.504,1538.266,,,,,,,,,
2509,200117.495,8163920.794,1538.15,,,,,,,,,
2510,200117.475,8163919.799,1538.161,,,,,,,,,
2511,200111.299,8163919.692,1537.953,,,,,,,,,
2512,200111.245,8163920.498,1537.937,,,,,,,,,
2513,200105.22,8163920.801,1537.438,,,,,,,,,
2514,200105.168,8163919.858,1537.448,,,,,,,,,
2515,200098.894,8163919.72,1537.406,,,,,,,,,
2516,200098.906,8163920.458,1537.4,,,,,,,,,
2517,200092.696,8163920.776,1537.294,,,,,,,,,
2518,200092.717,8163919.829,1537.294,,,,,,,,,
2519,200086.235,8163919.872,1536.898,,,,,,,,,
2520,200086.471,8163920.443,1537.026,,,,,,,,,
2521,200080.321,8163920.828,1536.988,,,,,,,,,
2522,200080.339,8163919.912,1536.999,,,,,,,,,
2523,200074.118,8163919.685,1536.865,,,,,,,,,
2524,200074.109,8163920.443,1536.884,,,,,,,,,
2525,200067.958,8163920.765,1536.694,,,,,,,,,
2526,200067.963,8163920.011,1536.769,,,,,,,,,
2527,200061.732,8163919.686,1536.531,,,,,,,,,
2528,200061.726,8163920.452,1536.551,,,,,,,,,
2529,200055.524,8163920.785,1536.449,,,,,,,,,
2530,200055.497,8163919.834,1536.447,,,,,,,,,
2531,200049.309,8163919.644,1536.343,,,,,,,,,
2532,200049.293,8163920.383,1536.382,,,,,,,,,
2533,200043.097,8163920.789,1536.189,,,,,,,,,
2534,200043.105,8163919.802,1536.195,,,,,,,,,
2535,200036.912,8163920.518,1536.062,,,,,,,,,
2536,200036.909,8163919.706,1536.075,,,,,,,,,
2537,200036.964,8163957.422,1535.994,,,,,,,,,
2538,200036.954,8163958.121,1535.986,,,,,,,,,
2539,200043.091,8163957.556,1536.11,,,,,,,,,
2540,200043.204,8163958.111,1536.253,,,,,,,,,
2541,200049.362,8163957.382,1536.26,,,,,,,,,
2542,200049.334,8163958.044,1536.316,,,,,,,,,
2543,200055.468,8163957.573,1536.6,,,,,,,,,
2544,200055.49,8163958.222,1536.559,,,,,,,,,
2545,200061.731,8163957.406,1536.964,,,,,,,,,
2546,200061.745,8163958.084,1536.998,,,,,,,,,
2547,200067.918,8163957.54,1537.001,,,,,,,,,
2548,200067.945,8163958.212,1537.033,,,,,,,,,
2549,200074.096,8163958.051,1537.072,,,,,,,,,
2550,200074.158,8163957.455,1537.299,,,,,,,,,
2551,200080.253,8163958.204,1537.079,,,,,,,,,
2552,200080.323,8163957.552,1537.206,,,,,,,,,
2553,200086.492,8163957.401,1537.14,,,,,,,,,
2554,200086.468,8163958.095,1537.132,,,,,,,,,
2555,200092.679,8163958.22,1537.311,,,,,,,,,
2556,200092.698,8163957.58,1537.614,,,,,,,,,
2557,200098.894,8163958.082,1537.519,,,,,,,,,
2558,200098.902,8163957.388,1537.676,,,,,,,,,
2559,200105.02,8163958.128,1537.62,,,,,,,,,
2560,200105.143,8163957.586,1537.681,,,,,,,,,
2561,200111.264,8163957.446,1537.629,,,,,,,,,
2562,200111.353,8163958.036,1537.621,,,,,,,,,
2563,200117.537,8163957.542,1537.821,,,,,,,,,
2564,200117.541,8163958.241,1537.577,,,,,,,,,
2565,200123.736,8163957.409,1537.967,,,,,,,,,
2566,200123.696,8163958.052,1537.733,,,,,,,,,
2567,200129.893,8163957.573,1538.08,,,,,,,,,
2568,200129.912,8163958.073,1537.942,,,,,,,,,
2569,200136.113,8163958.082,1537.932,,,,,,,,,
2570,200136.129,8163957.411,1538.202,,,,,,,,,
2571,200142.3,8163958.203,1538.186,,,,,,,,,
2572,200142.326,8163957.559,1538.463,,,,,,,,,
2573,200148.313,8163957.45,1538.42,,,,,,,,,
2574,200148.47,8163957.966,1538.494,,,,,,,,,
2575,200154.662,8163957.528,1538.683,,,,,,,,,
2576,200154.67,8163957.993,1538.607,,,,,,,,,
2577,200160.707,8163957.44,1538.828,,,,,,,,,
2578,200160.907,8163958.031,1538.817,,,,,,,,,
2579,200166.994,8163957.591,1538.841,,,,,,,,,
2580,200167.1,8163958.113,1538.98,,,,,,,,,
2581,200173.328,8163957.454,1538.909,,,,,,,,,
2582,200173.334,8163957.846,1538.966,,,,,,,,,
2583,200179.356,8163957.592,1538.897,,,,,,,,,
2584,200179.516,8163958.079,1539.073,,,,,,,,,
2585,200179.441,8163995.853,1539.871,,,,,,,,,
2586,200179.459,8163994.921,1539.814,,,,,,,,,
2587,200173.339,8163995.597,1539.776,,,,,,,,,
2588,200173.344,8163994.889,1539.798,,,,,,,,,
2589,200167.102,8163995.883,1539.602,,,,,,,,,
2590,200167.127,8163994.968,1539.614,,,,,,,,,
2591,200161.085,8163995.454,1539.432,,,,,,,,,
2592,200160.937,8163995.057,1539.501,,,,,,,,,
2593,200154.847,8163995.739,1539.24,,,,,,,,,
2594,200154.716,8163994.937,1539.302,,,,,,,,,
2595,200148.485,8163995.549,1539.254,,,,,,,,,
2596,200148.482,8163994.9,1539.259,,,,,,,,,
2597,200142.527,8163995.789,1539.013,,,,,,,,,
2598,200142.307,8163994.99,1539.076,,,,,,,,,
2599,200136.102,8163994.766,1538.813,,,,,,,,,
2600,200136.123,8163995.578,1538.831,,,,,,,,,
2601,200130.047,8163995.854,1538.858,,,,,,,,,
2602,200129.924,8163995.002,1538.944,,,,,,,,,
2603,200123.6,8163994.783,1538.757,,,,,,,,,
2604,200123.732,8163995.501,1538.825,,,,,,,,,
2605,200117.546,8163995.884,1538.659,,,,,,,,,
2606,200117.515,8163995.118,1538.719,,,,,,,,,
2607,200111.276,8163994.798,1538.726,,,,,,,,,
2608,200111.288,8163995.606,1538.743,,,,,,,,,
2609,200105.1,8163995.911,1538.463,,,,,,,,,
2610,200105.078,8163994.965,1538.431,,,,,,,,,
2611,200098.936,8163995.577,1538.101,,,,,,,,,
2612,200098.923,8163994.817,1538.068,,,,,,,,,
2613,200092.748,8163995.881,1537.958,,,,,,,,,
2614,200092.728,8163995.068,1538,,,,,,,,,
2615,200086.657,8163995.476,1537.981,,,,,,,,,
2616,200086.493,8163994.864,1538.02,,,,,,,,,
2617,200080.356,8163995.893,1537.772,,,,,,,,,
2618,200080.303,8163994.954,1537.77,,,,,,,,,
2619,200074.168,8163995.536,1537.542,,,,,,,,,
2620,200074.133,8163994.811,1537.549,,,,,,,,,
2621,200068.043,8163995.844,1537.487,,,,,,,,,
2622,200067.897,8163994.979,1537.535,,,,,,,,,
2623,200061.539,8163994.845,1537.402,,,,,,,,,
2624,200061.702,8163995.546,1537.503,,,,,,,,,
2625,200055.54,8163995.882,1537.531,,,,,,,,,
2626,200055.518,8163994.941,1537.525,,,,,,,,,
2627,200049.314,8163994.77,1537.269,,,,,,,,,
2628,200049.324,8163995.577,1537.287,,,,,,,,,
2629,200043.164,8163995.911,1537.069,,,,,,,,,
2630,200043.166,8163994.962,1537.062,,,,,,,,,
2631,200036.942,8163995.628,1536.9,,,,,,,,,
2632,200036.931,8163994.813,1536.881,,,,,,,,,
2633,200179.443,8164107.796,1541.472,,,,,,,,,
2634,200173.251,8164107.63,1541.281,,,,,,,,,
2635,200167.06,8164107.621,1541.214,,,,,,,,,
2636,200160.873,8164107.632,1540.979,,,,,,,,,
2637,200154.621,8164107.623,1540.86,,,,,,,,,
2638,200148.498,8164107.645,1540.583,,,,,,,,,
2639,200142.248,8164107.78,1540.146,,,,,,,,,
2640,200136.077,8164107.653,1540.031,,,,,,,,,
2641,200129.88,8164107.791,1539.941,,,,,,,,,
2642,200123.719,8164107.657,1539.754,,,,,,,,,
2643,200117.511,8164107.661,1539.749,,,,,,,,,
2644,200111.31,8164107.657,1539.541,,,,,,,,,
2645,200105.13,8164107.806,1539.121,,,,,,,,,
2646,200098.947,8164107.657,1538.937,,,,,,,,,
2647,200092.687,8164107.792,1538.811,,,,,,,,,
2648,200086.5,8164107.632,1538.581,,,,,,,,,
2649,200080.303,8164107.774,1538.245,,,,,,,,,
2650,200074.077,8164107.621,1538.124,,,,,,,,,
2651,200067.873,8164107.764,1537.803,,,,,,,,,
2652,200061.699,8164107.68,1537.713,,,,,,,,,
2653,200055.492,8164107.701,1537.561,,,,,,,,,
2654,200049.273,8164107.635,1537.443,,,,,,,,,
2655,200043.084,8164107.644,1537.201,,,,,,,,,
2656,200036.91,8164107.629,1536.903,,,,,,,,,
2657,200036.925,8164070.702,1536.904,,,,,,,,,
2658,200036.942,8164070.041,1536.904,,,,,,,,,
2659,200043.134,8164070.95,1537.099,,,,,,,,,
2660,200043.129,8164070.05,1537.095,,,,,,,,,
2661,200049.316,8164070.034,1537.238,,,,,,,,,
2662,200049.306,8164070.74,1537.242,,,,,,,,,
2663,200055.475,8164070.905,1537.45,,,,,,,,,
2664,200055.478,8164070.085,1537.452,,,,,,,,,
2665,200061.701,8164069.908,1537.71,,,,,,,,,
2666,200061.679,8164070.696,1537.726,,,,,,,,,
2667,200067.906,8164071.026,1537.926,,,,,,,,,
2668,200067.902,8164070.06,1537.915,,,,,,,,,
2669,200074.099,8164069.893,1537.976,,,,,,,,,
2670,200074.095,8164070.694,1537.967,,,,,,,,,
2671,200080.342,8164071.033,1538.263,,,,,,,,,
2672,200080.34,8164070.093,1538.271,,,,,,,,,
2673,200086.423,8164069.943,1538.519,,,,,,,,,
2674,200086.473,8164070.634,1538.572,,,,,,,,,
2675,200092.682,8164070.094,1538.696,,,,,,,,,
2676,200092.728,8164071.033,1538.712,,,,,,,,,
2677,200098.892,8164069.949,1538.876,,,,,,,,,
2678,200098.889,8164070.703,1538.896,,,,,,,,,
2679,200105.131,8164071.007,1539.053,,,,,,,,,
2680,200105.166,8164070.157,1539.055,,,,,,,,,
2681,200111.326,8164070.061,1539.247,,,,,,,,,
2682,200111.324,8164070.708,1539.245,,,,,,,,,
2683,200117.51,8164070.891,1539.491,,,,,,,,,
2684,200117.527,8164070.077,1539.503,,,,,,,,,
2685,200123.702,8164069.923,1539.703,,,,,,,,,
2686,200123.688,8164070.688,1539.707,,,,,,,,,
2687,200129.911,8164071.04,1539.932,,,,,,,,,
2688,200129.884,8164070.083,1539.856,,,,,,,,,
2689,200136.08,8164069.939,1540.046,,,,,,,,,
2690,200136.077,8164070.708,1540.035,,,,,,,,,
2691,200142.291,8164071.017,1540.271,,,,,,,,,
2692,200142.285,8164070.086,1540.267,,,,,,,,,
2693,200148.507,8164070.061,1540.361,,,,,,,,,
2694,200148.494,8164070.725,1540.361,,,,,,,,,
2695,200154.708,8164070.868,1540.5,,,,,,,,,
2696,200154.705,8164070.026,1540.498,,,,,,,,,
2697,200160.883,8164070.734,1540.65,,,,,,,,,
2698,200160.87,8164070.034,1540.653,,,,,,,,,
2699,200167.077,8164070.905,1540.842,,,,,,,,,
2700,200167.067,8164070.016,1540.83,,,,,,,,,
2701,200173.289,8164069.916,1540.963,,,,,,,,,
2702,200173.288,8164070.661,1540.974,,,,,,,,,
2703,200179.459,8164071.078,1541.275,,,,,,,,,
2704,200179.429,8164070.064,1541.28,,,,,,,,,
2705,200179.487,8164033.344,1540.709,,,,,,,,,
2706,200179.499,8164032.646,1540.648,,,,,,,,,
2707,200173.335,8164032.516,1540.556,,,,,,,,,
2708,200173.323,8164033.189,1540.514,,,,,,,,,
2709,200167.169,8164032.732,1540.186,,,,,,,,,
2710,200167.093,8164033.307,1540.461,,,,,,,,,
2711,200160.939,8164032.508,1540.228,,,,,,,,,
2712,200160.909,8164033.314,1540.32,,,,,,,,,
2713,200154.748,8164032.505,1540.016,,,,,,,,,
2714,200154.746,8164033.314,1540.116,,,,,,,,,
2715,200148.537,8164032.498,1539.94,,,,,,,,,
2716,200148.573,8164033.329,1540.139,,,,,,,,,
2717,200142.316,8164032.67,1539.51,,,,,,,,,
2718,200142.306,8164033.336,1539.735,,,,,,,,,
2719,200136.133,8164032.518,1539.568,,,,,,,,,
2720,200136.13,8164033.209,1539.506,,,,,,,,,
2721,200129.905,8164032.645,1539.259,,,,,,,,,
2722,200129.892,8164033.336,1539.371,,,,,,,,,
2723,200123.704,8164032.508,1539.288,,,,,,,,,
2724,200123.735,8164033.189,1539.197,,,,,,,,,
2725,200117.572,8164032.674,1538.978,,,,,,,,,
2726,200117.56,8164033.34,1539.22,,,,,,,,,
2727,200111.368,8164032.562,1538.956,,,,,,,,,
2728,200111.379,8164033.33,1538.959,,,,,,,,,
2729,200105.163,8164033.349,1538.623,,,,,,,,,
2730,200105.125,8164032.67,1538.855,,,,,,,,,
2731,200098.967,8164032.534,1538.357,,,,,,,,,
2732,200098.93,8164033.219,1538.488,,,,,,,,,
2733,200092.714,8164032.672,1538.121,,,,,,,,,
2734,200092.717,8164033.342,1538.338,,,,,,,,,
2735,200086.513,8164032.55,1538.146,,,,,,,,,
2736,200086.541,8164033.188,1538.279,,,,,,,,,
2737,200080.368,8164033.337,1537.903,,,,,,,,,
2738,200080.355,8164032.671,1537.957,,,,,,,,,
2739,200074.155,8164033.173,1537.676,,,,,,,,,
2740,200074.179,8164032.511,1537.582,,,,,,,,,
2741,200067.981,8164032.67,1537.487,,,,,,,,,
2742,200067.988,8164033.311,1537.506,,,,,,,,,
2743,200061.801,8164032.534,1537.364,,,,,,,,,
2744,200061.778,8164033.19,1537.28,,,,,,,,,
2745,200055.449,8164033.344,1537.295,,,,,,,,,
2746,200055.472,8164032.656,1537.332,,,,,,,,,
2747,200049.316,8164032.518,1537.164,,,,,,,,,
2748,200049.287,8164033.323,1537.06,,,,,,,,,
2749,200043.166,8164032.683,1537.124,,,,,,,,,
2750,200043.154,8164033.332,1536.995,,,,,,,,,
2751,200036.936,8164032.55,1536.936,,,,,,,,,
2752,200036.964,8164033.316,1536.903,,,,,,,,,
2753,199782.791,8164130.68,1530.445,,,,,,,,,
2754,199782.777,8164149.042,1530.563,,,,,,,,,
2755,199782.797,8164149.796,1530.572,,,,,,,,,
2756,199782.781,8164168.185,1530.74,,,,,,,,,
2757,199782.79,8164169.076,1530.886,,,,,,,,,
2758,199782.798,8164188.226,1530.982,,,,,,,,,
2759,199782.791,8164187.494,1531.004,,,,,,,,,
2760,199782.791,8164206.584,1531.048,,,,,,,,,
2761,199776.609,8164206.562,1530.922,,,,,,,,,
2762,199770.406,8164212.899,1530.621,,,,,,,,,
2763,199770.379,8164211.988,1530.616,,,,,,,,,
2764,199770.4,8164231.314,1530.684,,,,,,,,,
2765,199770.42,8164193.636,1530.568,,,,,,,,,
2766,199770.411,8164192.843,1530.599,,,,,,,,,
2767,199776.494,8164187.398,1530.748,,,,,,,,,
2768,199776.581,8164187.966,1530.791,,,,,,,,,
2769,199776.573,8164168.982,1530.621,,,,,,,,,
2770,199776.572,8164168.228,1530.457,,,,,,,,,
2771,199770.437,8164155.301,1530.12,,,,,,,,,
2772,199770.42,8164156.104,1530.124,,,,,,,,,
2773,199776.572,8164149.066,1530.238,,,,,,,,,
2774,199776.578,8164149.666,1530.254,,,,,,,,,
2775,199776.595,8164130.703,1530.032,,,,,,,,,
2776,199770.441,8164118.555,1529.625,,,,,,,,,
2777,199764.241,8164118.517,1529.426,,,,,,,,,
2778,199757.992,8164118.504,1529.154,,,,,,,,,
2779,199764.195,8164155.261,1529.879,,,,,,,,,
2780,199764.212,8164155.672,1529.929,,,,,,,,,
2781,199758.085,8164155.993,1529.681,,,,,,,,,
2782,199758.014,8164155.245,1529.725,,,,,,,,,
2783,199764.22,8164192.825,1530.378,,,,,,,,,
2784,199764.238,8164193.49,1530.463,,,,,,,,,
2785,199758.019,8164192.792,1530.269,,,,,,,,,
2786,199757.981,8164193.61,1530.272,,,,,,,,,
2787,199764.212,8164211.828,1530.573,,,,,,,,,
2788,199764.202,8164212.519,1530.589,,,,,,,,,
2789,199758.029,8164212.826,1530.391,,,,,,,,,
2790,199757.974,8164211.96,1530.4,,,,,,,,,
2791,199764.115,8164231.171,1530.526,,,,,,,,,
2792,199757.95,8164231.25,1530.501,,,,,,,,,
2793,199751.768,8164231.135,1530.4,,,,,,,,,
2794,199745.626,8164231.226,1530.403,,,,,,,,,
2795,199745.639,8164212.866,1530.205,,,,,,,,,
2796,199745.614,8164211.948,1530.206,,,,,,,,,
2797,199751.721,8164211.872,1530.233,,,,,,,,,
2798,199751.789,8164212.588,1530.261,,,,,,,,,
2799,199751.781,8164193.466,1530.14,,,,,,,,,
2800,199751.838,8164192.811,1530.123,,,,,,,,,
2801,199745.616,8164193.584,1529.972,,,,,,,,,
2802,199745.623,8164192.792,1530.078,,,,,,,,,
2803,199745.679,8164156.014,1529.508,,,,,,,,,
2804,199745.653,8164155.295,1529.559,,,,,,,,,
2805,199751.824,8164155.249,1529.55,,,,,,,,,
2806,199751.822,8164155.867,1529.559,,,,,,,,,
2807,199751.774,8164118.448,1528.989,,,,,,,,,
2808,199745.644,8164118.508,1528.985,,,,,,,,,
2809,199739.425,8164118.487,1528.839,,,,,,,,,
2810,199733.181,8164118.521,1528.628,,,,,,,,,
2811,199733.246,8164156.08,1529.17,,,,,,,,,
2812,199733.226,8164155.267,1529.18,,,,,,,,,
2813,199739.42,8164155.221,1529.411,,,,,,,,,
2814,199739.421,8164155.838,1529.433,,,,,,,,,
2815,199739.41,8164192.788,1529.965,,,,,,,,,
2816,199739.41,8164193.504,1529.811,,,,,,,,,
2817,199733.217,8164193.644,1529.691,,,,,,,,,
2818,199733.228,8164192.836,1529.691,,,,,,,,,
2819,199739.322,8164211.88,1530.039,,,,,,,,,
2820,199739.401,8164212.596,1530.044,,,,,,,,,
2821,199733.222,8164212.899,1529.956,,,,,,,,,
2822,199733.19,8164212.008,1529.968,,,,,,,,,
2823,199739.41,8164231.163,1530.264,,,,,,,,,
2824,199733.188,8164231.306,1530.144,,,,,,,,,
2825,199726.996,8164231.181,1530.018,,,,,,,,,
2826,199726.985,8164211.844,1529.816,,,,,,,,,
2827,199727.005,8164212.584,1529.833,,,,,,,,,
2828,199727.006,8164193.492,1529.597,,,,,,,,,
2829,199727.012,8164192.901,1529.61,,,,,,,,,
2830,199720.849,8164192.827,1529.395,,,,,,,,,
2831,199721.047,8164156.006,1528.896,,,,,,,,,
2832,199720.855,8164155.324,1529.013,,,,,,,,,
2833,199727.02,8164155.323,1529.076,,,,,,,,,
2834,199727.022,8164155.908,1529.136,,,,,,,,,
2835,199726.967,8164118.536,1528.531,,,,,,,,,
2836,199720.814,8164118.541,1528.507,,,,,,,,,
2837,199714.589,8164118.535,1528.388,,,,,,,,,
2838,199708.466,8164118.529,1528.014,,,,,,,,,
2839,199714.45,8164155.304,1528.814,,,,,,,,,
2840,199714.617,8164155.908,1528.855,,,,,,,,,
2841,199708.451,8164156.218,1528.661,,,,,,,,,
2842,199708.451,8164155.298,1528.64,,,,,,,,,
2843,199714.454,8164192.967,1529.159,,,,,,,,,
2844,199708.391,8164192.983,1529.231,,,,,,,,,
2845,199702.216,8164192.807,1528.853,,,,,,,,,
2846,199696.033,8164192.839,1528.741,,,,,,,,,
2847,199702.249,8164155.116,1528.503,,,,,,,,,
2848,199702.263,8164155.886,1528.523,,,,,,,,,
2849,199696.049,8164156.088,1528.298,,,,,,,,,
2850,199696.052,8164155.389,1528.323,,,,,,,,,
2851,199702.291,8164118.362,1527.874,,,,,,,,,
2852,199696.05,8164118.537,1527.848,,,,,,,,,
2853,199689.823,8164118.533,1527.686,,,,,,,,,
2854,199683.639,8164118.533,1527.533,,,,,,,,,
2855,199689.624,8164155.309,1528.103,,,,,,,,,
2856,199689.79,8164155.805,1528.186,,,,,,,,,
2857,199683.816,8164156.001,1527.952,,,,,,,,,
2858,199683.671,8164155.385,1528.062,,,,,,,,,
2859,199689.796,8164192.815,1528.65,,,,,,,,,
2860,199683.671,8164192.83,1528.5,,,,,,,,,
2861,199677.458,8164192.801,1528.3,,,,,,,,,
2862,199671.321,8164193.044,1528.151,,,,,,,,,
2863,199671.258,8164156.057,1527.715,,,,,,,,,
2864,199671.251,8164155.28,1527.702,,,,,,,,,
2865,199677.437,8164155.244,1527.815,,,,,,,,,
2866,199677.427,8164155.862,1527.833,,,,,,,,,
2867,199677.432,8164118.44,1527.375,,,,,,,,,
2868,199671.176,8164118.519,1527.22,,,,,,,,,
2869,199664.992,8164118.512,1527.14,,,,,,,,,
2870,199658.816,8164118.522,1527.053,,,,,,,,,
2871,199665.043,8164155.331,1527.948,,,,,,,,,
2872,199665.043,8164156.031,1528.048,,,,,,,,,
2873,199658.982,8164155.717,1527.914,,,,,,,,,
2874,199658.973,8164154.946,1527.913,,,,,,,,,
2875,199665.244,8164192.439,1528.44,,,,,,,,,
2876,199659.001,8164192.516,1528.267,,,,,,,,,
2877,199652.792,8164192.464,1528.091,,,,,,,,,
2878,199646.547,8164193.312,1528.129,,,,,,,,,
2879,199646.597,8164192.579,1528.049,,,,,,,,,
2880,199646.455,8164156.045,1527.199,,,,,,,,,
2881,199646.438,8164155.254,1527.208,,,,,,,,,
2882,199652.649,8164155.257,1527.386,,,,,,,,,
2883,199652.654,8164155.906,1527.393,,,,,,,,,
2884,199652.629,8164118.466,1527.046,,,,,,,,,
2885,199646.274,8164118.372,1526.64,,,,,,,,,
2886,199640.202,8164118.532,1526.751,,,,,,,,,
2887,199634.085,8164118.522,1526.428,,,,,,,,,
2888,199640.206,8164155.287,1527.031,,,,,,,,,
2889,199640.244,8164155.928,1527.061,,,,,,,,,
2890,199634.102,8164156.033,1526.785,,,,,,,,,
2891,199634.067,8164155.294,1526.819,,,,,,,,,
2892,199640.167,8164192.899,1527.33,,,,,,,,,
2893,199640.251,8164193.377,1527.469,,,,,,,,,
2894,199634.093,8164193.609,1527.02,,,,,,,,,
2895,199634.012,8164192.838,1527.164,,,,,,,,,
2896,199640.256,8164230.268,1526.962,,,,,,,,,
2897,199640.267,8164230.815,1527.006,,,,,,,,,
2898,199634.087,8164231.305,1526.933,,,,,,,,,
2899,199634.022,8164230.381,1526.961,,,,,,,,,
2900,199640.234,8164267.947,1527.755,,,,,,,,,
2901,199634.072,8164268.058,1527.59,,,,,,,,,
2902,199627.902,8164267.941,1527.322,,,,,,,,,
2903,199621.602,8164268,1527.006,,,,,,,,,
2904,199621.762,8164231.134,1526.705,,,,,,,,,
2905,199621.631,8164230.391,1526.796,,,,,,,,,
2906,199627.758,8164230.272,1526.841,,,,,,,,,
2907,199627.839,8164231.016,1526.872,,,,,,,,,
2908,199627.769,8164193.297,1526.649,,,,,,,,,
2909,199627.795,8164192.854,1526.784,,,,,,,,,
2910,199621.65,8164193.634,1526.542,,,,,,,,,
2911,199621.589,8164192.843,1526.846,,,,,,,,,
2912,199621.635,8164156.041,1526.52,,,,,,,,,
2913,199621.597,8164155.335,1526.54,,,,,,,,,
2914,199627.225,8164155.321,1526.452,,,,,,,,,
2915,199627.833,8164155.901,1526.641,,,,,,,,,
2916,199621.577,8164118.537,1526.2,,,,,,,,,
2917,199627.808,8164118.462,1526.383,,,,,,,,,
2918,199045.285,8163995.784,1549.324,,,,,,,,,
2919,199045.212,8163976.635,1512.694,,,,,,,,,
2920,199045.251,8163977.219,1512.719,,,,,,,,,
2921,199045.186,8163958.221,1512.87,,,,,,,,,
2922,199045.235,8163957.446,1512.984,,,,,,,,,
2923,199045.25,8163919.868,1512.979,,,,,,,,,
2924,199045.264,8163920.475,1513,,,,,,,,,
2925,199045.275,8163883.124,1512.972,,,,,,,,,
2926,199051.497,8163883.135,1513.143,,,,,,,,,
2927,199057.568,8163807.763,1513.338,,,,,,,,,
2928,199057.591,8163844.608,1513.228,,,,,,,,,
2929,199057.599,8163845.368,1513.173,,,,,,,,,
2930,199057.613,8163882.329,1513.057,,,,,,,,,
2931,199057.623,8163882.985,1513.123,,,,,,,,,
2932,199057.538,8163919.723,1513.378,,,,,,,,,
2933,199057.617,8163920.435,1513.396,,,,,,,,,
2934,199051.533,8163920.673,1513.15,,,,,,,,,
2935,199051.498,8163919.886,1513.169,,,,,,,,,
2936,199057.541,8163957.465,1513.038,,,,,,,,,
2937,199057.634,8163958.244,1513.126,,,,,,,,,
2938,199051.425,8163958.229,1513.143,,,,,,,,,
2939,199051.472,8163957.448,1513.18,,,,,,,,,
2940,199051.953,8163976.61,1512.636,,,,,,,,,
2941,199051.45,8163977.337,1512.956,,,,,,,,,
2942,199057.58,8163976.658,1513.081,,,,,,,,,
2943,199057.611,8163977.066,1513.124,,,,,,,,,
2944,199051.5,8163995.738,1512.766,,,,,,,,,
2945,199057.568,8163995.823,1513.045,,,,,,,,,
2946,199063.823,8163995.781,1513.166,,,,,,,,,
2947,199069.977,8163995.745,1513.203,,,,,,,,,
2948,199069.864,8163976.622,1513.17,,,,,,,,,
2949,199070.016,8163977.177,1513.198,,,,,,,,,
2950,199063.838,8163977.435,1513.153,,,,,,,,,
2951,199063.835,8163976.651,1513.165,,,,,,,,,
2952,199070.037,8163958.226,1513.239,,,,,,,,,
2953,199069.996,8163957.438,1513.639,,,,,,,,,
2954,199063.885,8163958.258,1513.168,,,,,,,,,
2955,199063.851,8163957.559,1513.155,,,,,,,,,
2956,199063.853,8163920.79,1513.518,,,,,,,,,
2957,199063.845,8163919.888,1513.561,,,,,,,,,
2958,199070.012,8163919.849,1513.633,,,,,,,,,
2959,199070.012,8163920.523,1513.633,,,,,,,,,
2960,199070.01,8163882.305,1513.477,,,,,,,,,
2961,199070.021,8163883.132,1513.607,,,,,,,,,
2962,199063.866,8163883.116,1513.327,,,,,,,,,
2963,199063.873,8163882.469,1513.326,,,,,,,,,
2964,199063.871,8163844.784,1513.258,,,,,,,,,
2965,199063.846,8163845.72,1513.259,,,,,,,,,
2966,199069.9,8163844.622,1513.392,,,,,,,,,
2967,199070.004,8163845.377,1513.41,,,,,,,,,
2968,199063.813,8163808.031,1513.551,,,,,,,,,
2969,199069.98,8163807.857,1513.602,,,,,,,,,
2970,199076.257,8163807.968,1513.743,,,,,,,,,
2971,199082.458,8163807.868,1513.88,,,,,,,,,
2972,199076.222,8163845.702,1513.58,,,,,,,,,
2973,199076.225,8163844.748,1513.584,,,,,,,,,
2974,199082.457,8163844.617,1513.626,,,,,,,,,
2975,199082.458,8163845.367,1513.641,,,,,,,,,
2976,199082.422,8163882.316,1513.787,,,,,,,,,
2977,199082.443,8163883.092,1514.071,,,,,,,,,
2978,199076.261,8163882.458,1513.682,,,,,,,,,
2979,199076.253,8163883.105,1513.795,,,,,,,,,
2980,199076.272,8163920.659,1513.76,,,,,,,,,
2981,199076.272,8163919.871,1513.789,,,,,,,,,
2982,199082.436,8163919.791,1513.993,,,,,,,,,
2983,199082.43,8163920.43,1514.001,,,,,,,,,
2984,199082.434,8163957.421,1513.891,,,,,,,,,
2985,199082.496,8163958.214,1513.339,,,,,,,,,
2986,199076.268,8163958.219,1513.131,,,,,,,,,
2987,199076.216,8163957.425,1513.774,,,,,,,,,
2988,199082.459,8163976.582,1513.402,,,,,,,,,
2989,199082.456,8163977.109,1513.446,,,,,,,,,
2990,199076.258,8163977.321,1513.195,,,,,,,,,
2991,199076.204,8163976.732,1513.286,,,,,,,,,
2992,199076.196,8163995.726,1513.292,,,,,,,,,
2993,199082.416,8163995.728,1513.495,,,,,,,,,
2994,199088.629,8163995.726,1513.681,,,,,,,,,
2995,199094.878,8163995.744,1513.911,,,,,,,,,
2996,199088.695,8163977.328,1513.6,,,,,,,,,
2997,199088.673,8163976.596,1513.6,,,,,,,,,
2998,199094.77,8163976.612,1513.943,,,,,,,,,
2999,199094.898,8163977.199,1513.986,,,,,,,,,
3000,199094.85,8163957.484,1514.121,,,,,,,,,
3001,199094.87,8163958.209,1514.103,,,,,,,,,
3002,199088.702,8163958.216,1513.527,,,,,,,,,
3003,199088.637,8163957.425,1513.957,,,,,,,,,
3004,199088.744,8163920.629,1513.864,,,,,,,,,
3005,199088.629,8163919.98,1513.999,,,,,,,,,
3006,199094.808,8163919.87,1514.25,,,,,,,,,
3007,199094.856,8163920.547,1514.249,,,,,,,,,
3008,199094.685,8163882.416,1514.033,,,,,,,,,
3009,199094.848,8163883.143,1514.361,,,,,,,,,
3010,199088.646,8163883.126,1514.196,,,,,,,,,
3011,199088.615,8163882.481,1513.926,,,,,,,,,
3012,199088.63,8163845.785,1513.698,,,,,,,,,
3013,199088.622,8163844.807,1513.783,,,,,,,,,
3014,199094.794,8163844.664,1514.016,,,,,,,,,
3015,199094.832,8163845.406,1514.019,,,,,,,,,
3016,199088.667,8163808.013,1514.142,,,,,,,,,
3017,199094.812,8163807.911,1514.177,,,,,,,,,
3018,199101.035,8163808.038,1514.309,,,,,,,,,
3019,199107.223,8163808.054,1514.502,,,,,,,,,
3020,199101.059,8163845.726,1514.208,,,,,,,,,
3021,199101.039,8163844.844,1514.213,,,,,,,,,
3022,199106.957,8163844.695,1514.36,,,,,,,,,
3023,199107.233,8163845.407,1514.43,,,,,,,,,
3024,199101.038,8163883.114,1514.504,,,,,,,,,
3025,199101.061,8163882.492,1514.544,,,,,,,,,
3026,199107.179,8163882.346,1514.334,,,,,,,,,
3027,199107.24,8163882.958,1514.484,,,,,,,,,
3028,199107.224,8163919.714,1514.574,,,,,,,,,
3029,199107.202,8163920.487,1514.582,,,,,,,,,
3030,199101.057,8163920.673,1514.393,,,,,,,,,
3031,199101.05,8163919.856,1514.395,,,,,,,,,
3032,199101.084,8163958.226,1514.019,,,,,,,,,
3033,199101.088,8163957.448,1514.27,,,,,,,,,
3034,199107.219,8163957.445,1514.447,,,,,,,,,
3035,199113.427,8163957.539,1514.424,,,,,,,,,
3036,199119.63,8163957.41,1514.547,,,,,,,,,
3037,199119.633,8163919.823,1514.631,,,,,,,,,
3038,199119.647,8163920.487,1514.625,,,,,,,,,
3039,199113.411,8163920.768,1514.705,,,,,,,,,
3040,199113.406,8163919.817,1514.705,,,,,,,,,
3041,199113.472,8163883.084,1514.589,,,,,,,,,
3042,199113.422,8163882.535,1514.536,,,,,,,,,
3043,199119.62,8163883.09,1514.744,,,,,,,,,
3044,199119.608,8163882.536,1514.642,,,,,,,,,
3045,199119.405,8163844.77,1514.523,,,,,,,,,
3046,199119.613,8163845.399,1514.673,,,,,,,,,
3047,199113.433,8163845.702,1514.488,,,,,,,,,
3048,199113.485,8163844.829,1514.502,,,,,,,,,
3049,199113.418,8163807.997,1514.694,,,,,,,,,
3050,199119.595,8163808.002,1514.754,,,,,,,,,
3051,199125.8,8163807.955,1514.959,,,,,,,,,
3052,199132.015,8163808.054,1515.003,,,,,,,,,
3053,199132.038,8163844.684,1515.004,,,,,,,,,
3054,199132.025,8163845.389,1515.002,,,,,,,,,
3055,199125.864,8163845.504,1514.867,,,,,,,,,
3056,199125.866,8163844.965,1514.929,,,,,,,,,
3057,199125.895,8163883.111,1514.875,,,,,,,,,
3058,199125.836,8163882.432,1514.832,,,,,,,,,
3059,199131.992,8163882.335,1514.94,,,,,,,,,
3060,199131.973,8163883.034,1514.993,,,,,,,,,
3061,199131.81,8163919.781,1514.815,,,,,,,,,
3062,199131.968,8163920.338,1514.88,,,,,,,,,
3063,199125.829,8163920.692,1514.751,,,,,,,,,
3064,199125.849,8163919.975,1514.783,,,,,,,,,
3065,199125.812,8163958.226,1514.665,,,,,,,,,
3066,199125.807,8163957.448,1514.59,,,,,,,,,
3067,199132.023,8163957.352,1514.735,,,,,,,,,
3068,199132.024,8163958.218,1514.76,,,,,,,,,
3069,199132.038,8163994.933,1514.742,,,,,,,,,
3070,199132.003,8163995.573,1514.754,,,,,,,,,
3071,199156.918,8164032.189,1550.808,,,,,,,,,
3072,199156.98,8163994.772,1514.383,,,,,,,,,
3073,199156.833,8163995.656,1514.358,,,,,,,,,
3074,199156.752,8163958.627,1514.652,,,,,,,,,
3075,199156.733,8163957.058,1514.74,,,,,,,,,
3076,199150.663,8163957.082,1514.4,,,,,,,,,
3077,199144.466,8163957.196,1514.14,,,,,,,,,
3078,199150.649,8163919.757,1514.389,,,,,,,,,
3079,199150.623,8163920.872,1514.398,,,,,,,,,
3080,199144.387,8163919.601,1514.306,,,,,,,,,
3081,199144.475,8163920.623,1514.279,,,,,,,,,
3082,199138.302,8163919.459,1514.122,,,,,,,,,
3083,199138.22,8163920.797,1514.076,,,,,,,,,
3084,199138.002,8163957.128,1514.004,,,,,,,,,
3085,199138.236,8163882.061,1513.989,,,,,,,,,
3086,199137.922,8163883.341,1514.238,,,,,,,,,
3087,199144.198,8163883.386,1514.44,,,,,,,,,
3088,199144.66,8163881.796,1514.363,,,,,,,,,
3089,199144.421,8163844.582,1514.31,,,,,,,,,
3090,199144.393,8163845.423,1514.297,,,,,,,,,
3091,199138.262,8163844.643,1514.02,,,,,,,,,
3092,199138.148,8163845.772,1514.041,,,,,,,,,
3093,199138.029,8163808.361,1514.173,,,,,,,,,
3094,199144.554,8163808.322,1514.448,,,,,,,,,
3095,199150.518,8163808.385,1514.579,,,,,,,,,
3096,199156.694,8163808.302,1514.744,,,,,,,,,
3097,199162.888,8163808.322,1514.915,,,,,,,,,
3098,199168.944,8163808.299,1515.027,,,,,,,,,
3099,199175.414,8163808.339,1515.172,,,,,,,,,
3100,199181.698,8163808.411,1515.359,,,,,,,,,
3101,199187.738,8163808.382,1515.503,,,,,,,,,
3102,199193.856,8163808.429,1515.854,,,,,,,,,
3103,199199.97,8163808.426,1515.971,,,,,,,,,
3104,199206.502,8163808.455,1516.005,,,,,,,,,
3105,199212.605,8163808.355,1515.998,,,,,,,,,
3106,199218.888,8163808.286,1516.169,,,,,,,,,
3107,199224.905,8163808.375,1516.305,,,,,,,,,
3108,199231.198,8163808.312,1516.534,,,,,,,,,
3109,199237.257,8163808.415,1516.718,,,,,,,,,
3110,199243.592,8163808.382,1517.012,,,,,,,,,
3111,199249.82,8163808.383,1517.139,,,,,,,,,
3112,199255.972,8163808.338,1517.383,,,,,,,,,
3113,199262.245,8163808.428,1517.634,,,,,,,,,
3114,199268.283,8163808.291,1517.581,,,,,,,,,
3115,199274.534,8163808.436,1517.844,,,,,,,,,
3116,199274.694,8163844.653,1517.675,,,,,,,,,
3117,199274.679,8163846.008,1517.709,,,,,,,,,
3118,199268.317,8163844.552,1517.601,,,,,,,,,
3119,199268.341,8163845.675,1517.62,,,,,,,,,
3120,199262.131,8163845.695,1517.329,,,,,,,,,
3121,199262.285,8163844.721,1517.388,,,,,,,,,
3122,199255.742,8163845.419,1517.224,,,,,,,,,
3123,199255.869,8163844.596,1517.215,,,,,,,,,
3124,199249.78,8163845.685,1517.03,,,,,,,,,
3125,199249.701,8163844.662,1517.029,,,,,,,,,
3126,199243.549,8163845.52,1516.935,,,,,,,,,
3127,199243.61,8163844.698,1516.926,,,,,,,,,
3128,199237.407,8163845.761,1516.701,,,,,,,,,
3129,199237.288,8163844.678,1516.704,,,,,,,,,
3130,199231.269,8163844.578,1516.593,,,,,,,,,
3131,199231.225,8163845.423,1516.591,,,,,,,,,
3132,199224.967,8163845.767,1516.559,,,,,,,,,
3133,199224.997,8163844.722,1516.557,,,,,,,,,
3134,199218.793,8163844.589,1516.255,,,,,,,,,
3135,199218.856,8163845.47,1516.252,,,,,,,,,
3136,199212.567,8163845.676,1516.15,,,,,,,,,
3137,199212.659,8163844.646,1516.136,,,,,,,,,
3138,199206.456,8163844.66,1516.042,,,,,,,,,
3139,199206.458,8163845.431,1552.781,,,,,,,,,
3140,199200.223,8163845.614,1517.053,,,,,,,,,
3141,199200.21,8163844.787,1517.032,,,,,,,,,
3142,199193.983,8163844.753,1516.881,,,,,,,,,
3143,199193.971,8163845.238,1516.907,,,,,,,,,
3144,199187.803,8163845.598,1516.604,,,,,,,,,
3145,199187.809,8163844.796,1516.627,,,,,,,,,
3146,199181.56,8163844.746,1516.309,,,,,,,,,
3147,199181.597,8163845.269,1516.333,,,,,,,,,
3148,199175.418,8163845.591,1516.185,,,,,,,,,
3149,199175.417,8163844.765,1516.188,,,,,,,,,
3150,199169.248,8163844.719,1515.981,,,,,,,,,
3151,199169.247,8163845.355,1515.992,,,,,,,,,
3152,199162.987,8163845.563,1515.861,,,,,,,,,
3153,199162.984,8163844.763,1515.858,,,,,,,,,
3154,199156.803,8163844.761,1515.675,,,,,,,,,
3155,199156.801,8163845.399,1515.68,,,,,,,,,
3156,199150.618,8163845.601,1515.533,,,,,,,,,
3157,199150.62,8163844.766,1515.552,,,,,,,,,
3158,199150.611,8163883.104,1515.457,,,,,,,,,
3159,199150.593,8163882.325,1515.493,,,,,,,,,
3160,199156.772,8163882.354,1515.575,,,,,,,,,
3161,199156.806,8163883.106,1515.586,,,,,,,,,
3162,199162.955,8163882.336,1515.759,,,,,,,,,
3163,199163.026,8163883.042,1515.66,,,,,,,,,
3164,199169.218,8163882.326,1515.962,,,,,,,,,
3165,199169.201,8163883.074,1515.887,,,,,,,,,
3166,199175.408,8163882.319,1516.194,,,,,,,,,
3167,199175.426,8163883.108,1516.111,,,,,,,,,
3168,199181.65,8163882.302,1516.279,,,,,,,,,
3169,199181.626,8163883.1,1516.328,,,,,,,,,
3170,199187.792,8163882.336,1516.687,,,,,,,,,
3171,199187.853,8163883.074,1516.376,,,,,,,,,
3172,199193.979,8163882.316,1516.903,,,,,,,,,
3173,199193.965,8163883.122,1516.527,,,,,,,,,
3174,199200.197,8163882.34,1517.102,,,,,,,,,
3175,199200.202,8163883.111,1516.663,,,,,,,,,
3176,199206.407,8163882.315,1517.283,,,,,,,,,
3177,199206.47,8163883.16,1516.665,,,,,,,,,
3178,199212.64,8163882.312,1517.384,,,,,,,,,
3179,199212.654,8163883.102,1516.794,,,,,,,,,
3180,199218.757,8163883.116,1516.86,,,,,,,,,
3181,199218.789,8163882.282,1517.536,,,,,,,,,
3182,199225.011,8163883.114,1517.032,,,,,,,,,
3183,199224.971,8163882.406,1517.573,,,,,,,,,
3184,199231.229,8163883.063,1517.113,,,,,,,,,
3185,199231.233,8163882.304,1517.7,,,,,,,,,
3186,199237.438,8163882.361,1517.778,,,,,,,,,
3187,199237.429,8163883.057,1517.265,,,,,,,,,
3188,199243.564,8163882.334,1517.918,,,,,,,,,
3189,199243.652,8163883.142,1517.527,,,,,,,,,
3190,199249.754,8163882.309,1518.021,,,,,,,,,
3191,199249.809,8163883.129,1517.679,,,,,,,,,
3192,199255.948,8163882.315,1518.089,,,,,,,,,
3193,199256.095,8163882.983,1517.697,,,,,,,,,
3194,199262.176,8163882.344,1518.154,,,,,,,,,
3195,199262.24,8163883.015,1517.957,,,,,,,,,
3196,199268.361,8163883.109,1517.894,,,,,,,,,
3197,199268.333,8163882.346,1518.127,,,,,,,,,
3198,199274.562,8163883.097,1518.061,,,,,,,,,
3199,199274.573,8163882.434,1518.405,,,,,,,,,
3200,199274.562,8163920.672,1518.308,,,,,,,,,
3201,199274.554,8163919.861,1518.298,,,,,,,,,
3202,199268.39,8163920.476,1518.182,,,,,,,,,
3203,199268.365,8163919.932,1518.208,,,,,,,,,
3204,199262.164,8163920.665,1518.124,,,,,,,,,
3205,199262.109,8163919.899,1518.108,,,,,,,,,
3206,199255.955,8163919.893,1517.874,,,,,,,,,
3207,199255.949,8163920.471,1517.87,,,,,,,,,
3208,199249.738,8163920.706,1517.75,,,,,,,,,
3209,199249.744,8163919.9,1517.784,,,,,,,,,
3210,199243.597,8163919.892,1517.627,,,,,,,,,
3211,199243.569,8163920.507,1517.632,,,,,,,,,
3212,199237.402,8163920.662,1517.302,,,,,,,,,
3213,199237.404,8163919.803,1517.313,,,,,,,,,
3214,199231.102,8163919.883,1517.215,,,,,,,,,
3215,199231.22,8163920.51,1517.243,,,,,,,,,
3216,199225.024,8163920.66,1517.111,,,,,,,,,
3217,199225.029,8163919.861,1517.11,,,,,,,,,
3218,199218.811,8163919.852,1516.864,,,,,,,,,
3219,199218.796,8163920.495,1516.856,,,,,,,,,
3220,199212.649,8163920.662,1516.789,,,,,,,,,
3221,199212.663,8163919.851,1516.8,,,,,,,,,
3222,199206.382,8163919.918,1516.71,,,,,,,,,
3223,199206.419,8163920.527,1516.709,,,,,,,,,
3224,199200.221,8163920.611,1516.629,,,,,,,,,
3225,199200.136,8163919.86,1516.639,,,,,,,,,
3226,199193.979,8163919.862,1516.469,,,,,,,,,
3227,199193.972,8163920.502,1516.464,,,,,,,,,
3228,199187.832,8163920.684,1516.323,,,,,,,,,
3229,199187.838,8163919.825,1516.34,,,,,,,,,
3230,199181.624,8163920.498,1516.198,,,,,,,,,
3231,199181.632,8163919.86,1516.207,,,,,,,,,
3232,199175.436,8163920.671,1516.103,,,,,,,,,
3233,199175.44,8163919.85,1516.112,,,,,,,,,
3234,199169.151,8163919.842,1515.822,,,,,,,,,
3235,199169.189,8163920.434,1515.843,,,,,,,,,
3236,199163.011,8163920.724,1515.669,,,,,,,,,
3237,199163.013,8163919.875,1515.665,,,,,,,,,
3238,199156.81,8163920.468,1515.677,,,,,,,,,
3239,199156.798,8163919.857,1515.678,,,,,,,,,
3240,199163.007,8163957.463,1515.667,,,,,,,,,
3241,199162.984,8163958.223,1515.736,,,,,,,,,
3242,199169.235,8163957.406,1515.719,,,,,,,,,
3243,199169.246,8163958.214,1515.921,,,,,,,,,
3244,199175.439,8163957.43,1516.117,,,,,,,,,
3245,199175.45,8163958.198,1516.037,,,,,,,,,
3246,199181.6,8163957.432,1516.035,,,,,,,,,
3247,199181.617,8163958.239,1516.169,,,,,,,,,
3248,199187.81,8163957.411,1516.244,,,,,,,,,
3249,199187.805,8163958.251,1516.321,,,,,,,,,
3250,199194.037,8163957.435,1516.413,,,,,,,,,
3251,199194.008,8163958.247,1516.593,,,,,,,,,
3252,199200.223,8163957.425,1516.62,,,,,,,,,
3253,199200.203,8163958.213,1516.795,,,,,,,,,
3254,199206.413,8163957.454,1516.746,,,,,,,,,
3255,199206.357,8163958.06,1516.743,,,,,,,,,
3256,199212.629,8163957.395,1516.787,,,,,,,,,
3257,199212.62,8163958.217,1516.666,,,,,,,,,
3258,199218.82,8163958.089,1516.591,,,,,,,,,
3259,199218.814,8163957.415,1516.842,,,,,,,,,
3260,199225.022,8163958.199,1516.984,,,,,,,,,
3261,199225.028,8163957.39,1517.222,,,,,,,,,
3262,199231.202,8163957.419,1517.314,,,,,,,,,
3263,199231.263,8163958.073,1517.231,,,,,,,,,
3264,199237.401,8163957.367,1517.356,,,,,,,,,
3265,199237.417,8163958.172,1517.422,,,,,,,,,
3266,199243.58,8163957.455,1517.657,,,,,,,,,
3267,199243.593,8163958.265,1517.732,,,,,,,,,
3268,199249.791,8163958.241,1517.754,,,,,,,,,
3269,199249.766,8163957.434,1517.9,,,,,,,,,
3270,199255.945,8163957.399,1518.075,,,,,,,,,
3271,199255.957,8163958.229,1517.887,,,,,,,,,
3272,199262.141,8163958.233,1518.01,,,,,,,,,
3273,199262.119,8163957.42,1518.297,,,,,,,,,
3274,199268.389,8163957.41,1518.436,,,,,,,,,
3275,199274.562,8163957.392,1518.499,,,,,,,,,
3276,199262.178,8163995.807,1518.033,,,,,,,,,
3277,199262.175,8163994.946,1518.042,,,,,,,,,
3278,199255.979,8163994.971,1517.954,,,,,,,,,
3279,199255.974,8163995.59,1517.976,,,,,,,,,
3280,199249.798,8163995.806,1517.804,,,,,,,,,
3281,199249.794,8163994.959,1517.791,,,,,,,,,
3282,199243.422,8163995.03,1517.662,,,,,,,,,
3283,199243.563,8163995.65,1517.692,,,,,,,,,
3284,199237.408,8163995.783,1517.46,,,,,,,,,
3285,199237.411,8163994.994,1517.477,,,,,,,,,
3286,199231.19,8163994.933,1517.348,,,,,,,,,
3287,199231.205,8163995.577,1517.369,,,,,,,,,
3288,199224.983,8163995.881,1517.127,,,,,,,,,
3289,199224.98,8163994.944,1517.131,,,,,,,,,
3290,199218.776,8163994.822,1516.882,,,,,,,,,
3291,199218.795,8163995.367,1516.912,,,,,,,,,
3292,199212.584,8163995.935,1516.932,,,,,,,,,
3293,199212.586,8163994.986,1516.943,,,,,,,,,
3294,199206.352,8163994.784,1516.624,,,,,,,,,
3295,199206.357,8163995.58,1516.624,,,,,,,,,
3296,199200.19,8163995.793,1516.546,,,,,,,,,
3297,199200.207,8163995.007,1516.561,,,,,,,,,
3298,199193.994,8163995.622,1516.422,,,,,,,,,
3299,199193.997,8163994.982,1516.42,,,,,,,,,
3300,199187.815,8163995.826,1516.186,,,,,,,,,
3301,199187.823,8163994.985,1516.213,,,,,,,,,
3302,199181.619,8163994.973,1515.998,,,,,,,,,
3303,199181.625,8163995.595,1516,,,,,,,,,
3304,199175.453,8163995.805,1515.841,,,,,,,,,
3305,199175.461,8163994.939,1515.858,,,,,,,,,
3306,199169.227,8163994.944,1515.706,,,,,,,,,
3307,199169.216,8163995.594,1515.704,,,,,,,,,
3308,199615.379,8164118.489,1526.09,,,,,,,,,
3309,199609.22,8164118.504,1525.949,,,,,,,,,
3310,199615.421,8164155.232,1526.37,,,,,,,,,
3311,199615.406,8164155.782,1526.401,,,,,,,,,
3312,199609.406,8164155.985,1526.062,,,,,,,,,
3313,199609.257,8164155.365,1526.197,,,,,,,,,
3314,199609.271,8164193.611,1526.155,,,,,,,,,
3315,199609.204,8164192.83,1526.341,,,,,,,,,
3316,199615.389,8164192.826,1526.591,,,,,,,,,
3317,199615.42,8164193.574,1526.421,,,,,,,,,
3318,199609.274,8164231.166,1526.49,,,,,,,,,
3319,199609.204,8164230.409,1526.515,,,,,,,,,
3320,199615.215,8164230.419,1526.696,,,,,,,,,
3321,199615.408,8164230.716,1526.769,,,,,,,,,
3322,199615.417,8164267.965,1526.983,,,,,,,,,
3323,199609.155,8164267.986,1526.828,,,,,,,,,
3324,199602.935,8164267.985,1526.42,,,,,,,,,
3325,199596.841,8164267.969,1526.219,,,,,,,,,
3326,199596.883,8164231.14,1526.097,,,,,,,,,
3327,199596.827,8164230.363,1526.087,,,,,,,,,
3328,199602.969,8164230.356,1526.236,,,,,,,,,
3329,199603.007,8164230.898,1526.27,,,,,,,,,
3330,199596.805,8164192.86,1526.116,,,,,,,,,
3331,199596.82,8164193.508,1525.995,,,,,,,,,
3332,199602.973,8164192.821,1526.183,,,,,,,,,
3333,199603.031,8164193.594,1526.02,,,,,,,,,
3334,199602.856,8164155.241,1525.908,,,,,,,,,
3335,199603.023,8164155.782,1525.974,,,,,,,,,
3336,199596.873,8164155.979,1525.872,,,,,,,,,
3337,199596.799,8164155.471,1525.965,,,,,,,,,
3338,199603.036,8164118.483,1525.631,,,,,,,,,
3339,199596.794,8164118.478,1525.571,,,,,,,,,
3340,199590.683,8164118.465,1525.457,,,,,,,,,
3341,199584.418,8164118.464,1525.256,,,,,,,,,
3342,199584.436,8164156.054,1525.525,,,,,,,,,
3343,199584.389,8164155.276,1525.568,,,,,,,,,
3344,199590.575,8164155.283,1525.732,,,,,,,,,
3345,199590.619,8164155.917,1525.744,,,,,,,,,
3346,199590.56,8164192.895,1525.872,,,,,,,,,
3347,199590.612,8164193.606,1525.635,,,,,,,,,
3348,199584.528,8164193.627,1525.423,,,,,,,,,
3349,199584.434,8164192.935,1525.696,,,,,,,,,
3350,199590.592,8164230.394,1525.995,,,,,,,,,
3351,199590.646,8164231.002,1525.993,,,,,,,,,
3352,199584.887,8164231.19,1525.831,,,,,,,,,
3353,199584.406,8164230.506,1525.931,,,,,,,,,
3354,199590.595,8164268.002,1526.253,,,,,,,,,
3355,199584.364,8164267.993,1526.245,,,,,,,,,
3356,199578.199,8164268.002,1526.045,,,,,,,,,
3357,199572.026,8164268.105,1525.557,,,,,,,,,
3358,199572.222,8164231.271,1525.613,,,,,,,,,
3359,199572.065,8164230.482,1525.685,,,,,,,,,
3360,199577.75,8164230.457,1525.664,,,,,,,,,
3361,199578.225,8164231.014,1525.709,,,,,,,,,
3362,199577.924,8164192.898,1525.457,,,,,,,,,
3363,199578.206,8164193.587,1525.306,,,,,,,,,
3364,199572.31,8164193.513,1525.09,,,,,,,,,
3365,199572.019,8164193.046,1525.218,,,,,,,,,
3366,199572.158,8164156.023,1525.041,,,,,,,,,
3367,199572.05,8164155.341,1525.122,,,,,,,,,
3368,199578.207,8164155.232,1525.385,,,,,,,,,
3369,199578.222,8164155.812,1525.416,,,,,,,,,
3370,199578.197,8164118.372,1525.019,,,,,,,,,
3371,199572.044,8164118.54,1524.894,,,,,,,,,
3372,199565.818,8164118.542,1524.667,,,,,,,,,
3373,199559.649,8164118.501,1524.666,,,,,,,,,
3374,199559.874,8164155.939,1524.651,,,,,,,,,
3375,199559.63,8164155.634,1524.888,,,,,,,,,
3376,199565.741,8164155.285,1524.851,,,,,,,,,
3377,199565.813,8164155.778,1524.927,,,,,,,,,
3378,199565.591,8164192.987,1524.88,,,,,,,,,
3379,199565.863,8164193.392,1524.851,,,,,,,,,
3380,199559.618,8164192.854,1524.964,,,,,,,,,
3381,199559.658,8164193.567,1525.127,,,,,,,,,
3382,199559.744,8164231.085,1525.389,,,,,,,,,
3383,199559.635,8164230.687,1525.458,,,,,,,,,
3384,199565.805,8164230.241,1525.516,,,,,,,,,
3385,199565.838,8164230.866,1525.59,,,,,,,,,
3386,199565.704,8164267.97,1525.336,,,,,,,,,
3387,199559.671,8164268.016,1525.523,,,,,,,,,
3388,199553.444,8164268.031,1525.393,,,,,,,,,
3389,199547.296,8164268.156,1524.911,,,,,,,,,
3390,199547.377,8164231.286,1525.058,,,,,,,,,
3391,199547.297,8164230.532,1525.128,,,,,,,,,
3392,199553.282,8164230.402,1525.245,,,,,,,,,
3393,199553.403,8164231.007,1525.267,,,,,,,,,
3394,199553.396,8164193.596,1525.031,,,,,,,,,
3395,199553.385,8164192.904,1524.816,,,,,,,,,
3396,199547.397,8164193.574,1524.457,,,,,,,,,
3397,199547.234,8164193.081,1524.478,,,,,,,,,
3398,199547.24,8164156.239,1524.474,,,,,,,,,
3399,199547.244,8164155.341,1524.506,,,,,,,,,
3400,199553.233,8164155.294,1524.599,,,,,,,,,
3401,199553.41,8164155.794,1524.666,,,,,,,,,
3402,199553.459,8164118.493,1524.435,,,,,,,,,
3403,199547.283,8164118.547,1524.104,,,,,,,,,
3404,199541.054,8164118.441,1523.911,,,,,,,,,
3405,199534.868,8164118.506,1523.979,,,,,,,,,
3406,199535.023,8164155.971,1524.058,,,,,,,,,
3407,199534.893,8164155.246,1524.163,,,,,,,,,
3408,199541.083,8164155.331,1524.321,,,,,,,,,
3409,199541.083,8164156.031,1524.453,,,,,,,,,
3410,199535.038,8164193.518,1524.11,,,,,,,,,
3411,199534.871,8164193.039,1524.264,,,,,,,,,
3412,199540.975,8164192.895,1524.178,,,,,,,,,
3413,199541.04,8164193.475,1524.379,,,,,,,,,
3414,199535.108,8164231.126,1524.534,,,,,,,,,
3415,199534.837,8164230.773,1524.68,,,,,,,,,
3416,199540.861,8164230.258,1524.726,,,,,,,,,
3417,199541.054,8164230.948,1524.824,,,,,,,,,
3418,199541.06,8164267.95,1524.878,,,,,,,,,
3419,199534.878,8164268.106,1524.544,,,,,,,,,
3420,199528.705,8164267.989,1524.35,,,,,,,,,
3421,199522.493,8164268.008,1524.056,,,,,,,,,
3422,199522.747,8164231.137,1524.045,,,,,,,,,
3423,199522.503,8164230.666,1524.197,,,,,,,,,
3424,199528.472,8164230.276,1524.353,,,,,,,,,
3425,199528.674,8164231.134,1524.458,,,,,,,,,
3426,199528.63,8164193.411,1523.996,,,,,,,,,
3427,199528.671,8164192.932,1524.132,,,,,,,,,
3428,199522.535,8164193.598,1524.119,,,,,,,,,
3429,199522.476,8164193.015,1524.165,,,,,,,,,
3430,199522.524,8164156.17,1523.88,,,,,,,,,
3431,199522.466,8164155.618,1523.96,,,,,,,,,
3432,199528.511,8164155.318,1523.983,,,,,,,,,
3433,199528.677,8164155.744,1524.055,,,,,,,,,
3434,199528.666,8164118.529,1523.875,,,,,,,,,
3435,199522.517,8164118.519,1523.516,,,,,,,,,
3436,199516.258,8164118.383,1523.25,,,,,,,,,
3437,199510.086,8164118.55,1523.127,,,,,,,,,
3438,199516.11,8164155.17,1523.597,,,,,,,,,
3439,199516.25,8164155.707,1523.647,,,,,,,,,
3440,199510.115,8164156.12,1523.355,,,,,,,,,
3441,199510.106,8164155.358,1523.388,,,,,,,,,
3442,199510.146,8164193.774,1525.563,,,,,,,,,
3443,199510.063,8164192.888,1523.591,,,,,,,,,
3444,199516.043,8164192.899,1523.629,,,,,,,,,
3445,199516.335,8164193.33,1523.91,,,,,,,,,
3446,199515.828,8164230.454,1523.916,,,,,,,,,
3447,199516.291,8164231.137,1524.004,,,,,,,,,
3448,199510.41,8164231.292,1523.852,,,,,,,,,
3449,199510.071,8164230.66,1524.011,,,,,,,,,
3450,199516.283,8164267.951,1523.895,,,,,,,,,
3451,199510.145,8164268.192,1523.557,,,,,,,,,
3452,199503.87,8164267.963,1523.447,,,,,,,,,
3453,199497.672,8164267.938,1523.469,,,,,,,,,
3454,199497.827,8164231.062,1523.48,,,,,,,,,
3455,199497.706,8164230.378,1523.557,,,,,,,,,
3456,199503.487,8164230.279,1523.56,,,,,,,,,
3457,199503.853,8164230.913,1523.771,,,,,,,,,
3458,199503.725,8164192.927,1523.375,,,,,,,,,
3459,199503.888,8164193.475,1523.653,,,,,,,,,
3460,199497.998,8164193.504,1523.461,,,,,,,,,
3461,199497.681,8164192.869,1523.42,,,,,,,,,
3462,199497.946,8164156.01,1523.036,,,,,,,,,
3463,199497.696,8164155.37,1523.269,,,,,,,,,
3464,199503.601,8164155.343,1523.396,,,,,,,,,
3465,199503.786,8164155.775,1523.445,,,,,,,,,
3466,199503.783,8164118.407,1523.017,,,,,,,,,
3467,199497.664,8164118.516,1523.006,,,,,,,,,
3468,199491.472,8164118.507,1522.774,,,,,,,,,
3469,199485.228,8164118.465,1522.612,,,,,,,,,
3470,199485.474,8164155.898,1522.695,,,,,,,,,
3471,199485.27,8164155.324,1522.896,,,,,,,,,
3472,199491.333,8164155.236,1523.233,,,,,,,,,
3473,199491.399,8164155.861,1523.284,,,,,,,,,
3474,199491.505,8164192.835,1523.275,,,,,,,,,
3475,199491.538,8164193.599,1523.339,,,,,,,,,
3476,199485.311,8164193.654,1523.19,,,,,,,,,
3477,199485.26,8164192.872,1523.046,,,,,,,,,
3478,199485.508,8164231.103,1523.168,,,,,,,,,
3479,199485.314,8164230.404,1523.257,,,,,,,,,
3480,199491.252,8164230.421,1523.298,,,,,,,,,
3481,199491.473,8164230.965,1523.427,,,,,,,,,
3482,199491.472,8164267.999,1523.391,,,,,,,,,
3483,199485.399,8164268.109,1523.125,,,,,,,,,
3484,199479.115,8164267.974,1523.054,,,,,,,,,
3485,199478.87,8164230.442,1522.993,,,,,,,,,
3486,199479.095,8164230.771,1523.102,,,,,,,,,
3487,199472.894,8164231.226,1522.911,,,,,,,,,
3488,199473.026,8164212.71,1522.672,,,,,,,,,
3489,199472.888,8164212.081,1522.736,,,,,,,,,
3490,199472.902,8164193.605,1522.444,,,,,,,,,
3491,199472.875,8164192.995,1522.569,,,,,,,,,
3492,199478.86,8164192.945,1522.7,,,,,,,,,
3493,199479.088,8164193.638,1523.041,,,,,,,,,
3494,199478.772,8164155.329,1522.618,,,,,,,,,
3495,199479.036,8164155.738,1522.732,,,,,,,,,
3496,199472.948,8164156.035,1522.431,,,,,,,,,
3497,199472.87,8164155.492,1522.528,,,,,,,,,
3498,199478.994,8164118.375,1522.53,,,,,,,,,
3499,199472.864,8164118.522,1522.361,,,,,,,,,
3500,199466.678,8164118.533,1522.247,,,,,,,,,
3501,199460.427,8164118.428,1522.128,,,,,,,,,
3502,199460.539,8164156.079,1522.183,,,,,,,,,
3503,199460.542,8164155.445,1522.251,,,,,,,,,
3504,199466.4,8164155.304,1522.488,,,,,,,,,
3505,199466.62,8164155.903,1522.548,,,,,,,,,
3506,199460.555,8164193.638,1522.243,,,,,,,,,
3507,199460.525,8164192.88,1522.3,,,,,,,,,
3508,199466.644,8164192.869,1522.37,,,,,,,,,
3509,199466.686,8164193.408,1522.266,,,,,,,,,
3510,199466.622,8164211.987,1522.413,,,,,,,,,
3511,199466.663,8164212.428,1522.468,,,,,,,,,
3512,199460.7,8164212.779,1522.365,,,,,,,,,
3513,199460.588,8164212.257,1522.456,,,,,,,,,
3514,199466.665,8164231.183,1522.597,,,,,,,,,
3515,199460.51,8164231.196,1522.604,,,,,,,,,
3516,199454.312,8164231.194,1522.376,,,,,,,,,
3517,199448.112,8164231.139,1522.246,,,,,,,,,
3518,199448.119,8164212.753,1522.185,,,,,,,,,
3519,199448.112,8164211.99,1522.184,,,,,,,,,
3520,199454.323,8164212.015,1522.219,,,,,,,,,
3521,199454.342,8164212.628,1522.218,,,,,,,,,
3522,199454.338,8164192.824,1522.19,,,,,,,,,
3523,199454.339,8164193.673,1522.071,,,,,,,,,
3524,199448.17,8164193.577,1522.119,,,,,,,,,
3525,199448.093,8164193.025,1522.071,,,,,,,,,
3526,199448.113,8164156.031,1521.372,,,,,,,,,
3527,199448.103,8164155.458,1521.701,,,,,,,,,
3528,199454.301,8164155.26,1522.136,,,,,,,,,
3529,199454.291,8164155.854,1522.154,,,,,,,,,
3530,199454.165,8164118.335,1521.982,,,,,,,,,
3531,199448.054,8164118.539,1521.961,,,,,,,,,
3532,199441.904,8164118.4,1521.664,,,,,,,,,
3533,199435.701,8164118.557,1521.71,,,,,,,,,
3534,199435.95,8164156.022,1521.31,,,,,,,,,
3535,199435.739,8164155.339,1521.572,,,,,,,,,
3536,199441.72,8164155.207,1521.49,,,,,,,,,
3537,199441.893,8164155.871,1521.586,,,,,,,,,
3538,199441.78,8164192.906,1521.722,,,,,,,,,
3539,199441.932,8164193.654,1521.969,,,,,,,,,
3540,199435.797,8164192.981,1521.439,,,,,,,,,
3541,199435.733,8164193.635,1521.789,,,,,,,,,
3542,199435.84,8164212.756,1521.834,,,,,,,,,
3543,199435.75,8164212.297,1521.909,,,,,,,,,
3544,199441.609,8164212.077,1521.877,,,,,,,,,
3545,199441.926,8164212.344,1522.007,,,,,,,,,
3546,199441.826,8164231.23,1521.912,,,,,,,,,
3547,199435.741,8164231.229,1521.855,,,,,,,,,
3548,199429.534,8164231.184,1521.762,,,,,,,,,
3549,199429.425,8164212.078,1521.638,,,,,,,,,
3550,199429.504,8164212.48,1521.704,,,,,,,,,
3551,199429.488,8164192.868,1521.349,,,,,,,,,
3552,199429.51,8164193.68,1521.562,,,,,,,,,
3553,199423.322,8164192.855,1521.26,,,,,,,,,
3554,199423.459,8164156.107,1521.207,,,,,,,,,
3555,199423.328,8164155.433,1521.328,,,,,,,,,
3556,199429.268,8164155.327,1521.361,,,,,,,,,
3557,199429.497,8164155.823,1521.466,,,,,,,,,
3558,199429.514,8164118.556,1521.546,,,,,,,,,
3559,199423.25,8164118.544,1521.33,,,,,,,,,
3560,199417.073,8164118.525,1521.253,,,,,,,,,
3561,199410.88,8164118.552,1521.081,,,,,,,,,
3562,199410.928,8164156.099,1520.961,,,,,,,,,
3563,199410.907,8164155.301,1520.968,,,,,,,,,
3564,199417.089,8164155.262,1521.187,,,,,,,,,
3565,199417.101,8164155.817,1521.222,,,,,,,,,
3566,199417.139,8164192.836,1521.133,,,,,,,,,
3567,199410.945,8164192.861,1520.864,,,,,,,,,
3568,199404.768,8164192.873,1520.865,,,,,,,,,
3569,199398.581,8164192.83,1520.974,,,,,,,,,
3570,199398.569,8164156.087,1520.828,,,,,,,,,
3571,199398.566,8164155.407,1520.872,,,,,,,,,
3572,199404.734,8164155.294,1520.908,,,,,,,,,
3573,199404.736,8164155.935,1520.908,,,,,,,,,
3574,199404.71,8164118.561,1520.935,,,,,,,,,
3575,199398.549,8164118.527,1520.71,,,,,,,,,
3576,199392.365,8164118.567,1520.646,,,,,,,,,
3577,199386.162,8164118.489,1520.663,,,,,,,,,
3578,199392.354,8164155.301,1520.642,,,,,,,,,
3579,199392.374,8164155.802,1520.681,,,,,,,,,
3580,199386.203,8164156.078,1520.525,,,,,,,,,
3581,199386.197,8164155.293,1520.551,,,,,,,,,
3582,199392.379,8164192.88,1520.637,,,,,,,,,
3583,199386.224,8164192.804,1520.398,,,,,,,,,
3584,199379.989,8164192.845,1520.33,,,,,,,,,
3585,199373.718,8164192.846,1520.386,,,,,,,,,
3586,199373.753,8164156.062,1520.306,,,,,,,,,
3587,199373.774,8164155.28,1520.316,,,,,,,,,
3588,199379.864,8164155.295,1520.343,,,,,,,,,
3589,199379.981,8164155.86,1520.396,,,,,,,,,
3590,199379.955,8164118.531,1520.442,,,,,,,,,
3591,199373.704,8164118.534,1520.219,,,,,,,,,
3592,199367.555,8164118.54,1520.153,,,,,,,,,
3593,199361.295,8164118.533,1520.217,,,,,,,,,
3594,199361.423,8164137.637,1519.926,,,,,,,,,
3595,199361.316,8164137.059,1519.998,,,,,,,,,
3596,199361.328,8164156.116,1519.68,,,,,,,,,
3597,199367.531,8164155.26,1520.083,,,,,,,,,
3598,199367.538,8164155.685,1520.114,,,,,,,,,
3599,199367.564,8164192.846,1520.048,,,,,,,,,
3600,199355.069,8164156.229,1519.517,,,,,,,,,
3601,199348.886,8164156.036,1519.387,,,,,,,,,
3602,199348.936,8164137.672,1519.655,,,,,,,,,
3603,199348.888,8164136.977,1519.725,,,,,,,,,
3604,199354.913,8164136.933,1519.769,,,,,,,,,
3605,199355.101,8164137.514,1519.812,,,,,,,,,
3606,199355.059,8164118.541,1520.083,,,,,,,,,
3607,199348.939,8164118.512,1519.884,,,,,,,,,
3608,199342.733,8164118.565,1519.717,,,,,,,,,
3609,199336.619,8164118.539,1519.478,,,,,,,,,
3610,199336.641,8164137.637,1519.23,,,,,,,,,
3611,199336.515,8164137.262,1519.332,,,,,,,,,
3612,199342.685,8164136.94,1519.518,,,,,,,,,
3613,199342.702,8164137.214,1519.545,,,,,,,,,
3614,199342.621,8164156.115,1519.252,,,,,,,,,
3615,199336.572,8164158.508,1518.994,,,,,,,,,
3616,199330.362,8164156.098,1518.94,,,,,,,,,
3617,199324.106,8164156.115,1518.702,,,,,,,,,
3618,199324.266,8164137.662,1519.048,,,,,,,,,
3619,199324.159,8164137.053,1519.126,,,,,,,,,
3620,199330.225,8164136.973,1519.222,,,,,,,,,
3621,199330.329,8164137.413,1519.26,,,,,,,,,
3622,199330.324,8164118.551,1519.513,,,,,,,,,
3623,199324.131,8164118.617,1519.401,,,,,,,,,
3624,199317.972,8164118.557,1519.052,,,,,,,,,
3625,199317.953,8164136.925,1518.82,,,,,,,,,
3626,199317.941,8164137.479,1518.829,,,,,,,,,
3627,199317.921,8164156.067,1518.58,,,,,,,,,
3628,200559.209,8162275.944,1559.843,,,,,,,,,
3629,200559.17,8162239.214,1560.091,,,,,,,,,
3630,200559.169,8162238.332,1560.11,,,,,,,,,
3631,200559.203,8162201.525,1561.163,,,,,,,,,
3632,200559.16,8162200.834,1561.172,,,,,,,,,
3633,200559.194,8162164.13,1561.277,,,,,,,,,
3634,200559.208,8162163.156,1561.277,,,,,,,,,
3635,200559.222,8162126.416,1560.867,,,,,,,,,
3636,200559.238,8162125.749,1560.853,,,,,,,,,
3637,200559.17,8162089.046,1561.45,,,,,,,,,
3638,200559.164,8162088.042,1561.456,,,,,,,,,
3639,200559.207,8162051.333,1561.574,,,,,,,,,
3640,200565.413,8162051.444,1561.79,,,,,,,,,
3641,200571.613,8162051.319,1561.635,,,,,,,,,
3642,200571.611,8162088.062,1561.741,,,,,,,,,
3643,200571.636,8162089.029,1561.738,,,,,,,,,
3644,200565.414,8162088.156,1561.621,,,,,,,,,
3645,200565.409,8162088.969,1561.618,,,,,,,,,
3646,200565.436,8162125.865,1561.354,,,,,,,,,
3647,200565.401,8162126.651,1561.369,,,,,,,,,
3648,200571.63,8162125.74,1561.778,,,,,,,,,
3649,200571.688,8162126.585,1561.963,,,,,,,,,
3650,200571.602,8162163.306,1561.727,,,,,,,,,
3651,200571.616,8162163.989,1561.709,,,,,,,,,
3652,200565.401,8162164.275,1561.596,,,,,,,,,
3653,200565.428,8162163.379,1561.598,,,,,,,,,
3654,200571.641,8162201.586,1561.06,,,,,,,,,
3655,200571.603,8162200.901,1561.451,,,,,,,,,
3656,200565.363,8162201.073,1561.279,,,,,,,,,
3657,200565.4,8162201.749,1561.294,,,,,,,,,
3658,200565.429,8162238.473,1560.088,,,,,,,,,
3659,200565.458,8162239.293,1560.082,,,,,,,,,
3660,200571.632,8162238.372,1560.485,,,,,,,,,
3661,200571.586,8162239.067,1560.475,,,,,,,,,
3662,200565.408,8162276.158,1559.929,,,,,,,,,
3663,200571.665,8162276.09,1560.269,,,,,,,,,
3664,200577.69,8162239.214,1560.579,,,,,,,,,
3665,200577.69,8162238.361,1560.584,,,,,,,,,
3666,200583.935,8162239.212,1560.953,,,,,,,,,
3667,200583.957,8162238.374,1560.988,,,,,,,,,
3668,200577.831,8162201.791,1561.244,,,,,,,,,
3669,200577.787,8162200.882,1561.394,,,,,,,,,
3670,200584.045,8162201.523,1561.352,,,,,,,,,
3671,200583.997,8162200.867,1561.362,,,,,,,,,
3672,200577.817,8162164.182,1561.812,,,,,,,,,
3673,200577.808,8162163.294,1561.825,,,,,,,,,
3674,200584.008,8162163.959,1562.158,,,,,,,,,
3675,200584.011,8162163.209,1562.164,,,,,,,,,
3676,200584.009,8162126.439,1562.261,,,,,,,,,
3677,200584.002,8162125.78,1562.441,,,,,,,,,
3678,200577.822,8162125.916,1562.099,,,,,,,,,
3679,200577.883,8162126.593,1562.242,,,,,,,,,
3680,200577.834,8162089.146,1561.75,,,,,,,,,
3681,200577.823,8162088.296,1561.754,,,,,,,,,
3682,200584.046,8162088.849,1561.971,,,,,,,,,
3683,200584.044,8162088.086,1561.973,,,,,,,,,
3684,200584.034,8162051.356,1561.729,,,,,,,,,
3685,200590.178,8162051.454,1562.066,,,,,,,,,
3686,200596.36,8162051.354,1562.127,,,,,,,,,
3687,200596.362,8162088.084,1562.126,,,,,,,,,
3688,200596.364,8162088.85,1562.115,,,,,,,,,
3689,200590.185,8162088.172,1562.084,,,,,,,,,
3690,200590.167,8162089.146,1562.089,,,,,,,,,
3691,200590.193,8162125.873,1562.891,,,,,,,,,
3692,200590.204,8162126.497,1562.708,,,,,,,,,
3693,200596.399,8162126.597,1563.167,,,,,,,,,
3694,200596.376,8162125.757,1563.368,,,,,,,,,
3695,200596.398,8162163.32,1562.37,,,,,,,,,
3696,200596.405,8162163.995,1562.348,,,,,,,,,
3697,200590.201,8162163.201,1562.254,,,,,,,,,
3698,200590.206,8162164.208,1562.238,,,,,,,,,
3699,200596.359,8162200.895,1561.528,,,,,,,,,
3700,200596.401,8162201.544,1561.675,,,,,,,,,
3701,200590.207,8162200.91,1561.447,,,,,,,,,
3702,200590.238,8162201.557,1561.546,,,,,,,,,
3703,200596.334,8162238.382,1561.049,,,,,,,,,
3704,200596.329,8162239.046,1561.041,,,,,,,,,
3705,200590.326,8162239.271,1560.992,,,,,,,,,
3706,200590.31,8162238.409,1561.014,,,,,,,,,
3707,200590.182,8162276.086,1559.959,,,,,,,,,
3708,200596.425,8162276.068,1560.129,,,,,,,,,
3709,200602.61,8162276.059,1559.863,,,,,,,,,
3710,200608.849,8162275.999,1559.973,,,,,,,,,
3711,200608.842,8162239.08,1561.154,,,,,,,,,
3712,200608.849,8162238.294,1561.169,,,,,,,,,
3713,200602.709,8162239.325,1561.196,,,,,,,,,
3714,200602.604,8162238.41,1561.219,,,,,,,,,
3715,200608.845,8162201.559,1561.736,,,,,,,,,
3716,200608.757,8162200.907,1561.823,,,,,,,,,
3717,200602.571,8162200.895,1561.56,,,,,,,,,
3718,200602.593,8162201.616,1561.778,,,,,,,,,
3719,200608.79,8162163.966,1562.642,,,,,,,,,
3720,200608.8,8162163.298,1562.672,,,,,,,,,
3721,200602.593,8162164.208,1562.44,,,,,,,,,
3722,200602.591,8162163.329,1562.458,,,,,,,,,
3723,200608.675,8162126.511,1563.417,,,,,,,,,
3724,200608.825,8162125.779,1563.783,,,,,,,,,
3725,200602.661,8162126.606,1563.453,,,,,,,,,
3726,200602.589,8162125.887,1563.58,,,,,,,,,
3727,200602.566,8162088.182,1562.431,,,,,,,,,
3728,200602.581,8162089.137,1562.471,,,,,,,,,
3729,200608.791,8162088.87,1562.712,,,,,,,,,
3730,200608.792,8162088.041,1562.682,,,,,,,,,
3731,200602.828,8162051.511,1561.816,,,,,,,,,
3732,200608.863,8162051.346,1562.528,,,,,,,,,
3733,200615.041,8162051.434,1562.638,,,,,,,,,
3734,200621.22,8162051.357,1562.733,,,,,,,,,
3735,200621.221,8162088.034,1563.578,,,,,,,,,
3736,200621.219,8162088.841,1563.588,,,,,,,,,
3737,200615.013,8162089.155,1563.083,,,,,,,,,
3738,200615.012,8162088.131,1563.075,,,,,,,,,
3739,200621.227,8162125.775,1563.856,,,,,,,,,
3740,200621.283,8162126.587,1563.642,,,,,,,,,
3741,200615.054,8162125.891,1563.89,,,,,,,,,
3742,200615.012,8162126.6,1563.628,,,,,,,,,
3743,200621.231,8162163.296,1562.816,,,,,,,,,
3744,200621.238,8162163.972,1562.785,,,,,,,,,
3745,200615.026,8162163.34,1562.712,,,,,,,,,
3746,200614.992,8162164.218,1562.648,,,,,,,,,
3747,200621.231,8162200.864,1561.906,,,,,,,,,
3748,200621.22,8162201.601,1562.054,,,,,,,,,
3749,200615.039,8162200.925,1561.699,,,,,,,,,
3750,200615.064,8162201.637,1561.953,,,,,,,,,
3751,200621.215,8162238.31,1561.373,,,,,,,,,
3752,200621.228,8162239.105,1561.368,,,,,,,,,
3753,200615.021,8162238.333,1561.371,,,,,,,,,
3754,200615.035,8162239.394,1561.359,,,,,,,,,
3755,200615.022,8162276.058,1560.071,,,,,,,,,
3756,200621.229,8162276.038,1560.408,,,,,,,,,
3757,200627.434,8162276.144,1560.5,,,,,,,,,
3758,200633.634,8162276.044,1560.707,,,,,,,,,
3759,200633.639,8162238.337,1561.214,,,,,,,,,
3760,200633.627,8162239.126,1561.182,,,,,,,,,
3761,200627.415,8162239.439,1561.237,,,,,,,,,
3762,200627.41,8162238.431,1561.261,,,,,,,,,
3763,200633.606,8162201.654,1562.452,,,,,,,,,
3764,200633.62,8162200.92,1562.375,,,,,,,,,
3765,200627.394,8162200.89,1562.039,,,,,,,,,
3766,200627.424,8162201.682,1562.292,,,,,,,,,
3767,200633.633,8162164.023,1563.101,,,,,,,,,
3768,200633.658,8162163.199,1563.107,,,,,,,,,
3769,200627.407,8162164.18,1562.889,,,,,,,,,
3770,200627.456,8162163.327,1562.938,,,,,,,,,
3771,200633.626,8162126.495,1563.993,,,,,,,,,
3772,200633.671,8162125.842,1564.028,,,,,,,,,
3773,200627.442,8162125.869,1563.965,,,,,,,,,
3774,200627.472,8162126.59,1563.768,,,,,,,,,
3775,200633.602,8162088.899,1564.224,,,,,,,,,
3776,200633.597,8162088.118,1564.208,,,,,,,,,
3777,200627.423,8162089.13,1563.937,,,,,,,,,
3778,200627.447,8162088.135,1563.925,,,,,,,,,
3779,200633.654,8162051.439,1562.804,,,,,,,,,
3780,200627.425,8162051.453,1562.833,,,,,,,,,
3781,200639.795,8162051.439,1563.474,,,,,,,,,
3782,200646.021,8162051.396,1563.945,,,,,,,,,
3783,200646.002,8162088.095,1564.831,,,,,,,,,
3784,200645.976,8162088.888,1564.856,,,,,,,,,
3785,200639.821,8162089.132,1564.702,,,,,,,,,
3786,200639.843,8162088.13,1564.664,,,,,,,,,
3787,200646.038,8162125.821,1563.943,,,,,,,,,
3788,200646.058,8162126.421,1564.018,,,,,,,,,
3789,200639.895,8162125.868,1564.071,,,,,,,,,
3790,200639.855,8162126.596,1563.925,,,,,,,,,
3791,200646.031,8162163.173,1563.531,,,,,,,,,
3792,200646.025,8162163.908,1563.503,,,,,,,,,
3793,200639.805,8162163.351,1563.228,,,,,,,,,
3794,200639.812,8162164.352,1563.199,,,,,,,,,
3795,200646.052,8162200.838,1562.656,,,,,,,,,
3796,200646.032,8162201.691,1562.415,,,,,,,,,
3797,200639.766,8162201.07,1562.558,,,,,,,,,
3798,200639.832,8162201.672,1562.489,,,,,,,,,
3799,200646.056,8162238.357,1561.623,,,,,,,,,
3800,200646.013,8162239.325,1561.61,,,,,,,,,
3801,200639.79,8162239.372,1561.497,,,,,,,,,
3802,200639.77,8162238.378,1561.525,,,,,,,,,
3803,200639.808,8162276.082,1560.907,,,,,,,,,
3804,200646.001,8162275.974,1560.813,,,,,,,,,
3805,200652.177,8162275.955,1560.913,,,,,,,,,
3806,200652.218,8162238.377,1561.743,,,,,,,,,
3807,200652.234,8162239.237,1561.74,,,,,,,,,
3808,200658.408,8162239.202,1561.477,,,,,,,,,
3809,200658.391,8162220.881,1562.363,,,,,,,,,
3810,200658.409,8162219.913,1562.408,,,,,,,,,
3811,200658.371,8162201.587,1562.895,,,,,,,,,
3812,200658.398,8162200.85,1563.034,,,,,,,,,
3813,200652.232,8162201.684,1562.59,,,,,,,,,
3814,200652.222,8162201.088,1562.832,,,,,,,,,
3815,200658.365,8162164.11,1563.254,,,,,,,,,
3816,200658.389,8162163.164,1563.267,,,,,,,,,
3817,200652.218,8162164.366,1563.447,,,,,,,,,
3818,200652.207,8162163.395,1563.466,,,,,,,,,
3819,200658.381,8162126.448,1564.409,,,,,,,,,
3820,200658.405,8162125.764,1564.178,,,,,,,,,
3821,200652.257,8162126.664,1564.181,,,,,,,,,
3822,200652.251,8162125.879,1564.142,,,,,,,,,
3823,200658.389,8162088.862,1565.261,,,,,,,,,
3824,200658.39,8162088.033,1565.273,,,,,,,,,
3825,200652.194,8162089.185,1565.027,,,,,,,,,
3826,200652.191,8162088.151,1565.035,,,,,,,,,
3827,200658.402,8162051.358,1564.436,,,,,,,,,
3828,200652.22,8162051.452,1564.153,,,,,,,,,
3829,200664.606,8162051.44,1564.722,,,,,,,,,
3830,200670.82,8162051.344,1564.961,,,,,,,,,
3831,200670.788,8162088.855,1565.535,,,,,,,,,
3832,200670.798,8162088.07,1565.525,,,,,,,,,
3833,200664.603,8162088.177,1565.446,,,,,,,,,
3834,200664.605,8162089.196,1565.442,,,,,,,,,
3835,200670.815,8162125.777,1564.643,,,,,,,,,
3836,200670.837,8162126.513,1564.579,,,,,,,,,
3837,200664.611,8162125.883,1564.389,,,,,,,,,
3838,200664.588,8162126.595,1564.42,,,,,,,,,
3839,200670.77,8162163.235,1563.946,,,,,,,,,
3840,200670.777,8162163.981,1563.919,,,,,,,,,
3841,200664.599,8162164.305,1563.651,,,,,,,,,
3842,200664.585,8162163.321,1563.661,,,,,,,,,
3843,200670.752,8162201.734,1563.352,,,,,,,,,
3844,200664.605,8162201.021,1563.087,,,,,,,,,
3845,200664.557,8162201.677,1562.852,,,,,,,,,
3846,200670.784,8162220.06,1562.685,,,,,,,,,
3847,200670.782,8162220.884,1562.668,,,,,,,,,
3848,200664.594,8162220.025,1562.616,,,,,,,,,
3849,200664.604,8162220.982,1562.597,,,,,,,,,
3850,200664.592,8162239.302,1561.747,,,,,,,,,
3851,200670.749,8162239.215,1562.016,,,,,,,,,
3852,200676.912,8162240.426,1562.095,,,,,,,,,
3853,200683.114,8162275.998,1561.922,,,,,,,,,
3854,200683.178,8162239.081,1562.522,,,,,,,,,
3855,200683.185,8162238.277,1562.534,,,,,,,,,
3856,200676.942,8162201.794,1563.298,,,,,,,,,
3857,200676.983,8162201.037,1563.441,,,,,,,,,
3858,200683.19,8162201.536,1563.281,,,,,,,,,
3859,200683.228,8162201.042,1563.358,,,,,,,,,
3860,200676.999,8162164.328,1564.026,,,,,,,,,
3861,200676.983,8162163.322,1564.021,,,,,,,,,
3862,200683.174,8162163.959,1564.552,,,,,,,,,
3863,200683.181,8162163.177,1564.563,,,,,,,,,
3864,200683.182,8162126.438,1565.039,,,,,,,,,
3865,200683.173,8162125.728,1565.35,,,,,,,,,
3866,200677.009,8162126.618,1565.001,,,,,,,,,
3867,200676.949,8162125.864,1565.063,,,,,,,,,
3868,200683.188,8162088.801,1565.983,,,,,,,,,
3869,200683.176,8162088.019,1565.939,,,,,,,,,
3870,200676.97,8162089.158,1565.69,,,,,,,,,
3871,200676.964,8162088.152,1565.69,,,,,,,,,
3872,200683.229,8162051.326,1565.302,,,,,,,,,
3873,200677.008,8162051.43,1565.15,,,,,,,,,
3874,200689.409,8162051.46,1565.589,,,,,,,,,
3875,200695.625,8162051.314,1565.654,,,,,,,,,
3876,200695.577,8162088.017,1566.321,,,,,,,,,
3877,200695.572,8162088.811,1566.343,,,,,,,,,
3878,200689.415,8162089.235,1565.899,,,,,,,,,
3879,200689.431,8162088.238,1565.91,,,,,,,,,
3880,200695.613,8162125.751,1565.606,,,,,,,,,
3881,200695.541,8162126.357,1565.554,,,,,,,,,
3882,200689.398,8162125.946,1565.504,,,,,,,,,
3883,200689.384,8162126.553,1565.378,,,,,,,,,
3884,200695.583,8162163.177,1565.037,,,,,,,,,
3885,200695.597,8162163.956,1565.001,,,,,,,,,
3886,200689.551,8162163.47,1564.782,,,,,,,,,
3887,200689.418,8162164.186,1564.728,,,,,,,,,
3888,200689.387,8162201.01,1563.335,,,,,,,,,
3889,200689.4,8162201.655,1563.27,,,,,,,,,
3890,200695.615,8162200.808,1563.282,,,,,,,,,
3891,200695.594,8162201.65,1563.209,,,,,,,,,
3892,200695.552,8162238.403,1562.798,,,,,,,,,
3893,200695.565,8162239.031,1562.78,,,,,,,,,
3894,200689.384,8162238.395,1562.714,,,,,,,,,
3895,200689.366,8162239.416,1562.688,,,,,,,,,
3896,200689.309,8162276.107,1562.125,,,,,,,,,
3897,200695.564,8162275.95,1562.316,,,,,,,,,
3898,200701.75,8162275.966,1562.528,,,,,,,,,
3899,200707.98,8162275.974,1562.767,,,,,,,,,
3900,200707.986,8162239.064,1563.119,,,,,,,,,
3901,200707.986,8162238.219,1563.134,,,,,,,,,
3902,200701.88,8162239.197,1562.974,,,,,,,,,
3903,200701.79,8162238.457,1563.024,,,,,,,,,
3904,200707.976,8162201.528,1563.617,,,,,,,,,
3905,200708.019,8162200.913,1563.641,,,,,,,,,
3906,200701.784,8162201.664,1563.417,,,,,,,,,
3907,200701.812,8162200.966,1563.579,,,,,,,,,
3908,200707.828,8162163.878,1565.133,,,,,,,,,
3909,200707.989,8162163.203,1565.197,,,,,,,,,
3910,200701.814,8162164.22,1565.095,,,,,,,,,
3911,200701.79,8162163.356,1565.075,,,,,,,,,
3912,200707.988,8162125.819,1565.787,,,,,,,,,
3913,200701.795,8162126.532,1565.597,,,,,,,,,
3914,200701.82,8162125.884,1565.73,,,,,,,,,
3915,200707.967,8162088.899,1566.665,,,,,,,,,
3916,200707.959,8162088.081,1566.666,,,,,,,,,
3917,200701.841,8162089.187,1566.354,,,,,,,,,
3918,200701.827,8162088.159,1566.336,,,,,,,,,
3919,200708.002,8162051.371,1566.111,,,,,,,,,
3920,200701.792,8162051.475,1565.946,,,,,,,,,
3921,200714.189,8162051.402,1566.351,,,,,,,,,
3922,200720.423,8162051.318,1566.585,,,,,,,,,
3923,200720.392,8162088.015,1567.103,,,,,,,,,
3924,200720.402,8162088.849,1567.111,,,,,,,,,
3925,200714.204,8162088.117,1566.996,,,,,,,,,
3926,200714.196,8162089.159,1566.995,,,,,,,,,
3927,200720.37,8162126.481,1566.127,,,,,,,,,
3928,200720.42,8162125.766,1565.935,,,,,,,,,
3929,200714.189,8162125.894,1565.743,,,,,,,,,
3930,200714.246,8162126.441,1565.785,,,,,,,,,
3931,200720.402,8162163.202,1565.386,,,,,,,,,
3932,200720.387,8162163.992,1565.328,,,,,,,,,
3933,200714.197,8162164.249,1565.361,,,,,,,,,
3934,200714.175,8162163.279,1565.39,,,,,,,,,
3935,200720.394,8162201.675,1564.182,,,,,,,,,
3936,200720.398,8162200.888,1563.916,,,,,,,,,
3937,200714.215,8162200.969,1563.754,,,,,,,,,
3938,200714.202,8162201.654,1563.923,,,,,,,,,
3939,200720.408,8162238.419,1563.553,,,,,,,,,
3940,200720.409,8162239.048,1563.545,,,,,,,,,
3941,200714.192,8162239.379,1563.322,,,,,,,,,
3942,200714.193,8162238.373,1563.339,,,,,,,,,
3943,200720.426,8162275.989,1562.977,,,,,,,,,
3944,200714.179,8162276.099,1563.064,,,,,,,,,
3945,200726.6,8162275.976,1563.253,,,,,,,,,
3946,200732.841,8162275.995,1563.546,,,,,,,,,
3947,200732.789,8162238.32,1563.734,,,,,,,,,
3948,200732.782,8162238.999,1563.723,,,,,,,,,
3949,200726.628,8162239.277,1563.804,,,,,,,,,
3950,200726.606,8162238.394,1563.809,,,,,,,,,
3951,200732.842,8162201.555,1564.514,,,,,,,,,
3952,200732.792,8162200.939,1564.359,,,,,,,,,
3953,200726.587,8162200.988,1564.269,,,,,,,,,
3954,200726.616,8162201.661,1564.371,,,,,,,,,
3955,200732.755,8162164.07,1564.428,,,,,,,,,
3956,200732.748,8162163.234,1565.387,,,,,,,,,
3957,200726.67,8162164.24,1565.022,,,,,,,,,
3958,200726.614,8162163.297,1565.075,,,,,,,,,
3959,200732.901,8162126.518,1566.782,,,,,,,,,
3960,200732.826,8162125.91,1566.575,,,,,,,,,
3961,200726.571,8162125.918,1566.283,,,,,,,,,
3962,200726.632,8162126.402,1566.405,,,,,,,,,
3963,200732.813,8162088.966,1567.249,,,,,,,,,
3964,200732.806,8162088.148,1567.233,,,,,,,,,
3965,200726.566,8162088.162,1567.085,,,,,,,,,
3966,200726.586,8162089.17,1567.089,,,,,,,,,
3967,200732.804,8162051.435,1567.183,,,,,,,,,
3968,200726.608,8162051.463,1566.89,,,,,,,,,
3969,200739.03,8162051.442,1567.458,,,,,,,,,
3970,200744.846,8162051.437,1567.795,,,,,,,,,
3971,200745.142,8162088.057,1567.273,,,,,,,,,
3972,200745.129,8162088.742,1567.293,,,,,,,,,
3973,200738.998,8162088.183,1567.351,,,,,,,,,
3974,200739.034,8162089.181,1567.349,,,,,,,,,
3975,200745.191,8162125.774,1566.613,,,,,,,,,
3976,200745.211,8162126.471,1566.895,,,,,,,,,
3977,200739.01,8162125.907,1566.668,,,,,,,,,
3978,200739.058,8162126.656,1566.868,,,,,,,,,
3979,200745.186,8162163.186,1565.357,,,,,,,,,
3980,200745.15,8162163.931,1565.322,,,,,,,,,
3981,200739.013,8162163.416,1565.437,,,,,,,,,
3982,200739.016,8162164.339,1565.411,,,,,,,,,
3983,200745.191,8162200.875,1564.901,,,,,,,,,
3984,200745.18,8162201.499,1564.915,,,,,,,,,
3985,200738.986,8162201.069,1564.601,,,,,,,,,
3986,200739.025,8162201.669,1564.866,,,,,,,,,
3987,200745.168,8162238.302,1564.051,,,,,,,,,
3988,200745.125,8162238.954,1564.109,,,,,,,,,
3989,200738.985,8162238.435,1563.815,,,,,,,,,
3990,200738.997,8162239.367,1563.809,,,,,,,,,
3991,200738.993,8162276.124,1563.814,,,,,,,,,
3992,200745.185,8162276.008,1563.808,,,,,,,,,
3993,200751.368,8162276.129,1564.021,,,,,,,,,
3994,200757.546,8162276.035,1564.266,,,,,,,,,
3995,200757.549,8162238.338,1564.527,,,,,,,,,
3996,200757.526,8162239.035,1564.538,,,,,,,,,
3997,200751.384,8162239.414,1564.244,,,,,,,,,
3998,200751.385,8162238.417,1564.248,,,,,,,,,
3999,200751.37,8162201.698,1565.021,,,,,,,,,
4000,200751.413,8162201.027,1565.081,,,,,,,,,
4001,200757.575,8162201.596,1565.146,,,,,,,,,
4002,200757.563,8162200.9,1565.374,,,,,,,,,
4003,200757.559,8162163.206,1565.234,,,,,,,,,
4004,200757.571,8162163.979,1565.214,,,,,,,,,
4005,200751.388,8162164.289,1565.478,,,,,,,,,
4006,200751.372,8162163.307,1565.489,,,,,,,,,
4007,200751.415,8162126.604,1566.872,,,,,,,,,
4008,200751.368,8162126.09,1566.82,,,,,,,,,
4009,200757.544,8162126,1566.883,,,,,,,,,
4010,200757.597,8162126.46,1566.994,,,,,,,,,
4011,200757.565,8162088.236,1567.393,,,,,,,,,
4012,200757.57,8162088.973,1567.385,,,,,,,,,
4013,200751.324,8162089.262,1567.391,,,,,,,,,
4014,200751.401,8162088.239,1567.368,,,,,,,,,
4015,200751.443,8162051.474,1567.828,,,,,,,,,
4016,200757.587,8162051.511,1567.897,,,,,,,,,
4017,200763.789,8162051.538,1568.058,,,,,,,,,
4018,200769.925,8162013.129,1567.099,,,,,,,,,
4019,200769.826,8162031.5,1567.887,,,,,,,,,
4020,200769.908,8162032.025,1567.945,,,,,,,,,
4021,200769.786,8162050.665,1568.152,,,,,,,,,
4022,200770.022,8162051.378,1568.385,,,,,,,,,
4023,200763.989,8162089.07,1567.641,,,,,,,,,
4024,200763.794,8162088.331,1567.697,,,,,,,,,
4025,200769.971,8162088.118,1567.702,,,,,,,,,
4026,200769.981,8162088.914,1567.686,,,,,,,,,
4027,200770.003,8162125.86,1567.002,,,,,,,,,
4028,200769.99,8162126.498,1567.135,,,,,,,,,
4029,200763.771,8162125.992,1566.817,,,,,,,,,
4030,200763.782,8162126.614,1567.055,,,,,,,,,
4031,200769.959,8162163.228,1565.714,,,,,,,,,
4032,200770.005,8162163.978,1565.697,,,,,,,,,
4033,200763.771,8162164.319,1565.397,,,,,,,,,
4034,200763.776,8162163.313,1565.412,,,,,,,,,
4035,200763.764,8162201.659,1565.244,,,,,,,,,
4036,200763.765,8162201.052,1565.454,,,,,,,,,
4037,200769.99,8162200.919,1565.657,,,,,,,,,
4038,200770.001,8162201.524,1565.48,,,,,,,,,
4039,200763.76,8162239.374,1564.766,,,,,,,,,
4040,200763.759,8162238.497,1564.814,,,,,,,,,
4041,200769.968,8162238.258,1565.037,,,,,,,,,
4042,200769.988,8162239.037,1565.029,,,,,,,,,
4043,200763.715,8162276.103,1564.43,,,,,,,,,
4044,200769.999,8162275.978,1564.417,,,,,,,,,
4045,200776.123,8162275.988,1564.449,,,,,,,,,
4046,200782.338,8162275.852,1564.653,,,,,,,,,
4047,200776.192,8162239.349,1565.134,,,,,,,,,
4048,200776.182,8162238.364,1565.152,,,,,,,,,
4049,200782.367,8162238.245,1565.342,,,,,,,,,
4050,200782.349,8162238.967,1565.348,,,,,,,,,
4051,200782.343,8162201.42,1565.583,,,,,,,,,
4052,200782.393,8162200.895,1565.911,,,,,,,,,
4053,200776.176,8162201.631,1565.551,,,,,,,,,
4054,200776.175,8162201.093,1565.853,,,,,,,,,
4055,200776.186,8162164.346,1565.919,,,,,,,,,
4056,200776.183,8162163.346,1565.921,,,,,,,,,
4057,200782.332,8162163.198,1566.263,,,,,,,,,
4058,200782.386,8162163.96,1566.283,,,,,,,,,
4059,200776.243,8162126.615,1566.952,,,,,,,,,
4060,200776.173,8162126.014,1567.209,,,,,,,,,
4061,200782.389,8162126.409,1567.005,,,,,,,,,
4062,200782.404,8162126.085,1567.192,,,,,,,,,
4063,200776.199,8162089.255,1567.679,,,,,,,,,
4064,200776.132,8162088.235,1567.741,,,,,,,,,
4065,200782.396,8162088.36,1567.606,,,,,,,,,
4066,200782.384,8162089.048,1567.601,,,,,,,,,
4067,200776.157,8162051.516,1568.306,,,,,,,,,
4068,200776.107,8162050.686,1568.235,,,,,,,,,
4069,200782.38,8162051.596,1568.581,,,,,,,,,
4070,200782.373,8162050.634,1568.293,,,,,,,,,
4071,200782.367,8162031.388,1568.348,,,,,,,,,
4072,200782.356,8162032.066,1568.375,,,,,,,,,
4073,200776.21,8162032.23,1568.2,,,,,,,,,
4074,200776.106,8162031.799,1568.27,,,,,,,,,
4075,200776.117,8162013.087,1567.939,,,,,,,,,
4076,200782.384,8162012.99,1568.455,,,,,,,,,
4077,200788.544,8162013.137,1568.822,,,,,,,,,
4078,200794.73,8162013.122,1568.944,,,,,,,,,
4079,200794.752,8162031.461,1568.912,,,,,,,,,
4080,200794.757,8162032.066,1568.913,,,,,,,,,
4081,200788.528,8162032.408,1568.624,,,,,,,,,
4082,200788.534,8162031.584,1568.659,,,,,,,,,
4083,200788.539,8162050.774,1568.441,,,,,,,,,
4084,200788.556,8162051.467,1568.545,,,,,,,,,
4085,200794.802,8162050.631,1568.858,,,,,,,,,
4086,200794.811,8162051.32,1568.559,,,,,,,,,
4087,200788.637,8162089.087,1567.728,,,,,,,,,
4088,200788.585,8162088.211,1567.792,,,,,,,,,
4089,200794.639,8162088.108,1567.753,,,,,,,,,
4090,200794.734,8162088.818,1567.785,,,,,,,,,
4091,200794.783,8162125.776,1567.653,,,,,,,,,
4092,200794.764,8162126.459,1567.497,,,,,,,,,
4093,200788.615,8162125.988,1567.569,,,,,,,,,
4094,200788.612,8162126.627,1567.347,,,,,,,,,
4095,200794.749,8162163.202,1566.673,,,,,,,,,
4096,200794.725,8162163.919,1566.677,,,,,,,,,
4097,200788.571,8162163.347,1566.375,,,,,,,,,
4098,200788.581,8162164.351,1566.355,,,,,,,,,
4099,200788.613,8162201.701,1565.856,,,,,,,,,
4100,200788.582,8162201.062,1566.21,,,,,,,,,
4101,200794.792,8162200.907,1566.36,,,,,,,,,
4102,200794.765,8162201.625,1566.04,,,,,,,,,
4103,200794.743,8162239.158,1565.725,,,,,,,,,
4104,200788.538,8162239.428,1565.627,,,,,,,,,
4105,200788.535,8162238.426,1565.648,,,,,,,,,
4106,200794.751,8162238.343,1565.744,,,,,,,,,
4107,200788.593,8162276.129,1564.573,,,,,,,,,
4108,200794.753,8162276.055,1564.677,,,,,,,,,
4109,200800.949,8162276.162,1564.758,,,,,,,,,
4110,200807.154,8162275.993,1564.953,,,,,,,,,
4111,200800.971,8162239.479,1565.983,,,,,,,,,
4112,200800.951,8162238.458,1565.99,,,,,,,,,
4113,200807.15,8162238.304,1566.094,,,,,,,,,
4114,200807.145,8162239.098,1566.087,,,,,,,,,
4115,200807.14,8162201.568,1566.049,,,,,,,,,
4116,200807.162,8162200.879,1566.247,,,,,,,,,
4117,200800.991,8162201.711,1565.976,,,,,,,,,
4118,200800.966,8162201.069,1566.351,,,,,,,,,
4119,200800.969,8162164.309,1566.964,,,,,,,,,
4120,200800.942,8162163.356,1566.992,,,,,,,,,
4121,200807.171,8162163.243,1567.324,,,,,,,,,
4122,200807.171,8162163.946,1567.348,,,,,,,,,
4123,200807.163,8162125.803,1568.003,,,,,,,,,
4124,200807.185,8162126.44,1567.678,,,,,,,,,
4125,200800.953,8162126.617,1567.929,,,,,,,,,
4126,200800.94,8162125.921,1567.666,,,,,,,,,
4127,200800.928,8162089.188,1567.979,,,,,,,,,
4128,200800.924,8162088.231,1567.995,,,,,,,,,
4129,200807.171,8162088.131,1568.019,,,,,,,,,
4130,200807.131,8162088.964,1568.037,,,,,,,,,
4131,200801.037,8162051.452,1568.749,,,,,,,,,
4132,200800.972,8162050.704,1568.963,,,,,,,,,
4133,200807.19,8162051.347,1568.866,,,,,,,,,
4134,200807.16,8162050.606,1569.163,,,,,,,,,
4135,200807.129,8162031.443,1569.06,,,,,,,,,
4136,200807.131,8162032.242,1569.096,,,,,,,,,
4137,200800.934,8162032.282,1568.864,,,,,,,,,
4138,200800.926,8162031.48,1568.858,,,,,,,,,
4139,200800.947,8162013.117,1568.743,,,,,,,,,
4140,200807.154,8162013.009,1568.884,,,,,,,,,
4141,200813.32,8162013.11,1569.22,,,,,,,,,
4142,200819.573,8162013.022,1569.353,,,,,,,,,
4143,200819.57,8162031.376,1569.529,,,,,,,,,
4144,200819.562,8162032.113,1569.539,,,,,,,,,
4145,200813.485,8162032.258,1569.215,,,,,,,,,
4146,200813.324,8162031.616,1569.253,,,,,,,,,
4147,200813.33,8162050.678,1569.16,,,,,,,,,
4148,200813.376,8162051.459,1568.895,,,,,,,,,
4149,200819.556,8162050.658,1569.166,,,,,,,,,
4150,200819.577,8162051.138,1568.976,,,,,,,,,
4151,200819.578,8162087.988,1568.064,,,,,,,,,
4152,200819.571,8162088.748,1568.04,,,,,,,,,
4153,200813.353,8162089.174,1568.093,,,,,,,,,
4154,200813.351,8162088.179,1568.107,,,,,,,,,
4155,200813.487,8162126.506,1568.056,,,,,,,,,
4156,200813.336,8162125.899,1568.164,,,,,,,,,
4157,200819.581,8162125.73,1568.344,,,,,,,,,
4158,200819.603,8162126.604,1567.877,,,,,,,,,
4159,200819.54,8162163.328,1567.214,,,,,,,,,
4160,200819.544,8162163.976,1567.214,,,,,,,,,
4161,200813.439,8162164.271,1567.266,,,,,,,,,
4162,200813.394,8162163.322,1567.322,,,,,,,,,
4163,200819.439,8162200.942,1566.416,,,,,,,,,
4164,200819.554,8162201.593,1566.361,,,,,,,,,
4165,200813.379,8162201.624,1566.293,,,,,,,,,
4166,200813.338,8162200.964,1566.354,,,,,,,,,
4167,200819.467,8162238.358,1566.168,,,,,,,,,
4168,200819.584,8162239.037,1566.206,,,,,,,,,
4169,200813.321,8162239.378,1566.247,,,,,,,,,
4170,200813.359,8162238.535,1566.304,,,,,,,,,
4171,200813.27,8162276.164,1565.133,,,,,,,,,
4172,200819.537,8162276.004,1565.259,,,,,,,,,
4173,200825.719,8162276.291,1565.296,,,,,,,,,
4174,200831.942,8162275.989,1565.612,,,,,,,,,
4175,200831.901,8162238.291,1566.35,,,,,,,,,
4176,200831.952,8162239.122,1566.31,,,,,,,,,
4177,200825.985,8162239.311,1566.283,,,,,,,,,
4178,200825.744,8162238.368,1566.357,,,,,,,,,
4179,200825.768,8162201.669,1566.675,,,,,,,,,
4180,200825.72,8162200.898,1566.454,,,,,,,,,
4181,200831.863,8162200.907,1566.602,,,,,,,,,
4182,200831.944,8162201.563,1566.861,,,,,,,,,
4183,200825.763,8162164.228,1567.359,,,,,,,,,
4184,200732.832,8162290.851,1600.168,,,,,,,,,
4185,200726.627,8162290.84,1600.077,,,,,,,,,
4186,200732.759,8162327.571,1562.646,,,,,,,,,
4187,200732.776,8162328.285,1562.633,,,,,,,,,
4188,200726.596,8162328.631,1562.219,,,,,,,,,
4189,200726.602,8162327.559,1562.256,,,,,,,,,
4190,200732.789,8162365.181,1561.844,,,,,,,,,
4191,200732.801,8162365.807,1561.999,,,,,,,,,
4192,200726.601,8162366.004,1561.796,,,,,,,,,
4193,200726.586,8162365.381,1561.895,,,,,,,,,
4194,200732.742,8162402.552,1561.536,,,,,,,,,
4195,200732.756,8162403.337,1561.526,,,,,,,,,
4196,200726.562,8162403.764,1561.396,,,,,,,,,
4197,200726.573,8162402.691,1561.416,,,,,,,,,
4198,200726.62,8162440.456,1561.031,,,,,,,,,
4199,200726.602,8162441.097,1561.291,,,,,,,,,
4200,200732.774,8162440.265,1561.359,,,,,,,,,
4201,200732.765,8162440.925,1561.483,,,,,,,,,
4202,200726.651,8162478.758,1562.022,,,,,,,,,
4203,200726.574,8162477.841,1562.048,,,,,,,,,
4204,200732.78,8162477.63,1562.304,,,,,,,,,
4205,200732.799,8162478.46,1562.295,,,,,,,,,
4206,200732.757,8162515.369,1561.595,,,,,,,,,
4207,200732.777,8162516.115,1561.876,,,,,,,,,
4208,200726.589,8162515.535,1561.547,,,,,,,,,
4209,200726.598,8162516.197,1561.487,,,,,,,,,
4210,200732.761,8162552.84,1561.634,,,,,,,,,
4211,200732.763,8162553.642,1561.637,,,,,,,,,
4212,200726.574,8162553.877,1561.561,,,,,,,,,
4213,200726.572,8162552.957,1561.578,,,,,,,,,
4214,200732.752,8162590.559,1560.974,,,,,,,,,
4215,200726.605,8162590.637,1560.715,,,,,,,,,
4216,200720.437,8162590.612,1560.619,,,,,,,,,
4217,200714.164,8162590.666,1560.388,,,,,,,,,
4218,200714.227,8162553.938,1561.149,,,,,,,,,
4219,200714.194,8162552.964,1561.182,,,,,,,,,
4220,200720.404,8162553.782,1561.458,,,,,,,,,
4221,200720.394,8162552.855,1561.477,,,,,,,,,
4222,200720.412,8162515.38,1561.524,,,,,,,,,
4223,200720.44,8162516.094,1561.528,,,,,,,,,
4224,200714.264,8162516.2,1561.6,,,,,,,,,
4225,200714.22,8162515.562,1561.461,,,,,,,,,
4226,200714.21,8162478.832,1561.702,,,,,,,,,
4227,200714.207,8162478.1,1561.733,,,,,,,,,
4228,200720.395,8162478.66,1561.86,,,,,,,,,
4229,200720.381,8162477.643,1561.86,,,,,,,,,
4230,200714.201,8162440.463,1560.643,,,,,,,,,
4231,200714.242,8162441.035,1560.902,,,,,,,,,
4232,200720.387,8162440.35,1560.941,,,,,,,,,
4233,200720.417,8162440.939,1561.067,,,,,,,,,
4234,200714.186,8162403.756,1560.931,,,,,,,,,
4235,200714.171,8162402.945,1561.003,,,,,,,,,
4236,200720.34,8162402.587,1561.31,,,,,,,,,
4237,200720.344,8162403.626,1561.31,,,,,,,,,
4238,200714.207,8162366.005,1561.598,,,,,,,,,
4239,200714.192,8162365.313,1561.349,,,,,,,,,
4240,200720.394,8162365.898,1561.683,,,,,,,,,
4241,200720.407,8162365.178,1561.62,,,,,,,,,
4242,200720.393,8162328.536,1562.159,,,,,,,,,
4243,200720.394,8162327.437,1562.186,,,,,,,,,
4244,200714.189,8162328.627,1562.196,,,,,,,,,
4245,200714.191,8162327.697,1562.213,,,,,,,,,
4246,200720.444,8162290.764,1563.338,,,,,,,,,
4247,200714.155,8162291.007,1563.043,,,,,,,,,
4248,200707.972,8162290.906,1562.899,,,,,,,,,
4249,200701.759,8162290.908,1562.452,,,,,,,,,
4250,200708.017,8162327.612,1562.118,,,,,,,,,
4251,200708.019,8162328.528,1562.087,,,,,,,,,
4252,200701.889,8162328.599,1562.129,,,,,,,,,
4253,200701.77,8162327.606,1562.125,,,,,,,,,
4254,200708.005,8162365.832,1561.364,,,,,,,,,
4255,200708.035,8162365.204,1561.322,,,,,,,,,
4256,200701.889,8162365.95,1561.118,,,,,,,,,
4257,200701.835,8162365.349,1561.011,,,,,,,,,
4258,200707.992,8162402.549,1560.847,,,,,,,,,
4259,200708.009,8162403.589,1560.834,,,,,,,,,
4260,200701.772,8162403.582,1560.769,,,,,,,,,
4261,200701.77,8162402.705,1560.785,,,,,,,,,
4262,200707.987,8162440.32,1560.432,,,,,,,,,
4263,200708.03,8162440.993,1560.684,,,,,,,,,
4264,200701.737,8162440.297,1560.433,,,,,,,,,
4265,200701.82,8162441.055,1560.543,,,,,,,,,
4266,200707.986,8162477.72,1561.541,,,,,,,,,
4267,200707.997,8162478.725,1561.55,,,,,,,,,
4268,200701.822,8162478.781,1561.475,,,,,,,,,
4269,200701.828,8162477.819,1561.492,,,,,,,,,
4270,200708.008,8162515.432,1561.332,,,,,,,,,
4271,200707.996,8162516.075,1561.596,,,,,,,,,
4272,200701.84,8162515.477,1561.152,,,,,,,,,
4273,200701.803,8162516.215,1561.228,,,,,,,,,
4274,200708.036,8162552.824,1561.081,,,,,,,,,
4275,200708.03,8162553.747,1561.071,,,,,,,,,
4276,200701.85,8162553.929,1560.964,,,,,,,,,
4277,200701.781,8162552.925,1560.996,,,,,,,,,
4278,200707.974,8162590.499,1559.992,,,,,,,,,
4279,200701.789,8162590.671,1560.028,,,,,,,,,
4280,200695.586,8162590.557,1560.074,,,,,,,,,
4281,200689.401,8162590.666,1559.995,,,,,,,,,
4282,200683.208,8162590.531,1559.811,,,,,,,,,
4283,200676.963,8162590.648,1559.56,,,,,,,,,
4284,200670.789,8162590.552,1559.129,,,,,,,,,
4285,200664.621,8162590.7,1559.191,,,,,,,,,
4286,200658.443,8162590.598,1558.914,,,,,,,,,
4287,200652.22,8162590.678,1558.692,,,,,,,,,
4288,200646.025,8162590.454,1558.408,,,,,,,,,
4289,200639.81,8162590.543,1558.273,,,,,,,,,
4290,200633.602,8162590.53,1558.296,,,,,,,,,
4291,200627.404,8162590.75,1557.984,,,,,,,,,
4292,200621.263,8162590.467,1557.853,,,,,,,,,
4293,200615.027,8162590.657,1557.417,,,,,,,,,
4294,200608.849,8162590.541,1557.052,,,,,,,,,
4295,200602.591,8162590.638,1556.773,,,,,,,,,
4296,200596.405,8162590.557,1556.821,,,,,,,,,
4297,200590.242,8162590.646,1556.989,,,,,,,,,
4298,200584.059,8162590.54,1557.04,,,,,,,,,
4299,200577.778,8162590.545,1556.836,,,,,,,,,
4300,200571.606,8162590.492,1556.821,,,,,,,,,
4301,200565.492,8162590.512,1556.6,,,,,,,,,
4302,200559.244,8162590.48,1556.602,,,,,,,,,
4303,200559.216,8162552.897,1556.928,,,,,,,,,
4304,200559.226,8162553.527,1556.921,,,,,,,,,
4305,200565.476,8162553.843,1557.053,,,,,,,,,
4306,200565.447,8162552.891,1557.053,,,,,,,,,
4307,200571.615,8162552.926,1557.115,,,,,,,,,
4308,200571.629,8162553.542,1557.109,,,,,,,,,
4309,200577.813,8162553.752,1557.109,,,,,,,,,
4310,200577.772,8162552.984,1557.122,,,,,,,,,
4311,200584.049,8162552.859,1557.415,,,,,,,,,
4312,200584.05,8162553.573,1557.413,,,,,,,,,
4313,200590.236,8162552.992,1557.566,,,,,,,,,
4314,200590.248,8162553.848,1557.535,,,,,,,,,
4315,200596.406,8162552.858,1557.887,,,,,,,,,
4316,200596.412,8162553.64,1557.878,,,,,,,,,
4317,200602.608,8162553.934,1557.991,,,,,,,,,
4318,200602.598,8162552.956,1558.002,,,,,,,,,
4319,200608.784,8162552.846,1558.199,,,,,,,,,
4320,200608.786,8162553.615,1558.18,,,,,,,,,
4321,200615.021,8162553.9,1558.226,,,,,,,,,
4322,200615.002,8162553.013,1558.251,,,,,,,,,
4323,200621.217,8162552.77,1558.184,,,,,,,,,
4324,200621.227,8162553.522,1558.163,,,,,,,,,
4325,200627.512,8162553.943,1558.477,,,,,,,,,
4326,200627.415,8162553.093,1558.542,,,,,,,,,
4327,200633.584,8162552.879,1559.086,,,,,,,,,
4328,200633.569,8162553.583,1559.078,,,,,,,,,
4329,200639.818,8162553.758,1559.222,,,,,,,,,
4330,200639.812,8162552.904,1559.233,,,,,,,,,
4331,200645.999,8162552.783,1559.431,,,,,,,,,
4332,200646.029,8162553.566,1559.41,,,,,,,,,
4333,200652.269,8162553.92,1559.664,,,,,,,,,
4334,200652.234,8162553.122,1559.709,,,,,,,,,
4335,200658.381,8162552.896,1559.453,,,,,,,,,
4336,200658.373,8162553.774,1559.425,,,,,,,,,
4337,200664.449,8162553.032,1559.653,,,,,,,,,
4338,200664.584,8162553.908,1559.641,,,,,,,,,
4339,200670.844,8162552.862,1559.934,,,,,,,,,
4340,200670.835,8162553.795,1559.881,,,,,,,,,
4341,200677.042,8162553.881,1560.162,,,,,,,,,
4342,200677.035,8162553.018,1560.185,,,,,,,,,
4343,200683.223,8162552.822,1560.36,,,,,,,,,
4344,200683.195,8162553.787,1560.321,,,,,,,,,
4345,200689.421,8162553.941,1560.545,,,,,,,,,
4346,200689.424,8162552.928,1560.565,,,,,,,,,
4347,200695.61,8162552.799,1560.811,,,,,,,,,
4348,200695.604,8162553.835,1560.786,,,,,,,,,
4349,200695.663,8162515.41,1560.841,,,,,,,,,
4350,200695.62,8162516.112,1560.921,,,,,,,,,
4351,200689.414,8162515.556,1560.739,,,,,,,,,
4352,200689.439,8162516.21,1560.888,,,,,,,,,
4353,200683.227,8162515.471,1560.504,,,,,,,,,
4354,200683.244,8162515.995,1560.772,,,,,,,,,
4355,200676.996,8162516.201,1560.544,,,,,,,,,
4356,200677.043,8162515.513,1560.489,,,,,,,,,
4357,200670.813,8162516.115,1560.38,,,,,,,,,
4358,200670.848,8162515.401,1560.295,,,,,,,,,
4359,200664.589,8162515.618,1560.158,,,,,,,,,
4360,200664.591,8162516.24,1560.279,,,,,,,,,
4361,200658.413,8162515.381,1560.17,,,,,,,,,
4362,200658.422,8162516.122,1560.265,,,,,,,,,
4363,200652.234,8162516.252,1560.131,,,,,,,,,
4364,200652.234,8162515.55,1560.014,,,,,,,,,
4365,200646.113,8162515.491,1559.743,,,,,,,,,
4366,200646.032,8162515.997,1559.88,,,,,,,,,
4367,200639.819,8162516.094,1559.733,,,,,,,,,
4368,200639.822,8162515.582,1559.573,,,,,,,,,
4369,200633.624,8162516.094,1559.468,,,,,,,,,
4370,200633.639,8162515.404,1559.549,,,,,,,,,
4371,200621.249,8162516.04,1559.045,,,,,,,,,
4372,200621.225,8162515.363,1559.196,,,,,,,,,
4373,200627.387,8162516.311,1559.23,,,,,,,,,
4374,200627.372,8162515.537,1559.115,,,,,,,,,
4375,200615.015,8162516.215,1558.777,,,,,,,,,
4376,200615.002,8162515.554,1558.835,,,,,,,,,
4377,200608.856,8162516.081,1558.49,,,,,,,,,
4378,200608.802,8162515.557,1558.466,,,,,,,,,
4379,200602.613,8162516.212,1558.117,,,,,,,,,
4380,200602.63,8162515.563,1558.313,,,,,,,,,
4381,200596.435,8162515.416,1558.06,,,,,,,,,
4382,200596.454,8162516.118,1557.828,,,,,,,,,
4383,200590.234,8162516.213,1557.958,,,,,,,,,
4384,200590.187,8162515.539,1558.154,,,,,,,,,
4385,200584.047,8162516.1,1557.451,,,,,,,,,
4386,200584.032,8162515.424,1557.88,,,,,,,,,
4387,200577.843,8162516.175,1557.344,,,,,,,,,
4388,200577.819,8162515.496,1557.677,,,,,,,,,
4389,200571.633,8162515.493,1557.582,,,,,,,,,
4390,200571.661,8162516.185,1557.387,,,,,,,,,
4391,200565.474,8162516.188,1557.465,,,,,,,,,
4392,200565.426,8162515.506,1557.459,,,,,,,,,
4393,200559.215,8162516.163,1557.222,,,,,,,,,
4394,200559.17,8162515.443,1557.219,,,,,,,,,
4395,200559.194,8162478.688,1556.196,,,,,,,,,
4396,200559.15,8162477.668,1556.203,,,,,,,,,
4397,200565.415,8162477.766,1556.373,,,,,,,,,
4398,200565.395,8162478.823,1556.384,,,,,,,,,
4399,200571.537,8162477.846,1557.403,,,,,,,,,
4400,200571.582,8162478.532,1557.394,,,,,,,,,
4401,200577.779,8162478.7,1557.545,,,,,,,,,
4402,200577.757,8162477.844,1557.532,,,,,,,,,
4403,200584.009,8162477.788,1557.514,,,,,,,,,
4404,200584.027,8162478.462,1557.755,,,,,,,,,
4405,200590.145,8162478.722,1557.818,,,,,,,,,
4406,200590.148,8162477.936,1557.809,,,,,,,,,
4407,200596.329,8162477.777,1557.514,,,,,,,,,
4408,200596.418,8162478.514,1557.529,,,,,,,,,
4409,200602.706,8162478.789,1557.79,,,,,,,,,
4410,200602.669,8162477.919,1557.835,,,,,,,,,
4411,200608.754,8162477.688,1557.843,,,,,,,,,
4412,200608.818,8162478.374,1557.849,,,,,,,,,
4413,200615.013,8162477.867,1558.029,,,,,,,,,
4414,200614.99,8162478.84,1558.037,,,,,,,,,
4415,200621.206,8162477.676,1558.466,,,,,,,,,
4416,200621.218,8162478.402,1558.48,,,,,,,,,
4417,200627.416,8162478.781,1559.009,,,,,,,,,
4418,200627.365,8162477.827,1559.012,,,,,,,,,
4419,200633.661,8162477.685,1558.983,,,,,,,,,
4420,200633.664,8162478.498,1559.005,,,,,,,,,
4421,200639.831,8162478.849,1559.307,,,,,,,,,
4422,200639.825,8162477.804,1559.3,,,,,,,,,
4423,200646.029,8162477.683,1559.495,,,,,,,,,
4424,200646.023,8162478.416,1559.503,,,,,,,,,
4425,200652.288,8162478.748,1559.827,,,,,,,,,
4426,200652.206,8162477.798,1559.842,,,,,,,,,
4427,200658.38,8162477.724,1560.031,,,,,,,,,
4428,200658.382,8162478.613,1560.039,,,,,,,,,
4429,200664.58,8162478.767,1560.361,,,,,,,,,
4430,200664.568,8162477.805,1560.363,,,,,,,,,
4431,200670.842,8162478.677,1560.524,,,,,,,,,
4432,200670.826,8162477.676,1560.515,,,,,,,,,
4433,200677,8162478.736,1560.745,,,,,,,,,
4434,200676.972,8162477.836,1560.725,,,,,,,,,
4435,200682.995,8162477.749,1560.78,,,,,,,,,
4436,200683.176,8162478.73,1560.89,,,,,,,,,
4437,200689.42,8162478.847,1561.145,,,,,,,,,
4438,200689.401,8162477.813,1561.126,,,,,,,,,
4439,200695.579,8162477.719,1561.374,,,,,,,,,
4440,200695.55,8162478.62,1561.326,,,,,,,,,
4441,200695.538,8162440.269,1560.057,,,,,,,,,
4442,200695.625,8162440.98,1560.301,,,,,,,,,
4443,200689.404,8162440.347,1560.057,,,,,,,,,
4444,200689.411,8162403.65,1560.493,,,,,,,,,
4445,200689.408,8162402.697,1560.508,,,,,,,,,
4446,200695.524,8162402.713,1560.618,,,,,,,,,
4447,200695.578,8162403.531,1560.612,,,,,,,,,
4448,200689.511,8162365.982,1560.864,,,,,,,,,
4449,200689.412,8162365.344,1560.78,,,,,,,,,
4450,200695.587,8162365.932,1561.12,,,,,,,,,
4451,200695.661,8162365.232,1560.916,,,,,,,,,
4452,200689.543,8162328.579,1561.913,,,,,,,,,
4453,200689.385,8162327.506,1562.014,,,,,,,,,
4454,200695.606,8162327.512,1561.996,,,,,,,,,
4455,200695.574,8162328.5,1561.94,,,,,,,,,
4456,200695.609,8162290.771,1562.251,,,,,,,,,
4457,200689.398,8162290.81,1562.154,,,,,,,,,
4458,200683.221,8162290.822,1561.896,,,,,,,,,
4459,200677.078,8162290.778,1561.738,,,,,,,,,
4460,200670.896,8162290.652,1561.525,,,,,,,,,
4461,200664.577,8162290.865,1561.782,,,,,,,,,
4462,200658.406,8162290.896,1561.629,,,,,,,,,
4463,200652.233,8162290.88,1561.537,,,,,,,,,
4464,200646.059,8162290.796,1561.052,,,,,,,,,
4465,200639.747,8162290.871,1560.795,,,,,,,,,
4466,200633.563,8162290.883,1560.571,,,,,,,,,
4467,200627.389,8162290.845,1560.402,,,,,,,,,
4468,200621.222,8162290.825,1560.292,,,,,,,,,
4469,200615.021,8162290.927,1559.988,,,,,,,,,
4470,200608.864,8162290.855,1559.923,,,,,,,,,
4471,200602.585,8162290.886,1559.72,,,,,,,,,
4472,200596.438,8162290.731,1559.593,,,,,,,,,
4473,200590.271,8162290.904,1559.448,,,,,,,,,
4474,200584.104,8162290.856,1559.322,,,,,,,,,
4475,200577.779,8162290.876,1559.056,,,,,,,,,
4476,200571.598,8162290.9,1558.813,,,,,,,,,
4477,200565.451,8162290.843,1558.965,,,,,,,,,
4478,200559.203,8162290.78,1558.905,,,,,,,,,
4479,200559.295,8162328.295,1558.414,,,,,,,,,
4480,200559.241,8162327.475,1558.413,,,,,,,,,
4481,200565.487,8162328.575,1558.577,,,,,,,,,
4482,200565.489,8162327.527,1558.592,,,,,,,,,
4483,200571.634,8162327.598,1558.742,,,,,,,,,
4484,200571.631,8162328.298,1558.758,,,,,,,,,
4485,200577.821,8162328.512,1558.939,,,,,,,,,
4486,200577.832,8162327.588,1558.934,,,,,,,,,
4487,200584.079,8162328.307,1559.073,,,,,,,,,
4488,200584.007,8162327.607,1559.042,,,,,,,,,
4489,200590.245,8162328.58,1559.242,,,,,,,,,
4490,200590.246,8162327.613,1559.252,,,,,,,,,
4491,200596.372,8162327.441,1559.447,,,,,,,,,
4492,200596.422,8162328.292,1559.447,,,,,,,,,
4493,200602.592,8162327.579,1559.562,,,,,,,,,
4494,200602.594,8162328.658,1559.559,,,,,,,,,
4495,200608.84,8162328.285,1559.614,,,,,,,,,
4496,200608.836,8162327.531,1559.622,,,,,,,,,
4497,200615.008,8162327.617,1559.829,,,,,,,,,
4498,200615.018,8162328.572,1559.826,,,,,,,,,
4499,200621.196,8162327.499,1559.991,,,,,,,,,
4500,200621.232,8162328.274,1559.966,,,,,,,,,
4501,200627.416,8162328.587,1560.169,,,,,,,,,
4502,200627.409,8162327.545,1560.174,,,,,,,,,
4503,200633.573,8162327.595,1560.321,,,,,,,,,
4504,200633.602,8162328.263,1560.319,,,,,,,,,
4505,200639.787,8162328.438,1560.425,,,,,,,,,
4506,200639.759,8162327.59,1560.449,,,,,,,,,
4507,200646.012,8162327.513,1560.661,,,,,,,,,
4508,200646.016,8162328.403,1560.647,,,,,,,,,
4509,200652.24,8162328.499,1560.92,,,,,,,,,
4510,200652.219,8162327.605,1560.941,,,,,,,,,
4511,200658.365,8162327.609,1561.139,,,,,,,,,
4512,200658.366,8162328.533,1561.101,,,,,,,,,
4513,200664.564,8162327.55,1561.134,,,,,,,,,
4514,200664.565,8162328.502,1561.115,,,,,,,,,
4515,200670.826,8162327.472,1561.531,,,,,,,,,
4516,200670.825,8162328.385,1561.517,,,,,,,,,
4517,200677.033,8162328.628,1561.631,,,,,,,,,
4518,200677.027,8162327.695,1561.639,,,,,,,,,
4519,200683.18,8162327.49,1561.817,,,,,,,,,
4520,200683.187,8162328.609,1561.793,,,,,,,,,
4521,200683.242,8162365.262,1560.677,,,,,,,,,
4522,200683.216,8162366.011,1560.829,,,,,,,,,
4523,200676.98,8162366.078,1560.711,,,,,,,,,
4524,200676.977,8162365.385,1560.79,,,,,,,,,
4525,200670.811,8162365.994,1560.551,,,,,,,,,
4526,200670.797,8162365.152,1560.616,,,,,,,,,
4527,200664.615,8162365.966,1560.221,,,,,,,,,
4528,200664.574,8162365.181,1560.437,,,,,,,,,
4529,200658.448,8162365.915,1560.227,,,,,,,,,
4530,200658.408,8162365.219,1560.542,,,,,,,,,
4531,200652.261,8162365.977,1560.086,,,,,,,,,
4532,200652.231,8162365.214,1560.348,,,,,,,,,
4533,200646.051,8162366.002,1559.921,,,,,,,,,
4534,200646.012,8162365.118,1560.221,,,,,,,,,
4535,200639.857,8162365.969,1559.634,,,,,,,,,
4536,200639.791,8162365.18,1560.088,,,,,,,,,
4537,200633.603,8162366.016,1559.956,,,,,,,,,
4538,200633.604,8162365.2,1560.067,,,,,,,,,
4539,200627.409,8162366.011,1559.645,,,,,,,,,
4540,200627.419,8162365.18,1559.944,,,,,,,,,
4541,200621.218,8162366.036,1559.518,,,,,,,,,
4542,200621.243,8162365.16,1559.739,,,,,,,,,
4543,200615.04,8162366.007,1559.407,,,,,,,,,
4544,200559.198,8162892.985,1555.982,,,,,,,,,
4545,200559.221,8162855.244,1556.548,,,,,,,,,
4546,200559.218,8162856.262,1556.565,,,,,,,,,
4547,200559.223,8162817.993,1554.56,,,,,,,,,
4548,200559.246,8162818.477,1554.72,,,,,,,,,
4549,200559.233,8162780.248,1554.999,,,,,,,,,
4550,200559.225,8162781.287,1554.994,,,,,,,,,
4551,200559.198,8162742.83,1554.837,,,,,,,,,
4552,200559.2,8162743.534,1554.799,,,,,,,,,
4553,200559.204,8162705.128,1555.811,,,,,,,,,
4554,200559.206,8162705.952,1555.812,,,,,,,,,
4555,200559.217,8162667.752,1555.629,,,,,,,,,
4556,200559.224,8162668.296,1555.772,,,,,,,,,
4557,200559.198,8162630.003,1555.759,,,,,,,,,
4558,200559.187,8162630.962,1555.767,,,,,,,,,
4559,200559.21,8162593.286,1556.143,,,,,,,,,
4560,200565.387,8162593.433,1556.183,,,,,,,,,
4561,200571.559,8162593.303,1556.32,,,,,,,,,
4562,200565.404,8162631.121,1555.738,,,,,,,,,
4563,200565.378,8162630.155,1555.745,,,,,,,,,
4564,200571.428,8162630.241,1556.052,,,,,,,,,
4565,200571.535,8162631.038,1556.053,,,,,,,,,
4566,200571.616,8162667.766,1555.921,,,,,,,,,
4567,200571.598,8162668.377,1556.058,,,,,,,,,
4568,200565.38,8162668.517,1555.982,,,,,,,,,
4569,200565.406,8162667.885,1555.697,,,,,,,,,
4570,200571.558,8162705.22,1556.209,,,,,,,,,
4571,200571.414,8162706.068,1556.157,,,,,,,,,
4572,200565.536,8162706.167,1555.989,,,,,,,,,
4573,200565.427,8162705.303,1556,,,,,,,,,
4574,200571.592,8162742.868,1555.37,,,,,,,,,
4575,200571.594,8162743.589,1555.392,,,,,,,,,
4576,200565.35,8162742.973,1554.956,,,,,,,,,
4577,200565.387,8162743.644,1555.091,,,,,,,,,
4578,200565.385,8162781.391,1555.121,,,,,,,,,
4579,200565.377,8162780.385,1555.137,,,,,,,,,
4580,200571.506,8162780.495,1555.288,,,,,,,,,
4581,200571.578,8162781.29,1555.288,,,,,,,,,
4582,200565.559,8162818.579,1554.773,,,,,,,,,
4583,200565.428,8162818.077,1554.622,,,,,,,,,
4584,200571.537,8162818.107,1555.109,,,,,,,,,
4585,200571.597,8162818.645,1555.314,,,,,,,,,
4586,200571.506,8162855.51,1556.565,,,,,,,,,
4587,200571.584,8162856.33,1556.567,,,,,,,,,
4588,200565.493,8162856.386,1556.414,,,,,,,,,
4589,200565.454,8162855.512,1556.405,,,,,,,,,
4590,200565.366,8162893.17,1556.191,,,,,,,,,
4591,200571.635,8162893.187,1556.084,,,,,,,,,
4592,200577.784,8162893.16,1556.43,,,,,,,,,
4593,200584.006,8162893.083,1556.441,,,,,,,,,
4594,200577.911,8162856.369,1556.736,,,,,,,,,
4595,200577.811,8162855.712,1556.826,,,,,,,,,
4596,200583.94,8162855.353,1556.962,,,,,,,,,
4597,200584.014,8162856.112,1556.998,,,,,,,,,
4598,200584.011,8162817.924,1555.252,,,,,,,,,
4599,200584.029,8162818.585,1555.459,,,,,,,,,
4600,200577.849,8162818.711,1555.495,,,,,,,,,
4601,200577.764,8162818.076,1555.249,,,,,,,,,
4602,200577.988,8162781.219,1555.403,,,,,,,,,
4603,200577.754,8162780.4,1555.519,,,,,,,,,
4604,200583.852,8162780.278,1555.658,,,,,,,,,
4605,200583.997,8162780.879,1555.761,,,,,,,,,
4606,200583.878,8162742.916,1555.623,,,,,,,,,
4607,200584.003,8162743.665,1555.712,,,,,,,,,
4608,200577.803,8162743.55,1555.607,,,,,,,,,
4609,200577.767,8162742.984,1555.598,,,,,,,,,
4610,200578.193,8162706.198,1556.239,,,,,,,,,
4611,200577.793,8162705.314,1556.493,,,,,,,,,
4612,200583.952,8162705.139,1556.623,,,,,,,,,
4613,200583.976,8162706.085,1556.665,,,,,,,,,
4614,200583.784,8162668.137,1556.334,,,,,,,,,
4615,200584.041,8162667.875,1556.329,,,,,,,,,
4616,200577.914,8162668.44,1556.249,,,,,,,,,
4617,200577.741,8162667.886,1556.245,,,,,,,,,
4618,200577.84,8162630.988,1556.282,,,,,,,,,
4619,200577.755,8162630.374,1556.356,,,,,,,,,
4620,200583.552,8162630.205,1556.34,,,,,,,,,
4621,200584.049,8162631.008,1556.512,,,,,,,,,
4622,200577.805,8162593.289,1556.385,,,,,,,,,
4623,200583.977,8162593.19,1556.55,,,,,,,,,
4624,200590.14,8162593.419,1556.772,,,,,,,,,
4625,200596.418,8162593.25,1557.131,,,,,,,,,
4626,200596.332,8162630.067,1556.82,,,,,,,,,
4627,200596.396,8162630.945,1556.842,,,,,,,,,
4628,200590.254,8162631.093,1556.591,,,,,,,,,
4629,200590.19,8162630.293,1556.632,,,,,,,,,
4630,200596.219,8162667.79,1556.735,,,,,,,,,
4631,200596.455,8162668.188,1556.862,,,,,,,,,
4632,200590.201,8162668.559,1556.516,,,,,,,,,
4633,200590.201,8162667.559,1556.594,,,,,,,,,
4634,200590.682,8162706.017,1556.685,,,,,,,,,
4635,200590.187,8162705.243,1556.769,,,,,,,,,
4636,200596.204,8162705.195,1556.943,,,,,,,,,
4637,200596.425,8162705.937,1556.962,,,,,,,,,
4638,200596.273,8162742.889,1555.875,,,,,,,,,
4639,200596.469,8162743.665,1555.964,,,,,,,,,
4640,200590.445,8162743.574,1555.67,,,,,,,,,
4641,200590.184,8162743.205,1555.769,,,,,,,,,
4642,200590.237,8162781.33,1555.837,,,,,,,,,
4643,200590.166,8162780.704,1555.917,,,,,,,,,
4644,200595.572,8162780.516,1555.795,,,,,,,,,
4645,200596.328,8162781.045,1556.1,,,,,,,,,
4646,200596.411,8162817.986,1555.613,,,,,,,,,
4647,200596.463,8162818.485,1555.767,,,,,,,,,
4648,200590.427,8162818.588,1555.424,,,,,,,,,
4649,200590.198,8162818.138,1555.336,,,,,,,,,
4650,200596.325,8162855.341,1557.253,,,,,,,,,
4651,200596.398,8162856.008,1557.428,,,,,,,,,
4652,200590.174,8162856.365,1557.133,,,,,,,,,
4653,200590.202,8162855.456,1557.201,,,,,,,,,
4654,200590.193,8162893.109,1556.764,,,,,,,,,
4655,200596.357,8162893.069,1557.11,,,,,,,,,
4656,200602.558,8162893.173,1557.342,,,,,,,,,
4657,200608.789,8162893.103,1557.562,,,,,,,,,
4658,200602.881,8162856.341,1557.385,,,,,,,,,
4659,200602.603,8162855.68,1557.659,,,,,,,,,
4660,200608.688,8162855.369,1557.877,,,,,,,,,
4661,200608.649,8162856.319,1557.766,,,,,,,,,
4662,200608.773,8162818.063,1555.82,,,,,,,,,
4663,200608.886,8162818.605,1556.067,,,,,,,,,
4664,200602.782,8162818.64,1555.762,,,,,,,,,
4665,200602.576,8162818.263,1555.795,,,,,,,,,
4666,200602.617,8162781.393,1556.13,,,,,,,,,
4667,200602.661,8162780.478,1556.158,,,,,,,,,
4668,200608.78,8162780.18,1556.405,,,,,,,,,
4669,200608.663,8162781.271,1556.324,,,,,,,,,
4670,200608.842,8162743.532,1556.121,,,,,,,,,
4671,200608.826,8162742.866,1556.038,,,,,,,,,
4672,200602.616,8162743.603,1556.053,,,,,,,,,
4673,200602.595,8162742.998,1556.017,,,,,,,,,
4674,200602.667,8162706.305,1557.155,,,,,,,,,
4675,200602.672,8162705.288,1557.148,,,,,,,,,
4676,200608.82,8162705.168,1557.238,,,,,,,,,
4677,200608.728,8162706.147,1557.223,,,,,,,,,
4678,200608.8,8162667.807,1557.166,,,,,,,,,
4679,200608.877,8162668.351,1557.334,,,,,,,,,
4680,200602.692,8162668.434,1557.052,,,,,,,,,
4681,200602.599,8162667.903,1556.98,,,,,,,,,
4682,200602.638,8162631.142,1557.056,,,,,,,,,
4683,200602.787,8162630.619,1557.083,,,,,,,,,
4684,200608.807,8162629.999,1557.413,,,,,,,,,
4685,200608.814,8162631.055,1557.357,,,,,,,,,
4686,200602.58,8162593.382,1557.402,,,,,,,,,
4687,200608.829,8162593.259,1557.6,,,,,,,,,
4688,200614.86,8162593.337,1557.905,,,,,,,,,
4689,200621.238,8162593.307,1558.503,,,,,,,,,
4690,200620.873,8162630.085,1557.707,,,,,,,,,
4691,200620.994,8162630.797,1557.799,,,,,,,,,
4692,200615.23,8162631.008,1557.633,,,,,,,,,
4693,200615.018,8162630.25,1557.747,,,,,,,,,
4694,200614.98,8162667.889,1557.344,,,,,,,,,
4695,200614.996,8162668.458,1557.435,,,,,,,,,
4696,200621.119,8162667.775,1557.477,,,,,,,,,
4697,200621.274,8162668.353,1557.681,,,,,,,,,
4698,200615.05,8162706.185,1557.351,,,,,,,,,
4699,200615.005,8162705.33,1557.396,,,,,,,,,
4700,200621.229,8162705.104,1557.592,,,,,,,,,
4701,200621.179,8162706.047,1557.579,,,,,,,,,
4702,200615.167,8162743.563,1556.086,,,,,,,,,
4703,200614.993,8162742.765,1556.111,,,,,,,,,
4704,200621.035,8162742.922,1556.17,,,,,,,,,
4705,200621.283,8162743.665,1556.388,,,,,,,,,
4706,200621.133,8162780.261,1556.6,,,,,,,,,
4707,200620.906,8162780.97,1556.601,,,,,,,,,
4708,200615.162,8162781.268,1556.459,,,,,,,,,
4709,200615.021,8162780.744,1556.538,,,,,,,,,
4710,200615.171,8162818.707,1556.159,,,,,,,,,
4711,200615.005,8162818.255,1556.344,,,,,,,,,
4712,200621.185,8162818.059,1556.483,,,,,,,,,
4713,200621.263,8162818.629,1556.5,,,,,,,,,
4714,200621.097,8162855.368,1558.28,,,,,,,,,
4715,200621.174,8162856.317,1558.342,,,,,,,,,
4716,200615.053,8162856.384,1558.174,,,,,,,,,
4717,200614.976,8162855.485,1558.224,,,,,,,,,
4718,200614.964,8162893.17,1557.713,,,,,,,,,
4719,200621.22,8162893.063,1557.889,,,,,,,,,
4720,200627.348,8162893.19,1557.935,,,,,,,,,
4721,200633.643,8162893.058,1558.075,,,,,,,,,
4722,200633.625,8162855.369,1558.833,,,,,,,,,
4723,200633.58,8162856.322,1558.806,,,,,,,,,
4724,200627.433,8162856.417,1558.421,,,,,,,,,
4725,200627.459,8162855.644,1558.499,,,,,,,,,
4726,200627.452,8162818.72,1557.029,,,,,,,,,
4727,200627.438,8162818.141,1556.883,,,,,,,,,
4728,200633.528,8162818.511,1556.83,,,,,,,,,
4729,200633.591,8162817.91,1556.867,,,,,,,,,
4730,200633.52,8162780.227,1556.814,,,,,,,,,
4731,200633.532,8162781.075,1556.874,,,,,,,,,
4732,200627.394,8162781.402,1556.647,,,,,,,,,
4733,200627.408,8162780.48,1556.676,,,,,,,,,
4734,200627.436,8162743.646,1556.457,,,,,,,,,
4735,200627.449,8162742.986,1556.605,,,,,,,,,
4736,200633.597,8162743.374,1556.965,,,,,,,,,
4737,200633.604,8162742.832,1556.896,,,,,,,,,
4738,200633.471,8162705.166,1557.916,,,,,,,,,
4739,200633.598,8162705.952,1557.946,,,,,,,,,
4740,200627.602,8162706.239,1557.725,,,,,,,,,
4741,200627.423,8162705.396,1557.873,,,,,,,,,
4742,200627.51,8162668.528,1557.71,,,,,,,,,
4743,200627.412,8162667.845,1557.669,,,,,,,,,
4744,200633.653,8162668.359,1557.95,,,,,,,,,
4745,200633.642,8162667.738,1557.901,,,,,,,,,
4746,200633.596,8162630.033,1558.424,,,,,,,,,
4747,200633.621,8162630.961,1558.404,,,,,,,,,
4748,200627.389,8162631.125,1558.321,,,,,,,,,
4749,200627.368,8162630.158,1558.321,,,,,,,,,
4750,200627.403,8162593.417,1558.375,,,,,,,,,
4751,200633.648,8162593.268,1558.585,,,,,,,,,
4752,200639.781,8162593.438,1559.136,,,,,,,,,
4753,200646.017,8162593.32,1559.445,,,,,,,,,
4754,200645.971,8162630.075,1558.932,,,,,,,,,
4755,200645.958,8162631.004,1558.906,,,,,,,,,
4756,200639.918,8162631.057,1558.58,,,,,,,,,
4757,200639.797,8162630.302,1558.622,,,,,,,,,
4758,200639.841,8162668.621,1558.183,,,,,,,,,
4759,200639.818,8162667.888,1558.063,,,,,,,,,
4760,200645.88,8162667.803,1558.314,,,,,,,,,
4761,200646.068,8162668.246,1558.377,,,,,,,,,
4762,200639.896,8162706.353,1558.222,,,,,,,,,
4763,200639.844,8162705.38,1558.256,,,,,,,,,
4764,200645.742,8162705.216,1558.23,,,,,,,,,
4765,200645.986,8162706.109,1558.377,,,,,,,,,
4766,200639.838,8162743.577,1556.923,,,,,,,,,
4767,200639.779,8162743.08,1556.931,,,,,,,,,
4768,200645.959,8162742.871,1557.307,,,,,,,,,
4769,200646.001,8162743.508,1557.09,,,,,,,,,
4770,200645.987,8162780.228,1557.072,,,,,,,,,
4771,200645.974,8162781.094,1557.149,,,,,,,,,
4772,200639.819,8162781.311,1556.967,,,,,,,,,
4773,200639.785,8162780.407,1557.024,,,,,,,,,
4774,200639.859,8162818.758,1557.061,,,,,,,,,
4775,200639.765,8162818.043,1556.942,,,,,,,,,
4776,200646.006,8162817.949,1557.173,,,,,,,,,
4777,200646.057,8162818.661,1557.303,,,,,,,,,
4778,200646,8162855.337,1559.363,,,,,,,,,
4779,200645.999,8162856.338,1559.362,,,,,,,,,
4780,200639.81,8162856.434,1558.976,,,,,,,,,
4781,200639.809,8162855.444,1558.963,,,,,,,,,
4782,200639.82,8162893.322,1557.886,,,,,,,,,
4783,200646.041,8162893.038,1558.079,,,,,,,,,
4784,200652.234,8162893.132,1558.11,,,,,,,,,
4785,200658.41,8162893.025,1557.991,,,,,,,,,
4786,200652.228,8162856.426,1559.611,,,,,,,,,
4787,200652.258,8162855.495,1559.62,,,,,,,,,
4788,200658.276,8162855.342,1559.444,,,,,,,,,
4789,200658.346,8162856.281,1559.435,,,,,,,,,
4790,200658.393,8162817.882,1557.895,,,,,,,,,
4791,200658.489,8162818.595,1558.015,,,,,,,,,
4792,200652.293,8162818.763,1557.469,,,,,,,,,
4793,200652.19,8162818.133,1557.503,,,,,,,,,
4794,200658.401,8162780.213,1556.701,,,,,,,,,
4795,200658.444,8162780.998,1556.774,,,,,,,,,
4796,200652.207,8162781.353,1556.853,,,,,,,,,
4797,200652.163,8162780.681,1556.953,,,,,,,,,
4798,200652.206,8162743.015,1557.115,,,,,,,,,
4799,200652.176,8162743.681,1557.076,,,,,,,,,
4800,200658.439,8162743.451,1557.571,,,,,,,,,
4801,200658.461,8162742.889,1557.541,,,,,,,,,
4802,200658.441,8162705.212,1558.556,,,,,,,,,
4803,200658.369,8162706.138,1558.465,,,,,,,,,
4804,200652.234,8162706.327,1558.238,,,,,,,,,
4805,200652.246,8162705.372,1558.274,,,,,,,,,
4806,200652.363,8162668.517,1558.671,,,,,,,,,
4807,200652.188,8162667.876,1558.676,,,,,,,,,
4808,200658.432,8162668.379,1558.859,,,,,,,,,
4809,200658.419,8162667.736,1558.747,,,,,,,,,
4810,200652.176,8162631.138,1559.202,,,,,,,,,
4811,200652.198,8162630.177,1559.242,,,,,,,,,
4812,200658.319,8162630.053,1559.522,,,,,,,,,
4813,200658.426,8162631.013,1559.511,,,,,,,,,
4814,200652.223,8162593.399,1559.375,,,,,,,,,
4815,200658.405,8162593.251,1559.456,,,,,,,,,
4816,200664.589,8162593.323,1559.387,,,,,,,,,
4817,200670.796,8162593.183,1559.523,,,,,,,,,
4818,200664.802,8162631.079,1559.516,,,,,,,,,
4819,200664.589,8162630.25,1559.582,,,,,,,,,
4820,200670.828,8162630.024,1559.631,,,,,,,,,
4821,200670.825,8162630.968,1559.613,,,,,,,,,
4822,200664.598,8162668.513,1559.149,,,,,,,,,
4823,200664.598,8162667.882,1559.06,,,,,,,,,
4824,200670.849,8162667.736,1558.951,,,,,,,,,
4825,200670.871,8162668.361,1559.13,,,,,,,,,
4826,200664.594,8162706.22,1558.521,,,,,,,,,
4827,200664.555,8162705.27,1558.544,,,,,,,,,
4828,200670.833,8162705.143,1558.798,,,,,,,,,
4829,200670.823,8162706.143,1558.762,,,,,,,,,
4830,200670.841,8162743.48,1557.703,,,,,,,,,
4831,200670.833,8162742.928,1557.766,,,,,,,,,
4832,200664.725,8162743.55,1557.336,,,,,,,,,
4833,200664.577,8162742.931,1557.815,,,,,,,,,
4834,200670.864,8162780.22,1556.852,,,,,,,,,
4835,200670.845,8162781.172,1556.859,,,,,,,,,
4836,200664.554,8162781.315,1556.935,,,,,,,,,
4837,200664.572,8162780.544,1556.991,,,,,,,,,
4838,200670.817,8162817.881,1558.631,,,,,,,,,
4839,200670.809,8162818.638,1558.729,,,,,,,,,
4840,200664.939,8162818.588,1558.159,,,,,,,,,
4841,200664.545,8162818.103,1558.248,,,,,,,,,
4842,200670.816,8162855.363,1559.939,,,,,,,,,
4843,200670.797,8162855.955,1559.993,,,,,,,,,
4844,200664.805,8162856.293,1559.837,,,,,,,,,
4845,200664.667,8162855.523,1559.953,,,,,,,,,
4846,200664.61,8162893.092,1558.161,,,,,,,,,
4847,200670.842,8162893.022,1558.356,,,,,,,,,
4848,200676.965,8162893.134,1558.569,,,,,,,,,
4849,200683.145,8162893.104,1558.51,,,,,,,,,
4850,200683.141,8162855.38,1559.993,,,,,,,,,
4851,200683.06,8162856.291,1559.822,,,,,,,,,
4852,200676.994,8162856.443,1559.943,,,,,,,,,
4853,200676.985,8162855.469,1559.945,,,,,,,,,
4854,200683.21,8162817.914,1559.407,,,,,,,,,
4855,200683.211,8162818.631,1559.472,,,,,,,,,
4856,200677.009,8162818.695,1559.139,,,,,,,,,
4857,200676.995,8162818.056,1558.893,,,,,,,,,
4858,200677.007,8162781.37,1557.283,,,,,,,,,
4859,200677,8162780.431,1557.31,,,,,,,,,
4860,200683.208,8162780.237,1557.517,,,,,,,,,
4861,200683.247,8162781.201,1557.536,,,,,,,,,
4862,200683.212,8162743.446,1557.633,,,,,,,,,
4863,200683.22,8162742.868,1558.17,,,,,,,,,
4864,200677.05,8162743.662,1557.632,,,,,,,,,
4865,200677.028,8162742.958,1558.136,,,,,,,,,
4866,200677.27,8162706.108,1558.792,,,,,,,,,
4867,200677.052,8162705.327,1558.946,,,,,,,,,
4868,200683.097,8162705.208,1559.031,,,,,,,,,
4869,200683.148,8162706.119,1559.027,,,,,,,,,
4870,200683.149,8162667.762,1559.192,,,,,,,,,
4871,200683.224,8162668.424,1559.263,,,,,,,,,
4872,200677.19,8162668.496,1559.094,,,,,,,,,
4873,200676.997,8162667.9,1559.064,,,,,,,,,
4874,200677.424,8162630.995,1559.463,,,,,,,,,
4875,200676.984,8162630.312,1559.681,,,,,,,,,
4876,200682.897,8162630.143,1559.649,,,,,,,,,
4877,200683.234,8162630.976,1559.744,,,,,,,,,
4878,200676.939,8162593.412,1560.005,,,,,,,,,
4879,200683.198,8162593.215,1560.001,,,,,,,,,
4880,200689.363,8162593.381,1560.324,,,,,,,,,
4881,200695.596,8162593.289,1560.154,,,,,,,,,
4882,200695.512,8162630.092,1559.852,,,,,,,,,
4883,200695.391,8162630.814,1559.826,,,,,,,,,
4884,200689.358,8162631.087,1559.74,,,,,,,,,
4885,200689.368,8162630.17,1559.78,,,,,,,,,
4886,200689.335,8162667.834,1559.209,,,,,,,,,
4887,200689.368,8162668.541,1559.282,,,,,,,,,
4888,200695.545,8162667.771,1559.339,,,,,,,,,
4889,200695.672,8162668.289,1559.377,,,,,,,,,
4890,200695.472,8162705.196,1559.086,,,,,,,,,
4891,200695.483,8162706.082,1559.055,,,,,,,,,
4892,200689.389,8162706.28,1559.101,,,,,,,,,
4893,200689.375,8162705.307,1559.109,,,,,,,,,
4894,200695.537,8162742.861,1557.99,,,,,,,,,
4895,200695.649,8162743.413,1557.829,,,,,,,,,
4896,200689.459,8162743.614,1557.77,,,,,,,,,
4897,200689.376,8162742.982,1558.314,,,,,,,,,
4898,200695.567,8162780.222,1557.966,,,,,,,,,
4899,200695.6,8162781.137,1557.973,,,,,,,,,
4900,200689.39,8162781.364,1557.691,,,,,,,,,
4901,200689.388,8162780.355,1557.685,,,,,,,,,
4902,200689.386,8162818.727,1559.953,,,,,,,,,
4903,200689.361,8162817.999,1559.887,,,,,,,,,
4904,200695.533,8162817.85,1560.322,,,,,,,,,
4905,200695.551,8162818.596,1560.51,,,,,,,,,
4906,200695.619,8162855.403,1560.372,,,,,,,,,
4907,200695.592,8162856.333,1560.347,,,,,,,,,
4908,200689.403,8162856.398,1560.205,,,,,,,,,
4909,200689.37,8162855.506,1560.233,,,,,,,,,
4910,200689.363,8162893.166,1558.806,,,,,,,,,
4911,200695.601,8162893.08,1559.016,,,,,,,,,
4912,200701.779,8162893.153,1559.289,,,,,,,,,
4913,200708.008,8162856.204,1560.574,,,,,,,,,
4914,200701.993,8162856.388,1560.404,,,,,,,,,
4915,200701.791,8162855.748,1560.607,,,,,,,,,
4916,200707.951,8162837.069,1560.755,,,,,,,,,
4917,200707.985,8162837.823,1560.739,,,,,,,,,
4918,200708.005,8162818.701,1560.901,,,,,,,,,
4919,200707.969,8162817.855,1560.653,,,,,,,,,
4920,200701.809,8162818.688,1560.521,,,,,,,,,
4921,200701.732,8162818.045,1560.438,,,,,,,,,
4922,200701.815,8162781.255,1558.364,,,,,,,,,
4923,200701.717,8162780.348,1558.382,,,,,,,,,
4924,200707.798,8162780.215,1558.609,,,,,,,,,
4925,200707.925,8162781.091,1558.644,,,,,,,,,
4926,200707.927,8162742.804,1558.038,,,,,,,,,
4927,200708.015,8162743.303,1557.885,,,,,,,,,
4928,200701.99,8162743.549,1557.862,,,,,,,,,
4929,200701.713,8162742.998,1558.406,,,,,,,,,
4930,200701.744,8162706.269,1559.352,,,,,,,,,
4931,200701.749,8162705.457,1559.438,,,,,,,,,
4932,200707.861,8162705.129,1559.418,,,,,,,,,
4933,200707.919,8162706.066,1559.416,,,,,,,,,
4934,200707.818,8162667.813,1559.545,,,,,,,,,
4935,200707.991,8162668.323,1559.619,,,,,,,,,
4936,200701.926,8162668.476,1559.37,,,,,,,,,
4937,200701.716,8162667.85,1559.365,,,,,,,,,
4938,200701.846,8162631.077,1559.961,,,,,,,,,
4939,200701.773,8162630.249,1560.008,,,,,,,,,
4940,200707.956,8162630.049,1560.246,,,,,,,,,
4941,200707.773,8162630.903,1560.179,,,,,,,,,
4942,200701.748,8162593.391,1560.235,,,,,,,,,
4943,200707.987,8162593.269,1560.4,,,,,,,,,
4944,200714.212,8162593.089,1560.273,,,,,,,,,
4945,200720.356,8162593.17,1560.825,,,,,,,,,
4946,200720.231,8162629.981,1560.296,,,,,,,,,
4947,200720.13,8162630.901,1560.154,,,,,,,,,
4948,200714.313,8162631.06,1560.302,,,,,,,,,
4949,200714.189,8162630.246,1560.403,,,,,,,,,
4950,200714.194,8162668.49,1559.806,,,,,,,,,
4951,200714.143,8162667.968,1559.722,,,,,,,,,
4952,200720.333,8162667.712,1559.786,,,,,,,,,
4953,200720.402,8162668.251,1559.951,,,,,,,,,
4954,200720.176,8162705.065,1559.46,,,,,,,,,
4955,200720.293,8162705.936,1559.514,,,,,,,,,
4956,200714.256,8162706.192,1559.357,,,,,,,,,
4957,200714.158,8162705.317,1559.44,,,,,,,,,
4958,200714.483,8162743.507,1557.91,,,,,,,,,
4959,200714.162,8162742.908,1558.186,,,,,,,,,
4960,200720.314,8162742.752,1558.282,,,,,,,,,
4961,200720.432,8162743.346,1558.192,,,,,,,,,
4962,200720.196,8162780.163,1559.457,,,,,,,,,
4963,200720.4,8162781.158,1559.59,,,,,,,,,
4964,200714.177,8162781.35,1559.087,,,,,,,,,
4965,200714.166,8162780.29,1559.043,,,,,,,,,
4966,200720.315,8162817.883,1561.105,,,,,,,,,
4967,200720.375,8162818.675,1561.026,,,,,,,,,
4968,200714.21,8162818.719,1560.999,,,,,,,,,
4969,200714.145,8162818.099,1560.943,,,,,,,,,
4970,200714.258,8162837.858,1560.82,,,,,,,,,
4971,200714.159,8162837.211,1560.881,,,,,,,,,
4972,200720.384,8162837.823,1560.793,,,,,,,,,
4973,200720.374,8162837.031,1560.799,,,,,,,,,
4974,200714.107,8162857.398,1560.594,,,,,,,,,
4975,200720.383,8162856.177,1560.585,,,,,,,,,
4976,200726.583,8162856.227,1560.534,,,,,,,,,
4977,200732.779,8162893.03,1559.979,,,,,,,,,
4978,200738.94,8162893.17,1560.062,,,,,,,,,
4979,200745.166,8162893.026,1560.319,,,,,,,,,
4980,200751.317,8162893.119,1560.437,,,,,,,,,
4981,200732.794,8162856.146,1560.685,,,,,,,,,
4982,200732.78,8162855.317,1560.703,,,,,,,,,
4983,200726.535,8162837.086,1560.846,,,,,,,,,
4984,200726.561,8162837.89,1560.852,,,,,,,,,
4985,200732.784,8162818.612,1561.241,,,,,,,,,
4986,200732.799,8162817.858,1561.54,,,,,,,,,
4987,200726.548,8162817.952,1561.43,,,,,,,,,
4988,200726.549,8162818.748,1561.166,,,,,,,,,
4989,200732.811,8162780.972,1560.22,,,,,,,,,
4990,200732.813,8162780.158,1560.196,,,,,,,,,
4991,200726.541,8162780.21,1559.854,,,,,,,,,
4992,200726.523,8162781.287,1559.908,,,,,,,,,
4993,200726.562,8162742.933,1558.386,,,,,,,,,
4994,200726.57,8162743.581,1558.33,,,,,,,,,
4995,200732.789,8162743.492,1558.58,,,,,,,,,
4996,200732.754,8162742.811,1558.632,,,,,,,,,
4997,200726.549,8162706.237,1559.624,,,,,,,,,
4998,200726.557,8162705.261,1559.659,,,,,,,,,
4999,200732.823,8162705.891,1559.773,,,,,,,,,
5000,200732.825,8162705.068,1559.79,,,,,,,,,
5001,200726.563,8162667.899,1559.937,,,,,,,,,
5002,200726.503,8162668.545,1560.179,,,,,,,,,
5003,200732.823,8162668.355,1560.312,,,,,,,,,
5004,200732.797,8162667.705,1560.252,,,,,,,,,
5005,200732.781,8162630.784,1560.437,,,,,,,,,
5006,200732.773,8162630.029,1560.447,,,,,,,,,
5007,200726.559,8162630.17,1560.425,,,,,,,,,
5008,200726.556,8162631.203,1560.408,,,,,,,,,
5009,200726.512,8162593.466,1561.187,,,,,,,,,
5010,200732.777,8162593.31,1561.331,,,,,,,,,
5011,200738.668,8162593.517,1561.29,,,,,,,,,
5012,200745.176,8162593.308,1561.717,,,,,,,,,
5013,200745.132,8162630.076,1560.807,,,,,,,,,
5014,200745.13,8162630.765,1560.81,,,,,,,,,
5015,200738.907,8162630.13,1560.671,,,,,,,,,
5016,200738.914,8162631.115,1560.651,,,,,,,,,
5017,200739.003,8162668.536,1560.557,,,,,,,,,
5018,200738.95,8162667.874,1560.295,,,,,,,,,
5019,200745.015,8162667.779,1560.574,,,,,,,,,
5020,200745.209,8162668.389,1560.794,,,,,,,,,
5021,200744.655,8162705.232,1559.837,,,,,,,,,
5022,200745.129,8162705.771,1559.974,,,,,,,,,
5023,200738.976,8162706.251,1559.754,,,,,,,,,
5024,200738.927,8162705.426,1559.816,,,,,,,,,
5025,200738.977,8162743.634,1558.586,,,,,,,,,
5026,200738.949,8162742.973,1558.787,,,,,,,,,
5027,200745.149,8162742.857,1558.907,,,,,,,,,
5028,200745.215,8162743.479,1558.921,,,,,,,,,
5029,200745.143,8162780.174,1560.768,,,,,,,,,
5030,200745.153,8162780.874,1560.816,,,,,,,,,
5031,200739.218,8162781.2,1560.457,,,,,,,,,
5032,200738.971,8162780.357,1560.523,,,,,,,,,
5033,200738.951,8162818.746,1561.313,,,,,,,,,
5034,200738.943,8162818.052,1561.442,,,,,,,,,
5035,200745.068,8162817.913,1561.345,,,,,,,,,
5036,200745.152,8162818.538,1561.257,,,,,,,,,
5037,200745.006,8162855.418,1560.811,,,,,,,,,
5038,200745.184,8162856.049,1560.851,,,,,,,,,
5039,200739.103,8162856.425,1560.749,,,,,,,,,
5040,200738.921,8162855.901,1560.848,,,,,,,,,
5041,200614.961,8162365.265,1559.656,,,,,,,,,
5042,200608.815,8162365.183,1559.312,,,,,,,,,
5043,200608.853,8162365.902,1559.556,,,,,,,,,
5044,200602.637,8162366.024,1559.709,,,,,,,,,
5045,200602.588,8162365.344,1559.523,,,,,,,,,
5046,200596.446,8162365.934,1559.763,,,,,,,,,
5047,200596.417,8162365.188,1559.53,,,,,,,,,
5048,200590.289,8162365.264,1559.03,,,,,,,,,
5049,200590.216,8162366.021,1559.424,,,,,,,,,
5050,200584.066,8162365.829,1558.984,,,,,,,,,
5051,200584.11,8162365.207,1558.748,,,,,,,,,
5052,200577.862,8162366.007,1558.611,,,,,,,,,
5053,200577.843,8162365.226,1558.821,,,,,,,,,
5054,200571.646,8162366.063,1558.735,,,,,,,,,
5055,200571.629,8162365.24,1558.673,,,,,,,,,
5056,200565.482,8162365.959,1558.374,,,,,,,,,
5057,200565.441,8162365.273,1558.51,,,,,,,,,
5058,200559.204,8162365.218,1558.376,,,,,,,,,
5059,200559.232,8162365.855,1558.366,,,,,,,,,
5060,200559.211,8162403.387,1557.953,,,,,,,,,
5061,200559.217,8162402.542,1557.972,,,,,,,,,
5062,200565.467,8162403.693,1557.969,,,,,,,,,
5063,200565.458,8162402.652,1557.975,,,,,,,,,
5064,200571.624,8162402.773,1557.853,,,,,,,,,
5065,200571.618,8162403.583,1557.839,,,,,,,,,
5066,200577.885,8162403.597,1557.83,,,,,,,,,
5067,200577.841,8162402.734,1557.856,,,,,,,,,
5068,200584.051,8162402.563,1557.983,,,,,,,,,
5069,200584.069,8162403.486,1557.955,,,,,,,,,
5070,200590.227,8162403.718,1558.221,,,,,,,,,
5071,200590.219,8162402.772,1558.249,,,,,,,,,
5072,200596.423,8162402.689,1558.344,,,,,,,,,
5073,200596.429,8162403.397,1558.324,,,,,,,,,
5074,200602.725,8162402.636,1558.674,,,,,,,,,
5075,200602.74,8162403.571,1558.659,,,,,,,,,
5076,200608.972,8162402.448,1558.581,,,,,,,,,
5077,200608.98,8162403.33,1558.556,,,,,,,,,
5078,200615.006,8162403.797,1558.487,,,,,,,,,
5079,200615.002,8162402.7,1558.507,,,,,,,,,
5080,200621.222,8162402.72,1558.908,,,,,,,,,
5081,200621.231,8162403.414,1558.884,,,,,,,,,
5082,200627.398,8162403.656,1559.057,,,,,,,,,
5083,200627.397,8162402.699,1559.08,,,,,,,,,
5084,200633.6,8162402.749,1559.262,,,,,,,,,
5085,200633.602,8162403.431,1559.248,,,,,,,,,
5086,200639.815,8162403.651,1559.193,,,,,,,,,
5087,200639.804,8162402.729,1559.204,,,,,,,,,
5088,200645.987,8162402.732,1559.433,,,,,,,,,
5089,200646.034,8162403.633,1559.416,,,,,,,,,
5090,200652.224,8162403.611,1559.624,,,,,,,,,
5091,200652.218,8162402.694,1559.649,,,,,,,,,
5092,200658.349,8162402.61,1559.732,,,,,,,,,
5093,200658.412,8162403.701,1559.718,,,,,,,,,
5094,200664.585,8162403.754,1560.002,,,,,,,,,
5095,200664.604,8162402.637,1560.037,,,,,,,,,
5096,200670.811,8162403.558,1560.104,,,,,,,,,
5097,200670.81,8162402.788,1560.114,,,,,,,,,
5098,200676.993,8162403.672,1560.142,,,,,,,,,
5099,200676.969,8162402.835,1560.172,,,,,,,,,
5100,200683.198,8162402.708,1560.257,,,,,,,,,
5101,200683.2,8162403.599,1560.243,,,,,,,,,
5102,200683.214,8162440.323,1559.662,,,,,,,,,
5103,200689.405,8162441.118,1560.208,,,,,,,,,
5104,200683.245,8162441.026,1559.749,,,,,,,,,
5105,200677.002,8162441.086,1559.481,,,,,,,,,
5106,200676.979,8162440.415,1559.601,,,,,,,,,
5107,200670.821,8162440.983,1559.185,,,,,,,,,
5108,200670.835,8162440.341,1559.636,,,,,,,,,
5109,200664.6,8162441.095,1559.01,,,,,,,,,
5110,200664.578,8162440.515,1559.134,,,,,,,,,
5111,200658.44,8162440.963,1558.821,,,,,,,,,
5112,200658.386,8162440.391,1559.216,,,,,,,,,
5113,200652.266,8162441.095,1558.778,,,,,,,,,
5114,200652.222,8162440.301,1559.161,,,,,,,,,
5115,200646.058,8162440.92,1558.808,,,,,,,,,
5116,200646.038,8162440.334,1558.942,,,,,,,,,
5117,200639.844,8162441.106,1558.58,,,,,,,,,
5118,200639.812,8162440.341,1558.708,,,,,,,,,
5119,200633.665,8162440.961,1558.322,,,,,,,,,
5120,200633.628,8162440.331,1558.557,,,,,,,,,
5121,200627.392,8162441.114,1557.917,,,,,,,,,
5122,200627.403,8162440.33,1558.468,,,,,,,,,
5123,200621.252,8162440.949,1557.874,,,,,,,,,
5124,200621.233,8162440.325,1558.21,,,,,,,,,
5125,200615.033,8162441.131,1558.142,,,,,,,,,
5126,200614.986,8162440.472,1558.487,,,,,,,,,
5127,200608.86,8162440.959,1557.964,,,,,,,,,
5128,200608.809,8162440.319,1558.332,,,,,,,,,
5129,200602.644,8162441.111,1557.792,,,,,,,,,
5130,200602.575,8162440.444,1558.01,,,,,,,,,
5131,200596.451,8162440.972,1557.785,,,,,,,,,
5132,200596.409,8162440.349,1557.664,,,,,,,,,
5133,200590.228,8162441.098,1557.56,,,,,,,,,
5134,200590.236,8162440.442,1557.384,,,,,,,,,
5135,200584.103,8162440.988,1557.229,,,,,,,,,
5136,200584.048,8162440.274,1557.296,,,,,,,,,
5137,200577.789,8162441.056,1557.004,,,,,,,,,
5138,200577.79,8162440.308,1557.077,,,,,,,,,
5139,200571.618,8162441.048,1556.98,,,,,,,,,
5140,200571.584,8162440.375,1556.941,,,,,,,,,
5141,200565.497,8162441.088,1557.015,,,,,,,,,
5142,200565.495,8162440.393,1557.027,,,,,,,,,
5143,200559.261,8162441.017,1556.957,,,,,,,,,
5144,200559.239,8162440.291,1556.977,,,,,,,,,
5145,200577.826,8162051.494,1561.897,,,,,,,,,
5146,201601.495,8162742.911,1617.327,,,,,,,,,
5147,201607.688,8162742.78,1580.622,,,,,,,,,
5148,201601.48,8162706.193,1580.976,,,,,,,,,
5149,201601.487,8162705.197,1580.993,,,,,,,,,
5150,201607.672,8162706.125,1581.037,,,,,,,,,
5151,201607.681,8162705.155,1581.048,,,,,,,,,
5152,201601.523,8162668.487,1581.315,,,,,,,,,
5153,201601.54,8162667.829,1581.161,,,,,,,,,
5154,201607.697,8162667.684,1581.248,,,,,,,,,
5155,201607.68,8162668.489,1581.474,,,,,,,,,
5156,201601.57,8162631.111,1580.867,,,,,,,,,
5157,201601.481,8162630.093,1580.84,,,,,,,,,
5158,201607.7,8162629.974,1580.871,,,,,,,,,
5159,201607.705,8162630.924,1580.875,,,,,,,,,
5160,201607.681,8162593.218,1580.265,,,,,,,,,
5161,201607.696,8162592.589,1580.129,,,,,,,,,
5162,201601.491,8162592.748,1579.944,,,,,,,,,
5163,201601.511,8162593.419,1580.249,,,,,,,,,
5164,201601.489,8162556.068,1580.788,,,,,,,,,
5165,201601.495,8162555.009,1580.798,,,,,,,,,
5166,201607.693,8162554.912,1580.882,,,,,,,,,
5167,201607.698,8162555.863,1580.868,,,,,,,,,
5168,201601.532,8162518.315,1580.937,,,,,,,,,
5169,201601.513,8162517.658,1581.032,,,,,,,,,
5170,201607.71,8162518.159,1581.247,,,,,,,,,
5171,201607.687,8162517.568,1581.312,,,,,,,,,
5172,201607.679,8162480.694,1581.687,,,,,,,,,
5173,201607.707,8162479.87,1581.718,,,,,,,,,
5174,201601.498,8162481.003,1581.674,,,,,,,,,
5175,201601.488,8162479.892,1581.697,,,,,,,,,
5176,201601.494,8162443.256,1582.987,,,,,,,,,
5177,201607.699,8162443.153,1582.941,,,,,,,,,
5178,201613.907,8162443.245,1582.924,,,,,,,,,
5179,201620.1,8162443.068,1582.814,,,,,,,,,
5180,201620.111,8162479.771,1582.015,,,,,,,,,
5181,201620.114,8162480.797,1581.979,,,,,,,,,
5182,201613.924,8162480.946,1581.835,,,,,,,,,
5183,201613.873,8162479.985,1581.855,,,,,,,,,
5184,201613.868,8162517.67,1581.427,,,,,,,,,
5185,201613.897,8162518.325,1581.365,,,,,,,,,
5186,201620.132,8162518.13,1581.519,,,,,,,,,
5187,201620.106,8162517.498,1581.665,,,,,,,,,
5188,201620.088,8162554.794,1581.241,,,,,,,,,
5189,201620.113,8162555.912,1581.232,,,,,,,,,
5190,201613.872,8162555.988,1581.101,,,,,,,,,
5191,201613.875,8162555.061,1581.109,,,,,,,,,
5192,201613.896,8162592.743,1580.394,,,,,,,,,
5193,201613.89,8162593.381,1580.647,,,,,,,,,
5194,201620.129,8162592.554,1580.746,,,,,,,,,
5195,201620.154,8162593.247,1580.825,,,,,,,,,
5196,201620.102,8162629.918,1581.224,,,,,,,,,
5197,201620.089,8162630.893,1581.232,,,,,,,,,
5198,201613.886,8162631.077,1580.995,,,,,,,,,
5199,201613.891,8162630.108,1580.987,,,,,,,,,
5200,201613.905,8162667.806,1581.327,,,,,,,,,
5201,201613.908,8162668.492,1581.527,,,,,,,,,
5202,201620.082,8162667.673,1581.503,,,,,,,,,
5203,201620.147,8162668.53,1581.711,,,,,,,,,
5204,201613.878,8162706.109,1581.187,,,,,,,,,
5205,201613.882,8162705.175,1581.201,,,,,,,,,
5206,201620.014,8162706.083,1581.323,,,,,,,,,
5207,201620.107,8162705.279,1581.332,,,,,,,,,
5208,201613.903,8162742.791,1580.862,,,,,,,,,
5209,201620.074,8162742.83,1580.949,,,,,,,,,
5210,201626.288,8162742.818,1581.081,,,,,,,,,
5211,201632.504,8162742.823,1581.01,,,,,,,,,
5212,201626.271,8162706.127,1581.447,,,,,,,,,
5213,201626.272,8162705.232,1581.45,,,,,,,,,
5214,201632.535,8162705.068,1581.791,,,,,,,,,
5215,201632.556,8162706.135,1581.783,,,,,,,,,
5216,201632.504,8162668.396,1581.766,,,,,,,,,
5217,201632.491,8162667.72,1581.703,,,,,,,,,
5218,201626.274,8162667.848,1581.605,,,,,,,,,
5219,201626.354,8162668.511,1581.83,,,,,,,,,
5220,201626.265,8162631.179,1581.341,,,,,,,,,
5221,201626.262,8162630.075,1581.34,,,,,,,,,
5222,201632.486,8162630.014,1581.475,,,,,,,,,
5223,201632.491,8162631.005,1581.475,,,,,,,,,
5224,201632.477,8162593.276,1581.404,,,,,,,,,
5225,201632.51,8162592.593,1581.383,,,,,,,,,
5226,201626.327,8162593.409,1581.172,,,,,,,,,
5227,201626.297,8162592.742,1581.069,,,,,,,,,
5228,201632.452,8162555.901,1581.54,,,,,,,,,
5229,201632.487,8162554.971,1581.558,,,,,,,,,
5230,201626.299,8162556.086,1581.394,,,,,,,,,
5231,201626.293,8162555.033,1581.402,,,,,,,,,
5232,201626.314,8162518.316,1581.717,,,,,,,,,
5233,201626.289,8162517.663,1581.89,,,,,,,,,
5234,201632.521,8162518.291,1581.717,,,,,,,,,
5235,201632.516,8162517.476,1581.676,,,,,,,,,
5236,201632.502,8162480.809,1582.167,,,,,,,,,
5237,201632.491,8162479.847,1582.179,,,,,,,,,
5238,201626.292,8162480.961,1582.013,,,,,,,,,
5239,201626.299,8162479.938,1582.039,,,,,,,,,
5240,201626.28,8162443.23,1582.789,,,,,,,,,
5241,201632.528,8162443.183,1582.668,,,,,,,,,
5242,201638.703,8162443.21,1582.656,,,,,,,,,
5243,201644.885,8162443.013,1582.835,,,,,,,,,
5244,201638.7,8162479.888,1582.237,,,,,,,,,
5245,201638.692,8162480.84,1582.211,,,,,,,,,
5246,201644.89,8162479.683,1582.329,,,,,,,,,
5247,201644.896,8162480.781,1582.321,,,,,,,,,
5248,201638.694,8162517.507,1581.822,,,,,,,,,
5249,201638.708,8162518.346,1581.877,,,,,,,,,
5250,201644.881,8162518.291,1582.142,,,,,,,,,
5251,201644.894,8162517.446,1582.09,,,,,,,,,
5252,201638.686,8162555.029,1581.676,,,,,,,,,
5253,201638.682,8162555.988,1581.662,,,,,,,,,
5254,201644.878,8162554.958,1581.948,,,,,,,,,
5255,201644.885,8162555.92,1581.936,,,,,,,,,
5256,201644.919,8162593.319,1581.697,,,,,,,,,
5257,201644.908,8162592.584,1581.705,,,,,,,,,
5258,201638.719,8162592.654,1581.5,,,,,,,,,
5259,201638.683,8162593.429,1581.548,,,,,,,,,
5260,201638.666,8162631.155,1581.627,,,,,,,,,
5261,201638.67,8162630.138,1581.624,,,,,,,,,
5262,201644.875,8162629.993,1581.819,,,,,,,,,
5263,201644.878,8162631.064,1581.826,,,,,,,,,
5264,201644.842,8162667.764,1581.96,,,,,,,,,
5265,201638.755,8162667.936,1581.815,,,,,,,,,
5266,201638.699,8162668.555,1581.842,,,,,,,,,
5267,201638.707,8162705.229,1581.746,,,,,,,,,
5268,201638.708,8162706.259,1581.743,,,,,,,,,
5269,201638.699,8162742.977,1581.094,,,,,,,,,
5270,201651.088,8162667.863,1582.177,,,,,,,,,
5271,201657.307,8162667.725,1582.296,,,,,,,,,
5272,201651.11,8162631.198,1582.007,,,,,,,,,
5273,201651.08,8162630.14,1581.999,,,,,,,,,
5274,201656.891,8162630.089,1582.149,,,,,,,,,
5275,201657.31,8162630.988,1582.179,,,,,,,,,
5276,201651.15,8162592.616,1581.915,,,,,,,,,
5277,201651.105,8162593.446,1581.909,,,,,,,,,
5278,201657.314,8162593.428,1582.036,,,,,,,,,
5279,201657.282,8162592.593,1582.092,,,,,,,,,
5280,201651.115,8162555.019,1582.114,,,,,,,,,
5281,201651.088,8162555.966,1582.094,,,,,,,,,
5282,201657.271,8162554.835,1582.389,,,,,,,,,
5283,201657.267,8162555.933,1582.371,,,,,,,,,
5284,201657.295,8162518.131,1582.516,,,,,,,,,
5285,201657.283,8162517.508,1582.25,,,,,,,,,
5286,201651.063,8162517.631,1582.131,,,,,,,,,
5287,201651.083,8162518.32,1582.295,,,,,,,,,
5288,201651.085,8162480.946,1582.508,,,,,,,,,
5289,201651.071,8162479.88,1582.517,,,,,,,,,
5290,201656.987,8162479.881,1582.638,,,,,,,,,
5291,201657.26,8162480.812,1582.62,,,,,,,,,
5292,201651.062,8162443.194,1582.859,,,,,,,,,
5293,201657.297,8162443.193,1582.927,,,,,,,,,
5294,201663.495,8162443.172,1583.001,,,,,,,,,
5295,201669.706,8162443.179,1583.113,,,,,,,,,
5296,201663.541,8162479.909,1582.734,,,,,,,,,
5297,201663.545,8162480.72,1582.742,,,,,,,,,
5298,201669.65,8162479.867,1582.861,,,,,,,,,
5299,201669.668,8162480.811,1582.829,,,,,,,,,
5300,201663.481,8162517.478,1582.455,,,,,,,,,
5301,201663.503,8162518.3,1582.693,,,,,,,,,
5302,201669.719,8162517.503,1582.556,,,,,,,,,
5303,201669.681,8162518.125,1582.825,,,,,,,,,
5304,201663.452,8162554.974,1582.521,,,,,,,,,
5305,201663.459,8162556.048,1582.519,,,,,,,,,
5306,201669.647,8162554.888,1582.77,,,,,,,,,
5307,201669.697,8162555.84,1582.751,,,,,,,,,
5308,201663.478,8162592.757,1582.207,,,,,,,,,
5309,201663.501,8162593.374,1582.132,,,,,,,,,
5310,201669.731,8162593.376,1582.202,,,,,,,,,
5311,201669.715,8162592.557,1582.379,,,,,,,,,
5312,201663.466,8162630.073,1582.372,,,,,,,,,
5313,201663.49,8162630.972,1582.379,,,,,,,,,
5314,201669.652,8162630.898,1582.553,,,,,,,,,
5315,201669.654,8162630.066,1582.549,,,,,,,,,
5316,201663.487,8162667.68,1582.617,,,,,,,,,
5317,201669.675,8162667.679,1582.89,,,,,,,,,
5318,201675.846,8162667.656,1583.216,,,,,,,,,
5319,201682.115,8162667.69,1583.114,,,,,,,,,
5320,201688.285,8162667.66,1583.172,,,,,,,,,
5321,201675.883,8162631.009,1582.823,,,,,,,,,
5322,201675.884,8162630.012,1582.81,,,,,,,,,
5323,201682.092,8162630.939,1582.892,,,,,,,,,
5324,201682.074,8162630.078,1582.897,,,,,,,,,
5325,201675.957,8162593.332,1582.426,,,,,,,,,
5326,201675.919,8162592.739,1582.563,,,,,,,,,
5327,201682.122,8162592.596,1582.735,,,,,,,,,
5328,201682.109,8162593.388,1582.679,,,,,,,,,
5329,201682.057,8162555.869,1582.99,,,,,,,,,
5330,201682.083,8162555.006,1582.973,,,,,,,,,
5331,201675.933,8162555.974,1582.916,,,,,,,,,
5332,201675.849,8162555.063,1582.937,,,,,,,,,
5333,201675.879,8162518.322,1583.052,,,,,,,,,
5334,201675.887,8162517.521,1582.769,,,,,,,,,
5335,201682.1,8162518.269,1583.211,,,,,,,,,
5336,201682.111,8162517.514,1583.09,,,,,,,,,
5337,201675.958,8162479.992,1583.038,,,,,,,,,
5338,201675.841,8162480.824,1583.052,,,,,,,,,
5339,201682.078,8162479.922,1583.263,,,,,,,,,
5340,201682.046,8162480.767,1583.254,,,,,,,,,
5341,201675.886,8162443.187,1583.329,,,,,,,,,
5342,201682.084,8162443.213,1583.447,,,,,,,,,
5343,201688.294,8162443.208,1583.694,,,,,,,,,
5344,201694.496,8162443.063,1583.757,,,,,,,,,
5345,201688.272,8162479.909,1583.407,,,,,,,,,
5346,201688.27,8162480.752,1583.418,,,,,,,,,
5347,201694.457,8162479.712,1583.567,,,,,,,,,
5348,201694.44,8162480.799,1583.563,,,,,,,,,
5349,201688.291,8162517.482,1583.17,,,,,,,,,
5350,201688.287,8162518.308,1583.384,,,,,,,,,
5351,201694.451,8162517.478,1583.313,,,,,,,,,
5352,201694.478,8162518.305,1583.558,,,,,,,,,
5353,201694.342,8162554.988,1583.337,,,,,,,,,
5354,201694.465,8162555.898,1583.311,,,,,,,,,
5355,201688.267,8162555.886,1583.211,,,,,,,,,
5356,201310.198,8162440.302,1576.532,,,,,,,,,
5357,201310.206,8162403.622,1576.241,,,,,,,,,
5358,201310.205,8162402.575,1576.249,,,,,,,,,
5359,201310.166,8162365.887,1577.2,,,,,,,,,
5360,201310.132,8162365.162,1577.357,,,,,,,,,
5361,201310.166,8162328.425,1577.773,,,,,,,,,
5362,201310.156,8162327.629,1577.782,,,,,,,,,
5363,201310.172,8162290.891,1578.182,,,,,,,,,
5364,201316.365,8162290.911,1578.422,,,,,,,,,
5365,201322.584,8162290.785,1578.599,,,,,,,,,
5366,201322.593,8162327.495,1578.258,,,,,,,,,
5367,201322.595,8162328.522,1578.235,,,,,,,,,
5368,201316.373,8162328.479,1577.931,,,,,,,,,
5369,201316.362,8162327.642,1577.93,,,,,,,,,
5370,201322.59,8162365.202,1577.375,,,,,,,,,
5371,201322.604,8162365.915,1577.17,,,,,,,,,
5372,201316.368,8162366.081,1577.298,,,,,,,,,
5373,201316.34,8162365.2,1577.43,,,,,,,,,
5374,201322.609,8162402.615,1576.697,,,,,,,,,
5375,201322.607,8162403.657,1576.693,,,,,,,,,
5376,201316.374,8162403.777,1576.48,,,,,,,,,
5377,201316.372,8162402.763,1576.49,,,,,,,,,
5378,201316.401,8162440.488,1576.585,,,,,,,,,
5379,201322.601,8162440.328,1576.614,,,,,,,,,
5380,201328.782,8162440.488,1576.806,,,,,,,,,
5381,201334.993,8162440.344,1576.929,,,,,,,,,
5382,201334.99,8162403.637,1577.274,,,,,,,,,
5383,201334.994,8162402.77,1577.285,,,,,,,,,
5384,201334.969,8162366.061,1577.639,,,,,,,,,
5385,201335.016,8162365.193,1577.96,,,,,,,,,
5386,201328.792,8162365.367,1577.71,,,,,,,,,
5387,201328.76,8162366.065,1577.56,,,,,,,,,
5388,201328.771,8162402.757,1577.099,,,,,,,,,
5389,201328.78,8162403.799,1577.087,,,,,,,,,
5390,201328.758,8162328.645,1578.275,,,,,,,,,
5391,201328.759,8162327.661,1578.286,,,,,,,,,
5392,201334.966,8162327.445,1578.489,,,,,,,,,
5393,201334.962,8162328.557,1578.473,,,,,,,,,
5394,201328.797,8162290.953,1578.692,,,,,,,,,
5395,201334.945,8162290.772,1578.83,,,,,,,,,
5396,201341.152,8162290.901,1579.099,,,,,,,,,
5397,201347.368,8162290.773,1579.292,,,,,,,,,
5398,201347.362,8162327.496,1578.851,,,,,,,,,
5399,201347.362,8162328.475,1578.823,,,,,,,,,
5400,201341.131,8162328.663,1578.618,,,,,,,,,
5401,201341.149,8162327.567,1578.641,,,,,,,,,
5402,201341.212,8162365.311,1577.919,,,,,,,,,
5403,201341.18,8162366.053,1577.826,,,,,,,,,
5404,201347.371,8162365.897,1577.89,,,,,,,,,
5405,201347.364,8162365.174,1577.845,,,,,,,,,
5406,201347.391,8162402.552,1577.725,,,,,,,,,
5407,201347.399,8162403.67,1577.71,,,,,,,,,
5408,201341.175,8162402.767,1577.456,,,,,,,,,
5409,201341.168,8162403.597,1577.453,,,,,,,,,
5410,201341.184,8162440.325,1577.106,,,,,,,,,
5411,201347.381,8162440.315,1577.497,,,,,,,,,
5412,201353.567,8162440.446,1577.797,,,,,,,,,
5413,201359.775,8162440.31,1577.948,,,,,,,,,
5414,201353.583,8162403.797,1577.84,,,,,,,,,
5415,201353.582,8162402.683,1577.837,,,,,,,,,
5416,201359.788,8162402.601,1577.984,,,,,,,,,
5417,201359.789,8162403.601,1577.98,,,,,,,,,
5418,201359.8,8162365.892,1578.019,,,,,,,,,
5419,201359.791,8162365.178,1578.095,,,,,,,,,
5420,201353.538,8162365.351,1577.755,,,,,,,,,
5421,201353.573,8162366.031,1577.954,,,,,,,,,
5422,201353.539,8162328.668,1578.985,,,,,,,,,
5423,201353.547,8162327.668,1579.006,,,,,,,,,
5424,201359.761,8162327.443,1579.087,,,,,,,,,
5425,201359.769,8162328.51,1579.066,,,,,,,,,
5426,201353.57,8162290.959,1579.43,,,,,,,,,
5427,201359.775,8162290.774,1579.535,,,,,,,,,
5428,201365.978,8162290.947,1579.762,,,,,,,,,
5429,201372.143,8162290.789,1579.865,,,,,,,,,
5430,201365.943,8162327.613,1579.215,,,,,,,,,
5431,201365.949,8162328.675,1579.195,,,,,,,,,
5432,201372.159,8162327.437,1579.304,,,,,,,,,
5433,201372.169,8162328.554,1579.272,,,,,,,,,
5434,201372.163,8162365.839,1578.532,,,,,,,,,
5435,201372.143,8162365.197,1578.536,,,,,,,,,
5436,201365.96,8162365.352,1578.259,,,,,,,,,
5437,201365.966,8162366.019,1578.372,,,,,,,,,
5438,201372.173,8162402.48,1578.547,,,,,,,,,
5439,201372.193,8162403.611,1578.542,,,,,,,,,
5440,201365.957,8162403.722,1578.312,,,,,,,,,
5441,201365.95,8162402.723,1578.311,,,,,,,,,
5442,201365.979,8162440.435,1578.144,,,,,,,,,
5443,201372.172,8162440.253,1578.315,,,,,,,,,
5444,201378.381,8162440.411,1578.453,,,,,,,,,
5445,201384.576,8162440.279,1578.807,,,,,,,,,
5446,201378.365,8162403.745,1578.72,,,,,,,,,
5447,201378.369,8162402.627,1578.72,,,,,,,,,
5448,201384.564,8162402.525,1578.991,,,,,,,,,
5449,201384.584,8162403.63,1578.978,,,,,,,,,
5450,201384.579,8162365.869,1578.901,,,,,,,,,
5451,201384.576,8162365.183,1578.799,,,,,,,,,
5452,201378.37,8162365.315,1578.712,,,,,,,,,
5453,201378.356,8162365.991,1578.882,,,,,,,,,
5454,201378.359,8162328.67,1579.435,,,,,,,,,
5455,201378.355,8162327.548,1579.451,,,,,,,,,
5456,201384.574,8162327.473,1579.605,,,,,,,,,
5457,201384.591,8162328.48,1579.587,,,,,,,,,
5458,201378.346,8162290.907,1580.158,,,,,,,,,
5459,201384.546,8162290.757,1580.29,,,,,,,,,
5460,201390.718,8162290.915,1580.415,,,,,,,,,
5461,201396.943,8162290.795,1580.63,,,,,,,,,
5462,201390.725,8162327.64,1579.745,,,,,,,,,
5463,201390.737,8162328.627,1579.722,,,,,,,,,
5464,201396.949,8162327.453,1579.869,,,,,,,,,
5465,201396.963,8162328.55,1579.838,,,,,,,,,
5466,201396.979,8162365.192,1578.906,,,,,,,,,
5467,201396.974,8162365.871,1579.108,,,,,,,,,
5468,201390.745,8162365.326,1578.824,,,,,,,,,
5469,201390.78,8162366.009,1579.02,,,,,,,,,
5470,201396.963,8162402.557,1579.322,,,,,,,,,
5471,201396.962,8162403.601,1579.323,,,,,,,,,
5472,201390.754,8162402.655,1579.178,,,,,,,,,
5473,201390.756,8162403.794,1579.176,,,,,,,,,
5474,201390.768,8162440.44,1578.894,,,,,,,,,
5475,201396.97,8162440.309,1579.082,,,,,,,,,
5476,201403.176,8162440.438,1579.247,,,,,,,,,
5477,201409.364,8162440.29,1579.476,,,,,,,,,
5478,201403.13,8162403.747,1579.555,,,,,,,,,
5479,201403.131,8162402.676,1579.557,,,,,,,,,
5480,201409.367,8162402.588,1579.794,,,,,,,,,
5481,201409.353,8162403.584,1579.793,,,,,,,,,
5482,201409.374,8162365.179,1579.224,,,,,,,,,
5483,201409.349,8162365.874,1579.416,,,,,,,,,
5484,201403.165,8162365.329,1579.128,,,,,,,,,
5485,201403.174,8162365.995,1579.258,,,,,,,,,
5486,201403.131,8162328.676,1579.918,,,,,,,,,
5487,201403.13,8162327.569,1579.937,,,,,,,,,
5488,201409.34,8162327.453,1580.004,,,,,,,,,
5489,201409.365,8162328.527,1579.973,,,,,,,,,
5490,201403.156,8162290.903,1580.723,,,,,,,,,
5491,201409.366,8162290.778,1580.843,,,,,,,,,
5492,201415.545,8162290.903,1581.029,,,,,,,,,
5493,201421.695,8162290.909,1581.284,,,,,,,,,
5494,201421.732,8162327.591,1580.465,,,,,,,,,
5495,201421.751,8162328.518,1580.45,,,,,,,,,
5496,201415.532,8162328.642,1580.141,,,,,,,,,
5497,201415.542,8162327.566,1580.153,,,,,,,,,
5498,201421.744,8162365.185,1579.672,,,,,,,,,
5499,201421.771,8162365.874,1579.727,,,,,,,,,
5500,201415.57,8162365.319,1579.364,,,,,,,,,
5501,201415.531,8162366.025,1579.453,,,,,,,,,
5502,201421.769,8162402.561,1579.961,,,,,,,,,
5503,201421.767,8162403.672,1579.965,,,,,,,,,
5504,201415.551,8162402.71,1579.87,,,,,,,,,
5505,201415.56,8162403.698,1579.876,,,,,,,,,
5506,201415.551,8162440.449,1579.65,,,,,,,,,
5507,201421.775,8162440.311,1579.87,,,,,,,,,
5508,201427.97,8162440.475,1580.109,,,,,,,,,
5509,201434.213,8162440.298,1580.383,,,,,,,,,
5510,201427.954,8162403.806,1580.163,,,,,,,,,
5511,201428.014,8162402.813,1580.216,,,,,,,,,
5512,201434.105,8162402.617,1580.425,,,,,,,,,
5513,201434.163,8162403.559,1580.387,,,,,,,,,
5514,201427.991,8162365.336,1579.819,,,,,,,,,
5515,201427.913,8162365.982,1579.955,,,,,,,,,
5516,201434.115,8162365.797,1580.203,,,,,,,,,
5517,201434.121,8162365.308,1580.166,,,,,,,,,
5518,201434.168,8162327.562,1580.933,,,,,,,,,
5519,201434.193,8162328.565,1580.912,,,,,,,,,
5520,201427.96,8162328.501,1580.673,,,,,,,,,
5521,201427.952,8162327.631,1580.669,,,,,,,,,
5522,201427.92,8162290.916,1581.477,,,,,,,,,
5523,201434.139,8162290.914,1581.66,,,,,,,,,
5524,201440.328,8162290.947,1581.981,,,,,,,,,
5525,201446.535,8162290.799,1582.173,,,,,,,,,
5526,201446.441,8162327.433,1581.347,,,,,,,,,
5527,201446.543,8162328.474,1581.305,,,,,,,,,
5528,201440.509,8162327.721,1581.175,,,,,,,,,
5529,201440.32,8162328.573,1581.212,,,,,,,,,
5530,201446.517,8162365.226,1580.877,,,,,,,,,
5531,201446.521,8162365.857,1580.954,,,,,,,,,
5532,201440.329,8162365.267,1580.443,,,,,,,,,
5533,201440.304,8162366.015,1580.596,,,,,,,,,
5534,201440.358,8162402.761,1580.631,,,,,,,,,
5535,201440.363,8162403.733,1580.637,,,,,,,,,
5536,201446.382,8162402.591,1580.949,,,,,,,,,
5537,201446.473,8162403.603,1580.89,,,,,,,,,
5538,201440.393,8162440.462,1580.554,,,,,,,,,
5539,201446.554,8162440.317,1580.756,,,,,,,,,
5540,201452.747,8162440.419,1580.884,,,,,,,,,
5541,201458.949,8162440.339,1581.095,,,,,,,,,
5542,201452.766,8162403.741,1581.221,,,,,,,,,
5543,201452.84,8162402.823,1581.207,,,,,,,,,
5544,201458.919,8162402.54,1581.547,,,,,,,,,
5545,201458.863,8162403.622,1581.526,,,,,,,,,
5546,201458.834,8162365.787,1581.515,,,,,,,,,
5547,201458.934,8162365.282,1581.494,,,,,,,,,
5548,201452.778,8162365.415,1581.174,,,,,,,,,
5549,201452.726,8162365.963,1581.259,,,,,,,,,
5550,201452.834,8162328.648,1581.418,,,,,,,,,
5551,201452.749,8162327.696,1581.405,,,,,,,,,
5552,201458.758,8162328.523,1581.392,,,,,,,,,
5553,201458.925,8162327.493,1581.404,,,,,,,,,
5554,201452.741,8162290.889,1582.366,,,,,,,,,
5555,201458.945,8162290.754,1582.545,,,,,,,,,
5556,201465.122,8162290.954,1582.799,,,,,,,,,
5557,201471.333,8162290.862,1583.259,,,,,,,,,
5558,201471.258,8162327.481,1581.543,,,,,,,,,
5559,201471.234,8162328.537,1581.491,,,,,,,,,
5560,201465.228,8162328.658,1581.506,,,,,,,,,
5561,201465.147,8162327.71,1581.514,,,,,,,,,
5562,201465.349,8162365.454,1581.741,,,,,,,,,
5563,201465.146,8162365.96,1581.887,,,,,,,,,
5564,201471.326,8162365.263,1582.309,,,,,,,,,
5565,201471.292,8162365.951,1582.494,,,,,,,,,
5566,201471.29,8162402.66,1582.152,,,,,,,,,
5567,201471.334,8162403.569,1582.082,,,,,,,,,
5568,201465.382,8162403.775,1581.85,,,,,,,,,
5569,201465.156,8162402.67,1581.808,,,,,,,,,
5570,201465.138,8162440.448,1581.35,,,,,,,,,
5571,201471.316,8162440.302,1581.659,,,,,,,,,
5572,201477.536,8162440.307,1581.894,,,,,,,,,
5573,201483.737,8162440.316,1581.957,,,,,,,,,
5574,201483.721,8162403.557,1582.53,,,,,,,,,
5575,201483.678,8162402.649,1582.579,,,,,,,,,
5576,201477.607,8162403.603,1582.327,,,,,,,,,
5577,201477.571,8162402.792,1582.336,,,,,,,,,
5578,201477.501,8162365.135,1582.557,,,,,,,,,
5579,201477.498,8162366.002,1582.674,,,,,,,,,
5580,201483.716,8162365.835,1582.816,,,,,,,,,
5581,201483.726,8162365.123,1582.882,,,,,,,,,
5582,201483.691,8162328.428,1581.849,,,,,,,,,
5583,201483.691,8162327.445,1581.892,,,,,,,,,
5584,201477.566,8162328.651,1581.735,,,,,,,,,
5585,201477.52,8162327.634,1581.735,,,,,,,,,
5586,201477.515,8162290.986,1583.59,,,,,,,,,
5587,201483.697,8162290.776,1583.756,,,,,,,,,
5588,201489.891,8162290.96,1583.892,,,,,,,,,
5589,201496.103,8162290.744,1583.735,,,,,,,,,
5590,201496.084,8162327.459,1582.447,,,,,,,,,
5591,201496.033,8162328.399,1582.358,,,,,,,,,
5592,201490.112,8162328.611,1582.036,,,,,,,,,
5593,201489.938,8162327.618,1582.001,,,,,,,,,
5594,201496.115,8162365.136,1583.162,,,,,,,,,
5595,201496.124,8162365.876,1583.39,,,,,,,,,
5596,201489.932,8162366.024,1583.029,,,,,,,,,
5597,201489.941,8162365.301,1583.106,,,,,,,,,
5598,201496.142,8162402.608,1582.947,,,,,,,,,
5599,201496.074,8162403.507,1582.968,,,,,,,,,
5600,201489.94,8162403.722,1582.798,,,,,,,,,
5601,201489.977,8162402.829,1582.817,,,,,,,,,
5602,201489.976,8162440.502,1581.915,,,,,,,,,
5603,201496.113,8162440.294,1582.165,,,,,,,,,
5604,201502.315,8162440.435,1582.545,,,,,,,,,
5605,201508.535,8162440.3,1582.623,,,,,,,,,
5606,201508.552,8162402.566,1583.317,,,,,,,,,
5607,201508.501,8162403.583,1583.29,,,,,,,,,
5608,201502.346,8162403.645,1583.207,,,,,,,,,
5609,201502.39,8162402.839,1583.214,,,,,,,,,
5610,201502.371,8162365.439,1583.387,,,,,,,,,
5611,201502.315,8162366.023,1583.602,,,,,,,,,
5612,201508.538,8162365.176,1583.81,,,,,,,,,
5613,201508.548,8162365.875,1583.829,,,,,,,,,
5614,201508.283,8162328.43,1582.686,,,,,,,,,
5615,201508.474,8162327.488,1582.81,,,,,,,,,
5616,201502.303,8162328.638,1582.485,,,,,,,,,
5617,201502.312,8162327.701,1582.486,,,,,,,,,
5618,201502.385,8162290.951,1583.75,,,,,,,,,
5619,201508.504,8162290.773,1583.773,,,,,,,,,
5620,201514.701,8162290.94,1583.993,,,,,,,,,
5621,201520.901,8162290.766,1584.104,,,,,,,,,
5622,201520.843,8162327.46,1582.757,,,,,,,,,
5623,201520.783,8162328.474,1582.752,,,,,,,,,
5624,201514.747,8162328.609,1582.869,,,,,,,,,
5625,201514.726,8162327.682,1582.864,,,,,,,,,
5626,201514.698,8162365.32,1584.279,,,,,,,,,
5627,201514.713,8162366.082,1584.086,,,,,,,,,
5628,201520.908,8162365.12,1584.613,,,,,,,,,
5629,201520.909,8162365.898,1584.635,,,,,,,,,
5630,201520.912,8162402.647,1583.981,,,,,,,,,
5631,201520.912,8162403.661,1583.884,,,,,,,,,
5632,201514.742,8162403.655,1583.614,,,,,,,,,
5633,201514.746,8162402.795,1583.608,,,,,,,,,
5634,201514.736,8162440.534,1582.873,,,,,,,,,
5635,201520.915,8162440.315,1582.766,,,,,,,,,
5636,201527.101,8162440.405,1583.091,,,,,,,,,
5637,201533.332,8162440.27,1583.257,,,,,,,,,
5638,201533.268,8162403.588,1584.373,,,,,,,,,
5639,201533.321,8162402.535,1584.412,,,,,,,,,
5640,201527.091,8162403.765,1584.249,,,,,,,,,
5641,201527.08,8162402.667,1584.271,,,,,,,,,
5642,201527.114,8162365.976,1584.837,,,,,,,,,
5643,201527.094,8162365.32,1584.703,,,,,,,,,
5644,201533.307,8162365.865,1584.962,,,,,,,,,
5645,201533.299,8162365.093,1584.857,,,,,,,,,
5646,201527.086,8162328.651,1582.84,,,,,,,,,
5647,201527.085,8162327.558,1582.828,,,,,,,,,
5648,201533.248,8162327.475,1582.876,,,,,,,,,
5649,201533.241,8162328.38,1582.873,,,,,,,,,
5650,201527.111,8162290.933,1584.293,,,,,,,,,
5651,201533.27,8162290.767,1584.485,,,,,,,,,
5652,201539.477,8162290.957,1584.546,,,,,,,,,
5653,201545.685,8162290.791,1584.79,,,,,,,,,
5654,201545.663,8162327.468,1583.172,,,,,,,,,
5655,201545.62,8162328.464,1583.155,,,,,,,,,
5656,201539.497,8162328.596,1583.029,,,,,,,,,
5657,201539.483,8162327.681,1583.017,,,,,,,,,
5658,201539.526,8162365.295,1584.894,,,,,,,,,
5659,201539.53,8162366.046,1584.983,,,,,,,,,
5660,201545.7,8162365.893,1584.933,,,,,,,,,
5661,201545.711,8162365.128,1584.838,,,,,,,,,
5662,201545.705,8162402.556,1584.681,,,,,,,,,
5663,201545.597,8162403.655,1584.652,,,,,,,,,
5664,201539.541,8162403.783,1584.547,,,,,,,,,
5665,201539.541,8162402.693,1584.557,,,,,,,,,
5666,201539.524,8162440.508,1583.551,,,,,,,,,
5667,201545.733,8162440.318,1583.67,,,,,,,,,
5668,201551.929,8162440.434,1583.809,,,,,,,,,
5669,201558.13,8162440.291,1583.813,,,,,,,,,
5670,201558.129,8162403.594,1585.086,,,,,,,,,
5671,201558.1,8162402.575,1585.119,,,,,,,,,
5672,201551.917,8162403.777,1584.777,,,,,,,,,
5673,201551.913,8162402.697,1584.79,,,,,,,,,
5674,201551.901,8162366.005,1585.124,,,,,,,,,
5675,201551.898,8162365.285,1584.987,,,,,,,,,
5676,201558.082,8162365.868,1584.958,,,,,,,,,
5677,201558.092,8162365.166,1584.821,,,,,,,,,
5678,201558.059,8162328.464,1583.544,,,,,,,,,
5679,201558.017,8162327.433,1583.599,,,,,,,,,
5680,201551.948,8162328.615,1583.306,,,,,,,,,
5681,201551.912,8162327.627,1583.297,,,,,,,,,
5682,201551.899,8162290.94,1585.132,,,,,,,,,
5683,201558.087,8162290.788,1585.4,,,,,,,,,
5684,201564.281,8162290.932,1585.264,,,,,,,,,
5685,201570.499,8162290.771,1585.508,,,,,,,,,
5686,201570.501,8162327.465,1583.899,,,,,,,,,
5687,201570.464,8162328.409,1583.908,,,,,,,,,
5688,201564.293,8162328.642,1583.686,,,,,,,,,
5689,201564.303,8162327.584,1583.719,,,,,,,,,
5690,201570.54,8162365.128,1584.998,,,,,,,,,
5691,201570.47,8162365.819,1585.295,,,,,,,,,
5692,201564.296,8162365.289,1584.968,,,,,,,,,
5693,201564.283,8162365.969,1585.221,,,,,,,,,
5694,201564.319,8162402.681,1585.215,,,,,,,,,
5695,201564.271,8162403.696,1585.199,,,,,,,,,
5696,201570.575,8162403.549,1585.345,,,,,,,,,
5697,201570.551,8162402.562,1585.377,,,,,,,,,
5698,201564.338,8162440.386,1583.847,,,,,,,,,
5699,201570.503,8162440.226,1583.738,,,,,,,,,
5700,201576.667,8162440.404,1583.891,,,,,,,,,
5701,201582.896,8162440.308,1583.828,,,,,,,,,
5702,201582.955,8162403.603,1585.4,,,,,,,,,
5703,201582.952,8162402.613,1585.428,,,,,,,,,
5704,201576.775,8162403.757,1585.449,,,,,,,,,
5705,201576.723,8162402.706,1585.432,,,,,,,,,
5706,201576.717,8162365.363,1585.148,,,,,,,,,
5707,201576.669,8162365.973,1585.369,,,,,,,,,
5708,201582.789,8162365.231,1585.191,,,,,,,,,
5709,201582.87,8162365.875,1585.482,,,,,,,,,
5710,201582.664,8162328.413,1584.232,,,,,,,,,
5711,201582.74,8162327.522,1584.272,,,,,,,,,
5712,201576.8,8162328.609,1584.163,,,,,,,,,
5713,201576.771,8162327.87,1584.183,,,,,,,,,
5714,201576.67,8162290.949,1585.233,,,,,,,,,
5715,201582.874,8162290.78,1585.366,,,,,,,,,
5716,201588.944,8162290.736,1585.07,,,,,,,,,
5717,201595.268,8162290.785,1585.178,,,,,,,,,
5718,201595.29,8162327.484,1584.334,,,,,,,,,
5719,201595.283,8162328.554,1584.334,,,,,,,,,
5720,201589.351,8162327.699,1584.383,,,,,,,,,
5721,201589.105,8162328.519,1584.448,,,,,,,,,
5722,201595.229,8162365.237,1585.17,,,,,,,,,
5723,201595.271,8162365.862,1585.332,,,,,,,,,
5724,201589.147,8162365.34,1585.193,,,,,,,,,
5725,201589.094,8162365.998,1585.517,,,,,,,,,
5726,201595.247,8162402.546,1585.344,,,,,,,,,
5727,201595.162,8162403.559,1585.249,,,,,,,,,
5728,201589.124,8162403.697,1585.306,,,,,,,,,
5729,201589.107,8162402.783,1585.321,,,,,,,,,
5730,201589.087,8162440.41,1583.723,,,,,,,,,
5731,201595.282,8162440.264,1583.489,,,,,,,,,
5732,201601.508,8162440.413,1583.211,,,,,,,,,
5733,201607.714,8162440.295,1583.256,,,,,,,,,
5734,201607.702,8162403.636,1584.782,,,,,,,,,
5735,201607.565,8162402.593,1584.887,,,,,,,,,
5736,201601.534,8162402.768,1584.908,,,,,,,,,
5737,201601.53,8162403.711,1584.881,,,,,,,,,
5738,201601.489,8162365.955,1585.387,,,,,,,,,
5739,201601.48,8162365.343,1585.195,,,,,,,,,
5740,201607.634,8162365.276,1585.174,,,,,,,,,
5741,201607.741,8162365.873,1585.395,,,,,,,,,
5742,201607.659,8162328.453,1584.392,,,,,,,,,
5743,201607.628,8162327.518,1584.417,,,,,,,,,
5744,201601.517,8162328.652,1584.353,,,,,,,,,
5745,201601.558,8162327.744,1584.387,,,,,,,,,
5746,201601.459,8162290.931,1585.282,,,,,,,,,
5747,201607.644,8162290.771,1585.258,,,,,,,,,
5748,201613.832,8162290.904,1585.249,,,,,,,,,
5749,201620.086,8162290.754,1585.193,,,,,,,,,
5750,201620.045,8162327.397,1584.513,,,,,,,,,
5751,201620.056,8162328.511,1584.482,,,,,,,,,
5752,201613.956,8162327.69,1584.493,,,,,,,,,
5753,201613.89,8162328.592,1584.473,,,,,,,,,
5754,201613.963,8162365.469,1585.032,,,,,,,,,
5755,201613.918,8162365.988,1585.262,,,,,,,,,
5756,201620.094,8162365.206,1584.865,,,,,,,,,
5757,201620.088,8162365.866,1585.109,,,,,,,,,
5758,201620.03,8162402.445,1584.629,,,,,,,,,
5759,201620.028,8162403.579,1584.52,,,,,,,,,
5760,201613.953,8162403.795,1584.727,,,,,,,,,
5761,201613.902,8162402.731,1584.707,,,,,,,,,
5762,201613.905,8162440.383,1583.015,,,,,,,,,
5763,201620.033,8162440.304,1583.054,,,,,,,,,
5764,201626.278,8162440.383,1583.03,,,,,,,,,
5765,201632.42,8162440.344,1583.106,,,,,,,,,
5766,201632.5,8162403.566,1583.97,,,,,,,,,
5767,201632.44,8162402.637,1584.04,,,,,,,,,
5768,201626.301,8162403.722,1584.227,,,,,,,,,
5769,201626.308,8162402.657,1584.243,,,,,,,,,
5770,201632.478,8162365.209,1584.755,,,,,,,,,
5771,201632.504,8162365.886,1584.983,,,,,,,,,
5772,201626.306,8162365.994,1585.019,,,,,,,,,
5773,201626.294,8162365.339,1584.898,,,,,,,,,
5774,201632.367,8162328.489,1584.611,,,,,,,,,
5775,201632.498,8162327.437,1584.667,,,,,,,,,
5776,201626.411,8162328.574,1584.397,,,,,,,,,
5777,201626.294,8162327.563,1584.406,,,,,,,,,
5778,201626.282,8162290.887,1585.27,,,,,,,,,
5779,201632.45,8162290.929,1585.119,,,,,,,,,
5780,201638.672,8162290.883,1585.024,,,,,,,,,
5781,201644.815,8162290.62,1584.894,,,,,,,,,
5782,201644.871,8162327.363,1584.829,,,,,,,,,
5783,201644.878,8162328.462,1584.799,,,,,,,,,
5784,201638.947,8162328.62,1584.648,,,,,,,,,
5785,201638.683,8162327.532,1584.618,,,,,,,,,
5786,201638.678,8162365.329,1584.93,,,,,,,,,
5787,201638.704,8162366.001,1584.676,,,,,,,,,
5788,201644.869,8162365.861,1584.562,,,,,,,,,
5789,201644.848,8162365.172,1584.78,,,,,,,,,
5790,201644.894,8162440.337,1583.181,,,,,,,,,
5791,201638.691,8162440.498,1583.005,,,,,,,,,
5792,201651.016,8162440.486,1583.306,,,,,,,,,
5793,201657.253,8162440.317,1583.513,,,,,,,,,
5794,201651.19,8162403.659,1583.704,,,,,,,,,
5795,201651.102,8162402.654,1583.752,,,,,,,,,
5796,201657.101,8162403.592,1583.935,,,,,,,,,
5797,201657.273,8162402.524,1584.042,,,,,,,,,
5798,201657.299,8162365.874,1584.394,,,,,,,,,
5799,201657.238,8162365.199,1584.717,,,,,,,,,
5800,201651.1,8162365.918,1584.561,,,,,,,,,
5801,201651.065,8162365.325,1584.749,,,,,,,,,
5802,201651.237,8162328.727,1584.829,,,,,,,,,
5803,201651.13,8162327.612,1584.816,,,,,,,,,
5804,201657.134,8162327.593,1584.924,,,,,,,,,
5805,201657.152,8162328.478,1584.919,,,,,,,,,
5806,201651.11,8162290.877,1584.966,,,,,,,,,
5807,201657.23,8162290.701,1585.031,,,,,,,,,
5808,201663.469,8162290.899,1585.203,,,,,,,,,
5809,201669.575,8162290.832,1585.373,,,,,,,,,
5810,201669.639,8162327.671,1585.228,,,,,,,,,
5811,201669.556,8162328.34,1585.298,,,,,,,,,
5812,201663.44,8162328.523,1584.971,,,,,,,,,
5813,201663.453,8162327.591,1584.983,,,,,,,,,
5814,201669.674,8162365.846,1584.837,,,,,,,,,
5815,201669.631,8162365.213,1585.018,,,,,,,,,
5816,201663.496,8162365.232,1584.73,,,,,,,,,
5817,201663.472,8162366.002,1584.545,,,,,,,,,
5818,201669.489,8162402.632,1584.099,,,,,,,,,
5819,201669.63,8162403.559,1584.101,,,,,,,,,
5820,201663.506,8162403.641,1584.002,,,,,,,,,
5821,201663.528,8162402.766,1584.034,,,,,,,,,
5822,201663.457,8162440.453,1583.658,,,,,,,,,
5823,201669.654,8162440.267,1583.748,,,,,,,,,
5824,201675.847,8162440.399,1583.766,,,,,,,,,
5825,201682.066,8162440.273,1583.702,,,,,,,,,
5826,201681.755,8162403.573,1584.258,,,,,,,,,
5827,201681.91,8162402.562,1584.388,,,,,,,,,
5828,201675.951,8162403.651,1584.432,,,,,,,,,
5829,201675.883,8162402.702,1584.406,,,,,,,,,
5830,201675.975,8162365.999,1584.919,,,,,,,,,
5831,201675.866,8162365.212,1584.99,,,,,,,,,
5832,201681.927,8162365.707,1585.05,,,,,,,,,
5833,201682.06,8162365.144,1585.117,,,,,,,,,
5834,201682.034,8162328.441,1585.502,,,,,,,,,
5835,201681.973,8162327.395,1585.566,,,,,,,,,
5836,201675.995,8162328.439,1585.313,,,,,,,,,
5837,201675.938,8162327.708,1585.329,,,,,,,,,
5838,201675.868,8162290.848,1585.566,,,,,,,,,
5839,201682.033,8162290.701,1585.806,,,,,,,,,
5840,201688.203,8162290.894,1586.042,,,,,,,,,
5841,201694.451,8162290.752,1586.288,,,,,,,,,
5842,201694.38,8162327.389,1585.805,,,,,,,,,
5843,201694.365,8162328.497,1585.726,,,,,,,,,
5844,201688.292,8162327.633,1585.624,,,,,,,,,
5845,201688.275,8162328.622,1585.605,,,,,,,,,
5846,201694.433,8162365.213,1585.509,,,,,,,,,
5847,201694.463,8162365.835,1585.278,,,,,,,,,
5848,201688.245,8162365.978,1585.197,,,,,,,,,
5849,201688.252,8162365.303,1585.297,,,,,,,,,
5850,201694.473,8162402.537,1584.471,,,,,,,,,
5851,201694.293,8162403.572,1584.429,,,,,,,,,
5852,201688.426,8162403.683,1584.453,,,,,,,,,
5853,201688.311,8162402.804,1584.483,,,,,,,,,
5854,201688.279,8162440.479,1583.785,,,,,,,,,
5855,201694.45,8162440.294,1583.991,,,,,,,,,
5856,201700.671,8162440.399,1584.135,,,,,,,,,
5857,201706.833,8162440.377,1584.255,,,,,,,,,
5858,201706.774,8162403.642,1584.638,,,,,,,,,
5859,201706.817,8162402.651,1584.675,,,,,,,,,
5860,201700.661,8162403.676,1584.51,,,,,,,,,
5861,201700.727,8162403.026,1584.62,,,,,,,,,
5862,201700.71,8162365.952,1585.237,,,,,,,,,
5863,201700.637,8162365.463,1585.37,,,,,,,,,
5864,201706.853,8162365.917,1585.417,,,,,,,,,
5865,201706.839,8162365.193,1585.528,,,,,,,,,
5866,201706.847,8162328.446,1586.032,,,,,,,,,
5867,201706.828,8162327.501,1586.085,,,,,,,,,
5868,201700.794,8162328.643,1586.027,,,,,,,,,
5869,201700.666,8162327.633,1585.99,,,,,,,,,
5870,201700.642,8162290.884,1586.46,,,,,,,,,
5871,201706.798,8162290.929,1586.564,,,,,,,,,
5872,201713.018,8162290.872,1586.708,,,,,,,,,
5873,201719.224,8162290.887,1587.016,,,,,,,,,
5874,201719.143,8162327.485,1586.446,,,,,,,,,
5875,201718.95,8162328.509,1586.294,,,,,,,,,
5876,201713.05,8162328.444,1586.273,,,,,,,,,
5877,201713.04,8162327.624,1586.297,,,,,,,,,
5878,201713.445,8162365.357,1585.404,,,,,,,,,
5879,201713.06,8162365.739,1585.5,,,,,,,,,
5880,201719.111,8162365.755,1585.425,,,,,,,,,
5881,201719.226,8162365.271,1585.713,,,,,,,,,
5882,201719.18,8162402.444,1584.871,,,,,,,,,
5883,201719.042,8162403.601,1584.782,,,,,,,,,
5884,201713.083,8162403.751,1584.733,,,,,,,,,
5885,201713.088,8162402.81,1584.75,,,,,,,,,
5886,201713.049,8162440.439,1584.242,,,,,,,,,
5887,201719.22,8162440.322,1584.458,,,,,,,,,
5888,201725.315,8162440.549,1584.596,,,,,,,,,
5889,201731.654,8162440.302,1584.87,,,,,,,,,
5890,201731.66,8162403.589,1585.031,,,,,,,,,
5891,201731.616,8162402.574,1585.08,,,,,,,,,
5892,201725.629,8162403.773,1584.849,,,,,,,,,
5893,201725.533,8162402.845,1584.986,,,,,,,,,
5894,201725.47,8162366.024,1585.87,,,,,,,,,
5895,201725.435,8162365.228,1585.851,,,,,,,,,
5896,201731.526,8162365.713,1585.765,,,,,,,,,
5897,201731.666,8162365.36,1585.926,,,,,,,,,
5898,201731.426,8162328.524,1586.758,,,,,,,,,
5899,201731.39,8162327.514,1586.792,,,,,,,,,
5900,201725.752,8162328.426,1586.497,,,,,,,,,
5901,201725.468,8162327.605,1586.538,,,,,,,,,
5902,201725.471,8162290.837,1587.1,,,,,,,,,
5903,201731.623,8162290.738,1587.232,,,,,,,,,
5904,201737.82,8162290.893,1587.266,,,,,,,,,
5905,201744.069,8162290.935,1587.487,,,,,,,,,
5906,201744.055,8162327.615,1586.946,,,,,,,,,
5907,201744.003,8162328.496,1586.947,,,,,,,,,
5908,201737.927,8162328.603,1586.862,,,,,,,,,
5909,201737.873,8162327.716,1586.86,,,,,,,,,
5910,201737.875,8162365.373,1586.087,,,,,,,,,
5911,201737.844,8162365.85,1585.893,,,,,,,,,
5912,201743.989,8162365.78,1586.082,,,,,,,,,
5913,201744.056,8162365.232,1586.366,,,,,,,,,
5914,201744.009,8162402.556,1585.385,,,,,,,,,
5915,201743.841,8162403.568,1585.316,,,,,,,,,
5916,201738.016,8162403.658,1585.37,,,,,,,,,
5917,201737.906,8162402.736,1585.36,,,,,,,,,
5918,201737.848,8162440.359,1585.043,,,,,,,,,
5919,201744.034,8162440.311,1585.233,,,,,,,,,
5920,201750.241,8162440.357,1585.384,,,,,,,,,
5921,201756.392,8162440.332,1585.488,,,,,,,,,
5922,201750.463,8162403.661,1585.476,,,,,,,,,
5923,201750.232,8162402.641,1585.405,,,,,,,,,
5924,201756.254,8162402.416,1585.586,,,,,,,,,
5925,201756.341,8162403.583,1585.536,,,,,,,,,
5926,201756.485,8162365.819,1586.377,,,,,,,,,
5927,201756.446,8162365.206,1586.369,,,,,,,,,
5928,201750.287,8162365.905,1586.262,,,,,,,,,
5929,201750.267,8162365.203,1586.459,,,,,,,,,
5930,201750.248,8162328.518,1587.044,,,,,,,,,
5931,201750.26,8162327.589,1587.03,,,,,,,,,
5932,201756.167,8162327.36,1587.11,,,,,,,,,
5933,201756.312,8162328.53,1587.018,,,,,,,,,
5934,201750.272,8162290.891,1587.573,,,,,,,,,
5935,201756.433,8162290.777,1587.432,,,,,,,,,
5936,201762.655,8162290.941,1587.491,,,,,,,,,
5937,201768.879,8162290.764,1587.848,,,,,,,,,
5938,201768.84,8162327.51,1587.041,,,,,,,,,
5939,201768.851,8162328.522,1587.005,,,,,,,,,
5940,201762.683,8162327.673,1587.021,,,,,,,,,
5941,201762.687,8162328.662,1587.007,,,,,,,,,
5942,201762.685,8162365.411,1586.415,,,,,,,,,
5943,201762.688,8162366.002,1586.269,,,,,,,,,
5944,201768.794,8162365.247,1586.419,,,,,,,,,
5945,201768.847,8162365.949,1586.045,,,,,,,,,
5946,201768.797,8162402.564,1586.003,,,,,,,,,
5947,201768.705,8162403.535,1585.873,,,,,,,,,
5948,201762.632,8162402.727,1585.71,,,,,,,,,
5949,201762.641,8162403.981,1585.709,,,,,,,,,
5950,201762.717,8162440.556,1585.648,,,,,,,,,
5951,201768.78,8162440.315,1585.762,,,,,,,,,
5952,201775.015,8162440.29,1585.926,,,,,,,,,
5953,201781.219,8162440.322,1586.093,,,,,,,,,
5954,201775.191,8162403.574,1586.2,,,,,,,,,
5955,201775.093,8162402.717,1586.165,,,,,,,,,
5956,201781.178,8162402.647,1586.344,,,,,,,,,
5957,201781.118,8162403.647,1586.271,,,,,,,,,
5958,201781.239,8162365.985,1586.479,,,,,,,,,
5959,201781.261,8162365.205,1586.509,,,,,,,,,
5960,201775.097,8162365.952,1586.32,,,,,,,,,
5961,201775.043,8162365.332,1586.537,,,,,,,,,
5962,201775.021,8162328.623,1587.116,,,,,,,,,
5963,201775.045,8162327.599,1587.136,,,,,,,,,
5964,201781.174,8162327.436,1587.224,,,,,,,,,
5965,201781.12,8162328.511,1587.166,,,,,,,,,
5966,201775.104,8162290.886,1587.704,,,,,,,,,
5967,201781.248,8162290.762,1587.851,,,,,,,,,
5968,201787.473,8162290.88,1587.819,,,,,,,,,
5969,201793.59,8162290.888,1588.001,,,,,,,,,
5970,201793.488,8162327.433,1587.501,,,,,,,,,
5971,201793.579,8162328.522,1587.422,,,,,,,,,
5972,201787.507,8162328.658,1587.336,,,,,,,,,
5973,201787.476,8162327.577,1587.349,,,,,,,,,
5974,201787.492,8162365.334,1586.656,,,,,,,,,
5975,201787.453,8162365.96,1586.727,,,,,,,,,
5976,201793.617,8162365.182,1586.83,,,,,,,,,
5977,201793.64,8162365.931,1586.997,,,,,,,,,
5978,201787.491,8162402.675,1586.462,,,,,,,,,
5979,201787.48,8162403.601,1586.462,,,,,,,,,
5980,201793.598,8162402.658,1586.703,,,,,,,,,
5981,201793.612,8162403.517,1586.692,,,,,,,,,
5982,201787.415,8162440.297,1586.178,,,,,,,,,
5983,201793.633,8162440.245,1586.383,,,,,,,,,
5984,201799.823,8162440.292,1586.459,,,,,,,,,
5985,201806.009,8162440.315,1586.603,,,,,,,,,
5986,201806.01,8162403.587,1586.979,,,,,,,,,
5987,201806.017,8162402.677,1586.985,,,,,,,,,
5988,201799.848,8162403.566,1586.787,,,,,,,,,
5989,201799.824,8162402.788,1586.796,,,,,,,,,
5990,201799.818,8162365.987,1587.075,,,,,,,,,
5991,201799.816,8162365.166,1587.157,,,,,,,,,
5992,201806.009,8162365.919,1587.293,,,,,,,,,
5993,201805.962,8162365.215,1587.094,,,,,,,,,
5994,201805.917,8162328.467,1587.796,,,,,,,,,
5995,201805.801,8162327.507,1587.828,,,,,,,,,
5996,201799.947,8162328.425,1587.639,,,,,,,,,
5997,201799.809,8162327.581,1587.698,,,,,,,,,
5998,201799.841,8162290.818,1588.115,,,,,,,,,
5999,201806.045,8162290.885,1588.403,,,,,,,,,
6000,201812.237,8162290.947,1588.457,,,,,,,,,
6001,201818.391,8162290.854,1588.696,,,,,,,,,
6002,201818.358,8162327.474,1588.156,,,,,,,,,
6003,201818.369,8162328.61,1588.132,,,,,,,,,
6004,201812.436,8162327.732,1587.96,,,,,,,,,
6005,201812.237,8162328.468,1587.989,,,,,,,,,
6006,201812.234,8162365.298,1587.437,,,,,,,,,
6007,201812.228,8162366.005,1587.529,,,,,,,,,
6008,201818.439,8162365.94,1587.721,,,,,,,,,
6009,201818.393,8162365.285,1587.769,,,,,,,,,
6010,201812.545,8162402.762,1587.121,,,,,,,,,
6011,201812.249,8162403.626,1587.165,,,,,,,,,
6012,201818.442,8162402.663,1587.361,,,,,,,,,
6013,201818.402,8162403.563,1587.352,,,,,,,,,
6014,201812.24,8162440.324,1586.764,,,,,,,,,
6015,201818.426,8162440.271,1586.967,,,,,,,,,
6016,201824.62,8162440.323,1587.11,,,,,,,,,
6017,201824.648,8162403.602,1587.548,,,,,,,,,
6018,201824.68,8162402.815,1587.544,,,,,,,,,
6019,201824.637,8162366.014,1587.895,,,,,,,,,
6020,201824.62,8162365.513,1587.724,,,,,,,,,
6021,201824.662,8162328.776,1588.339,,,,,,,,,
6022,201824.608,8162327.797,1588.375,,,,,,,,,
6023,201824.597,8162291.07,1588.883,,,,,,,,,
6024,201644.874,8162402.608,1583.893,,,,,,,,,
6025,201644.879,8162403.629,1583.878,,,,,,,,,
6026,201638.695,8162403.713,1583.934,,,,,,,,,
6027,201638.68,8162402.763,1583.956,,,,,,,,,
6028,201688.262,8162555.001,1583.21,,,,,,,,,
6029,201688.303,8162592.639,1583.053,,,,,,,,,
6030,201688.282,8162593.356,1582.753,,,,,,,,,
6031,201688.315,8162630.099,1582.952,,,,,,,,,
6032,201688.249,8162630.911,1582.981,,,,,,,,,
6033,201694.457,8162592.592,1583.088,,,,,,,,,
6034,201700.676,8162592.567,1583.165,,,,,,,,,
6035,201706.908,8162592.538,1583.341,,,,,,,,,
6036,201706.895,8162554.925,1583.674,,,,,,,,,
6037,201706.897,8162555.879,1583.668,,,,,,,,,
6038,201700.65,8162555.856,1583.502,,,,,,,,,
6039,201700.654,8162554.957,1583.511,,,,,,,,,
6040,201706.907,8162518.248,1584.002,,,,,,,,,
6041,201706.888,8162517.542,1583.809,,,,,,,,,
6042,201706.868,8162480.858,1583.751,,,,,,,,,
6043,201706.852,8162479.785,1583.78,,,,,,,,,
6044,201700.736,8162480.005,1583.676,,,,,,,,,
6045,201700.688,8162480.813,1583.683,,,,,,,,,
6046,201700.701,8162443.284,1583.968,,,,,,,,,
6047,201706.87,8162443.112,1584.294,,,,,,,,,
6048,201713.092,8162443.224,1584.477,,,,,,,,,
6049,201719.269,8162443.023,1584.5,,,,,,,,,
6050,201713.079,8162479.896,1583.98,,,,,,,,,
6051,201713.068,8162480.978,1583.961,,,,,,,,,
6052,201719.277,8162479.733,1584.177,,,,,,,,,
6053,201719.241,8162480.731,1584.174,,,,,,,,,
6054,201719.236,8162517.45,1584.253,,,,,,,,,
6055,201719.246,8162518.274,1584.237,,,,,,,,,
6056,201713.101,8162517.658,1583.972,,,,,,,,,
6057,201713.089,8162518.29,1584.235,,,,,,,,,
6058,201713.069,8162555.913,1583.825,,,,,,,,,
6059,201713.065,8162554.956,1583.83,,,,,,,,,
6060,201719.239,8162554.964,1583.854,,,,,,,,,
6061,201719.225,8162555.833,1583.885,,,,,,,,,
6062,201713.095,8162592.587,1583.398,,,,,,,,,
6063,201719.277,8162592.569,1583.458,,,,,,,,,
6064,201725.458,8162592.576,1583.733,,,,,,,,,
6065,201731.675,8162592.596,1583.994,,,,,,,,,
6066,201737.877,8162592.597,1583.881,,,,,,,,,
6067,201731.654,8162555.894,1584.342,,,,,,,,,
6068,201731.656,8162555.033,1584.353,,,,,,,,,
6069,201725.436,8162555.889,1584.102,,,,,,,,,
6070,201725.445,8162554.994,1584.142,,,,,,,,,
6071,201731.637,8162518.293,1584.682,,,,,,,,,
6072,201731.681,8162517.468,1584.72,,,,,,,,,
6073,201725.442,8162517.631,1584.45,,,,,,,,,
6074,201725.436,8162518.256,1584.46,,,,,,,,,
6075,201731.601,8162480.734,1584.329,,,,,,,,,
6076,201731.591,8162479.807,1584.332,,,,,,,,,
6077,201725.574,8162480.004,1584.241,,,,,,,,,
6078,201725.443,8162480.898,1584.249,,,,,,,,,
6079,201725.45,8162443.206,1584.699,,,,,,,,,
6080,201731.681,8162443.042,1584.88,,,,,,,,,
6081,201737.852,8162443.187,1585.137,,,,,,,,,
6082,201744.065,8162443.059,1585.239,,,,,,,,,
6083,201737.849,8162480.917,1584.538,,,,,,,,,
6084,201737.845,8162479.872,1584.55,,,,,,,,,
6085,201744.015,8162479.805,1584.761,,,,,,,,,
6086,201744.104,8162480.825,1584.737,,,,,,,,,
6087,201744.026,8162517.528,1584.961,,,,,,,,,
6088,201737.894,8162517.656,1584.775,,,,,,,,,
6089,201737.832,8162518.31,1584.785,,,,,,,,,
6090,201737.842,8162555.871,1584.333,,,,,,,,,
6091,201737.837,8162555.022,1584.338,,,,,,,,,
6092,201750.205,8162517.687,1585.202,,,,,,,,,
6093,201756.413,8162517.543,1585.354,,,,,,,,,
6094,201750.245,8162480.966,1584.777,,,,,,,,,
6095,201750.31,8162480.036,1584.775,,,,,,,,,
6096,201756.184,8162479.776,1585.091,,,,,,,,,
6097,201756.317,8162480.846,1585.018,,,,,,,,,
6098,201750.248,8162443.261,1585.165,,,,,,,,,
6099,201756.468,8162443.117,1585.214,,,,,,,,,
6100,201762.649,8162443.151,1585.527,,,,,,,,,
6101,201768.855,8162443.141,1585.662,,,,,,,,,
6102,201768.841,8162479.865,1585.545,,,,,,,,,
6103,201768.792,8162480.69,1585.559,,,,,,,,,
6104,201762.662,8162480.898,1585.28,,,,,,,,,
6105,201762.719,8162479.921,1585.297,,,,,,,,,
6106,201762.623,8162517.584,1585.504,,,,,,,,,
6107,201768.794,8162517.425,1585.461,,,,,,,,,
6108,201775.015,8162517.502,1585.65,,,,,,,,,
6109,201775.023,8162480.756,1585.747,,,,,,,,,
6110,201775.038,8162479.943,1585.722,,,,,,,,,
6111,201775.075,8162443.217,1585.781,,,,,,,,,
6112,201714.077,8162276.135,1587.203,,,,,,,,,
6113,201714.035,8162239.438,1587.41,,,,,,,,,
6114,201714.028,8162238.414,1587.415,,,,,,,,,
6115,201714.073,8162201.728,1587.38,,,,,,,,,
6116,201714.06,8162201.046,1587.379,,,,,,,,,
6117,201714.07,8162164.372,1587.325,,,,,,,,,
6118,201714.07,8162163.1,1587.34,,,,,,,,,
6119,201714.105,8162126.627,1587.946,,,,,,,,,
6120,201714.094,8162125.8,1588.019,,,,,,,,,
6121,201714.061,8162089.007,1588.359,,,,,,,,,
6122,201714.07,8162088.094,1588.372,,,,,,,,,
6123,201714.059,8162051.506,1588.698,,,,,,,,,
6124,201714.04,8162050.8,1588.556,,,,,,,,,
6125,201713.99,8162013.987,1588.703,,,,,,,,,
6126,201714.002,8162013.124,1588.712,,,,,,,,,
6127,201714.082,8161976.389,1589.102,,,,,,,,,
6128,201707.889,8161976.232,1588.949,,,,,,,,,
6129,201701.682,8161976.397,1588.651,,,,,,,,,
6130,201707.87,8162013.014,1588.474,,,,,,,,,
6131,201707.866,8162013.852,1588.462,,,,,,,,,
6132,201701.641,8162013.92,1588.442,,,,,,,,,
6133,201701.655,8162013.204,1588.452,,,,,,,,,
6134,201707.851,8162050.643,1588.534,,,,,,,,,
6135,201707.873,8162051.481,1588.628,,,,,,,,,
6136,201701.683,8162050.68,1588.253,,,,,,,,,
6137,201701.637,8162051.48,1588.503,,,,,,,,,
6138,201707.867,8162088.204,1588.327,,,,,,,,,
6139,201707.89,8162089.002,1588.317,,,,,,,,,
6140,201701.658,8162088.978,1588.222,,,,,,,,,
6141,201701.655,8162088.209,1588.227,,,,,,,,,
6142,201701.708,8162125.773,1587.962,,,,,,,,,
6143,201701.686,8162126.564,1587.818,,,,,,,,,
6144,201707.928,8162126.5,1587.927,,,,,,,,,
6145,201707.934,8162125.76,1588.023,,,,,,,,,
6146,201707.885,8162163.268,1587.285,,,,,,,,,
6147,201707.89,8162164.244,1587.277,,,,,,,,,
6148,201701.64,8162163.265,1587.19,,,,,,,,,
6149,201701.669,8162164.21,1587.182,,,,,,,,,
6150,201707.856,8162200.915,1587.355,,,,,,,,,
6151,201707.885,8162201.616,1587.28,,,,,,,,,
6152,201701.661,8162201.707,1587.231,,,,,,,,,
6153,201701.653,8162200.972,1587.229,,,,,,,,,
6154,201701.663,8162238.364,1587.249,,,,,,,,,
6155,201701.665,8162239.46,1587.245,,,,,,,,,
6156,201707.834,8162238.311,1587.252,,,,,,,,,
6157,201707.818,8162239.337,1587.252,,,,,,,,,
6158,201707.883,8162276.024,1587.193,,,,,,,,,
6159,201701.71,8162276.122,1587.097,,,,,,,,,
6160,201695.5,8162275.966,1587.146,,,,,,,,,
6161,201689.272,8162276.137,1586.808,,,,,,,,,
6162,201689.254,8162239.464,1586.884,,,,,,,,,
6163,201689.27,8162238.392,1586.891,,,,,,,,,
6164,201695.473,8162238.222,1587.019,,,,,,,,,
6165,201695.476,8162239.309,1587.023,,,,,,,,,
6166,201689.286,8162201.724,1587.075,,,,,,,,,
6167,201689.294,8162201.044,1587,,,,,,,,,
6168,201695.485,8162200.891,1587.198,,,,,,,,,
6169,201695.442,8162201.563,1587.23,,,,,,,,,
6170,201689.23,8162164.29,1587.138,,,,,,,,,
6171,201689.229,8162163.194,1587.165,,,,,,,,,
6172,201695.47,8162163.212,1587.119,,,,,,,,,
6173,201695.473,8162164.176,1587.115,,,,,,,,,
6174,201689.258,8162126.633,1588.134,,,,,,,,,
6175,201689.255,8162125.793,1588.326,,,,,,,,,
6176,201695.489,8162126.471,1587.973,,,,,,,,,
6177,201695.534,8162125.8,1588.05,,,,,,,,,
6178,201695.475,8162088.226,1588.233,,,,,,,,,
6179,201695.483,8162089.127,1588.225,,,,,,,,,
6180,201689.251,8162089.073,1588.216,,,,,,,,,
6181,201689.247,8162088.174,1588.209,,,,,,,,,
6182,201689.246,8162051.494,1588.114,,,,,,,,,
6183,201689.316,8162050.826,1588.224,,,,,,,,,
6184,201695.457,8162050.63,1588.213,,,,,,,,,
6185,201695.446,8162051.503,1588.439,,,,,,,,,
6186,201689.234,8162014.085,1588.051,,,,,,,,,
6187,201689.231,8162013.103,1588.053,,,,,,,,,
6188,201695.469,8162013.018,1588.443,,,,,,,,,
6189,201695.474,8162013.907,1588.436,,,,,,,,,
6190,201695.475,8161976.349,1588.68,,,,,,,,,
6191,201689.279,8161976.422,1588.621,,,,,,,,,
6192,201683.1,8161976.254,1588.429,,,,,,,,,
6193,201676.884,8161976.361,1588.298,,,,,,,,,
6194,201683.036,8162012.964,1587.886,,,,,,,,,
6195,201683.045,8162013.933,1587.881,,,,,,,,,
6196,201676.874,8162013.994,1587.732,,,,,,,,,
6197,201676.868,8162013.026,1587.738,,,,,,,,,
6198,201676.895,8162050.77,1588.184,,,,,,,,,
6199,201676.821,8162051.511,1587.96,,,,,,,,,
6200,201683.061,8162051.47,1588.035,,,,,,,,,
6201,201683.099,8162050.663,1588.109,,,,,,,,,
6202,201683.059,8162088.225,1588.225,,,,,,,,,
6203,201683.054,8162089.081,1588.229,,,,,,,,,
6204,201676.845,8162089.188,1588.061,,,,,,,,,
6205,201676.841,8162088.199,1588.05,,,,,,,,,
6206,201676.879,8162125.927,1588.456,,,,,,,,,
6207,201676.883,8162126.644,1588.381,,,,,,,,,
6208,201683.059,8162125.776,1588.434,,,,,,,,,
6209,201683.048,8162126.538,1588.301,,,,,,,,,
6210,201683.062,8162163.235,1587.003,,,,,,,,,
6211,201683.058,8162164.211,1586.99,,,,,,,,,
6212,201676.846,8162163.272,1587.106,,,,,,,,,
6213,201676.846,8162164.375,1587.083,,,,,,,,,
6214,201683.104,8162200.933,1586.957,,,,,,,,,
6215,201683.062,8162201.607,1587.06,,,,,,,,,
6216,201676.849,8162201.039,1586.941,,,,,,,,,
6217,201676.84,8162201.729,1587.075,,,,,,,,,
6218,201676.859,8162238.377,1586.555,,,,,,,,,
6219,201676.849,8162239.48,1586.547,,,,,,,,,
6220,201683.059,8162239.342,1586.742,,,,,,,,,
6221,201683.057,8162238.288,1586.746,,,,,,,,,
6222,201683.062,8162276.005,1586.519,,,,,,,,,
6223,201676.841,8162276.134,1586.409,,,,,,,,,
6224,201670.66,8162275.938,1586.133,,,,,,,,,
6225,201664.495,8162276.124,1585.957,,,,,,,,,
6226,201664.462,8162239.438,1586.234,,,,,,,,,
6227,201664.471,8162238.405,1586.253,,,,,,,,,
6228,201670.684,8162238.184,1586.458,,,,,,,,,
6229,201670.681,8162239.29,1586.443,,,,,,,,,
6230,201664.48,8162201.709,1586.973,,,,,,,,,
6231,201664.504,8162201.068,1586.882,,,,,,,,,
6232,201670.641,8162200.903,1586.999,,,,,,,,,
6233,201670.634,8162201.528,1586.955,,,,,,,,,
6234,201670.653,8162163.191,1587.043,,,,,,,,,
6235,201670.664,8162164.257,1587.021,,,,,,,,,
6236,201664.459,8162164.331,1587.163,,,,,,,,,
6237,201664.465,8162163.254,1587.196,,,,,,,,,
6238,201670.679,8162126.489,1588.296,,,,,,,,,
6239,201670.693,8162125.813,1588.495,,,,,,,,,
6240,201664.508,8162126.671,1588.607,,,,,,,,,
6241,201664.497,8162125.913,1588.753,,,,,,,,,
6242,201664.483,8162089.169,1588.079,,,,,,,,,
6243,201664.47,8162088.094,1588.059,,,,,,,,,
6244,201670.693,8162088.089,1588.123,,,,,,,,,
6245,201670.697,8162089.106,1588.131,,,,,,,,,
6246,201670.666,8162051.386,1588.075,,,,,,,,,
6247,201670.697,8162050.683,1588.038,,,,,,,,,
6248,201664.486,8162051.492,1587.892,,,,,,,,,
6249,201664.494,8162050.782,1588.057,,,,,,,,,
6250,201664.482,8162014.166,1587.576,,,,,,,,,
6251,201664.471,8162013.008,1587.589,,,,,,,,,
6252,201670.655,8162012.919,1587.625,,,,,,,,,
6253,201670.661,8162013.939,1587.623,,,,,,,,,
6254,201670.687,8161976.271,1588.176,,,,,,,,,
6255,201664.483,8161976.375,1588.013,,,,,,,,,
6256,201658.266,8161976.224,1588.008,,,,,,,,,
6257,201652.067,8161976.421,1588.023,,,,,,,,,
6258,201658.239,8162012.901,1587.574,,,,,,,,,
6259,201658.256,8162013.972,1587.569,,,,,,,,,
6260,201652.077,8162014.119,1587.506,,,,,,,,,
6261,201652.069,8162013.121,1587.511,,,,,,,,,
6262,201658.28,8162050.641,1587.815,,,,,,,,,
6263,201658.289,8162051.339,1587.787,,,,,,,,,
6264,201652.072,8162051.473,1587.507,,,,,,,,,
6265,201652.085,8162050.838,1587.69,,,,,,,,,
6266,201652.063,8162088.093,1588.041,,,,,,,,,
6267,201652.065,8162089.006,1588.06,,,,,,,,,
6268,201658.272,8162088.056,1588.022,,,,,,,,,
6269,201658.273,8162089.062,1588.035,,,,,,,,,
6270,201658.28,8162125.756,1588.701,,,,,,,,,
6271,201658.283,8162126.556,1588.661,,,,,,,,,
6272,201652.099,8162125.755,1588.574,,,,,,,,,
6273,201652.067,8162126.654,1588.796,,,,,,,,,
6274,201652.076,8162163.313,1587.35,,,,,,,,,
6275,201652.067,8162164.292,1587.311,,,,,,,,,
6276,201658.239,8162164.186,1587.364,,,,,,,,,
6277,201658.237,8162163.22,1587.386,,,,,,,,,
6278,201658.287,8162200.956,1586.891,,,,,,,,,
6279,201658.284,8162201.59,1586.743,,,,,,,,,
6280,201652.079,8162201.036,1586.492,,,,,,,,,
6281,201652.112,8162201.696,1586.755,,,,,,,,,
6282,201652.089,8162238.37,1586.054,,,,,,,,,
6283,201652.078,8162239.426,1586.034,,,,,,,,,
6284,201658.303,8162238.311,1586.372,,,,,,,,,
6285,201658.291,8162239.285,1586.363,,,,,,,,,
6286,201658.286,8162276.006,1586.051,,,,,,,,,
6287,201652.164,8162276.105,1585.641,,,,,,,,,
6288,201645.95,8162276.003,1585.564,,,,,,,,,
6289,201639.717,8162276.177,1585.514,,,,,,,,,
6290,201639.675,8162239.479,1585.908,,,,,,,,,
6291,201639.679,8162238.429,1585.926,,,,,,,,,
6292,201645.905,8162238.274,1586.03,,,,,,,,,
6293,201645.906,8162239.326,1586.015,,,,,,,,,
6294,201639.627,8162201.764,1586.628,,,,,,,,,
6295,201639.665,8162201.026,1586.351,,,,,,,,,
6296,201645.889,8162200.834,1586.483,,,,,,,,,
6297,201645.889,8162201.598,1586.632,,,,,,,,,
6298,201639.699,8162164.273,1587.447,,,,,,,,,
6299,201639.712,8162163.277,1587.482,,,,,,,,,
6300,201645.858,8162163.178,1587.342,,,,,,,,,
6301,201645.853,8162164.092,1587.306,,,,,,,,,
6302,201639.702,8162125.752,1588.793,,,,,,,,,
6303,201639.708,8162126.659,1589.038,,,,,,,,,
6304,201645.873,8162126.47,1588.922,,,,,,,,,
6305,201645.896,8162125.762,1588.643,,,,,,,,,
6306,201639.678,8162089.021,1588.12,,,,,,,,,
6307,201639.672,8162088.12,1588.097,,,,,,,,,
6308,201645.861,8162088.212,1588.092,,,,,,,,,
6309,201645.868,8162089.055,1588.1,,,,,,,,,
6310,201639.649,8162051.481,1587.413,,,,,,,,,
6311,201639.679,8162050.789,1587.657,,,,,,,,,
6312,201645.881,8162050.649,1587.667,,,,,,,,,
6313,201645.864,8162051.48,1587.561,,,,,,,,,
6314,201639.69,8162014.157,1587.021,,,,,,,,,
6315,201639.693,8162013.044,1587.021,,,,,,,,,
6316,201645.868,8162012.948,1587.245,,,,,,,,,
6317,201645.867,8162013.905,1587.25,,,,,,,,,
6318,201645.859,8161976.224,1587.665,,,,,,,,,
6319,201639.679,8161976.377,1587.463,,,,,,,,,
6320,201633.476,8161976.275,1587.464,,,,,,,,,
6321,201627.221,8161976.406,1587.242,,,,,,,,,
6322,201633.474,8162013.018,1587.056,,,,,,,,,
6323,201633.478,8162013.92,1587.059,,,,,,,,,
6324,201627.277,8162014.031,1586.87,,,,,,,,,
6325,201627.277,8162013.054,1586.871,,,,,,,,,
6326,201627.265,8162050.813,1587.596,,,,,,,,,
6327,201627.289,8162051.418,1587.36,,,,,,,,,
6328,201633.459,8162050.688,1587.461,,,,,,,,,
6329,201633.495,8162051.476,1587.398,,,,,,,,,
6330,201633.507,8162088.223,1588.106,,,,,,,,,
6331,201633.504,8162088.999,1588.132,,,,,,,,,
6332,201627.297,8162089.095,1588.095,,,,,,,,,
6333,201627.291,8162088.073,1588.081,,,,,,,,,
6334,201627.274,8162125.825,1588.858,,,,,,,,,
6335,201627.305,8162126.62,1588.79,,,,,,,,,
6336,201633.54,8162125.76,1588.847,,,,,,,,,
6337,201633.52,8162126.501,1589.111,,,,,,,,,
6338,201633.506,8162163.209,1587.36,,,,,,,,,
6339,201633.509,8162164.172,1587.317,,,,,,,,,
6340,201627.317,8162164.325,1587.455,,,,,,,,,
6341,201627.327,8162163.277,1587.5,,,,,,,,,
6342,201633.473,8162200.866,1586.013,,,,,,,,,
6343,201633.446,8162201.558,1586.372,,,,,,,,,
6344,201627.306,8162200.993,1585.728,,,,,,,,,
6345,201627.325,8162201.667,1585.947,,,,,,,,,
6346,201627.312,8162239.285,1585.373,,,,,,,,,
6347,201633.512,8162238.253,1585.754,,,,,,,,,
6348,201633.5,8162239.283,1585.742,,,,,,,,,
6349,201633.518,8162275.979,1585.573,,,,,,,,,
6350,201621.126,8162239.17,1585.281,,,,,,,,,
6351,201614.903,8162239.223,1585.239,,,,,,,,,
6352,201614.915,8162220.076,1585.294,,,,,,,,,
6353,201614.908,8162220.859,1585.29,,,,,,,,,
6354,201621.089,8162219.869,1585.688,,,,,,,,,
6355,201621.094,8162220.856,1585.686,,,,,,,,,
6356,201621.116,8162200.857,1585.43,,,,,,,,,
6357,201621.122,8162201.547,1585.567,,,,,,,,,
6358,201614.914,8162201.718,1585.347,,,,,,,,,
6359,201614.878,8162200.962,1585.226,,,,,,,,,
6360,201614.878,8162164.333,1587.286,,,,,,,,,
6361,201614.897,8162163.277,1587.341,,,,,,,,,
6362,201621.06,8162163.243,1587.308,,,,,,,,,
6363,201621.023,8162164.181,1587.28,,,,,,,,,
6364,201621.129,8162126.492,1588.748,,,,,,,,,
6365,201621.076,8162125.832,1588.555,,,,,,,,,
6366,201614.9,8162126.601,1588.434,,,,,,,,,
6367,201614.888,8162125.88,1588.551,,,,,,,,,
6368,201614.94,8162089.175,1587.796,,,,,,,,,
6369,201614.946,8162088.153,1587.812,,,,,,,,,
6370,201621.044,8162088.121,1587.93,,,,,,,,,
6371,201621.051,8162089.07,1587.976,,,,,,,,,
6372,201621.106,8162051.389,1587.15,,,,,,,,,
6373,201621.059,8162050.668,1587.392,,,,,,,,,
6374,201614.935,8162051.48,1587.187,,,,,,,,,
6375,201614.887,8162050.774,1587.356,,,,,,,,,
6376,201615.045,8162014.147,1586.829,,,,,,,,,
6377,201614.931,8162013.041,1586.89,,,,,,,,,
6378,201621.028,8162012.995,1586.935,,,,,,,,,
6379,201621.087,8162013.931,1586.95,,,,,,,,,
6380,201621.028,8161976.229,1587.335,,,,,,,,,
6381,201614.845,8161976.349,1587.196,,,,,,,,,
6382,201608.663,8161976.248,1587.225,,,,,,,,,
6383,201602.48,8161976.411,1586.792,,,,,,,,,
6384,201602.504,8162013.072,1586.409,,,,,,,,,
6385,201602.504,8162014.109,1586.402,,,,,,,,,
6386,201608.637,8162013.012,1586.775,,,,,,,,,
6387,201608.698,8162013.94,1586.786,,,,,,,,,
6388,201608.688,8162050.681,1587.276,,,,,,,,,
6389,201608.71,8162051.284,1587.053,,,,,,,,,
6390,201602.47,8162051.47,1587.032,,,,,,,,,
6391,201602.466,8162050.832,1587.269,,,,,,,,,
6392,201602.487,8162088.134,1587.417,,,,,,,,,
6393,201602.494,8162089.141,1587.43,,,,,,,,,
6394,201608.638,8162089.038,1587.54,,,,,,,,,
6395,201608.664,8162088.025,1587.505,,,,,,,,,
6396,201608.7,8162126.532,1588.29,,,,,,,,,
6397,201608.707,8162125.729,1588.47,,,,,,,,,
6398,201602.531,8162125.924,1588.216,,,,,,,,,
6399,201602.524,8162126.642,1588.088,,,,,,,,,
6400,201602.579,8162164.34,1586.853,,,,,,,,,
6401,201602.522,8162163.339,1586.919,,,,,,,,,
6402,201608.659,8162164.262,1587.04,,,,,,,,,
6403,201608.668,8162163.307,1587.09,,,,,,,,,
6404,201602.507,8162201.011,1584.834,,,,,,,,,
6405,201602.521,8162201.799,1585.089,,,,,,,,,
6406,201608.692,8162200.893,1585.06,,,,,,,,,
6407,201608.677,8162201.7,1585.254,,,,,,,,,
6408,201608.696,8162220.049,1585.106,,,,,,,,,
6409,201608.699,8162220.892,1585.113,,,,,,,,,
6410,201608.705,8162241.493,1584.919,,,,,,,,,
6411,201602.512,8162238.474,1584.797,,,,,,,,,
6412,201602.539,8162239.4,1584.853,,,,,,,,,
6413,201602.482,8162276.242,1585.807,,,,,,,,,
6414,201596.267,8162276.017,1585.535,,,,,,,,,
6415,201590.09,8162276.16,1585.506,,,,,,,,,
6416,201590.106,8162239.43,1584.66,,,,,,,,,
6417,201590.111,8162238.384,1584.653,,,,,,,,,
6418,201596.31,8162238.273,1584.754,,,,,,,,,
6419,201596.321,8162239.35,1584.76,,,,,,,,,
6420,201590.116,8162200.961,1584.578,,,,,,,,,
6421,201590.124,8162201.731,1584.817,,,,,,,,,
6422,201596.314,8162200.719,1584.799,,,,,,,,,
6423,201596.332,8162201.593,1585.055,,,,,,,,,
6424,201596.31,8162164.037,1586.932,,,,,,,,,
6425,201596.297,8162163.121,1586.977,,,,,,,,,
6426,201590.102,8162163.271,1586.556,,,,,,,,,
6427,201590.082,8162164.261,1586.522,,,,,,,,,
6428,201590.116,8162126.6,1587.923,,,,,,,,,
6429,201590.119,8162125.868,1587.867,,,,,,,,,
6430,201596.322,8162126.354,1588.032,,,,,,,,,
6431,201596.332,8162125.766,1588.061,,,,,,,,,
6432,201590.104,8162089.151,1587.362,,,,,,,,,
6433,201590.154,8162088.211,1587.39,,,,,,,,,
6434,201596.195,8162087.99,1587.374,,,,,,,,,
6435,201596.276,8162089.033,1587.398,,,,,,,,,
6436,201596.291,8162051.329,1587.272,,,,,,,,,
6437,201596.25,8162050.705,1587.263,,,,,,,,,
6438,201590.094,8162050.767,1587.212,,,,,,,,,
6439,201590.121,8162051.446,1587.207,,,,,,,,,
6440,201590.083,8162014.059,1586.217,,,,,,,,,
6441,201590.109,8162013.005,1586.226,,,,,,,,,
6442,201596.329,8162012.974,1586.553,,,,,,,,,
6443,201596.334,8162014.036,1586.562,,,,,,,,,
6444,201596.274,8161976.254,1586.838,,,,,,,,,
6445,201590.092,8161976.354,1586.685,,,,,,,,,
6446,201583.905,8161976.211,1586.451,,,,,,,,,
6447,201577.7,8161976.339,1586.619,,,,,,,,,
6448,201577.672,8162012.983,1586.127,,,,,,,,,
6449,201577.674,8162014.144,1586.123,,,,,,,,,
6450,201583.86,8162012.894,1586.157,,,,,,,,,
6451,201583.886,8162014.014,1586.159,,,,,,,,,
6452,201577.686,8162050.745,1586.827,,,,,,,,,
6453,201577.724,8162051.466,1586.723,,,,,,,,,
6454,201583.912,8162051.34,1586.878,,,,,,,,,
6455,201583.911,8162050.641,1586.932,,,,,,,,,
6456,201577.672,8162088.125,1587.26,,,,,,,,,
6457,201577.682,8162089.158,1587.283,,,,,,,,,
6458,201583.872,8162088.094,1587.329,,,,,,,,,
6459,201583.9,8162089.094,1587.34,,,,,,,,,
6460,201577.712,8162125.902,1587.822,,,,,,,,,
6461,201577.725,8162126.663,1587.583,,,,,,,,,
6462,201583.919,8162126.472,1587.741,,,,,,,,,
6463,201583.929,8162125.797,1587.944,,,,,,,,,
6464,201583.718,8162163.027,1586.274,,,,,,,,,
6465,201583.835,8162164.169,1586.267,,,,,,,,,
6466,201577.74,8162164.308,1586.045,,,,,,,,,
6467,201577.692,8162163.319,1586.092,,,,,,,,,
6468,201577.699,8162201.028,1584.44,,,,,,,,,
6469,201577.703,8162201.715,1584.492,,,,,,,,,
6470,201583.924,8162201.592,1584.584,,,,,,,,,
6471,201583.872,8162200.877,1584.526,,,,,,,,,
6472,201577.857,8162238.578,1584.448,,,,,,,,,
6473,201577.689,8162239.353,1584.431,,,,,,,,,
6474,201583.904,8162239.362,1584.644,,,,,,,,,
6475,201583.903,8162238.279,1584.626,,,,,,,,,
6476,201577.737,8162276.189,1585.404,,,,,,,,,
6477,201583.814,8162276.029,1585.428,,,,,,,,,
6478,201571.537,8162275.955,1585.468,,,,,,,,,
6479,201565.34,8162276.152,1585.463,,,,,,,,,
6480,201565.299,8162239.46,1584.174,,,,,,,,,
6481,201565.281,8162238.398,1584.125,,,,,,,,,
6482,201571.488,8162238.262,1584.387,,,,,,,,,
6483,201571.438,8162239.234,1584.411,,,,,,,,,
6484,201565.325,8162201.688,1584.431,,,,,,,,,
6485,201565.334,8162201.026,1584.294,,,,,,,,,
6486,201571.514,8162200.869,1584.401,,,,,,,,,
6487,201571.483,8162201.534,1584.384,,,,,,,,,
6488,201565.41,8162164.299,1585.485,,,,,,,,,
6489,201565.339,8162163.341,1585.529,,,,,,,,,
6490,201571.454,8162163.179,1585.753,,,,,,,,,
6491,201571.494,8162164.198,1585.71,,,,,,,,,
6492,201565.326,8162126.629,1587.097,,,,,,,,,
6493,201565.295,8162125.889,1587.358,,,,,,,,,
6494,201571.519,8162126.445,1587.329,,,,,,,,,
6495,201571.514,8162125.78,1587.615,,,,,,,,,
6496,201565.385,8162089.139,1586.786,,,,,,,,,
6497,201565.316,8162088.168,1586.803,,,,,,,,,
6498,201571.473,8162088.136,1587.014,,,,,,,,,
6499,201571.436,8162088.974,1587.056,,,,,,,,,
6500,201565.345,8162051.453,1586.664,,,,,,,,,
6501,201565.325,8162050.782,1586.665,,,,,,,,,
6502,201571.433,8162051.306,1586.911,,,,,,,,,
6503,201571.487,8162050.662,1586.959,,,,,,,,,
6504,201565.341,8162014.18,1585.651,,,,,,,,,
6505,201565.31,8162013.056,1585.646,,,,,,,,,
6506,201571.354,8162012.987,1585.705,,,,,,,,,
6507,201571.402,8162013.754,1585.824,,,,,,,,,
6508,201571.022,8161976.209,1586.308,,,,,,,,,
6509,201565.385,8161976.376,1586.534,,,,,,,,,
6510,201559.182,8161976.229,1586.248,,,,,,,,,
6511,201552.896,8161976.335,1586.187,,,,,,,,,
6512,201553.04,8162013.047,1585.571,,,,,,,,,
6513,201552.889,8162014.096,1585.606,,,,,,,,,
6514,201559.111,8162012.963,1585.434,,,,,,,,,
6515,201559.085,8162013.918,1585.475,,,,,,,,,
6516,201552.962,8162050.795,1586.404,,,,,,,,,
6517,201552.928,8162051.469,1586.565,,,,,,,,,
6518,201558.993,8162050.665,1586.563,,,,,,,,,
6519,201559.114,8162051.322,1586.68,,,,,,,,,
6520,201559.108,8162088.149,1586.743,,,,,,,,,
6521,201559.023,8162089.033,1586.782,,,,,,,,,
6522,201552.875,8162089.178,1586.7,,,,,,,,,
6523,201552.884,8162088.15,1586.705,,,,,,,,,
6524,201552.913,8162126.667,1586.843,,,,,,,,,
6525,201552.923,8162125.914,1586.981,,,,,,,,,
6526,201559.024,8162125.796,1587.094,,,,,,,,,
6527,201559.056,8162126.405,1587.012,,,,,,,,,
6528,201559.098,8162163.215,1585.37,,,,,,,,,
6529,201559.083,8162164.251,1585.341,,,,,,,,,
6530,201552.887,8162164.318,1585.257,,,,,,,,,
6531,201552.883,8162163.383,1585.292,,,,,,,,,
6532,201552.976,8162201.094,1584.138,,,,,,,,,
6533,201552.935,8162201.711,1584.102,,,,,,,,,
6534,201559.002,8162200.994,1584.132,,,,,,,,,
6535,201559.134,8162201.524,1584.412,,,,,,,,,
6536,201552.971,8162238.465,1583.722,,,,,,,,,
6537,201552.911,8162239.441,1583.741,,,,,,,,,
6538,201559.086,8162238.219,1583.929,,,,,,,,,
6539,201559.067,8162239.291,1583.952,,,,,,,,,
6540,201559.132,8162275.94,1585.531,,,,,,,,,
6541,201552.918,8162276.103,1585.508,,,,,,,,,
6542,201546.746,8162276.017,1585.296,,,,,,,,,
6543,201540.542,8162276.044,1585.275,,,,,,,,,
6544,201540.579,8162239.419,1583.565,,,,,,,,,
6545,201540.497,8162238.391,1583.468,,,,,,,,,
6546,201546.686,8162238.3,1583.63,,,,,,,,,
6547,201546.721,8162239.377,1583.618,,,,,,,,,
6548,201540.533,8162201.658,1583.776,,,,,,,,,
6549,201540.527,8162200.998,1583.992,,,,,,,,,
6550,201546.748,8162201.596,1583.835,,,,,,,,,
6551,201546.734,8162200.913,1584.069,,,,,,,,,
6552,201540.586,8162164.304,1584.949,,,,,,,,,
6553,201540.498,8162163.259,1584.98,,,,,,,,,
6554,201546.72,8162163.257,1585.11,,,,,,,,,
6555,201546.722,8162164.284,1585.069,,,,,,,,,
6556,201540.563,8162126.603,1586.315,,,,,,,,,
6557,201540.59,8162125.863,1586.43,,,,,,,,,
6558,201546.711,8162126.476,1586.519,,,,,,,,,
6559,201546.747,8162125.783,1586.743,,,,,,,,,
6560,201540.572,8162089.123,1586.477,,,,,,,,,
6561,201540.598,8162088.303,1586.54,,,,,,,,,
6562,201546.684,8162089.06,1586.678,,,,,,,,,
6563,201546.705,8162088.103,1586.678,,,,,,,,,
6564,201540.551,8162050.812,1585.934,,,,,,,,,
6565,201540.549,8162051.34,1586.201,,,,,,,,,
6566,201546.711,8162051.346,1586.317,,,,,,,,,
6567,201546.748,8162050.659,1586.186,,,,,,,,,
6568,201540.602,8162014.068,1585.524,,,,,,,,,
6569,201540.534,8162013.088,1585.549,,,,,,,,,
6570,201546.693,8162012.983,1585.527,,,,,,,,,
6571,201546.704,8162013.994,1585.529,,,,,,,,,
6572,201546.73,8161976.225,1586.094,,,,,,,,,
6573,201540.513,8161976.371,1586.03,,,,,,,,,
6574,201534.333,8161976.212,1585.743,,,,,,,,,
6575,201528.134,8161976.317,1585.556,,,,,,,,,
6576,201528.219,8162012.981,1585.374,,,,,,,,,
6577,201528.167,8162013.95,1585.374,,,,,,,,,
6578,201534.335,8162013.933,1585.457,,,,,,,,,
6579,201534.304,8162012.98,1585.47,,,,,,,,,
6580,201528.113,8162051.499,1585.61,,,,,,,,,
6581,201528.114,8162050.736,1585.446,,,,,,,,,
6582,201534.348,8162050.637,1585.636,,,,,,,,,
6583,201534.333,8162051.371,1585.902,,,,,,,,,
6584,201528.124,8162088.051,1586.066,,,,,,,,,
6585,201528.119,8162089.212,1586.076,,,,,,,,,
6586,201534.273,8162088.07,1586.404,,,,,,,,,
6587,201534.243,8162089.071,1586.404,,,,,,,,,
6588,201534.347,8162125.818,1586.223,,,,,,,,,
6589,201534.339,8162126.407,1586.128,,,,,,,,,
6590,201528.182,8162126.578,1585.806,,,,,,,,,
6591,201528.16,8162125.932,1586.014,,,,,,,,,
6592,201528.182,8162163.386,1584.746,,,,,,,,,
6593,201528.147,8162164.06,1584.743,,,,,,,,,
6594,201534.275,8162164.185,1584.774,,,,,,,,,
6595,201534.297,8162163.114,1584.791,,,,,,,,,
6596,201528.112,8162200.821,1583.657,,,,,,,,,
6597,201528.155,8162201.697,1583.936,,,,,,,,,
6598,201534.345,8162200.889,1583.827,,,,,,,,,
6599,201534.33,8162201.513,1583.722,,,,,,,,,
6600,201528.101,8162238.409,1583.149,,,,,,,,,
6601,201528.12,8162239.362,1583.162,,,,,,,,,
6602,201534.258,8162238.237,1583.432,,,,,,,,,
6603,201534.185,8162239.155,1583.404,,,,,,,,,
6604,201534.311,8162275.939,1585.078,,,,,,,,,
6605,201528.147,8162276.071,1584.961,,,,,,,,,
6606,201521.944,8162275.95,1584.734,,,,,,,,,
6607,201515.767,8162276.194,1584.638,,,,,,,,,
6608,201515.774,8162239.439,1583.064,,,,,,,,,
6609,201515.733,8162238.39,1582.998,,,,,,,,,
6610,201521.903,8162238.27,1583.09,,,,,,,,,
6611,201521.924,8162239.229,1583.08,,,,,,,,,
6612,201515.767,8162201.683,1583.656,,,,,,,,,
6613,201515.698,8162200.857,1583.74,,,,,,,,,
6614,201521.984,8162201.543,1583.788,,,,,,,,,
6615,201521.909,8162200.955,1583.696,,,,,,,,,
6616,201515.779,8162164.09,1584.708,,,,,,,,,
6617,201515.739,8162163.276,1584.755,,,,,,,,,
6618,201521.935,8162163.337,1584.721,,,,,,,,,
6619,201521.932,8162164.164,1584.694,,,,,,,,,
6620,201515.806,8162126.605,1585.657,,,,,,,,,
6621,201515.738,8162125.932,1585.737,,,,,,,,,
6622,201521.95,8162125.812,1585.847,,,,,,,,,
6623,201521.924,8162126.567,1585.761,,,,,,,,,
6624,201515.79,8162089.243,1585.757,,,,,,,,,
6625,201515.745,8162088.242,1585.742,,,,,,,,,
6626,201521.839,8162088.098,1585.857,,,,,,,,,
6627,201521.855,8162089.038,1585.897,,,,,,,,,
6628,201515.809,8162051.475,1585.002,,,,,,,,,
6629,201515.742,8162050.872,1584.839,,,,,,,,,
6630,201521.873,8162050.64,1585.136,,,,,,,,,
6631,201521.873,8162051.304,1585.217,,,,,,,,,
6632,201515.741,8162014.049,1585.237,,,,,,,,,
6633,201515.734,8162013.155,1585.254,,,,,,,,,
6634,201521.937,8162012.976,1585.321,,,,,,,,,
6635,201521.895,8162013.927,1585.34,,,,,,,,,
6636,201521.906,8161976.24,1585.31,,,,,,,,,
6637,201515.737,8161976.407,1585.223,,,,,,,,,
6638,201509.555,8161976.235,1584.864,,,,,,,,,
6639,201503.405,8161976.361,1584.826,,,,,,,,,
6640,201503.648,8162013.078,1584.905,,,,,,,,,
6641,201503.383,8162014.032,1585.058,,,,,,,,,
6642,201509.489,8162012.97,1585.123,,,,,,,,,
6643,201509.517,8162013.958,1585.142,,,,,,,,,
6644,201503.324,8162051.458,1584.606,,,,,,,,,
6645,201503.363,8162050.804,1584.756,,,,,,,,,
6646,201509.474,8162050.716,1584.645,,,,,,,,,
6647,201509.56,8162051.195,1584.748,,,,,,,,,
6648,201509.5,8162088,1585.479,,,,,,,,,
6649,201509.467,8162088.925,1585.526,,,,,,,,,
6650,201503.373,8162089.106,1585.248,,,,,,,,,
6651,201503.335,8162088.163,1585.255,,,,,,,,,
6652,201503.379,8162125.884,1585.286,,,,,,,,,
6653,201503.349,8162126.625,1585.523,,,,,,,,,
6654,201509.536,8162125.727,1585.538,,,,,,,,,
6655,201509.529,8162126.564,1585.568,,,,,,,,,
6656,201503.329,8162164.133,1584.479,,,,,,,,,
6657,201503.328,8162162.99,1584.51,,,,,,,,,
6658,201509.522,8162163.301,1584.585,,,,,,,,,
6659,201509.504,8162164.155,1584.589,,,,,,,,,
6660,201503.341,8162200.862,1583.438,,,,,,,,,
6661,201503.33,8162201.69,1583.336,,,,,,,,,
6662,201509.437,8162200.878,1583.53,,,,,,,,,
6663,201509.544,8162201.534,1583.667,,,,,,,,,
6664,201509.497,8162238.245,1582.867,,,,,,,,,
6665,201509.51,8162239.322,1582.869,,,,,,,,,
6666,201503.379,8162239.336,1582.966,,,,,,,,,
6667,201503.341,8162238.357,1582.901,,,,,,,,,
6668,201503.342,8162276.084,1584.396,,,,,,,,,
6669,201509.536,8162275.94,1584.694,,,,,,,,,
6670,201497.152,8162276.01,1584.098,,,,,,,,,
6671,201490.909,8162276.126,1583.547,,,,,,,,,
6672,201490.931,8162239.464,1582.694,,,,,,,,,
6673,201490.941,8162238.393,1582.634,,,,,,,,,
6674,201497.125,8162238.267,1582.981,,,,,,,,,
6675,201497.136,8162239.339,1582.964,,,,,,,,,
6676,201490.97,8162201.658,1583.004,,,,,,,,,
6677,201490.917,8162200.956,1583.003,,,,,,,,,
6678,201497.125,8162201.569,1583.087,,,,,,,,,
6679,201497.136,8162200.923,1583.392,,,,,,,,,
6680,201490.914,8162164.225,1584.413,,,,,,,,,
6681,201490.908,8162163.27,1584.435,,,,,,,,,
6682,201497.127,8162163.379,1584.367,,,,,,,,,
6683,201497.095,8162164.119,1584.376,,,,,,,,,
6684,201490.939,8162125.934,1584.9,,,,,,,,,
6685,201490.944,8162126.577,1584.982,,,,,,,,,
6686,201497.107,8162125.814,1585.236,,,,,,,,,
6687,201497.127,8162126.685,1585.309,,,,,,,,,
6688,201490.918,8162089.142,1584.729,,,,,,,,,
6689,201490.925,8162088.237,1584.734,,,,,,,,,
6690,201497.133,8162088.093,1585.078,,,,,,,,,
6691,201497.114,8162089.071,1585.086,,,,,,,,,
6692,201490.92,8162051.511,1584.36,,,,,,,,,
6693,201490.987,8162050.645,1584.646,,,,,,,,,
6694,201497.085,8162051.319,1584.533,,,,,,,,,
6695,201497.137,8162050.646,1584.732,,,,,,,,,
6696,201490.927,8162013.889,1584.611,,,,,,,,,
6697,201490.926,8162013.103,1584.603,,,,,,,,,
6698,201497.134,8162013.931,1584.946,,,,,,,,,
6699,201497.097,8162012.906,1584.965,,,,,,,,,
6700,201497.122,8161976.169,1584.68,,,,,,,,,
6701,201490.992,8161976.314,1584.569,,,,,,,,,
6702,201484.733,8161976.394,1584.347,,,,,,,,,
6703,201478.585,8161976.318,1584.53,,,,,,,,,
6704,201478.551,8162013.039,1584.498,,,,,,,,,
6705,201478.545,8162014.112,1584.484,,,,,,,,,
6706,201484.745,8162013.153,1584.437,,,,,,,,,
6707,201484.725,8162013.977,1584.452,,,,,,,,,
6708,201478.611,8162051.474,1584.13,,,,,,,,,
6709,201478.554,8162050.747,1584.24,,,,,,,,,
6710,201484.658,8162051.26,1584.251,,,,,,,,,
6711,201484.774,8162050.679,1584.543,,,,,,,,,
6712,201478.524,8162088.228,1584.126,,,,,,,,,
6713,201478.563,8162089.144,1584.138,,,,,,,,,
6714,201484.764,8162088.112,1584.35,,,,,,,,,
6715,201484.762,8162089.062,1584.36,,,,,,,,,
6716,201478.573,8162125.889,1584.832,,,,,,,,,
6717,201478.561,8162126.553,1584.809,,,,,,,,,
6718,201484.677,8162125.773,1584.831,,,,,,,,,
6719,201484.74,8162126.531,1584.731,,,,,,,,,
6720,201484.746,8162163.264,1584.369,,,,,,,,,
6721,201484.711,8162164.22,1584.357,,,,,,,,,
6722,201478.615,8162164.252,1584.266,,,,,,,,,
6723,201478.538,8162163.25,1584.315,,,,,,,,,
6724,201478.647,8162200.979,1582.811,,,,,,,,,
6725,201478.578,8162201.699,1582.905,,,,,,,,,
6726,201484.711,8162200.929,1582.903,,,,,,,,,
6727,201484.751,8162201.527,1582.785,,,,,,,,,
6728,201484.751,8162238.19,1582.458,,,,,,,,,
6729,201484.733,8162239.295,1582.464,,,,,,,,,
6730,201478.554,8162239.445,1582.342,,,,,,,,,
6731,201478.529,8162238.4,1582.323,,,,,,,,,
6732,201478.532,8162276.129,1582.875,,,,,,,,,
6733,201484.714,8162275.953,1583.147,,,,,,,,,
6734,201472.317,8162275.972,1582.716,,,,,,,,,
6735,201466.154,8162276.072,1582.564,,,,,,,,,
6736,201466.126,8162239.357,1581.863,,,,,,,,,
6737,201466.123,8162238.36,1581.868,,,,,,,,,
6738,201472.324,8162239.307,1582.093,,,,,,,,,
6739,201472.321,8162238.239,1582.095,,,,,,,,,
6740,201466.171,8162201.652,1582.691,,,,,,,,,
6741,201466.106,8162200.992,1582.772,,,,,,,,,
6742,201472.338,8162200.844,1582.917,,,,,,,,,
6743,201472.347,8162201.55,1582.902,,,,,,,,,
6744,201472.322,8162163.201,1583.991,,,,,,,,,
6745,201472.293,8162164.118,1583.972,,,,,,,,,
6746,201466.126,8162164.284,1583.951,,,,,,,,,
6747,201466.133,8162163.314,1583.981,,,,,,,,,
6748,201472.335,8162126.471,1584.83,,,,,,,,,
6749,201472.361,8162125.686,1585.12,,,,,,,,,
6750,201466.126,8162126.624,1584.866,,,,,,,,,
6751,201466.117,8162125.925,1585.158,,,,,,,,,
6752,201472.313,8162088.055,1583.865,,,,,,,,,
6753,201472.324,8162089.088,1583.883,,,,,,,,,
6754,201466.141,8162089.191,1583.866,,,,,,,,,
6755,201466.147,8162088.303,1583.858,,,,,,,,,
6756,201472.359,8162051.28,1584.088,,,,,,,,,
6757,201472.333,8162050.654,1584.368,,,,,,,,,
6758,201466.114,8162051.538,1583.889,,,,,,,,,
6759,201466.142,8162050.833,1583.97,,,,,,,,,
6760,201472.349,8162012.98,1584.245,,,,,,,,,
6761,201472.345,8162013.915,1584.236,,,,,,,,,
6762,201466.132,8162014.048,1584.144,,,,,,,,,
6763,201466.136,8162013.128,1584.156,,,,,,,,,
6764,201472.338,8161976.241,1584.405,,,,,,,,,
6765,201466.169,8161976.411,1584.464,,,,,,,,,
6766,201459.968,8161976.263,1584.404,,,,,,,,,
6767,201453.747,8161976.388,1584.073,,,,,,,,,
6768,201453.734,8162014.012,1583.853,,,,,,,,,
6769,201453.731,8162013.119,1583.851,,,,,,,,,
6770,201459.949,8162013.068,1583.876,,,,,,,,,
6771,201459.946,8162013.859,1583.874,,,,,,,,,
6772,201459.939,8162050.675,1583.938,,,,,,,,,
6773,201459.928,8162051.32,1583.788,,,,,,,,,
6774,201453.776,8162051.511,1583.644,,,,,,,,,
6775,201453.736,8162050.815,1583.748,,,,,,,,,
6776,201453.77,8162089.139,1583.832,,,,,,,,,
6777,201453.76,8162088.223,1583.826,,,,,,,,,
6778,201459.939,8162088.077,1583.715,,,,,,,,,
6779,201459.943,8162088.986,1583.731,,,,,,,,,
6780,201459.934,8162125.718,1584.898,,,,,,,,,
6781,201459.921,8162126.513,1584.663,,,,,,,,,
6782,201453.736,8162126.589,1584.432,,,,,,,,,
6783,201453.712,8162125.894,1584.651,,,,,,,,,
6784,201459.986,8162163.254,1583.869,,,,,,,,,
6785,201459.971,8162164.18,1583.835,,,,,,,,,
6786,201453.739,8162164.232,1583.676,,,,,,,,,
6787,201453.764,8162163.319,1583.719,,,,,,,,,
6788,201459.937,8162200.885,1582.384,,,,,,,,,
6789,201459.975,8162201.569,1582.348,,,,,,,,,
6790,201453.696,8162200.997,1582.318,,,,,,,,,
6791,201453.722,8162201.702,1582.301,,,,,,,,,
6792,201459.958,8162238.307,1581.716,,,,,,,,,
6793,201459.944,8162239.287,1581.72,,,,,,,,,
6794,201453.736,8162239.459,1581.67,,,,,,,,,
6795,201453.727,8162238.389,1581.677,,,,,,,,,
6796,201453.735,8162276.126,1582.157,,,,,,,,,
6797,201459.937,8162275.995,1582.399,,,,,,,,,
6798,201447.533,8162275.955,1582.068,,,,,,,,,
6799,201441.356,8162276.162,1582.003,,,,,,,,,
6800,201441.35,8162239.5,1581.352,,,,,,,,,
6801,201441.33,8162238.48,1581.371,,,,,,,,,
6802,201447.516,8162238.212,1581.505,,,,,,,,,
6803,201447.536,8162239.287,1581.476,,,,,,,,,
6804,201447.5,8162200.846,1582.194,,,,,,,,,
6805,201447.539,8162201.544,1582.174,,,,,,,,,
6806,201441.393,8162201.74,1581.968,,,,,,,,,
6807,201441.357,8162201.014,1582.009,,,,,,,,,
6808,201447.549,8162164.15,1583.557,,,,,,,,,
6809,201447.524,8162163.209,1583.59,,,,,,,,,
6810,201441.354,8162164.234,1583.369,,,,,,,,,
6811,201441.361,8162163.236,1583.389,,,,,,,,,
6812,201441.373,8162126.598,1584.044,,,,,,,,,
6813,201441.329,8162125.884,1584.268,,,,,,,,,
6814,201447.529,8162125.79,1584.484,,,,,,,,,
6815,201447.518,8162126.449,1584.335,,,,,,,,,
6816,201441.353,8162089.127,1583.499,,,,,,,,,
6817,201441.358,8162088.259,1583.499,,,,,,,,,
6818,201447.529,8162088.182,1583.618,,,,,,,,,
6819,201447.528,8162089.088,1583.63,,,,,,,,,
6820,201441.335,8162051.51,1583.289,,,,,,,,,
6821,201441.323,8162050.65,1583.384,,,,,,,,,
6822,201447.535,8162050.601,1583.53,,,,,,,,,
6823,201447.539,8162051.384,1583.539,,,,,,,,,
6824,201441.419,8162013.914,1583.54,,,,,,,,,
6825,201441.335,8162013.094,1583.561,,,,,,,,,
6826,201447.508,8162012.942,1583.578,,,,,,,,,
6827,201447.516,8162013.859,1583.59,,,,,,,,,
6828,201447.554,8161976.187,1583.946,,,,,,,,,
6829,201441.324,8161976.36,1583.686,,,,,,,,,
6830,201435.127,8161976.362,1583.471,,,,,,,,,
6831,201428.911,8161976.421,1583.276,,,,,,,,,
6832,201428.953,8162014.074,1583.301,,,,,,,,,
6833,201428.961,8162013.132,1583.305,,,,,,,,,
6834,201435.155,8162013.15,1583.302,,,,,,,,,
6835,201435.153,8162013.924,1583.292,,,,,,,,,
6836,201435.16,8162050.648,1583.128,,,,,,,,,
6837,201435.138,8162051.319,1582.967,,,,,,,,,
6838,201428.999,8162051.446,1582.856,,,,,,,,,
6839,201428.948,8162050.847,1582.848,,,,,,,,,
6840,201435.168,8162088.023,1583.362,,,,,,,,,
6841,201435.158,8162088.996,1583.375,,,,,,,,,
6842,201428.967,8162089.115,1583.126,,,,,,,,,
6843,201428.907,8162088.21,1583.123,,,,,,,,,
6844,201428.958,8162126.525,1583.641,,,,,,,,,
6845,201428.949,8162125.865,1583.81,,,,,,,,,
6846,201435.149,8162125.72,1583.962,,,,,,,,,
6847,201435.146,8162126.431,1583.835,,,,,,,,,
6848,201428.957,8162164.215,1583.104,,,,,,,,,
6849,201428.938,8162163.244,1583.134,,,,,,,,,
6850,201435.122,8162163.207,1583.25,,,,,,,,,
6851,201435.165,8162164.128,1583.211,,,,,,,,,
6852,201428.945,8162200.993,1581.808,,,,,,,,,
6853,201428.953,8162201.754,1581.73,,,,,,,,,
6854,201435.1,8162200.88,1581.784,,,,,,,,,
6855,201435.169,8162201.548,1581.768,,,,,,,,,
6856,201435.147,8162238.244,1581.212,,,,,,,,,
6857,201435.143,8162239.348,1581.208,,,,,,,,,
6858,201428.924,8162239.438,1580.954,,,,,,,,,
6859,201428.913,8162238.463,1580.936,,,,,,,,,
6860,201435.154,8162276.008,1581.919,,,,,,,,,
6861,201428.88,8162276.162,1581.762,,,,,,,,,
6862,201422.729,8162275.938,1581.588,,,,,,,,,
6863,201416.537,8162276.133,1581.262,,,,,,,,,
6864,201416.558,8162239.463,1580.644,,,,,,,,,
6865,201416.555,8162238.387,1580.628,,,,,,,,,
6866,201422.74,8162238.241,1580.789,,,,,,,,,
6867,201422.755,8162239.237,1580.794,,,,,,,,,
6868,201422.717,8162200.86,1581.757,,,,,,,,,
6869,201422.755,8162201.516,1581.682,,,,,,,,,
6870,201416.521,8162200.954,1581.714,,,,,,,,,
6871,201416.58,8162201.716,1581.587,,,,,,,,,
6872,201416.523,8162164.205,1582.731,,,,,,,,,
6873,201416.531,8162163.228,1582.759,,,,,,,,,
6874,201422.744,8162163.23,1582.92,,,,,,,,,
6875,201422.689,8162164.124,1582.923,,,,,,,,,
6876,201422.595,8162126.364,1583.475,,,,,,,,,
6877,201422.736,8162125.695,1583.731,,,,,,,,,
6878,201416.555,8162126.547,1583.187,,,,,,,,,
6879,201416.565,8162125.921,1583.349,,,,,,,,,
6880,201416.539,8162089.096,1583.145,,,,,,,,,
6881,201416.535,8162088.188,1583.141,,,,,,,,,
6882,201422.718,8162088.059,1583.075,,,,,,,,,
6883,201422.714,8162088.966,1583.092,,,,,,,,,
6884,201422.739,8162050.693,1582.754,,,,,,,,,
6885,201422.77,8162051.245,1582.637,,,,,,,,,
6886,201416.531,8162051.469,1582.629,,,,,,,,,
6887,201416.596,8162050.679,1582.685,,,,,,,,,
6888,201422.734,8162012.894,1583.119,,,,,,,,,
6889,201422.742,8162013.987,1583.116,,,,,,,,,
6890,201416.547,8162013.927,1582.847,,,,,,,,,
6891,201416.554,8162013.09,1582.856,,,,,,,,,
6892,201422.736,8161976.27,1583.072,,,,,,,,,
6893,201416.608,8161976.408,1583.011,,,,,,,,,
6894,201410.324,8161976.317,1582.927,,,,,,,,,
6895,201404.178,8161976.4,1582.973,,,,,,,,,
6896,201410.195,8162012.989,1582.766,,,,,,,,,
6897,201410.258,8162013.809,1582.81,,,,,,,,,
6898,201404.183,8162014.038,1582.737,,,,,,,,,
6899,201404.166,8162013.165,1582.761,,,,,,,,,
6900,201404.272,8162050.826,1582.401,,,,,,,,,
6901,201404.123,8162051.356,1582.428,,,,,,,,,
6902,201410.354,8162050.616,1582.618,,,,,,,,,
6903,201410.344,8162051.266,1582.49,,,,,,,,,
6904,201404.23,8162089.135,1583.096,,,,,,,,,
6905,201404.142,8162088.181,1583.11,,,,,,,,,
6906,201410.256,8162088.023,1583.042,,,,,,,,,
6907,201410.324,8162088.975,1583.05,,,,,,,,,
6908,201410.341,8162125.735,1583.32,,,,,,,,,
6909,201410.379,8162126.475,1583.102,,,,,,,,,
6910,201404.267,8162126.614,1582.936,,,,,,,,,
6911,201404.167,8162126.025,1583.093,,,,,,,,,
6912,201410.351,8162163.102,1582.511,,,,,,,,,
6913,201410.357,8162164.171,1582.49,,,,,,,,,
6914,201404.139,8162164.241,1582.327,,,,,,,,,
6915,201404.141,8162163.303,1582.341,,,,,,,,,
6916,201410.328,8162200.905,1581.642,,,,,,,,,
6917,201410.356,8162201.585,1581.42,,,,,,,,,
6918,201404.149,8162200.999,1581.523,,,,,,,,,
6919,201404.178,8162201.685,1581.322,,,,,,,,,
6920,201404.138,8162238.391,1580.395,,,,,,,,,
6921,201404.144,8162239.416,1580.384,,,,,,,,,
6922,201410.29,8162238.245,1580.482,,,,,,,,,
6923,201410.305,8162239.345,1580.458,,,,,,,,,
6924,201410.321,8162276.015,1581.08,,,,,,,,,
6925,201404.157,8162276.129,1580.818,,,,,,,,,
6926,201397.95,8162276.011,1580.574,,,,,,,,,
6927,201391.762,8162276.114,1580.442,,,,,,,,,
6928,201391.794,8162239.331,1580.014,,,,,,,,,
6929,201391.75,8162238.408,1580.036,,,,,,,,,
6930,201397.972,8162238.289,1580.069,,,,,,,,,
6931,201397.861,8162239.274,1580.066,,,,,,,,,
6932,201397.944,8162200.906,1581.593,,,,,,,,,
6933,201397.959,8162201.596,1581.405,,,,,,,,,
6934,201391.772,8162201.695,1581.372,,,,,,,,,
6935,201391.781,8162200.882,1581.517,,,,,,,,,
6936,201397.564,8162163.285,1582.163,,,,,,,,,
6937,201397.921,8162164.163,1582.203,,,,,,,,,
6938,201391.764,8162164.145,1582.038,,,,,,,,,
6939,201391.8,8162163.272,1582.097,,,,,,,,,
6940,201391.948,8162126.631,1582.529,,,,,,,,,
6941,201391.788,8162125.906,1582.696,,,,,,,,,
6942,201397.914,8162125.698,1582.857,,,,,,,,,
6943,201397.966,8162126.448,1582.796,,,,,,,,,
6944,201397.965,8162088.038,1582.899,,,,,,,,,
6945,201397.855,8162088.986,1582.925,,,,,,,,,
6946,201391.78,8162089.169,1582.687,,,,,,,,,
6947,201391.755,8162088.152,1582.703,,,,,,,,,
6948,201391.797,8162051.504,1582.007,,,,,,,,,
6949,201391.736,8162050.812,1582.211,,,,,,,,,
6950,201397.914,8162050.667,1582.185,,,,,,,,,
6951,201397.913,8162051.306,1582.098,,,,,,,,,
6952,201397.831,8162013.011,1582.653,,,,,,,,,
6953,201397.842,8162013.81,1582.695,,,,,,,,,
6954,201392.023,8162014.095,1582.638,,,,,,,,,
6955,201391.785,8162013.08,1582.721,,,,,,,,,
6956,201397.976,8161976.257,1582.795,,,,,,,,,
6957,201391.753,8161976.357,1582.812,,,,,,,,,
6958,201385.593,8161976.212,1582.815,,,,,,,,,
6959,201379.417,8161976.371,1582.634,,,,,,,,,
6960,201379.412,8162013.095,1582.669,,,,,,,,,
6961,201379.422,8162014.022,1582.661,,,,,,,,,
6962,201385.447,8162013.012,1582.759,,,,,,,,,
6963,201385.529,8162013.873,1582.806,,,,,,,,,
6964,201385.558,8162051.311,1581.758,,,,,,,,,
6965,201385.563,8162050.674,1581.985,,,,,,,,,
6966,201379.417,8162051.458,1581.669,,,,,,,,,
6967,201379.39,8162050.834,1581.919,,,,,,,,,
6968,201379.455,8162089.098,1582.239,,,,,,,,,
6969,201379.399,8162088.22,1582.281,,,,,,,,,
6970,201385.526,8162088.151,1582.468,,,,,,,,,
6971,201385.521,8162089.072,1582.476,,,,,,,,,
6972,201385.517,8162125.799,1582.56,,,,,,,,,
6973,201385.622,8162126.579,1582.477,,,,,,,,,
6974,201379.49,8162126.572,1582.316,,,,,,,,,
6975,201379.351,8162126.023,1582.447,,,,,,,,,
6976,201385.44,8162163.245,1581.927,,,,,,,,,
6977,201385.578,8162164.16,1581.897,,,,,,,,,
6978,201379.574,8162164.2,1581.734,,,,,,,,,
6979,201379.39,8162163.405,1581.863,,,,,,,,,
6980,201379.349,8162201.723,1581.021,,,,,,,,,
6981,201379.313,8162200.873,1581.213,,,,,,,,,
6982,201385.523,8162200.936,1581.299,,,,,,,,,
6983,201385.579,8162201.59,1581.275,,,,,,,,,
6984,201385.55,8162238.294,1579.871,,,,,,,,,
6985,201385.561,8162239.223,1579.847,,,,,,,,,
6986,201379.379,8162239.445,1579.719,,,,,,,,,
6987,201379.423,8162238.58,1579.752,,,,,,,,,
6988,201379.369,8162276.157,1580.277,,,,,,,,,
6989,201385.551,8162275.979,1580.32,,,,,,,,,
6990,201373.147,8162275.971,1580.034,,,,,,,,,
6991,201373.143,8162239.265,1579.559,,,,,,,,,
6992,201373.172,8162238.247,1579.56,,,,,,,,,
6993,201366.959,8162240.326,1579.343,,,,,,,,,
6994,201366.995,8162201.037,1580.759,,,,,,,,,
6995,201366.948,8162201.693,1580.566,,,,,,,,,
6996,201373.124,8162200.872,1580.993,,,,,,,,,
6997,201373.165,8162201.572,1580.776,,,,,,,,,
6998,201367.047,8162164.358,1581.33,,,,,,,,,
6999,201366.984,8162163.338,1581.373,,,,,,,,,
7000,201373.146,8162163.258,1581.593,,,,,,,,,
7001,201373.151,8162164.101,1581.579,,,,,,,,,
7002,201373.186,8162126.579,1582.119,,,,,,,,,
7003,201373.158,8162125.802,1582.266,,,,,,,,,
7004,201367.027,8162126.594,1581.742,,,,,,,,,
7005,201366.93,8162126.075,1581.966,,,,,,,,,
7006,201367.149,8162089.282,1581.609,,,,,,,,,
7007,201366.997,8162088.189,1581.726,,,,,,,,,
7008,201372.907,8162087.998,1581.878,,,,,,,,,
7009,201373.125,8162089.004,1582.089,,,,,,,,,
7010,201366.962,8162051.477,1581.515,,,,,,,,,
7011,201366.931,8162050.974,1581.708,,,,,,,,,
7012,201373.05,8162050.775,1581.861,,,,,,,,,
7013,201373.2,8162051.346,1581.531,,,,,,,,,
7014,201366.97,8162014.036,1582.325,,,,,,,,,
7015,201367.062,8162013.243,1582.362,,,,,,,,,
7016,201373.149,8162013.027,1582.59,,,,,,,,,
7017,201373.172,8162013.932,1582.581,,,,,,,,,
7018,201372.89,8161976.292,1582.451,,,,,,,,,
7019,201367.043,8161976.363,1582.292,,,,,,,,,
7020,201360.786,8161976.27,1582.178,,,,,,,,,
7021,201354.573,8161976.401,1581.941,,,,,,,,,
7022,201360.512,8162012.843,1582.037,,,,,,,,,
7023,201360.699,8162013.966,1582.185,,,,,,,,,
7024,201354.657,8162014.06,1581.839,,,,,,,,,
7025,201354.578,8162013.117,1581.882,,,,,,,,,
7026,201354.684,8162050.872,1581.38,,,,,,,,,
7027,201354.554,8162051.433,1581.212,,,,,,,,,
7028,201360.462,8162050.801,1581.383,,,,,,,,,
7029,201360.77,8162051.35,1581.248,,,,,,,,,
7030,201360.775,8162088.073,1581.506,,,,,,,,,
7031,201360.668,8162088.953,1581.547,,,,,,,,,
7032,201354.637,8162089.179,1581.249,,,,,,,,,
7033,201354.615,8162088.245,1581.29,,,,,,,,,
7034,201354.656,8162125.969,1581.451,,,,,,,,,
7035,201354.578,8162126.502,1581.438,,,,,,,,,
7036,201360.729,8162125.777,1581.757,,,,,,,,,
7037,201360.751,8162126.495,1581.705,,,,,,,,,
7038,201360.704,8162163.154,1581.244,,,,,,,,,
7039,201360.572,8162164.087,1581.27,,,,,,,,,
7040,201354.839,8162164.234,1581.033,,,,,,,,,
7041,201354.626,8162163.45,1581.141,,,,,,,,,
7042,201360.799,8162200.923,1580.795,,,,,,,,,
7043,201360.746,8162201.607,1580.57,,,,,,,,,
7044,201354.612,8162201.017,1580.686,,,,,,,,,
7045,201354.588,8162201.71,1580.601,,,,,,,,,
7046,201360.783,8162219.979,1579.956,,,,,,,,,
7047,201360.763,8162220.755,1579.934,,,,,,,,,
7048,201354.67,8162220.133,1579.604,,,,,,,,,
7049,201354.584,8162220.961,1579.609,,,,,,,,,
7050,201354.584,8162239.343,1579.309,,,,,,,,,
7051,201360.748,8162239.107,1579.305,,,,,,,,,
7052,201348.409,8162239.236,1578.921,,,,,,,,,
7053,201342.179,8162239.427,1578.816,,,,,,,,,
7054,201342.161,8162238.453,1578.856,,,,,,,,,
7055,201348.362,8162219.954,1579.28,,,,,,,,,
7056,201348.268,8162220.902,1579.227,,,,,,,,,
7057,201342.222,8162201.75,1580.312,,,,,,,,,
7058,201342.164,8162200.923,1580.54,,,,,,,,,
7059,201348.317,8162201.466,1580.477,,,,,,,,,
7060,201348.388,8162200.919,1580.706,,,,,,,,,
7061,201342.16,8162164.126,1580.838,,,,,,,,,
7062,201342.147,8162163.304,1580.838,,,,,,,,,
7063,201348.375,8162163.338,1580.965,,,,,,,,,
7064,201348.386,8162164.372,1580.939,,,,,,,,,
7065,201348.307,8162126.589,1581.142,,,,,,,,,
7066,201348.385,8162125.776,1581.435,,,,,,,,,
7067,201342.193,8162126.562,1581.093,,,,,,,,,
7068,201342.188,8162126.005,1581.144,,,,,,,,,
7069,201342.281,8162089.387,1580.823,,,,,,,,,
7070,201342.179,8162088.233,1580.826,,,,,,,,,
7071,201348.282,8162087.986,1580.894,,,,,,,,,
7072,201348.363,8162089.047,1580.946,,,,,,,,,
7073,201342.208,8162051.499,1580.933,,,,,,,,,
7074,201342.2,8162050.78,1581.11,,,,,,,,,
7075,201348.407,8162050.678,1581.207,,,,,,,,,
7076,201348.362,8162051.271,1581.006,,,,,,,,,
7077,201342.178,8162014.028,1581.769,,,,,,,,,
7078,201342.287,8162013.496,1581.843,,,,,,,,,
7079,201348.238,8162012.972,1581.918,,,,,,,,,
7080,201348.388,8162013.96,1581.954,,,,,,,,,
7081,201348.386,8161976.244,1581.974,,,,,,,,,
7082,201342.196,8161976.367,1581.728,,,,,,,,,
7083,201336.002,8161976.246,1581.549,,,,,,,,,
7084,201329.786,8161976.375,1581.34,,,,,,,,,
7085,201335.973,8162013.014,1581.725,,,,,,,,,
7086,201335.982,8162013.889,1581.736,,,,,,,,,
7087,201329.784,8162014.026,1581.464,,,,,,,,,
7088,201329.786,8162013.108,1581.471,,,,,,,,,
7089,201329.898,8162051.436,1580.798,,,,,,,,,
7090,201329.818,8162050.817,1581.117,,,,,,,,,
7091,201335.967,8162051.301,1580.825,,,,,,,,,
7092,201335.981,8162050.66,1581.118,,,,,,,,,
7093,201329.803,8162089.168,1580.87,,,,,,,,,
7094,201329.791,8162088.182,1580.878,,,,,,,,,
7095,201335.847,8162088.069,1580.684,,,,,,,,,
7096,201336,8162089.084,1580.707,,,,,,,,,
7097,201329.835,8162126.627,1580.983,,,,,,,,,
7098,201329.797,8162125.997,1581.017,,,,,,,,,
7099,201335.981,8162126.435,1581.094,,,,,,,,,
7100,201336.001,8162125.76,1581.121,,,,,,,,,
7101,201329.783,8162164.176,1580.534,,,,,,,,,
7102,201329.786,8162163.318,1580.545,,,,,,,,,
7103,201335.925,8162163.255,1580.777,,,,,,,,,
7104,201335.916,8162164.192,1580.786,,,,,,,,,
7105,201329.815,8162201.71,1580.043,,,,,,,,,
7106,201329.764,8162200.919,1580.094,,,,,,,,,
7107,201335.899,8162200.9,1580.161,,,,,,,,,
7108,201336.015,8162201.553,1580.179,,,,,,,,,
7109,201335.989,8162238.217,1578.598,,,,,,,,,
7110,201335.989,8162239.314,1578.586,,,,,,,,,
7111,201329.749,8162239.373,1578.429,,,,,,,,,
7112,201329.76,8162238.415,1578.458,,,,,,,,,
7113,201329.778,8162276.105,1578.653,,,,,,,,,
7114,201335.967,8162275.966,1578.799,,,,,,,,,
7115,201323.577,8162275.991,1578.498,,,,,,,,,
7116,201317.356,8162276.141,1578.117,,,,,,,,,
7117,201342.154,8162276.162,1579.023,,,,,,,,,
7118,201317.515,8162238.533,1578.209,,,,,,,,,
7119,201317.42,8162239.238,1578.241,,,,,,,,,
7120,201323.545,8162238.275,1578.295,,,,,,,,,
7121,201323.551,8162239.235,1578.276,,,,,,,,,
7122,201317.394,8162201.752,1579.574,,,,,,,,,
7123,201317.394,8162200.887,1579.765,,,,,,,,,
7124,201323.62,8162201.558,1579.921,,,,,,,,,
7125,201323.541,8162200.925,1579.932,,,,,,,,,
7126,201317.405,8162164.162,1580.093,,,,,,,,,
7127,201317.394,8162163.346,1580.118,,,,,,,,,
7128,201323.484,8162163.216,1580.399,,,,,,,,,
7129,201323.556,8162164.099,1580.467,,,,,,,,,
7130,201317.631,8162126.592,1580.389,,,,,,,,,
7131,201317.42,8162125.853,1580.452,,,,,,,,,
7132,201323.612,8162125.712,1580.585,,,,,,,,,
7133,201323.637,8162126.548,1580.816,,,,,,,,,
7134,201317.413,8162089.114,1580.485,,,,,,,,,
7135,201317.371,8162088.104,1580.472,,,,,,,,,
7136,201323.537,8162088.017,1580.632,,,,,,,,,
7137,201323.6,8162088.942,1580.635,,,,,,,,,
7138,201317.473,8162051.421,1580.404,,,,,,,,,
7139,201317.398,8162050.902,1580.728,,,,,,,,,
7140,201323.582,8162050.664,1581.108,,,,,,,,,
7141,201323.632,8162051.234,1580.79,,,,,,,,,
7142,201317.427,8162014.09,1581.095,,,,,,,,,
7143,201317.429,8162013.23,1581.15,,,,,,,,,
7144,201323.588,8162013.028,1581.357,,,,,,,,,
7145,201323.56,8162013.866,1581.361,,,,,,,,,
7146,201323.665,8161976.143,1581.039,,,,,,,,,
7147,201317.476,8161976.419,1580.85,,,,,,,,,
7148,201311.228,8161976.333,1580.629,,,,,,,,,
7149,201310.847,8162012.849,1580.886,,,,,,,,,
7150,201311.153,8162013.898,1581.234,,,,,,,,,
7151,201311.194,8162050.739,1580.858,,,,,,,,,
7152,201311.175,8162051.317,1580.494,,,,,,,,,
7153,201310.853,8162087.951,1580.021,,,,,,,,,
7154,201311.145,8162088.94,1580.083,,,,,,,,,
7155,201311.181,8162125.726,1580.334,,,,,,,,,
7156,201311.213,8162126.585,1580.332,,,,,,,,,
7157,201311.221,8162163.362,1580.149,,,,,,,,,
7158,201311.227,8162164.284,1580.158,,,,,,,,,
7159,201311.165,8162200.93,1579.95,,,,,,,,,
7160,201311.209,8162201.652,1579.801,,,,,,,,,
7161,201311.179,8162238.312,1578.13,,,,,,,,,
7162,201311.188,8162239.273,1578.099,,,,,,,,,
7163,201311.114,8162276.034,1578.019,,,,,,,,,
7164,201296.728,8162290.866,1577.86,,,,,,,,,
7165,201296.786,8162327.595,1577.565,,,,,,,,,
7166,201296.787,8162328.59,1577.54,,,,,,,,,
7167,201296.849,8162365.353,1576.978,,,,,,,,,
7168,201296.831,8162366.041,1576.772,,,,,,,,,
7169,201296.981,8162402.751,1575.9,,,,,,,,,
7170,201296.831,8162403.677,1575.921,,,,,,,,,
7171,201296.815,8162440.458,1576.713,,,,,,,,,
7172,201290.635,8162440.331,1576.696,,,,,,,,,
7173,201284.421,8162440.452,1576.421,,,,,,,,,
7174,201284.466,8162403.726,1575.508,,,,,,,,,
7175,201284.425,8162402.755,1575.475,,,,,,,,,
7176,201290.497,8162402.569,1575.724,,,,,,,,,
7177,201290.551,8162403.651,1575.713,,,,,,,,,
7178,201290.592,8162365.863,1576.696,,,,,,,,,
7179,201290.61,8162365.145,1576.931,,,,,,,,,
7180,201284.464,8162366.024,1576.449,,,,,,,,,
7181,201284.4,8162365.338,1576.636,,,,,,,,,
7182,201284.399,8162328.668,1577.304,,,,,,,,,
7183,201284.386,8162327.577,1577.305,,,,,,,,,
7184,201290.61,8162327.41,1577.23,,,,,,,,,
7185,201290.591,8162328.475,1577.236,,,,,,,,,
7186,201290.508,8162290.727,1577.626,,,,,,,,,
7187,201284.429,8162290.906,1577.148,,,,,,,,,
7188,201278.202,8162290.766,1576.987,,,,,,,,,
7189,201272.046,8162290.913,1576.781,,,,,,,,,
7190,201278.191,8162327.42,1577.044,,,,,,,,,
7191,201278.21,8162328.51,1577.036,,,,,,,,,
7192,201272.053,8162328.69,1577.057,,,,,,,,,
7193,201272.016,8162327.621,1577.019,,,,,,,,,
7194,201278.198,8162365.177,1576.337,,,,,,,,,
7195,201278.225,8162365.858,1576.102,,,,,,,,,
7196,201272.06,8162365.408,1575.935,,,,,,,,,
7197,201272.07,8162366,1575.866,,,,,,,,,
7198,201278.189,8162402.559,1575.38,,,,,,,,,
7199,201278.162,8162403.535,1575.38,,,,,,,,,
7200,201272.038,8162403.717,1575.258,,,,,,,,,
7201,201272.021,8162402.714,1575.191,,,,,,,,,
7202,201278.214,8162440.248,1576.601,,,,,,,,,
7203,201271.973,8162440.39,1576.771,,,,,,,,,
7204,201265.789,8162440.21,1576.976,,,,,,,,,
7205,201259.621,8162440.351,1577.002,,,,,,,,,
7206,201259.589,8162403.676,1575.195,,,,,,,,,
7207,201259.608,8162402.69,1575.13,,,,,,,,,
7208,201265.814,8162402.563,1575.031,,,,,,,,,
7209,201265.825,8162403.547,1575.054,,,,,,,,,
7210,201259.622,8162365.298,1575.696,,,,,,,,,
7211,201259.612,8162365.962,1575.806,,,,,,,,,
7212,201265.853,8162365.854,1575.888,,,,,,,,,
7213,201265.806,8162365.162,1575.829,,,,,,,,,
7214,201265.789,8162328.494,1576.911,,,,,,,,,
7215,201265.752,8162327.445,1576.946,,,,,,,,,
7216,201259.683,8162327.639,1576.73,,,,,,,,,
7217,201259.584,8162328.557,1576.735,,,,,,,,,
7218,201265.773,8162290.706,1576.655,,,,,,,,,
7219,201259.605,8162290.842,1576.549,,,,,,,,,
7220,201253.434,8162290.76,1576.274,,,,,,,,,
7221,201247.218,8162290.936,1576.019,,,,,,,,,
7222,201253.419,8162327.489,1576.764,,,,,,,,,
7223,201253.38,8162328.509,1576.726,,,,,,,,,
7224,201247.335,8162328.56,1576.473,,,,,,,,,
7225,201247.234,8162327.847,1576.573,,,,,,,,,
7226,201247.173,8162366.022,1575.41,,,,,,,,,
7227,201247.196,8162365.348,1575.261,,,,,,,,,
7228,201253.45,8162365.879,1575.491,,,,,,,,,
7229,201253.416,8162365.178,1575.375,,,,,,,,,
7230,201253.41,8162402.573,1574.901,,,,,,,,,
7231,201253.357,8162403.564,1574.906,,,,,,,,,
7232,201247.247,8162403.776,1574.671,,,,,,,,,
7233,201247.212,8162402.66,1574.612,,,,,,,,,
7234,201253.413,8162440.233,1576.888,,,,,,,,,
7235,201247.233,8162440.374,1576.658,,,,,,,,,
7236,201241.086,8162440.243,1576.59,,,,,,,,,
7237,201234.8,8162440.367,1576.398,,,,,,,,,
7238,201240.989,8162402.515,1574.558,,,,,,,,,
7239,201240.961,8162403.583,1574.572,,,,,,,,,
7240,201234.887,8162403.765,1574.499,,,,,,,,,
7241,201234.865,8162402.732,1574.433,,,,,,,,,
7242,201240.992,8162365.206,1575.282,,,,,,,,,
7243,201241.019,8162365.813,1575.165,,,,,,,,,
7244,201234.812,8162365.274,1575.182,,,,,,,,,
7245,201234.83,8162365.977,1575.226,,,,,,,,,
7246,201240.987,8162327.505,1576.385,,,,,,,,,
7247,201240.957,8162328.501,1576.366,,,,,,,,,
7248,201234.803,8162328.577,1576.269,,,,,,,,,
7249,201234.824,8162327.636,1576.259,,,,,,,,,
7250,201241.03,8162290.794,1575.879,,,,,,,,,
7251,201234.789,8162290.863,1575.867,,,,,,,,,
7252,201228.622,8162290.73,1575.619,,,,,,,,,
7253,201222.409,8162290.913,1575.601,,,,,,,,,
7254,201222.36,8162327.575,1575.968,,,,,,,,,
7255,201222.365,8162328.55,1575.979,,,,,,,,,
7256,201228.438,8162327.546,1576.033,,,,,,,,,
7257,201228.46,8162328.429,1576.035,,,,,,,,,
7258,201228.599,8162365.188,1575.318,,,,,,,,,
7259,201228.636,8162365.83,1575.364,,,,,,,,,
7260,201222.46,8162365.425,1575.293,,,,,,,,,
7261,201222.439,8162366.014,1575.337,,,,,,,,,
7262,201222.415,8162402.767,1574.115,,,,,,,,,
7263,201222.495,8162403.632,1574.097,,,,,,,,,
7264,201228.57,8162402.581,1574.327,,,,,,,,,
7265,201228.608,8162403.582,1574.337,,,,,,,,,
7266,201228.514,8162440.147,1576.412,,,,,,,,,
7267,201222.462,8162440.396,1576.183,,,,,,,,,
7268,201216.259,8162440.218,1576.28,,,,,,,,,
7269,201210.027,8162440.361,1575.95,,,,,,,,,
7270,201210.052,8162403.678,1573.941,,,,,,,,,
7271,201210.011,8162402.679,1573.908,,,,,,,,,
7272,201216.199,8162402.56,1574.024,,,,,,,,,
7273,201216.18,8162403.546,1573.977,,,,,,,,,
7274,201210.051,8162365.378,1574.994,,,,,,,,,
7275,201210.038,8162365.979,1575.012,,,,,,,,,
7276,201216.128,8162365.693,1574.874,,,,,,,,,
7277,201216.222,8162365.16,1575.147,,,,,,,,,
7278,201216.153,8162328.472,1575.809,,,,,,,,,
7279,201216.174,8162327.472,1575.833,,,,,,,,,
7280,201210.01,8162328.58,1575.768,,,,,,,,,
7281,201210.005,8162327.604,1575.727,,,,,,,,,
7282,201209.994,8162290.833,1575.304,,,,,,,,,
7283,201216.219,8162290.715,1575.582,,,,,,,,,
7284,201203.823,8162290.814,1574.996,,,,,,,,,
7285,201197.612,8162290.849,1574.789,,,,,,,,,
7286,201203.828,8162327.553,1575.501,,,,,,,,,
7287,201203.78,8162328.483,1575.475,,,,,,,,,
7288,201197.974,8162328.906,1575.369,,,,,,,,,
7289,201197.659,8162327.598,1575.457,,,,,,,,,
7290,201197.667,8162365.904,1574.552,,,,,,,,,
7291,201197.618,8162365.29,1574.815,,,,,,,,,
7292,201203.864,8162365.832,1574.889,,,,,,,,,
7293,201203.863,8162365.248,1575.146,,,,,,,,,
7294,201203.838,8162402.557,1573.951,,,,,,,,,
7295,201203.733,8162403.547,1573.918,,,,,,,,,
7296,201197.715,8162403.711,1573.877,,,,,,,,,
7297,201197.704,8162402.879,1573.893,,,,,,,,,
7298,201197.647,8162440.354,1575.376,,,,,,,,,
7299,201203.848,8162440.222,1575.648,,,,,,,,,
7300,201886.416,8161926.999,1595.384,,,,,,,,,
7301,201886.389,8161890.257,1595.524,,,,,,,,,
7302,201886.389,8161889.303,1595.53,,,,,,,,,
7303,201886.433,8161851.934,1595.951,,,,,,,,,
7304,201886.376,8161815.216,1596.131,,,,,,,,,
7305,201886.384,8161814.248,1596.134,,,,,,,,,
7306,201886.388,8161777.507,1596.739,,,,,,,,,
7307,201892.572,8161777.634,1596.889,,,,,,,,,
7308,201898.753,8161777.669,1596.917,,,,,,,,,
7309,201898.779,8161814.418,1596.616,,,,,,,,,
7310,201898.778,8161815.263,1596.611,,,,,,,,,
7311,201892.575,8161814.386,1596.376,,,,,,,,,
7312,201892.567,8161815.362,1596.364,,,,,,,,,
7313,201892.608,8161852.719,1595.893,,,,,,,,,
7314,201892.611,8161852.126,1595.994,,,,,,,,,
7315,201898.764,8161851.98,1596.304,,,,,,,,,
7316,201898.795,8161852.576,1596.35,,,,,,,,,
7317,201886.419,8161852.55,1595.757,,,,,,,,,
7318,201898.778,8161889.329,1595.932,,,,,,,,,
7319,201898.774,8161890.243,1595.928,,,,,,,,,
7320,201892.572,8161889.527,1595.757,,,,,,,,,
7321,201892.567,8161890.383,1595.751,,,,,,,,,
7322,201892.61,8161927.157,1595.456,,,,,,,,,
7323,201898.771,8161927.005,1595.557,,,,,,,,,
7324,201904.988,8161927.131,1595.71,,,,,,,,,
7325,201911.182,8161927.06,1595.886,,,,,,,,,
7326,201905.007,8161890.391,1596.175,,,,,,,,,
7327,201905.003,8161889.461,1596.179,,,,,,,,,
7328,201911.183,8161889.414,1596.434,,,,,,,,,
7329,201911.176,8161890.285,1596.428,,,,,,,,,
7330,201911.168,8161851.923,1596.799,,,,,,,,,
7331,201911.189,8161852.616,1596.723,,,,,,,,,
7332,201905.005,8161852.69,1596.494,,,,,,,,,
7333,201904.996,8161851.928,1596.495,,,,,,,,,
7334,201904.952,8161815.184,1596.852,,,,,,,,,
7335,201904.959,8161814.38,1596.856,,,,,,,,,
7336,201911.195,8161814.413,1597.02,,,,,,,,,
7337,201911.198,8161815.088,1597.016,,,,,,,,,
7338,201904.952,8161777.62,1597.18,,,,,,,,,
7339,201911.184,8161777.62,1597.275,,,,,,,,,
7340,201917.384,8161777.649,1597.421,,,,,,,,,
7341,201923.594,8161776.645,1597.39,,,,,,,,,
7342,201923.589,8161777.662,1597.419,,,,,,,,,
7343,201917.411,8161814.364,1597.266,,,,,,,,,
7344,201917.405,8161815.21,1597.26,,,,,,,,,
7345,201923.601,8161814.388,1597.282,,,,,,,,,
7346,201923.596,8161815.169,1597.277,,,,,,,,,
7347,201917.4,8161852.688,1596.88,,,,,,,,,
7348,201917.384,8161851.953,1597.091,,,,,,,,,
7349,201923.603,8161851.971,1597.138,,,,,,,,,
7350,201923.601,8161852.617,1597.029,,,,,,,,,
7351,201923.602,8161889.418,1596.761,,,,,,,,,
7352,201923.59,8161890.253,1596.755,,,,,,,,,
7353,201917.389,8161890.334,1596.647,,,,,,,,,
7354,201917.399,8161889.393,1596.657,,,,,,,,,
7355,201917.381,8161927.139,1596.159,,,,,,,,,
7356,201923.585,8161927.054,1596.339,,,,,,,,,
7357,201929.793,8161927.196,1596.442,,,,,,,,,
7358,201935.994,8161927.078,1596.541,,,,,,,,,
7359,201929.791,8161890.416,1597.187,,,,,,,,,
7360,201929.782,8161889.547,1597.195,,,,,,,,,
7361,201936.019,8161889.44,1597.578,,,,,,,,,
7362,201936.013,8161890.331,1597.564,,,,,,,,,
7363,201929.79,8161852.748,1596.913,,,,,,,,,
7364,201929.818,8161852.003,1596.971,,,,,,,,,
7365,201935.985,8161851.937,1597.03,,,,,,,,,
7366,201936.008,8161852.633,1597.093,,,,,,,,,
7367,201929.793,8161815.246,1597.389,,,,,,,,,
7368,201929.787,8161814.474,1597.394,,,,,,,,,
7369,201935.995,8161814.382,1597.532,,,,,,,,,
7370,201935.995,8161815.183,1597.524,,,,,,,,,
7371,201936.017,8161776.673,1597.818,,,,,,,,,
7372,201936.005,8161777.638,1598.012,,,,,,,,,
7373,201929.818,8161776.683,1597.524,,,,,,,,,
7374,201929.786,8161777.712,1597.816,,,,,,,,,
7375,201923.592,8161739.877,1597.775,,,,,,,,,
7376,201923.594,8161739.06,1597.785,,,,,,,,,
7377,201929.825,8161739.172,1597.907,,,,,,,,,
7378,201929.824,8161739.886,1597.902,,,,,,,,,
7379,201936.014,8161739.099,1598.132,,,,,,,,,
7380,201936.014,8161739.924,1598.13,,,,,,,,,
7381,201929.824,8161702.379,1598.277,,,,,,,,,
7382,201923.598,8161702.34,1598.176,,,,,,,,,
7383,201936.003,8161702.361,1598.433,,,,,,,,,
7384,201942.198,8161702.347,1598.627,,,,,,,,,
7385,201948.334,8161702.363,1598.517,,,,,,,,,
7386,201948.353,8161739.156,1598.468,,,,,,,,,
7387,201948.351,8161739.919,1598.473,,,,,,,,,
7388,201942.217,8161739.947,1598.352,,,,,,,,,
7389,201942.234,8161739.184,1598.399,,,,,,,,,
7390,201942.2,8161776.659,1598.108,,,,,,,,,
7391,201942.2,8161777.654,1598.295,,,,,,,,,
7392,201948.348,8161776.685,1598.427,,,,,,,,,
7393,201948.357,8161777.647,1598.514,,,,,,,,,
7394,201948.366,8161814.446,1597.934,,,,,,,,,
7395,201948.374,8161815.213,1597.925,,,,,,,,,
7396,201942.192,8161815.229,1597.665,,,,,,,,,
7397,201942.187,8161814.383,1597.682,,,,,,,,,
7398,201942.212,8161852.667,1597.278,,,,,,,,,
7399,201942.179,8161851.941,1597.038,,,,,,,,,
7400,201948.355,8161851.948,1597.332,,,,,,,,,
7401,201948.378,8161852.608,1597.489,,,,,,,,,
7402,201948.383,8161889.383,1597.79,,,,,,,,,
7403,201948.387,8161890.298,1597.781,,,,,,,,,
7404,201942.19,8161890.336,1597.7,,,,,,,,,
7405,201942.198,8161889.421,1597.717,,,,,,,,,
7406,201942.178,8161927.111,1596.91,,,,,,,,,
7407,201948.358,8161927.054,1597.271,,,,,,,,,
7408,201954.559,8161927.202,1597.107,,,,,,,,,
7409,201960.771,8161927.004,1597.387,,,,,,,,,
7410,201954.559,8161890.431,1598.171,,,,,,,,,
7411,201954.56,8161889.538,1598.182,,,,,,,,,
7412,201960.802,8161889.344,1598.288,,,,,,,,,
7413,201960.789,8161890.273,1598.279,,,,,,,,,
7414,201960.804,8161851.915,1597.407,,,,,,,,,
7415,201960.782,8161852.587,1597.668,,,,,,,,,
7416,201954.591,8161852.763,1597.375,,,,,,,,,
7417,201954.581,8161851.942,1597.243,,,,,,,,,
7418,201954.598,8161815.208,1598.027,,,,,,,,,
7419,201954.595,8161814.398,1598.04,,,,,,,,,
7420,201960.764,8161814.395,1598.059,,,,,,,,,
7421,201960.76,8161815.111,1598.039,,,,,,,,,
7422,201954.56,8161777.652,1598.79,,,,,,,,,
7423,201954.576,8161776.726,1598.67,,,,,,,,,
7424,201960.767,8161776.677,1598.619,,,,,,,,,
7425,201960.704,8161777.62,1598.71,,,,,,,,,
7426,201954.557,8161739.949,1598.643,,,,,,,,,
7427,201954.563,8161739.122,1598.644,,,,,,,,,
7428,201960.759,8161739.171,1598.873,,,,,,,,,
7429,201960.775,8161739.907,1598.869,,,,,,,,,
7430,201954.542,8161702.412,1598.601,,,,,,,,,
7431,201960.777,8161702.372,1599.132,,,,,,,,,
7432,201966.96,8161702.326,1599.381,,,,,,,,,
7433,201973.148,8161702.402,1599.356,,,,,,,,,
7434,201973.084,8161739.145,1599.156,,,,,,,,,
7435,201973.132,8161740.041,1599.139,,,,,,,,,
7436,201966.972,8161739.911,1599.097,,,,,,,,,
7437,201966.979,8161739.067,1599.108,,,,,,,,,
7438,201973.113,8161776.706,1598.941,,,,,,,,,
7439,201973.151,8161777.467,1599.151,,,,,,,,,
7440,201966.966,8161776.654,1598.802,,,,,,,,,
7441,201966.893,8161777.6,1598.986,,,,,,,,,
7442,201966.975,8161815.153,1598.39,,,,,,,,,
7443,201966.998,8161814.388,1598.424,,,,,,,,,
7444,201973.161,8161814.249,1598.71,,,,,,,,,
7445,201973.157,8161815.264,1598.696,,,,,,,,,
7446,201967.04,8161851.908,1597.816,,,,,,,,,
7447,201966.974,8161852.72,1597.885,,,,,,,,,
7448,201973.179,8161851.889,1597.854,,,,,,,,,
7449,201973.138,8161852.607,1598.053,,,,,,,,,
7450,201973.125,8161889.395,1598.53,,,,,,,,,
7451,201973.126,8161890.321,1598.522,,,,,,,,,
7452,201966.996,8161890.415,1598.649,,,,,,,,,
7453,201966.97,8161889.461,1598.666,,,,,,,,,
7454,201973.17,8161927.023,1597.471,,,,,,,,,
7455,201966.959,8161927.124,1597.331,,,,,,,,,
7456,201985.546,8161927.039,1597.662,,,,,,,,,
7457,201991.758,8161927.05,1597.652,,,,,,,,,
7458,201985.577,8161890.269,1598.486,,,,,,,,,
7459,201985.577,8161889.39,1598.496,,,,,,,,,
7460,201979.369,8161890.377,1598.559,,,,,,,,,
7461,201979.365,8161889.415,1598.569,,,,,,,,,
7462,201979.355,8161852.708,1598.356,,,,,,,,,
7463,201979.387,8161852.012,1598.142,,,,,,,,,
7464,201985.515,8161851.949,1598.384,,,,,,,,,
7465,201985.58,8161852.613,1598.568,,,,,,,,,
7466,201979.335,8161815.311,1598.955,,,,,,,,,
7467,201979.37,8161814.303,1598.974,,,,,,,,,
7468,201985.542,8161814.254,1598.942,,,,,,,,,
7469,201985.553,8161815.266,1598.925,,,,,,,,,
7470,201979.347,8161777.585,1599.318,,,,,,,,,
7471,201979.29,8161776.613,1599.029,,,,,,,,,
7472,201985.537,8161776.597,1599.122,,,,,,,,,
7473,201985.542,8161777.498,1599.232,,,,,,,,,
7474,201985.559,8161739.055,1599.536,,,,,,,,,
7475,201985.538,8161739.861,1599.537,,,,,,,,,
7476,201979.365,8161739.878,1599.338,,,,,,,,,
7477,201979.371,8161739.052,1599.343,,,,,,,,,
7478,201979.349,8161702.312,1599.653,,,,,,,,,
7479,201985.521,8161702.238,1599.927,,,,,,,,,
7480,201991.788,8161702.301,1600.047,,,,,,,,,
7481,201997.952,8161702.372,1600.166,,,,,,,,,
7482,201997.941,8161739.104,1599.754,,,,,,,,,
7483,201997.931,8161739.974,1599.744,,,,,,,,,
7484,201991.848,8161739.856,1599.684,,,,,,,,,
7485,201991.755,8161739.063,1599.693,,,,,,,,,
7486,201991.74,8161776.61,1599.327,,,,,,,,,
7487,201991.751,8161777.592,1599.427,,,,,,,,,
7488,201997.944,8161776.671,1599.323,,,,,,,,,
7489,201997.927,8161777.396,1599.56,,,,,,,,,
7490,201997.969,8161814.073,1599.066,,,,,,,,,
7491,201997.986,8161815.221,1599.054,,,,,,,,,
7492,201991.797,8161815.253,1598.91,,,,,,,,,
7493,201991.791,8161814.303,1598.915,,,,,,,,,
7494,201997.931,8161851.841,1598.788,,,,,,,,,
7495,201997.925,8161852.581,1598.992,,,,,,,,,
7496,201991.776,8161852.624,1598.756,,,,,,,,,
7497,201991.777,8161852.031,1598.663,,,,,,,,,
7498,201997.907,8161889.364,1598.629,,,,,,,,,
7499,201997.917,8161890.254,1598.603,,,,,,,,,
7500,201991.775,8161890.312,1598.558,,,,,,,,,
7501,201991.815,8161889.437,1598.615,,,,,,,,,
7502,202004.248,8161927.144,1597.985,,,,,,,,,
7503,202010.336,8161926.971,1598.117,,,,,,,,,
7504,202016.537,8161927.121,1598.302,,,,,,,,,
7505,202022.735,8161926.929,1598.675,,,,,,,,,
7506,202028.939,8161927.15,1598.871,,,,,,,,,
7507,202004.145,8161890.407,1598.744,,,,,,,,,
7508,202004.199,8161889.519,1598.767,,,,,,,,,
7509,202010.36,8161889.293,1598.97,,,,,,,,,
7510,202010.348,8161890.276,1598.952,,,,,,,,,
7511,202004.148,8161852.709,1599.179,,,,,,,,,
7512,202004.149,8161852.01,1599.105,,,,,,,,,
7513,202010.351,8161851.848,1599.008,,,,,,,,,
7514,202010.349,8161852.539,1599.198,,,,,,,,,
7515,202010.303,8161814.189,1599.299,,,,,,,,,
7516,202010.328,8161815.094,1599.292,,,,,,,,,
7517,202004.175,8161815.303,1599.123,,,,,,,,,
7518,202004.18,8161814.33,1599.132,,,,,,,,,
7519,202010.35,8161776.666,1600.068,,,,,,,,,
7520,202010.348,8161777.424,1600.006,,,,,,,,,
7521,202004.166,8161777.574,1599.846,,,,,,,,,
7522,202004.172,8161776.607,1599.645,,,,,,,,,
7523,202010.39,8161739.127,1600.218,,,,,,,,,
7524,202010.362,8161739.849,1600.215,,,,,,,,,
7525,202004.18,8161739.871,1599.965,,,,,,,,,
7526,202004.164,8161739.015,1599.968,,,,,,,,,
7527,202004.154,8161702.299,1600.258,,,,,,,,,
7528,202010.363,8161702.363,1600.359,,,,,,,,,
7529,202016.559,8161702.362,1600.681,,,,,,,,,
7530,202022.735,8161702.361,1600.872,,,,,,,,,
7531,202028.916,8161702.326,1600.92,,,,,,,,,
7532,202035.132,8161702.161,1601.269,,,,,,,,,
7533,202041.347,8161702.33,1601.406,,,,,,,,,
7534,202041.355,8161739.983,1601.034,,,,,,,,,
7535,202041.356,8161739.019,1601.047,,,,,,,,,
7536,202035.137,8161739.887,1600.929,,,,,,,,,
7537,202035.129,8161738.907,1600.94,,,,,,,,,
7538,202028.95,8161739.882,1600.729,,,,,,,,,
7539,202028.94,8161739.042,1600.739,,,,,,,,,
7540,202022.722,8161739.96,1600.571,,,,,,,,,
7541,202022.738,8161739.064,1600.577,,,,,,,,,
7542,202016.566,8161739.929,1600.338,,,,,,,,,
7543,202016.555,8161739.086,1600.353,,,,,,,,,
7544,202016.561,8161777.566,1600.125,,,,,,,,,
7545,202016.577,8161776.665,1600.023,,,,,,,,,
7546,202022.741,8161776.671,1600.25,,,,,,,,,
7547,202022.734,8161777.586,1600.206,,,,,,,,,
7548,202028.936,8161776.637,1600.542,,,,,,,,,
7549,202028.93,8161777.576,1600.525,,,,,,,,,
7550,202035.192,8161776.595,1600.758,,,,,,,,,
7551,202035.159,8161777.419,1600.68,,,,,,,,,
7552,202041.379,8161776.768,1600.866,,,,,,,,,
7553,202041.356,8161777.476,1600.802,,,,,,,,,
7554,202041.348,8161814.299,1600.389,,,,,,,,,
7555,202041.355,8161815.267,1600.379,,,,,,,,,
7556,202035.141,8161815.161,1600.248,,,,,,,,,
7557,202035.198,8161814.304,1600.306,,,,,,,,,
7558,202028.934,8161815.126,1599.935,,,,,,,,,
7559,202028.938,8161814.395,1599.948,,,,,,,,,
7560,202022.876,8161815.26,1599.45,,,,,,,,,
7561,202022.836,8161814.4,1599.53,,,,,,,,,
7562,202016.624,8161815.297,1599.367,,,,,,,,,
7563,202016.624,8161814.314,1599.378,,,,,,,,,
7564,202016.552,8161851.998,1598.961,,,,,,,,,
7565,202016.576,8161852.699,1599.232,,,,,,,,,
7566,202022.729,8161851.883,1599.2,,,,,,,,,
7567,202022.734,8161852.438,1599.438,,,,,,,,,
7568,202028.935,8161851.86,1599.354,,,,,,,,,
7569,202028.917,8161852.711,1599.502,,,,,,,,,
7570,202035.15,8161851.87,1599.778,,,,,,,,,
7571,202035.149,8161852.564,1600.014,,,,,,,,,
7572,202041.361,8161851.982,1599.762,,,,,,,,,
7573,202041.352,8161852.66,1600.028,,,,,,,,,
7574,202016.551,8161889.432,1599.034,,,,,,,,,
7575,202016.55,8161890.416,1599.027,,,,,,,,,
7576,202022.425,8161889.267,1598.741,,,,,,,,,
7577,202022.618,8161889.976,1598.91,,,,,,,,,
7578,202028.945,8161890.424,1598.95,,,,,,,,,
7579,202028.944,8161889.483,1598.961,,,,,,,,,
7580,202035.093,8161889.317,1599.133,,,,,,,,,
7581,202035.011,8161890.122,1599.174,,,,,,,,,
7582,202041.329,8161889.418,1599.218,,,,,,,,,
7583,202041.35,8161890.323,1599.249,,,,,,,,,
7584,202041.36,8161927.096,1599.215,,,,,,,,,
7585,202035.132,8161926.966,1599.029,,,,,,,,,
7586,202047.53,8161926.961,1599.197,,,,,,,,,
7587,202047.545,8161889.35,1599.631,,,,,,,,,
7588,202047.486,8161890.235,1599.623,,,,,,,,,
7589,202047.569,8161852.674,1600.036,,,,,,,,,
7590,202047.54,8161851.935,1599.976,,,,,,,,,
7591,202047.548,8161815.143,1600.291,,,,,,,,,
7592,202047.435,8161814.259,1600.285,,,,,,,,,
7593,202047.56,8161777.476,1601.186,,,,,,,,,
7594,202053.735,8161777.505,1601.306,,,,,,,,,
7595,202053.936,8161815.253,1600.368,,,,,,,,,
7596,202053.804,8161814.417,1600.442,,,,,,,,,
7597,202053.771,8161852.049,1600.087,,,,,,,,,
7598,202053.778,8161852.574,1600.157,,,,,,,,,
7599,202053.776,8161889.363,1599.713,,,,,,,,,
7600,202053.803,8161890.308,1599.706,,,,,,,,,
7601,202053.735,8161926.991,1599.239,,,,,,,,,
7602,201997.95,8161927.003,1597.855,,,,,,,,,
7603,201979.355,8161927.125,1597.51,,,,,,,,,
7604,202048.733,8162088.086,1597.501,,,,,,,,,
7605,202048.763,8162051.332,1597.665,,,,,,,,,
7606,202048.844,8162050.552,1597.688,,,,,,,,,
7607,202048.973,8162013.837,1597.856,,,,,,,,,
7608,202048.777,8162012.971,1598.021,,,,,,,,,
7609,202048.724,8161976.216,1598.366,,,,,,,,,
7610,202048.842,8161975.504,1598.402,,,,,,,,,
7611,202048.831,8161938.497,1598.734,,,,,,,,,
7612,202042.532,8161938.712,1598.59,,,,,,,,,
7613,202036.388,8161938.739,1598.563,,,,,,,,,
7614,202036.547,8161976.434,1597.837,,,,,,,,,
7615,202036.357,8161975.475,1597.888,,,,,,,,,
7616,202042.186,8161975.356,1598.064,,,,,,,,,
7617,202042.324,8161976.117,1598.303,,,,,,,,,
7618,202036.512,8162013.666,1597.562,,,,,,,,,
7619,202036.376,8162013.199,1597.694,,,,,,,,,
7620,202042.475,8162013.07,1597.847,,,,,,,,,
7621,202042.566,8162013.51,1597.825,,,,,,,,,
7622,202036.38,8162050.488,1597.367,,,,,,,,,
7623,202036.412,8162051.235,1597.373,,,,,,,,,
7624,202042.366,8162050.533,1597.584,,,,,,,,,
7625,202042.446,8162051.007,1597.68,,,,,,,,,
7626,202042.147,8162087.954,1597.264,,,,,,,,,
7627,202036.335,8162088.097,1597.199,,,,,,,,,
7628,202030.141,8162088.116,1597.016,,,,,,,,,
7629,202023.939,8162088.108,1596.764,,,,,,,,,
7630,202023.968,8162051.419,1596.993,,,,,,,,,
7631,202023.965,8162050.419,1597.004,,,,,,,,,
7632,202030.155,8162051.392,1597.139,,,,,,,,,
7633,202030.149,8162050.448,1597.141,,,,,,,,,
7634,202030.164,8162013.823,1597.26,,,,,,,,,
7635,202030.18,8162013.045,1597.368,,,,,,,,,
7636,202023.947,8162013.126,1597.354,,,,,,,,,
7637,202023.907,8162013.816,1597.24,,,,,,,,,
7638,202023.957,8161976.4,1597.641,,,,,,,,,
7639,202023.962,8161975.413,1597.661,,,,,,,,,
7640,202030,8161975.404,1597.713,,,,,,,,,
7641,202030.075,8161976.302,1597.721,,,,,,,,,
7642,202030.109,8161938.607,1598.464,,,,,,,,,
7643,202023.96,8161938.717,1598.246,,,,,,,,,
7644,202017.762,8161938.57,1598.117,,,,,,,,,
7645,202011.57,8161938.718,1597.856,,,,,,,,,
7646,202011.572,8161976.224,1597.342,,,,,,,,,
7647,202011.55,8161975.392,1597.341,,,,,,,,,
7648,202017.729,8161975.375,1597.395,,,,,,,,,
7649,202017.688,8161976.122,1597.419,,,,,,,,,
7650,202011.548,8162012.999,1596.831,,,,,,,,,
7651,202011.587,8162013.816,1596.982,,,,,,,,,
7652,202017.584,8162013.052,1597.15,,,,,,,,,
7653,202017.702,8162013.675,1597.121,,,,,,,,,
7654,202017.701,8162050.582,1596.831,,,,,,,,,
7655,202017.603,8162051.284,1596.887,,,,,,,,,
7656,202011.542,8162051.484,1596.535,,,,,,,,,
7657,202011.55,8162050.501,1596.561,,,,,,,,,
7658,202017.729,8162088.115,1596.611,,,,,,,,,
7659,202011.769,8162088.418,1596.463,,,,,,,,,
7660,202005.389,8162088.155,1596.343,,,,,,,,,
7661,201999.137,8162088.243,1596.051,,,,,,,,,
7662,201999.191,8162088.792,1596.172,,,,,,,,,
7663,201999.471,8162051.556,1596.131,,,,,,,,,
7664,201999.317,8162050.704,1596.299,,,,,,,,,
7665,202005.133,8162050.453,1596.302,,,,,,,,,
7666,202005.248,8162051.225,1596.337,,,,,,,,,
7667,202005.294,8162013.024,1596.614,,,,,,,,,
7668,202005.384,8162013.587,1596.834,,,,,,,,,
7669,201999.173,8162013.822,1596.655,,,,,,,,,
7670,201999.151,8162013.052,1596.754,,,,,,,,,
7671,201999.369,8161976.538,1597.039,,,,,,,,,
7672,201999.156,8161975.444,1597.122,,,,,,,,,
7673,202005.353,8161975.42,1597.123,,,,,,,,,
7674,202005.365,8161976.186,1597.112,,,,,,,,,
7675,202005.243,8161938.702,1597.585,,,,,,,,,
7676,201999.096,8161938.747,1597.481,,,,,,,,,
7677,201992.936,8161938.722,1597.356,,,,,,,,,
7678,201986.89,8161938.654,1597.345,,,,,,,,,
7679,201986.903,8161976.187,1596.659,,,,,,,,,
7680,201986.793,8161975.499,1596.702,,,,,,,,,
7681,201992.949,8161975.473,1596.822,,,,,,,,,
7682,201992.874,8161976.156,1596.864,,,,,,,,,
7683,201992.809,8162012.965,1596.277,,,,,,,,,
7684,201992.941,8162013.692,1596.466,,,,,,,,,
7685,201986.791,8162013.72,1596.056,,,,,,,,,
7686,201986.772,8162013.02,1596.039,,,,,,,,,
7687,201992.695,8162050.443,1595.969,,,,,,,,,
7688,201992.839,8162051.215,1596.052,,,,,,,,,
7689,201986.965,8162051.343,1595.858,,,,,,,,,
7690,201986.775,8162050.482,1595.867,,,,,,,,,
7691,201987.035,8162088.64,1595.538,,,,,,,,,
7692,201986.739,8162088.232,1595.62,,,,,,,,,
7693,201992.223,8162088.186,1595.656,,,,,,,,,
7694,201992.915,8162088.799,1595.984,,,,,,,,,
7695,201986.947,8162126.442,1595.456,,,,,,,,,
7696,201986.767,8162125.561,1595.484,,,,,,,,,
7697,201992.591,8162125.503,1595.614,,,,,,,,,
7698,201992.922,8162126.375,1595.675,,,,,,,,,
7699,201998.889,8162125.81,1595.896,,,,,,,,,
7700,201999.11,8162126.322,1595.972,,,,,,,,,
7701,201993.104,8162163.198,1595.27,,,,,,,,,
7702,201998.985,8162163.328,1595.503,,,,,,,,,
7703,201986.774,8162163.244,1595.345,,,,,,,,,
7704,201980.808,8162163.346,1594.992,,,,,,,,,
7705,201974.442,8162163.349,1594.932,,,,,,,,,
7706,201974.511,8162126.702,1595.05,,,,,,,,,
7707,201974.501,8162125.776,1595.056,,,,,,,,,
7708,201980.443,8162125.562,1595.251,,,,,,,,,
7709,201980.442,8162126.371,1595.329,,,,,,,,,
7710,201980.361,8162088.29,1595.339,,,,,,,,,
7711,201980.578,8162088.937,1595.425,,,,,,,,,
7712,201974.455,8162088.885,1595.093,,,,,,,,,
7713,201974.34,8162088.195,1595.219,,,,,,,,,
7714,201974.428,8162051.36,1595.582,,,,,,,,,
7715,201974.418,8162050.654,1595.625,,,,,,,,,
7716,201980.185,8162050.51,1595.666,,,,,,,,,
7717,201980.513,8162051.324,1595.725,,,,,,,,,
7718,201979.999,8162013.973,1595.886,,,,,,,,,
7719,201980.472,8162013.076,1595.939,,,,,,,,,
7720,201974.367,8162013.787,1595.923,,,,,,,,,
7721,201974.372,8162012.98,1595.748,,,,,,,,,
7722,201974.409,8161976.33,1596.416,,,,,,,,,
7723,201974.527,8161975.67,1596.425,,,,,,,,,
7724,201980.442,8161975.336,1596.511,,,,,,,,,
7725,201980.497,8161976.138,1596.591,,,,,,,,,
7726,201980.572,8161938.675,1597.172,,,,,,,,,
7727,201974.358,8161938.667,1597.1,,,,,,,,,
7728,201968.194,8161938.671,1596.958,,,,,,,,,
7729,201961.938,8161938.676,1596.795,,,,,,,,,
7730,201962.193,8161976.264,1596.063,,,,,,,,,
7731,201962.002,8161975.371,1596.153,,,,,,,,,
7732,201968.141,8161975.404,1596.274,,,,,,,,,
7733,201968.107,8161976.145,1596.266,,,,,,,,,
7734,201968.177,8162012.944,1595.629,,,,,,,,,
7735,201968.171,8162013.823,1595.826,,,,,,,,,
7736,201961.976,8162012.992,1595.446,,,,,,,,,
7737,201961.984,8162013.819,1595.649,,,,,,,,,
7738,201962.227,8162050.533,1595.254,,,,,,,,,
7739,201962.014,8162051.481,1595.288,,,,,,,,,
7740,201967.849,8162050.594,1595.367,,,,,,,,,
7741,201968.117,8162051.306,1595.454,,,,,,,,,
7742,201968.041,8162088.137,1595.019,,,,,,,,,
7743,201968.12,8162088.887,1594.873,,,,,,,,,
7744,201962.134,8162088.365,1594.787,,,,,,,,,
7745,201961.994,8162088.851,1594.809,,,,,,,,,
7746,201962.091,8162126.32,1594.759,,,,,,,,,
7747,201961.975,8162125.564,1594.782,,,,,,,,,
7748,201967.766,8162125.628,1594.748,,,,,,,,,
7749,201968.089,8162126.38,1594.896,,,,,,,,,
7750,201968.079,8162163.196,1594.877,,,,,,,,,
7751,201961.966,8162163.158,1594.776,,,,,,,,,
7752,201955.753,8162163.169,1594.793,,,,,,,,,
7753,201949.553,8162163.348,1594.205,,,,,,,,,
7754,201949.714,8162126.648,1594.755,,,,,,,,,
7755,201949.582,8162125.639,1594.852,,,,,,,,,
7756,201955.566,8162125.622,1594.804,,,,,,,,,
7757,201955.724,8162126.332,1594.86,,,,,,,,,
7758,201955.564,8162088.809,1594.717,,,,,,,,,
7759,201955.771,8162088.086,1594.832,,,,,,,,,
7760,201949.801,8162088.849,1594.404,,,,,,,,,
7761,201949.554,8162088.257,1594.565,,,,,,,,,
7762,201949.615,8162051.459,1594.731,,,,,,,,,
7763,201949.579,8162050.622,1594.806,,,,,,,,,
7764,201955.703,8162050.378,1595.11,,,,,,,,,
7765,201955.645,8162051.247,1595.156,,,,,,,,,
7766,201955.779,8162013.639,1595.308,,,,,,,,,
7767,201955.791,8162012.977,1595.464,,,,,,,,,
7768,201949.859,8162013.686,1595.169,,,,,,,,,
7769,201949.585,8162013.084,1595.138,,,,,,,,,
7770,201949.613,8161976.306,1595.802,,,,,,,,,
7771,201949.602,8161975.531,1595.844,,,,,,,,,
7772,201955.79,8161975.449,1596.049,,,,,,,,,
7773,201955.767,8161976.137,1596.039,,,,,,,,,
7774,201955.628,8161938.651,1596.611,,,,,,,,,
7775,201949.538,8161938.758,1596.518,,,,,,,,,
7776,201943.345,8161938.706,1596.335,,,,,,,,,
7777,201937.171,8161938.679,1595.894,,,,,,,,,
7778,201937.22,8161976.242,1595.388,,,,,,,,,
7779,201937.243,8161975.362,1595.384,,,,,,,,,
7780,201943.311,8161975.42,1595.689,,,,,,,,,
7781,201943.251,8161976.143,1595.611,,,,,,,,,
7782,201943.209,8162013.01,1595.011,,,,,,,,,
7783,201943.342,8162013.618,1595.038,,,,,,,,,
7784,201937.209,8162013.845,1594.892,,,,,,,,,
7785,201937.164,8162013.08,1594.925,,,,,,,,,
7786,201937.375,8162051.438,1594.319,,,,,,,,,
7787,201937.271,8162050.944,1594.475,,,,,,,,,
7788,201943.016,8162050.362,1594.435,,,,,,,,,
7789,201943.208,8162051.237,1594.56,,,,,,,,,
7790,201943.205,8162088.009,1594.408,,,,,,,,,
7791,201943.381,8162088.763,1594.326,,,,,,,,,
7792,201937.273,8162088.895,1594.333,,,,,,,,,
7793,201937.159,8162088.371,1594.468,,,,,,,,,
7794,201937.308,8162126.51,1594.262,,,,,,,,,
7795,201937.201,8162125.726,1594.326,,,,,,,,,
7796,201943.286,8162125.576,1594.378,,,,,,,,,
7797,201943.329,8162126.414,1594.404,,,,,,,,,
7798,201942.924,8162163.09,1593.638,,,,,,,,,
7799,201937.212,8162163.362,1593.806,,,,,,,,,
7800,201930.983,8162163.195,1593.742,,,,,,,,,
7801,201924.807,8162163.192,1593.629,,,,,,,,,
7802,201924.834,8162126.449,1593.791,,,,,,,,,
7803,201924.774,8162125.643,1593.794,,,,,,,,,
7804,201930.843,8162125.525,1593.976,,,,,,,,,
7805,201930.845,8162126.331,1594.027,,,,,,,,,
7806,201930.935,8162088.733,1594.053,,,,,,,,,
7807,201930.957,8162088.122,1594.232,,,,,,,,,
7808,201924.826,8162088.872,1593.927,,,,,,,,,
7809,201924.776,8162088.312,1593.905,,,,,,,,,
7810,201924.999,8162051.797,1594.159,,,,,,,,,
7811,201924.812,8162050.59,1594.245,,,,,,,,,
7812,201930.819,8162050.353,1594.326,,,,,,,,,
7813,201930.896,8162051.283,1594.404,,,,,,,,,
7814,201924.846,8162013.85,1594.64,,,,,,,,,
7815,201924.774,8162013.189,1594.867,,,,,,,,,
7816,201930.663,8162013.421,1594.718,,,,,,,,,
7817,201930.958,8162013.034,1594.707,,,,,,,,,
7818,201930.968,8161975.369,1595.129,,,,,,,,,
7819,201930.958,8161976.218,1595.126,,,,,,,,,
7820,201924.912,8161976.417,1594.643,,,,,,,,,
7821,201924.739,8161975.504,1594.71,,,,,,,,,
7822,201924.748,8161938.758,1595.486,,,,,,,,,
7823,201930.86,8161938.552,1595.584,,,,,,,,,
7824,201918.622,8161938.552,1595.372,,,,,,,,,
7825,201912.403,8161938.694,1595.148,,,,,,,,,
7826,201912.556,8161976.288,1593.915,,,,,,,,,
7827,201912.45,8161975.517,1594.006,,,,,,,,,
7828,201918.452,8161975.374,1594.153,,,,,,,,,
7829,201918.535,8161976.146,1594.2,,,,,,,,,
7830,201918.57,8162013.004,1594.66,,,,,,,,,
7831,201918.591,8162013.621,1594.43,,,,,,,,,
7832,201912.43,8162013.174,1594.344,,,,,,,,,
7833,201912.424,8162013.776,1594.2,,,,,,,,,
7834,201912.58,8162050.468,1593.879,,,,,,,,,
7835,201912.397,8162051.475,1593.94,,,,,,,,,
7836,201918.518,8162050.372,1594.16,,,,,,,,,
7837,201918.502,8162051.244,1594.186,,,,,,,,,
7838,201917.772,8162087.635,1593.575,,,,,,,,,
7839,201918.585,8162088.754,1593.786,,,,,,,,,
7840,201912.666,8162088.925,1593.644,,,,,,,,,
7841,201912.407,8162088.277,1593.699,,,,,,,,,
7842,201912.438,8162125.708,1593.37,,,,,,,,,
7843,201912.389,8162126.498,1593.359,,,,,,,,,
7844,201918.574,8162125.651,1593.63,,,,,,,,,
7845,201918.573,8162126.376,1593.623,,,,,,,,,
7846,201918.598,8162163.164,1593.464,,,,,,,,,
7847,201912.394,8162163.264,1593.06,,,,,,,,,
7848,201906.218,8162163.221,1592.877,,,,,,,,,
7849,201900.007,8162163.219,1592.792,,,,,,,,,
7850,201900.126,8162126.522,1593.117,,,,,,,,,
7851,201899.977,8162125.623,1593.131,,,,,,,,,
7852,201906.066,8162125.602,1593.226,,,,,,,,,
7853,201906.153,8162126.447,1593.282,,,,,,,,,
7854,201906.189,8162088.909,1593.613,,,,,,,,,
7855,201906.164,8162088.12,1593.61,,,,,,,,,
7856,201899.963,8162088.9,1593.474,,,,,,,,,
7857,201899.92,8162088.322,1593.536,,,,,,,,,
7858,199107.287,8164032.518,1514.337,,,,,,,,,
7859,199107.279,8163995.799,1514.29,,,,,,,,,
7860,199107.28,8163994.954,1514.29,,,,,,,,,
7861,199107.247,8163958.218,1514.245,,,,,,,,,
7862,199113.408,8163958.207,1514.407,,,,,,,,,
7863,199113.436,8163994.936,1514.359,,,,,,,,,
7864,199113.427,8163995.804,1514.359,,,,,,,,,
7865,199113.495,8164032.521,1514.364,,,,,,,,,
7866,199119.664,8164032.559,1514.545,,,,,,,,,
7867,199119.65,8163995.824,1514.533,,,,,,,,,
7868,199119.642,8163994.952,1514.536,,,,,,,,,
7869,199119.621,8163958.233,1514.505,,,,,,,,,
7870,199125.833,8163994.941,1514.665,,,,,,,,,
7871,199125.828,8163995.801,1514.669,,,,,,,,,
7872,199125.869,8164032.541,1514.671,,,,,,,,,
7873,199132.037,8164032.536,1514.692,,,,,,,,,
7874,199138.219,8163958.21,1514.912,,,,,,,,,
7875,199138.206,8163994.926,1514.813,,,,,,,,,
7876,199138.21,8163995.796,1514.808,,,,,,,,,
7877,199138.202,8164032.533,1514.718,,,,,,,,,
7878,199144.417,8164032.514,1514.888,,,,,,,,,
7879,199144.405,8163995.782,1515.063,,,,,,,,,
7880,199144.416,8163994.898,1515.064,,,,,,,,,
7881,199144.392,8163958.198,1515.247,,,,,,,,,
7882,199150.593,8163958.241,1515.567,,,,,,,,,
7883,199150.62,8163994.948,1515.318,,,,,,,,,
7884,199150.607,8163995.826,1515.312,,,,,,,,,
7885,199150.62,8164032.548,1515.04,,,,,,,,,
7886,199169.235,8164070.874,1515.702,,,,,,,,,
7887,199169.227,8164052.537,1515.635,,,,,,,,,
7888,199169.228,8164051.709,1515.637,,,,,,,,,
7889,199169.208,8164033.38,1515.612,,,,,,,,,
7890,199175.428,8164033.367,1515.751,,,,,,,,,
7891,199175.448,8164051.696,1515.75,,,,,,,,,
7892,199175.443,8164052.528,1515.749,,,,,,,,,
7893,199175.432,8164070.866,1515.745,,,,,,,,,
7894,199181.577,8164070.836,1515.919,,,,,,,,,
7895,199181.591,8164052.497,1515.861,,,,,,,,,
7896,199181.581,8164051.672,1515.858,,,,,,,,,
7897,199181.591,8164033.344,1515.811,,,,,,,,,
7898,199187.802,8164033.398,1515.949,,,,,,,,,
7899,199187.803,8164051.728,1515.979,,,,,,,,,
7900,199187.8,8164052.546,1515.982,,,,,,,,,
7901,199187.771,8164070.894,1516.028,,,,,,,,,
7902,199194.014,8164070.827,1516.297,,,,,,,,,
7903,199193.991,8164052.494,1516.198,,,,,,,,,
7904,199193.988,8164051.663,1516.197,,,,,,,,,
7905,199193.961,8164033.33,1516.111,,,,,,,,,
7906,199200.189,8164033.357,1516.292,,,,,,,,,
7907,199200.227,8164051.682,1516.344,,,,,,,,,
7908,199200.226,8164052.52,1516.339,,,,,,,,,
7909,199200.221,8164070.864,1516.399,,,,,,,,,
7910,199206.433,8164070.875,1516.456,,,,,,,,,
7911,199206.415,8164052.537,1516.473,,,,,,,,,
7912,199206.409,8164051.708,1516.474,,,,,,,,,
7913,199206.376,8164033.374,1516.484,,,,,,,,,
7914,199212.579,8164033.345,1516.654,,,,,,,,,
7915,199212.611,8164051.673,1516.557,,,,,,,,,
7916,199212.623,8164052.505,1516.554,,,,,,,,,
7917,199212.63,8164070.845,1516.451,,,,,,,,,
7918,199218.784,8164070.916,1516.613,,,,,,,,,
7919,199218.812,8164052.579,1516.66,,,,,,,,,
7920,199218.802,8164051.745,1516.655,,,,,,,,,
7921,199218.814,8164033.409,1516.701,,,,,,,,,
7922,199225.054,8164033.394,1516.859,,,,,,,,,
7923,199225.028,8164051.726,1516.774,,,,,,,,,
7924,199225.04,8164052.556,1516.768,,,,,,,,,
7925,199225.021,8164070.893,1516.685,,,,,,,,,
7926,199243.553,8164107.641,1517.357,,,,,,,,,
7927,199243.563,8164070.937,1517.391,,,,,,,,,
7928,199243.553,8164070.063,1517.394,,,,,,,,,
7929,199243.572,8164033.349,1517.415,,,,,,,,,
7930,199249.798,8164033.354,1517.482,,,,,,,,,
7931,199249.795,8164070.087,1517.505,,,,,,,,,
7932,199249.784,8164070.948,1517.5,,,,,,,,,
7933,199249.797,8164107.67,1517.5,,,,,,,,,
7934,199255.98,8164107.667,1517.701,,,,,,,,,
7935,199255.992,8164070.931,1517.735,,,,,,,,,
7936,199255.995,8164070.038,1517.736,,,,,,,,,
7937,199255.977,8164033.334,1517.729,,,,,,,,,
7938,199262.167,8164033.299,1517.937,,,,,,,,,
7939,199262.166,8164070.001,1517.922,,,,,,,,,
7940,199262.168,8164070.908,1517.926,,,,,,,,,
7941,199262.195,8164107.638,1517.888,,,,,,,,,
7942,199268.346,8164107.669,1518.083,,,,,,,,,
7943,199268.36,8164070.954,1518.075,,,,,,,,,
7944,199268.364,8164070.061,1518.08,,,,,,,,,
7945,199268.367,8164033.354,1518.038,,,,,,,,,
7946,199274.552,8164033.344,1518.039,,,,,,,,,
7947,199274.564,8164070.067,1518.165,,,,,,,,,
7948,199274.56,8164070.938,1518.166,,,,,,,,,
7949,199274.571,8164107.649,1518.253,,,,,,,,,
7950,199274.609,8163958.235,1518.34,,,,,,,,,
7951,199274.54,8163994.935,1518.409,,,,,,,,,
7952,199274.545,8163995.806,1518.408,,,,,,,,,
7953,199274.512,8164032.532,1518.505,,,,,,,,,
7954,199268.307,8164032.515,1518.451,,,,,,,,,
7955,199268.445,8163995.791,1518.543,,,,,,,,,
7956,199268.339,8163994.934,1518.542,,,,,,,,,
7957,199268.443,8163958.225,1518.62,,,,,,,,,
7958,199280.752,8164107.662,1518.432,,,,,,,,,
7959,199280.756,8164070.942,1518.393,,,,,,,,,
7960,199280.745,8164070.076,1518.389,,,,,,,,,
7961,199280.724,8164033.353,1518.335,,,,,,,,,
7962,199286.98,8164033.326,1518.633,,,,,,,,,
7963,199286.963,8164070.079,1518.587,,,,,,,,,
7964,199286.974,8164070.922,1518.586,,,,,,,,,
7965,199286.964,8164107.657,1518.534,,,,,,,,,
7966,199280.744,8164032.544,1518.269,,,,,,,,,
7967,199280.745,8163995.821,1518.779,,,,,,,,,
7968,199280.749,8163994.801,1518.787,,,,,,,,,
7969,199280.781,8163958.1,1518.372,,,,,,,,,
7970,199286.995,8163958.257,1518.639,,,,,,,,,
7971,199286.972,8163994.983,1518.802,,,,,,,,,
7972,199286.985,8163995.981,1518.796,,,,,,,,,
7973,199286.951,8164032.699,1518.421,,,,,,,,,
7974,199280.77,8163957.403,1518.718,,,,,,,,,
7975,199280.79,8163920.67,1518.601,,,,,,,,,
7976,199280.765,8163919.854,1518.601,,,,,,,,,
7977,199280.801,8163883.084,1518.358,,,,,,,,,
7978,199286.969,8163883.113,1518.516,,,,,,,,,
7979,199286.971,8163919.874,1518.742,,,,,,,,,
7980,199286.988,8163920.715,1518.741,,,,,,,,,
7981,199286.955,8163957.431,1518.704,,,,,,,,,
7982,199280.736,8163882.364,1518.343,,,,,,,,,
7983,199280.765,8163845.648,1518.949,,,,,,,,,
7984,199280.756,8163844.617,1518.961,,,,,,,,,
7985,199280.788,8163807.884,1518.806,,,,,,,,,
7986,199286.984,8163808.006,1519.129,,,,,,,,,
7987,199286.944,8163844.73,1519.095,,,,,,,,,
7988,199286.963,8163845.78,1519.084,,,,,,,,,
7989,199286.907,8163882.476,1518.464,,,,,,,,,
7990,199293.18,8164107.642,1518.709,,,,,,,,,
7991,199293.176,8164070.924,1518.745,,,,,,,,,
7992,199293.164,8164070.047,1518.75,,,,,,,,,
7993,199293.206,8164033.33,1518.764,,,,,,,,,
7994,199299.413,8164033.316,1518.677,,,,,,,,,
7995,199299.403,8164070.058,1518.858,,,,,,,,,
7996,199299.41,8164070.893,1518.869,,,,,,,,,
7997,199299.392,8164107.64,1519.035,,,,,,,,,
7998,199293.178,8164032.571,1518.563,,,,,,,,,
7999,199293.214,8163995.865,1519.047,,,,,,,,,
8000,199293.214,8163994.851,1519.054,,,,,,,,,
8001,199293.166,8163958.128,1518.925,,,,,,,,,
8002,199299.355,8163958.266,1519.24,,,,,,,,,
8003,199299.393,8163995.023,1519.154,,,,,,,,,
8004,199299.399,8163995.99,1519.132,,,,,,,,,
8005,199299.381,8164032.709,1518.705,,,,,,,,,
8006,199293.165,8163957.445,1518.992,,,,,,,,,
8007,199293.177,8163920.706,1518.923,,,,,,,,,
8008,199293.166,8163919.866,1518.917,,,,,,,,,
8009,199293.183,8163883.144,1518.568,,,,,,,,,
8010,199299.408,8163883.105,1518.686,,,,,,,,,
8011,199299.372,8163919.84,1518.961,,,,,,,,,
8012,199299.391,8163920.682,1518.962,,,,,,,,,
8013,199299.378,8163957.427,1518.959,,,,,,,,,
8014,199293.187,8163882.369,1518.708,,,,,,,,,
8015,199293.191,8163845.679,1519.266,,,,,,,,,
8016,199293.181,8163844.636,1519.269,,,,,,,,,
8017,199293.193,8163807.934,1519.149,,,,,,,,,
8018,199299.397,8163808.001,1519.25,,,,,,,,,
8019,199299.392,8163844.73,1519.42,,,,,,,,,
8020,199299.41,8163845.756,1519.41,,,,,,,,,
8021,199299.356,8163882.473,1518.913,,,,,,,,,
8022,199305.554,8164107.652,1519.02,,,,,,,,,
8023,199305.539,8164070.909,1518.872,,,,,,,,,
8024,199305.529,8164070.038,1518.874,,,,,,,,,
8025,199305.537,8164033.329,1518.687,,,,,,,,,
8026,199311.718,8164033.335,1519.097,,,,,,,,,
8027,199311.738,8164070.093,1519.165,,,,,,,,,
8028,199311.746,8164070.932,1519.167,,,,,,,,,
8029,199311.745,8164107.663,1519.206,,,,,,,,,
8030,199305.497,8164032.542,1519.006,,,,,,,,,
8031,199305.58,8163995.827,1519.301,,,,,,,,,
8032,199305.579,8163994.82,1519.306,,,,,,,,,
8033,199305.629,8163958.1,1519.193,,,,,,,,,
8034,199311.818,8163958.227,1519.494,,,,,,,,,
8035,199311.749,8163994.955,1519.307,,,,,,,,,
8036,199311.764,8163995.934,1519.302,,,,,,,,,
8037,199311.688,8164032.667,1518.95,,,,,,,,,
8038,199305.608,8163957.431,1519.038,,,,,,,,,
8039,199311.785,8163883.093,1518.992,,,,,,,,,
8040,199311.778,8163919.806,1519.179,,,,,,,,,
8041,199311.793,8163920.679,1519.174,,,,,,,,,
8042,199311.789,8163957.404,1519.361,,,,,,,,,
8043,199305.604,8163920.695,1518.95,,,,,,,,,
8044,199305.588,8163919.829,1518.947,,,,,,,,,
8045,199305.589,8163883.128,1518.854,,,,,,,,,
8046,199305.564,8163882.333,1519.126,,,,,,,,,
8047,199305.573,8163845.619,1519.474,,,,,,,,,
8048,199305.552,8163844.731,1519.493,,,,,,,,,
8049,199305.594,8163808.007,1519.811,,,,,,,,,
8050,199311.784,8163808.008,1519.876,,,,,,,,,
8051,199311.742,8163844.75,1519.54,,,,,,,,,
8052,199311.761,8163845.632,1519.536,,,,,,,,,
8053,199311.75,8163882.34,1519.224,,,,,,,,,
8054,199317.941,8164107.667,1519.157,,,,,,,,,
8055,199317.942,8164070.928,1519.189,,,,,,,,,
8056,199317.941,8164070.055,1519.189,,,,,,,,,
8057,199317.937,8164033.349,1519.209,,,,,,,,,
8058,199324.178,8164033.318,1519.437,,,,,,,,,
8059,199324.191,8164070.048,1519.414,,,,,,,,,
8060,199324.196,8164070.908,1519.398,,,,,,,,,
8061,199324.175,8164107.648,1519.355,,,,,,,,,
8062,199317.935,8164032.566,1519.503,,,,,,,,,
8063,199317.914,8163995.818,1519.508,,,,,,,,,
8064,199317.903,8163994.982,1519.507,,,,,,,,,
8065,199317.909,8163958.26,1519.533,,,,,,,,,
8066,199324.108,8163958.232,1519.756,,,,,,,,,
8067,199324.134,8163994.946,1519.505,,,,,,,,,
8068,199324.136,8163995.802,1519.5,,,,,,,,,
8069,199324.16,8164032.541,1519.259,,,,,,,,,
8070,199317.892,8163957.42,1519.406,,,,,,,,,
8071,199317.92,8163920.704,1519.322,,,,,,,,,
8072,199317.934,8163919.834,1519.324,,,,,,,,,
8073,199317.966,8163883.111,1519.203,,,,,,,,,
8074,199324.156,8163883.112,1519.626,,,,,,,,,
8075,199324.123,8163919.831,1519.662,,,,,,,,,
8076,199324.135,8163920.691,1519.664,,,,,,,,,
8077,199324.109,8163957.421,1519.675,,,,,,,,,
8078,199317.98,8163882.337,1519.575,,,,,,,,,
8079,199317.933,8163845.621,1519.739,,,,,,,,,
8080,199317.928,8163844.74,1519.744,,,,,,,,,
8081,199317.924,8163808.008,1519.906,,,,,,,,,
8082,199324.108,8163808.011,1520.217,,,,,,,,,
8083,199324.127,8163844.764,1519.901,,,,,,,,,
8084,199324.116,8163845.622,1519.882,,,,,,,,,
8085,199324.155,8163882.336,1519.559,,,,,,,,,
8086,199330.412,8164107.646,1519.607,,,,,,,,,
8087,199330.362,8164070.934,1519.575,,,,,,,,,
8088,199330.362,8164070.05,1519.57,,,,,,,,,
8089,199330.298,8164033.34,1519.537,,,,,,,,,
8090,199336.516,8164033.338,1519.71,,,,,,,,,
8091,199336.547,8164070.065,1519.762,,,,,,,,,
8092,199336.547,8164070.908,1519.751,,,,,,,,,
8093,199336.601,8164107.654,1519.78,,,,,,,,,
8094,199330.362,8164032.539,1519.394,,,,,,,,,
8095,199330.374,8163995.806,1519.725,,,,,,,,,
8096,199330.371,8163994.917,1519.735,,,,,,,,,
8097,199330.354,8163958.215,1520.046,,,,,,,,,
8098,199336.526,8163958.191,1519.965,,,,,,,,,
8099,199336.531,8163994.905,1520.053,,,,,,,,,
8100,199336.544,8163995.757,1520.051,,,,,,,,,
8101,199336.488,8164032.526,1520.103,,,,,,,,,
8102,199330.379,8163957.459,1520.02,,,,,,,,,
8103,199330.333,8163920.733,1520.071,,,,,,,,,
8104,199330.403,8163919.819,1520.073,,,,,,,,,
8105,199330.326,8163883.129,1519.639,,,,,,,,,
8106,199336.528,8163883.157,1519.744,,,,,,,,,
8107,199336.572,8163919.877,1519.862,,,,,,,,,
8108,199336.542,8163920.751,1519.821,,,,,,,,,
8109,199336.555,8163957.479,1519.889,,,,,,,,,
8110,199330.337,8163882.347,1519.866,,,,,,,,,
8111,199330.307,8163845.624,1520.082,,,,,,,,,
8112,199330.308,8163844.752,1520.087,,,,,,,,,
8113,199330.297,8163808.013,1520.286,,,,,,,,,
8114,199336.507,8163808.034,1520.335,,,,,,,,,
8115,199336.526,8163844.763,1520.207,,,,,,,,,
8116,199336.531,8163845.646,1520.209,,,,,,,,,
8117,199336.551,8163882.362,1520.052,,,,,,,,,
8118,199342.764,8164107.643,1519.908,,,,,,,,,
8119,199342.758,8164070.912,1519.933,,,,,,,,,
8120,199342.767,8164070.055,1519.934,,,,,,,,,
8121,199342.752,8164033.329,1519.938,,,,,,,,,
8122,199348.945,8164033.39,1520.217,,,,,,,,,
8123,199348.975,8164070.124,1520.135,,,,,,,,,
8124,199348.97,8164070.976,1520.135,,,,,,,,,
8125,199348.993,8164107.703,1520.049,,,,,,,,,
8126,199342.743,8164032.535,1519.881,,,,,,,,,
8127,199342.737,8163995.787,1520.111,,,,,,,,,
8128,199342.745,8163994.908,1520.12,,,,,,,,,
8129,199342.74,8163958.19,1520.332,,,,,,,,,
8130,199348.942,8163958.197,1520.448,,,,,,,,,
8131,199348.958,8163994.918,1520.271,,,,,,,,,
8132,199348.961,8163995.788,1520.275,,,,,,,,,
8133,199348.923,8164032.53,1520.065,,,,,,,,,
8134,199342.714,8163957.421,1520.4,,,,,,,,,
8135,199342.632,8163920.704,1520.228,,,,,,,,,
8136,199342.758,8163919.673,1520.226,,,,,,,,,
8137,199342.767,8163882.951,1519.925,,,,,,,,,
8138,199348.966,8163883.119,1520.132,,,,,,,,,
8139,199348.92,8163919.832,1519.956,,,,,,,,,
8140,199348.916,8163920.856,1519.969,,,,,,,,,
8141,199348.915,8163957.568,1520.559,,,,,,,,,
8142,199342.784,8163882.354,1520.079,,,,,,,,,
8143,199342.73,8163845.646,1520.334,,,,,,,,,
8144,199342.727,8163844.756,1520.343,,,,,,,,,
8145,199342.685,8163808.017,1520.571,,,,,,,,,
8146,199348.934,8163808.03,1520.678,,,,,,,,,
8147,199348.958,8163844.742,1520.495,,,,,,,,,
8148,199348.948,8163845.666,1520.494,,,,,,,,,
8149,199349.005,8163882.372,1520.273,,,,,,,,,
8150,199355.103,8164107.649,1520.325,,,,,,,,,
8151,199355.115,8164070.92,1520.316,,,,,,,,,
8152,199355.107,8164070.065,1520.316,,,,,,,,,
8153,199355.131,8164033.34,1520.283,,,,,,,,,
8154,199361.326,8164033.353,1520.505,,,,,,,,,
8155,199361.326,8164070.077,1520.475,,,,,,,,,
8156,199361.321,8164070.959,1520.485,,,,,,,,,
8157,199361.324,8164107.658,1520.438,,,,,,,,,
8158,199355.126,8164032.553,1520.201,,,,,,,,,
8159,199355.147,8163995.821,1520.399,,,,,,,,,
8160,199355.128,8163994.929,1520.404,,,,,,,,,
8161,199355.156,8163958.218,1520.601,,,,,,,,,
8162,199361.374,8163958.227,1520.893,,,,,,,,,
8163,199361.358,8163994.984,1520.724,,,,,,,,,
8164,199361.355,8163995.847,1520.715,,,,,,,,,
8165,199361.219,8164032.669,1521.217,,,,,,,,,
8166,199355.175,8163957.426,1520.654,,,,,,,,,
8167,199355.174,8163920.716,1520.55,,,,,,,,,
8168,199355.128,8163919.669,1520.539,,,,,,,,,
8169,199355.157,8163882.978,1520.302,,,,,,,,,
8170,199361.323,8163883.104,1520.385,,,,,,,,,
8171,199361.358,8163919.812,1520.791,,,,,,,,,
8172,199361.359,8163920.879,1520.795,,,,,,,,,
8173,199361.389,8163957.562,1520.522,,,,,,,,,
8174,199355.116,8163882.319,1520.623,,,,,,,,,
8175,199355.09,8163845.604,1520.623,,,,,,,,,
8176,199355.099,8163844.723,1520.628,,,,,,,,,
8177,199355.095,8163808.005,1520.625,,,,,,,,,
8178,199361.312,8163808.023,1520.786,,,,,,,,,
8179,199361.332,8163844.742,1520.799,,,,,,,,,
8180,199361.325,8163845.601,1520.799,,,,,,,,,
8181,199361.35,8163882.327,1520.792,,,,,,,,,
8182,199367.576,8164107.648,1520.633,,,,,,,,,
8183,199367.565,8164070.923,1520.68,,,,,,,,,
8184,199367.55,8164070.062,1520.686,,,,,,,,,
8185,199367.549,8164033.344,1520.693,,,,,,,,,
8186,199373.711,8164033.35,1520.863,,,,,,,,,
8187,199373.733,8164070.071,1520.979,,,,,,,,,
8188,199373.736,8164070.935,1520.839,,,,,,,,,
8189,199373.753,8164107.655,1520.803,,,,,,,,,
8190,199367.578,8164032.564,1520.683,,,,,,,,,
8191,199367.527,8163995.835,1520.832,,,,,,,,,
8192,199367.529,8163994.952,1520.835,,,,,,,,,
8193,199367.511,8163958.234,1520.996,,,,,,,,,
8194,199373.723,8163958.248,1521.149,,,,,,,,,
8195,199373.739,8163994.969,1520.983,,,,,,,,,
8196,199373.735,8163995.852,1520.989,,,,,,,,,
8197,199373.739,8164032.603,1520.831,,,,,,,,,
8198,199367.523,8163957.438,1520.941,,,,,,,,,
8199,199367.543,8163920.729,1520.721,,,,,,,,,
8200,199367.54,8163919.828,1520.721,,,,,,,,,
8201,199367.56,8163883.12,1520.486,,,,,,,,,
8202,199373.741,8163883.132,1520.739,,,,,,,,,
8203,199373.735,8163919.838,1520.788,,,,,,,,,
8204,199373.727,8163920.761,1520.785,,,,,,,,,
8205,199373.711,8163957.464,1520.82,,,,,,,,,
8206,199367.552,8163882.331,1520.811,,,,,,,,,
8207,199367.577,8163845.619,1520.904,,,,,,,,,
8208,199367.568,8163844.765,1520.911,,,,,,,,,
8209,199367.596,8163808.047,1520.978,,,,,,,,,
8210,199373.765,8163808.055,1520.985,,,,,,,,,
8211,199373.744,8163844.781,1521.023,,,,,,,,,
8212,199373.742,8163845.645,1521.02,,,,,,,,,
8213,199373.746,8163882.352,1521.015,,,,,,,,,
8214,199392.345,8164107.663,1521.147,,,,,,,,,
8215,199392.303,8164070.951,1521.182,,,,,,,,,
8216,199392.3,8164070.074,1521.189,,,,,,,,,
8217,199392.302,8164033.341,1521.243,,,,,,,,,
8218,199398.522,8164107.672,1521.227,,,,,,,,,
8219,199398.499,8164070.941,1521.294,,,,,,,,,
8220,199398.485,8164070.081,1521.293,,,,,,,,,
8221,199398.479,8164033.357,1521.352,,,,,,,,,
8222,199827.695,8164194.323,1532.109,,,,,,,,,
8223,199827.676,8164157.626,1531.789,,,,,,,,,
8224,199827.712,8164156.63,1531.785,,,,,,,,,
8225,199827.739,8164119.902,1531.824,,,,,,,,,
8226,199833.93,8164120.016,1531.93,,,,,,,,,
8227,199833.85,8164156.711,1531.938,,,,,,,,,
8228,199833.858,8164157.725,1531.935,,,,,,,,,
8229,199833.875,8164194.447,1532.254,,,,,,,,,
8230,199840.027,8164194.352,1532.296,,,,,,,,,
8231,199840.108,8164157.604,1532.024,,,,,,,,,
8232,199840.091,8164156.64,1532.025,,,,,,,,,
8233,199840.125,8164119.911,1532.298,,,,,,,,,
8234,199846.313,8164120.056,1532.392,,,,,,,,,
8235,199846.307,8164156.754,1532.406,,,,,,,,,
8236,199846.303,8164157.771,1532.406,,,,,,,,,
8237,199846.267,8164194.485,1532.388,,,,,,,,,
8238,199852.476,8164194.314,1532.518,,,,,,,,,
8239,199852.499,8164157.572,1532.611,,,,,,,,,
8240,199852.538,8164156.566,1532.387,,,,,,,,,
8241,199852.513,8164119.883,1532.645,,,,,,,,,
8242,199858.726,8164120.046,1532.841,,,,,,,,,
8243,199858.681,8164156.744,1532.876,,,,,,,,,
8244,199858.694,8164157.751,1532.867,,,,,,,,,
8245,199858.667,8164194.48,1532.829,,,,,,,,,
8246,199864.951,8164194.307,1532.897,,,,,,,,,
8247,199864.959,8164157.52,1532.903,,,,,,,,,
8248,199864.924,8164156.544,1532.921,,,,,,,,,
8249,199864.921,8164119.87,1532.826,,,,,,,,,
8250,199871.115,8164120.031,1533.028,,,,,,,,,
8251,199871.07,8164156.72,1533.393,,,,,,,,,
8252,199871.086,8164157.72,1533.394,,,,,,,,,
8253,199871.155,8164194.457,1533.318,,,,,,,,,
8254,199877.249,8164194.326,1533.552,,,,,,,,,
8255,199877.261,8164157.581,1533.663,,,,,,,,,
8256,199877.307,8164156.585,1533.658,,,,,,,,,
8257,199877.304,8164119.889,1533.352,,,,,,,,,
8258,199883.49,8164120.031,1533.604,,,,,,,,,
8259,199883.474,8164156.734,1533.789,,,,,,,,,
8260,199883.493,8164157.732,1533.796,,,,,,,,,
8261,199883.518,8164194.47,1533.803,,,,,,,,,
8262,199889.665,8164194.365,1533.971,,,,,,,,,
8263,199889.704,8164157.601,1533.914,,,,,,,,,
8264,199889.686,8164156.613,1533.907,,,,,,,,,
8265,199889.708,8164119.92,1533.764,,,,,,,,,
8266,199895.877,8164120.051,1533.894,,,,,,,,,
8267,199895.85,8164156.763,1534.007,,,,,,,,,
8268,199895.872,8164157.734,1534.009,,,,,,,,,
8269,199895.85,8164194.48,1534.163,,,,,,,,,
8270,199902.049,8164194.321,1534.377,,,,,,,,,
8271,199901.983,8164157.583,1534.249,,,,,,,,,
8272,199902.12,8164156.572,1534.253,,,,,,,,,
8273,199902.084,8164119.881,1534.01,,,,,,,,,
8274,199908.308,8164120.048,1534.021,,,,,,,,,
8275,199908.249,8164156.733,1534.39,,,,,,,,,
8276,199908.256,8164157.754,1534.395,,,,,,,,,
8277,199908.277,8164194.479,1534.515,,,,,,,,,
8278,199914.496,8164194.294,1534.901,,,,,,,,,
8279,199914.483,8164157.577,1534.581,,,,,,,,,
8280,199914.492,8164156.573,1534.571,,,,,,,,,
8281,199914.477,8164119.87,1534.029,,,,,,,,,
8282,199559.697,8163808.027,1524.753,,,,,,,,,
8283,199559.675,8163844.741,1525.513,,,,,,,,,
8284,199559.647,8163845.758,1525.519,,,,,,,,,
8285,199559.693,8163882.479,1525.748,,,,,,,,,
8286,199559.718,8163883.13,1525.979,,,,,,,,,
8287,199559.67,8163919.88,1526.068,,,,,,,,,
8288,199559.641,8163920.869,1526.066,,,,,,,,,
8289,199559.707,8163957.575,1525.825,,,,,,,,,
8290,199559.66,8163958.186,1525.883,,,,,,,,,
8291,199559.705,8163994.898,1525.645,,,,,,,,,
8292,199559.709,8163995.778,1525.642,,,,,,,,,
8293,199559.713,8164032.5,1525.417,,,,,,,,,
8294,199553.539,8164032.524,1525.233,,,,,,,,,
8295,199553.523,8163995.806,1525.492,,,,,,,,,
8296,199553.519,8163994.922,1525.489,,,,,,,,,
8297,199553.473,8163958.203,1525.725,,,,,,,,,
8298,199553.449,8163957.423,1525.699,,,,,,,,,
8299,199553.462,8163920.708,1525.863,,,,,,,,,
8300,199553.452,8163919.682,1525.866,,,,,,,,,
8301,199553.481,8163882.986,1525.845,,,,,,,,,
8302,199553.47,8163882.344,1525.609,,,,,,,,,
8303,199553.465,8163845.636,1525.281,,,,,,,,,
8304,199553.483,8163844.59,1525.279,,,,,,,,,
8305,199553.487,8163807.901,1524.828,,,,,,,,,
8306,199565.914,8163807.848,1525.046,,,,,,,,,
8307,199565.851,8163844.574,1525.523,,,,,,,,,
8308,199566.036,8163845.598,1525.539,,,,,,,,,
8309,199565.896,8163882.326,1525.914,,,,,,,,,
8310,199565.861,8163882.971,1525.966,,,,,,,,,
8311,199565.879,8163919.703,1526.056,,,,,,,,,
8312,199565.974,8163920.678,1526.063,,,,,,,,,
8313,199565.896,8163957.438,1526.003,,,,,,,,,
8314,199565.893,8163958.209,1526.015,,,,,,,,,
8315,199565.888,8163994.945,1525.772,,,,,,,,,
8316,199565.884,8163995.796,1525.755,,,,,,,,,
8317,199565.862,8164032.521,1525.521,,,,,,,,,
8318,199572.14,8163808.037,1524.966,,,,,,,,,
8319,199572.102,8163844.742,1525.707,,,,,,,,,
8320,199572.099,8163845.744,1525.73,,,,,,,,,
8321,199572.081,8163882.491,1526.233,,,,,,,,,
8322,199572.064,8163883.156,1526.104,,,,,,,,,
8323,199572.075,8163919.897,1526.252,,,,,,,,,
8324,199572.061,8163920.883,1526.245,,,,,,,,,
8325,199572.088,8163957.605,1526.068,,,,,,,,,
8326,199572.054,8163958.221,1526.193,,,,,,,,,
8327,199572.056,8163994.947,1525.906,,,,,,,,,
8328,199572.063,8163995.837,1525.899,,,,,,,,,
8329,199572.038,8164032.55,1525.605,,,,,,,,,
8330,199572.118,8164033.315,1525.466,,,,,,,,,
8331,199572.086,8164070.052,1525.302,,,,,,,,,
8332,199572.1,8164070.932,1525.299,,,,,,,,,
8333,199572.064,8164107.65,1525.102,,,,,,,,,
8334,199565.859,8164107.717,1524.779,,,,,,,,,
8335,199565.862,8164070.976,1525.107,,,,,,,,,
8336,199565.849,8164070.13,1525.113,,,,,,,,,
8337,199565.887,8164033.392,1525.431,,,,,,,,,
8338,199702.251,8164107.651,1528.51,,,,,,,,,
8339,199702.223,8164070.932,1528.391,,,,,,,,,
8340,199702.227,8164070.089,1528.389,,,,,,,,,
8341,199702.23,8164033.345,1528.275,,,,,,,,,
8342,199708.394,8164033.333,1528.689,,,,,,,,,
8343,199708.425,8164070.043,1528.642,,,,,,,,,
8344,199708.422,8164070.925,1528.641,,,,,,,,,
8345,199708.424,8164107.639,1528.516,,,,,,,,,
8346,199714.608,8164107.662,1528.719,,,,,,,,,
8347,199714.596,8164070.926,1528.805,,,,,,,,,
8348,199714.61,8164070.088,1528.812,,,,,,,,,
8349,199720.902,8164033.092,1528.604,,,,,,,,,
8350,199720.851,8164070.092,1529.059,,,,,,,,,
8351,199720.842,8164070.928,1529.049,,,,,,,,,
8352,199720.852,8164107.671,1528.965,,,,,,,,,
8353,199727.079,8164107.66,1528.836,,,,,,,,,
8354,199726.976,8164070.941,1529.147,,,,,,,,,
8355,199727,8164070.1,1529.15,,,,,,,,,
8356,199726.994,8164033.364,1529.384,,,,,,,,,
8357,199733.201,8164033.347,1529.506,,,,,,,,,
8358,199733.219,8164070.06,1529.253,,,,,,,,,
8359,199733.207,8164070.937,1529.259,,,,,,,,,
8360,199733.178,8164107.648,1529.014,,,,,,,,,
8361,199739.391,8164107.647,1528.835,,,,,,,,,
8362,199739.398,8164070.917,1529.226,,,,,,,,,
8363,199739.397,8164070.071,1529.237,,,,,,,,,
8364,199739.406,8164033.341,1529.59,,,,,,,,,
8365,199745.621,8164033.358,1529.676,,,,,,,,,
8366,199745.605,8164070.082,1529.691,,,,,,,,,
8367,199745.584,8164070.949,1529.703,,,,,,,,,
8368,199745.568,8164107.66,1529.678,,,,,,,,,
8369,199751.832,8164107.618,1529.173,,,,,,,,,
8370,199751.812,8164070.897,1529.572,,,,,,,,,
8371,199751.813,8164070.057,1529.583,,,,,,,,,
8372,199751.786,8164033.305,1529.959,,,,,,,,,
8373,199757.977,8164033.343,1530.115,,,,,,,,,
8374,199757.996,8164070.063,1529.8,,,,,,,,,
8375,199758,8164070.917,1529.792,,,,,,,,,
8376,199758.002,8164107.655,1529.427,,,,,,,,,
8377,199764.206,8164107.667,1530.076,,,,,,,,,
8378,199764.203,8164070.945,1530.07,,,,,,,,,
8379,199764.233,8164070.087,1530.071,,,,,,,,,
8380,199764.242,8164033.36,1530.041,,,,,,,,,
8381,199770.404,8164033.365,1530.186,,,,,,,,,
8382,199770.401,8164070.06,1530.193,,,,,,,,,
8383,199770.384,8164070.948,1530.186,,,,,,,,,
8384,199770.386,8164107.682,1530.166,,,,,,,,,
8385,199776.663,8164107.628,1529.984,,,,,,,,,
8386,199776.629,8164070.903,1530.27,,,,,,,,,
8387,199776.706,8164070.043,1530.28,,,,,,,,,
8388,199776.62,8164033.314,1530.567,,,,,,,,,
8389,199782.802,8164033.363,1567.442,,,,,,,,,
8390,199782.801,8164070.068,1530.515,,,,,,,,,
8391,199782.801,8164070.955,1530.507,,,,,,,,,
8392,199782.825,8164107.673,1530.26,,,,,,,,,
8393,199789.007,8164107.642,1530.585,,,,,,,,,
8394,199789.039,8164070.916,1530.892,,,,,,,,,
8395,199789.023,8164069.946,1530.908,,,,,,,,,
8396,199789.049,8164033.209,1531.062,,,,,,,,,
8397,199795.258,8164033.323,1567.633,,,,,,,,,
8398,199795.244,8164070.015,1530.922,,,,,,,,,
8399,199795.234,8164071.061,1530.905,,,,,,,,,
8400,199795.204,8164107.76,1530.427,,,,,,,,,
8401,199826.206,8164107.625,1531.665,,,,,,,,,
8402,199826.183,8164070.895,1531.633,,,,,,,,,
8403,199826.175,8164069.864,1531.652,,,,,,,,,
8404,199826.182,8164033.175,1531.64,,,,,,,,,
8405,199826.181,8164032.492,1568.427,,,,,,,,,
8406,199826.184,8163995.771,1531.538,,,,,,,,,
8407,199826.207,8163994.906,1531.54,,,,,,,,,
8408,199826.173,8163958.185,1531.347,,,,,,,,,
8409,199826.195,8163957.422,1531.732,,,,,,,,,
8410,199826.18,8163920.683,1531.156,,,,,,,,,
8411,199826.188,8163919.84,1531.147,,,,,,,,,
8412,199826.211,8163883.119,1530.563,,,,,,,,,
8413,199826.2,8163882.322,1530.663,,,,,,,,,
8414,199826.212,8163845.635,1530.953,,,,,,,,,
8415,199826.168,8163844.587,1530.961,,,,,,,,,
8416,199826.171,8163807.884,1531.315,,,,,,,,,
8417,199832.412,8163808.001,1531.309,,,,,,,,,
8418,199832.392,8163844.697,1531.191,,,,,,,,,
8419,199832.394,8163845.703,1531.188,,,,,,,,,
8420,199832.434,8163882.44,1530.871,,,,,,,,,
8421,199832.433,8163883.103,1530.741,,,,,,,,,
8422,199832.402,8163919.808,1531.291,,,,,,,,,
8423,199832.409,8163920.672,1531.302,,,,,,,,,
8424,199832.424,8163957.405,1531.838,,,,,,,,,
8425,199832.379,8163958.199,1531.44,,,,,,,,,
8426,199832.39,8163994.921,1531.609,,,,,,,,,
8427,199832.387,8163995.77,1531.615,,,,,,,,,
8428,199832.408,8164032.518,1531.76,,,,,,,,,
8429,199832.387,8164033.326,1531.695,,,,,,,,,
8430,199832.383,8164070.028,1531.767,,,,,,,,,
8431,199832.356,8164071.061,1531.78,,,,,,,,,
8432,199832.393,8164107.785,1531.784,,,,,,,,,
8433,199838.621,8164107.678,1531.818,,,,,,,,,
8434,199838.614,8164070.941,1531.932,,,,,,,,,
8435,199838.624,8164069.915,1531.93,,,,,,,,,
8436,199838.571,8164033.217,1531.98,,,,,,,,,
8437,199838.579,8164032.548,1568.685,,,,,,,,,
8438,199838.563,8163995.806,1568.732,,,,,,,,,
8439,199838.606,8163994.825,1532.004,,,,,,,,,
8440,199838.606,8163958.089,1531.744,,,,,,,,,
8441,199838.594,8163957.407,1568.648,,,,,,,,,
8442,199838.554,8163920.657,1531.413,,,,,,,,,
8443,199838.63,8163919.815,1531.405,,,,,,,,,
8444,199838.573,8163883.097,1530.855,,,,,,,,,
8445,199838.603,8163882.308,1531.097,,,,,,,,,
8446,199838.571,8163845.574,1531.359,,,,,,,,,
8447,199838.593,8163844.548,1531.362,,,,,,,,,
8448,199838.595,8163807.844,1531.254,,,,,,,,,
8449,199844.788,8163808.005,1531.343,,,,,,,,,
8450,199844.784,8163844.688,1531.539,,,,,,,,,
8451,199844.778,8163845.707,1531.534,,,,,,,,,
8452,199844.781,8163882.448,1531.274,,,,,,,,,
8453,199844.783,8163883.082,1531.009,,,,,,,,,
8454,199844.816,8163919.792,1531.551,,,,,,,,,
8455,199844.81,8163920.673,1531.571,,,,,,,,,
8456,199844.825,8163957.397,1532.095,,,,,,,,,
8457,199844.782,8163958.182,1531.904,,,,,,,,,
8458,199844.762,8163994.914,1532.18,,,,,,,,,
8459,199844.753,8163995.903,1532.185,,,,,,,,,
8460,199844.736,8164032.631,1532.117,,,,,,,,,
8461,199844.772,8164033.318,1532.164,,,,,,,,,
8462,199844.82,8164070.035,1532.023,,,,,,,,,
8463,199844.811,8164071.038,1532.018,,,,,,,,,
8464,199844.816,8164107.767,1531.94,,,,,,,,,
8465,199851.016,8164107.667,1532.148,,,,,,,,,
8466,199850.987,8164070.941,1532.106,,,,,,,,,
8467,199850.993,8164069.911,1532.105,,,,,,,,,
8468,199851.03,8164033.205,1532.137,,,,,,,,,
8469,199850.969,8164032.538,1532.167,,,,,,,,,
8470,199851.04,8163995.877,1532.147,,,,,,,,,
8471,199850.964,8163994.826,1532.27,,,,,,,,,
8472,199850.956,8163958.103,1531.915,,,,,,,,,
8473,199851.002,8163957.421,1531.967,,,,,,,,,
8474,199850.961,8163920.7,1531.648,,,,,,,,,
8475,199850.977,8163919.83,1531.642,,,,,,,,,
8476,199850.868,8163883.108,1531.273,,,,,,,,,
8477,199850.967,8163882.293,1531.64,,,,,,,,,
8478,199850.987,8163845.543,1531.506,,,,,,,,,
8479,199850.993,8163844.535,1531.508,,,,,,,,,
8480,199850.996,8163807.849,1531.498,,,,,,,,,
8481,199857.189,8163807.999,1531.563,,,,,,,,,
8482,199857.151,8163844.691,1531.6,,,,,,,,,
8483,199857.224,8163845.698,1531.608,,,,,,,,,
8484,199857.214,8163882.423,1532.056,,,,,,,,,
8485,199857.182,8163883.12,1531.703,,,,,,,,,
8486,199857.206,8163919.845,1531.876,,,,,,,,,
8487,199857.176,8163920.71,1531.88,,,,,,,,,
8488,199857.221,8163957.433,1532.041,,,,,,,,,
8489,199857.194,8163958.218,1532.117,,,,,,,,,
8490,199857.208,8163994.935,1532.435,,,,,,,,,
8491,199857.21,8163995.933,1532.431,,,,,,,,,
8492,199857.195,8164032.679,1532.25,,,,,,,,,
8493,199857.195,8164033.317,1532.354,,,,,,,,,
8494,199857.177,8164070.034,1532.275,,,,,,,,,
8495,199857.153,8164071.05,1532.272,,,,,,,,,
8496,199857.155,8164107.763,1532.283,,,,,,,,,
8497,199863.386,8164107.617,1532.657,,,,,,,,,
8498,199863.432,8164070.901,1532.469,,,,,,,,,
8499,199863.407,8164069.892,1532.468,,,,,,,,,
8500,199863.367,8164033.183,1532.521,,,,,,,,,
8501,199863.423,8164032.542,1532.448,,,,,,,,,
8502,199863.378,8163995.797,1532.583,,,,,,,,,
8503,199863.415,8163994.825,1532.589,,,,,,,,,
8504,199863.384,8163958.093,1532.366,,,,,,,,,
8505,199863.406,8163957.419,1532.382,,,,,,,,,
8506,199863.411,8163920.676,1531.85,,,,,,,,,
8507,199863.413,8163919.702,1531.852,,,,,,,,,
8508,199863.425,8163882.972,1532.076,,,,,,,,,
8509,199863.418,8163882.293,1532.377,,,,,,,,,
8510,199863.4,8163845.751,1531.524,,,,,,,,,
8511,199863.528,8163844.772,1531.507,,,,,,,,,
8512,199863.408,8163807.856,1531.616,,,,,,,,,
8513,199869.612,8163807.989,1531.797,,,,,,,,,
8514,199869.6,8163844.686,1531.973,,,,,,,,,
8515,199869.606,8163845.67,1531.985,,,,,,,,,
8516,199869.614,8163882.418,1532.764,,,,,,,,,
8517,199869.589,8163883.118,1532.439,,,,,,,,,
8518,199869.601,8163919.84,1531.899,,,,,,,,,
8519,199869.595,8163920.82,1531.896,,,,,,,,,
8520,199869.556,8163957.573,1532.525,,,,,,,,,
8521,199869.615,8163958.195,1532.502,,,,,,,,,
8522,199869.567,8163994.894,1532.712,,,,,,,,,
8523,199869.55,8163995.921,1532.708,,,,,,,,,
8524,199869.583,8164032.646,1532.591,,,,,,,,,
8525,199869.587,8164033.355,1532.582,,,,,,,,,
8526,199869.623,8164070.083,1532.713,,,,,,,,,
8527,199869.607,8164071.085,1532.72,,,,,,,,,
8528,199869.585,8164107.806,1532.963,,,,,,,,,
8529,199875.771,8164107.66,1533.115,,,,,,,,,
8530,199875.83,8164070.931,1532.865,,,,,,,,,
8531,199875.82,8164069.937,1532.877,,,,,,,,,
8532,199875.758,8164033.205,1532.847,,,,,,,,,
8533,199875.756,8164032.518,1569.474,,,,,,,,,
8534,199875.764,8163995.779,1532.833,,,,,,,,,
8535,199875.774,8163994.786,1532.837,,,,,,,,,
8536,199875.822,8163958.069,1532.524,,,,,,,,,
8537,199875.814,8163957.43,1532.406,,,,,,,,,
8538,199875.758,8163920.517,1532.466,,,,,,,,,
8539,199875.866,8163919.824,1532.473,,,,,,,,,
8540,199875.843,8163883.114,1532.537,,,,,,,,,
8541,199875.787,8163882.321,1532.974,,,,,,,,,
8542,199875.781,8163845.575,1532.196,,,,,,,,,
8543,199875.81,8163844.58,1532.192,,,,,,,,,
8544,199875.803,8163807.874,1532.092,,,,,,,,,
8545,199881.962,8163807.987,1532.163,,,,,,,,,
8546,199881.973,8163844.686,1532.5,,,,,,,,,
8547,199881.95,8163845.684,1532.516,,,,,,,,,
8548,199881.993,8163882.422,1533.181,,,,,,,,,
8549,199881.989,8163883.115,1532.772,,,,,,,,,
8550,199882.01,8163919.838,1532.652,,,,,,,,,
8551,199881.937,8163920.714,1532.654,,,,,,,,,
8552,199881.998,8163957.436,1532.522,,,,,,,,,
8553,199881.974,8163958.199,1532.672,,,,,,,,,
8554,199881.98,8163994.914,1532.956,,,,,,,,,
8555,199881.974,8163995.926,1532.958,,,,,,,,,
8556,199881.933,8164032.651,1532.989,,,,,,,,,
8557,199881.93,8164033.352,1533.186,,,,,,,,,
8558,199881.997,8164070.098,1532.976,,,,,,,,,
8559,199882.003,8164071.05,1532.99,,,,,,,,,
8560,199881.976,8164107.784,1533.263,,,,,,,,,
8561,199888.193,8164107.629,1533.492,,,,,,,,,
8562,199888.165,8164070.887,1533.066,,,,,,,,,
8563,199888.132,8164069.911,1533.06,,,,,,,,,
8564,199888.211,8164033.169,1533.174,,,,,,,,,
8565,199888.238,8164032.521,1533.145,,,,,,,,,
8566,199888.184,8163995.801,1533.079,,,,,,,,,
8567,199888.202,8163994.795,1533.08,,,,,,,,,
8568,199888.127,8163958.07,1532.773,,,,,,,,,
8569,199888.183,8163957.443,1532.876,,,,,,,,,
8570,199888.217,8163920.733,1532.241,,,,,,,,,
8571,199888.214,8163919.727,1532.232,,,,,,,,,
8572,199888.178,8163883.003,1533.035,,,,,,,,,
8573,199888.175,8163882.286,1533.296,,,,,,,,,
8574,199888.16,8163845.523,1532.885,,,,,,,,,
8575,199888.166,8163844.551,1532.879,,,,,,,,,
8576,199888.165,8163807.852,1532.367,,,,,,,,,
8577,199894.377,8163807.965,1532.558,,,,,,,,,
8578,199894.349,8163844.66,1533.182,,,,,,,,,
8579,199894.403,8163845.658,1533.21,,,,,,,,,
8580,199894.425,8163882.402,1533.537,,,,,,,,,
8581,199894.343,8163883.134,1533.182,,,,,,,,,
8582,199894.382,8163919.91,1532.526,,,,,,,,,
8583,199894.389,8163920.854,1532.514,,,,,,,,,
8584,199894.357,8163957.577,1532.773,,,,,,,,,
8585,199894.335,8163958.247,1532.817,,,,,,,,,
8586,199894.37,8163994.964,1533.154,,,,,,,,,
8587,199894.365,8163995.955,1533.142,,,,,,,,,
8588,199894.388,8164032.688,1533.15,,,,,,,,,
8589,199894.414,8164033.333,1533.348,,,,,,,,,
8590,199894.378,8164070.074,1533.155,,,,,,,,,
8591,199894.379,8164071.039,1533.164,,,,,,,,,
8592,199894.403,8164107.757,1533.687,,,,,,,,,
8593,199900.596,8164107.625,1533.784,,,,,,,,,
8594,199900.585,8164070.89,1533.372,,,,,,,,,
8595,199900.58,8164069.934,1533.379,,,,,,,,,
8596,199900.565,8164033.183,1533.347,,,,,,,,,
8597,199900.581,8164032.528,1533.427,,,,,,,,,
8598,199900.513,8163995.793,1533.311,,,,,,,,,
8599,199900.56,8163994.815,1533.315,,,,,,,,,
8600,199900.568,8163958.078,1532.994,,,,,,,,,
8601,199900.585,8163957.446,1533.053,,,,,,,,,
8602,199900.589,8163920.725,1532.587,,,,,,,,,
8603,199900.619,8163919.724,1532.588,,,,,,,,,
8604,199900.551,8163883.006,1533.456,,,,,,,,,
8605,199900.515,8163882.287,1533.782,,,,,,,,,
8606,199900.585,8163845.531,1533.466,,,,,,,,,
8607,199900.548,8163844.527,1533.471,,,,,,,,,
8608,199900.536,8163807.857,1532.916,,,,,,,,,
8609,199912.994,8164107.63,1534.138,,,,,,,,,
8610,199912.924,8164070.88,1533.726,,,,,,,,,
8611,199912.929,8164069.952,1533.725,,,,,,,,,
8612,199913.002,8164033.207,1533.638,,,,,,,,,
8613,199913.016,8164032.518,1533.612,,,,,,,,,
8614,199912.956,8163995.792,1533.607,,,,,,,,,
8615,199912.977,8163994.789,1533.606,,,,,,,,,
8616,199912.976,8163958.082,1533.339,,,,,,,,,
8617,199913.013,8163957.416,1533.569,,,,,,,,,
8618,199912.96,8163920.685,1532.959,,,,,,,,,
8619,199912.977,8163919.71,1532.959,,,,,,,,,
8620,199912.972,8163882.984,1533.841,,,,,,,,,
8621,199912.951,8163882.318,1534.154,,,,,,,,,
8622,199912.928,8163845.556,1534.084,,,,,,,,,
8623,199912.92,8163844.586,1534.073,,,,,,,,,
8624,199912.984,8163807.881,1533.453,,,,,,,,,
8625,199906.734,8163807.984,1533.408,,,,,,,,,
8626,199906.777,8163844.71,1533.755,,,,,,,,,
8627,199906.776,8163845.696,1533.769,,,,,,,,,
8628,199906.749,8163882.428,1534.055,,,,,,,,,
8629,199906.756,8163883.15,1533.764,,,,,,,,,
8630,199906.82,8163919.882,1532.502,,,,,,,,,
8631,199906.794,8163920.851,1532.477,,,,,,,,,
8632,199906.824,8163957.568,1533.361,,,,,,,,,
8633,199906.782,8163958.2,1533.12,,,,,,,,,
8634,199906.76,8163994.937,1533.456,,,,,,,,,
8635,199906.746,8163995.909,1533.458,,,,,,,,,
8636,199906.796,8164032.646,1533.6,,,,,,,,,
8637,199906.768,8164033.314,1533.653,,,,,,,,,
8638,199906.762,8164070.071,1533.587,,,,,,,,,
8639,199906.772,8164070.995,1533.589,,,,,,,,,
8640,199906.779,8164107.746,1533.953,,,,,,,,,
8641,199920.699,8164119.986,1534.098,,,,,,,,,
8642,199920.657,8164156.689,1534.544,,,,,,,,,
8643,199920.643,8164157.679,1534.558,,,,,,,,,
8644,199920.634,8164194.426,1534.905,,,,,,,,,
8645,199926.84,8164194.318,1534.973,,,,,,,,,
8646,199926.868,8164157.568,1534.73,,,,,,,,,
8647,199926.901,8164156.59,1534.732,,,,,,,,,
8648,199926.89,8164119.88,1534.177,,,,,,,,,
8649,201017.874,8163204.538,1563.844,,,,,,,,,
8650,201017.791,8163167.87,1565.052,,,,,,,,,
8651,201017.964,8163166.795,1565.051,,,,,,,,,
8652,201017.86,8163130.133,1563.58,,,,,,,,,
8653,201017.83,8163129.414,1563.626,,,,,,,,,
8654,201017.49,8163092.805,1565.872,,,,,,,,,
8655,201017.908,8163091.729,1565.904,,,,,,,,,
8656,201017.874,8163055.05,1564.957,,,,,,,,,
8657,201017.853,8163054.346,1564.94,,,,,,,,,
8658,201017.878,8163017.606,1565.577,,,,,,,,,
8659,201017.876,8163016.629,1565.601,,,,,,,,,
8660,201017.883,8162979.919,1566.041,,,,,,,,,
8661,201017.887,8162979.181,1565.98,,,,,,,,,
8662,201017.701,8162942.478,1565.811,,,,,,,,,
8663,201017.943,8162941.474,1565.817,,,,,,,,,
8664,201017.885,8162904.759,1566.184,,,,,,,,,
8665,201024.054,8162904.949,1566.413,,,,,,,,,
8666,201024.114,8162941.665,1565.689,,,,,,,,,
8667,201024.049,8162942.664,1565.677,,,,,,,,,
8668,201024.085,8162979.358,1566.151,,,,,,,,,
8669,201024.063,8162980.053,1566.154,,,,,,,,,
8670,201024.066,8163016.768,1565.669,,,,,,,,,
8671,201024.087,8163017.771,1565.653,,,,,,,,,
8672,201024.024,8163054.494,1565.241,,,,,,,,,
8673,201024.018,8163055.131,1565.18,,,,,,,,,
8674,201024.001,8163091.845,1565.779,,,,,,,,,
8675,201024.013,8163092.883,1565.761,,,,,,,,,
8676,201023.984,8163129.515,1563.522,,,,,,,,,
8677,201024.025,8163130.28,1563.778,,,,,,,,,
8678,201023.99,8163167.003,1564.969,,,,,,,,,
8679,201023.989,8163167.983,1564.969,,,,,,,,,
8680,201024.162,8163204.916,1564.038,,,,,,,,,
8681,201030.238,8163129.478,1563.863,,,,,,,,,
8682,201030.304,8163092.637,1565.502,,,,,,,,,
8683,201030.346,8163091.781,1565.535,,,,,,,,,
8684,201030.303,8163055.089,1565.982,,,,,,,,,
8685,201030.276,8163054.361,1565.887,,,,,,,,,
8686,201030.31,8163017.661,1565.684,,,,,,,,,
8687,201030.32,8163016.664,1565.677,,,,,,,,,
8688,201030.264,8162979.922,1566.202,,,,,,,,,
8689,201030.276,8162979.184,1566.306,,,,,,,,,
8690,201030.221,8162942.498,1565.968,,,,,,,,,
8691,201030.389,8162941.502,1565.969,,,,,,,,,
8692,201030.326,8162904.776,1566.806,,,,,,,,,
8693,201036.472,8162904.889,1567.033,,,,,,,,,
8694,201036.437,8162941.626,1566.146,,,,,,,,,
8695,201036.39,8162942.625,1566.127,,,,,,,,,
8696,201036.425,8162979.305,1566.442,,,,,,,,,
8697,201036.458,8162980.146,1566.383,,,,,,,,,
8698,201036.422,8163016.86,1565.772,,,,,,,,,
8699,201036.48,8163017.817,1565.758,,,,,,,,,
8700,201036.472,8163054.576,1566.128,,,,,,,,,
8701,201036.457,8163055.141,1602.963,,,,,,,,,
8702,201036.46,8163091.839,1602.414,,,,,,,,,
8703,201036.468,8163092.895,1602.393,,,,,,,,,
8704,201036.433,8163129.547,1600.84,,,,,,,,,
8705,201042.679,8163129.423,1564.448,,,,,,,,,
8706,201042.682,8163092.884,1565.498,,,,,,,,,
8707,201042.701,8163091.834,1565.458,,,,,,,,,
8708,201042.685,8163055.001,1566.184,,,,,,,,,
8709,201042.683,8163054.254,1566.112,,,,,,,,,
8710,201042.538,8163017.548,1565.661,,,,,,,,,
8711,201042.677,8163016.547,1565.653,,,,,,,,,
8712,201042.737,8162979.86,1566.798,,,,,,,,,
8713,201042.696,8162979.201,1566.712,,,,,,,,,
8714,201042.617,8162942.318,1566.218,,,,,,,,,
8715,201042.708,8162941.506,1566.237,,,,,,,,,
8716,201042.707,8162904.828,1567.274,,,,,,,,,
8717,201048.916,8162905.028,1567.679,,,,,,,,,
8718,201048.852,8162941.721,1566.418,,,,,,,,,
8719,201048.756,8162942.753,1566.4,,,,,,,,,
8720,201048.885,8162979.41,1566.582,,,,,,,,,
8721,201048.908,8162980.092,1566.794,,,,,,,,,
8722,201048.803,8163016.777,1565.876,,,,,,,,,
8723,201048.822,8163017.806,1565.862,,,,,,,,,
8724,201048.837,8163054.504,1566.391,,,,,,,,,
8725,201048.836,8163055.143,1566.391,,,,,,,,,
8726,201048.78,8163091.826,1565.699,,,,,,,,,
8727,201048.815,8163092.883,1565.671,,,,,,,,,
8728,201048.943,8163129.571,1564.873,,,,,,,,,
8729,199919.22,8164107.761,1534.23,,,,,,,,,
8730,199919.218,8163807.985,1533.759,,,,,,,,,
8731,199919.149,8163844.687,1534.403,,,,,,,,,
8732,199919.143,8163845.669,1534.416,,,,,,,,,
8733,199919.166,8163882.418,1534.5,,,,,,,,,
8734,199919.179,8163883.122,1534.13,,,,,,,,,
8735,199919.193,8163919.847,1533.1,,,,,,,,,
8736,199919.194,8163920.808,1533.091,,,,,,,,,
8737,199919.214,8163957.551,1533.248,,,,,,,,,
8738,199919.159,8163958.196,1533.484,,,,,,,,,
8739,199919.14,8163994.916,1533.794,,,,,,,,,
8740,199919.117,8163995.897,1533.795,,,,,,,,,
8741,199919.142,8164032.632,1533.67,,,,,,,,,
8742,199919.198,8164033.321,1533.802,,,,,,,,,
8743,199919.151,8164070.075,1533.816,,,,,,,,,
8744,199919.141,8164071.01,1533.816,,,,,,,,,
8745,199925.411,8164107.641,1534.386,,,,,,,,,
8746,199925.346,8164070.913,1533.954,,,,,,,,,
8747,199925.383,8164069.927,1533.949,,,,,,,,,
8748,199925.352,8164033.191,1533.95,,,,,,,,,
8749,199925.399,8164032.516,1533.847,,,,,,,,,
8750,199925.336,8163995.793,1533.724,,,,,,,,,
8751,199925.346,8163994.802,1533.725,,,,,,,,,
8752,199925.368,8163958.066,1533.396,,,,,,,,,
8753,199925.379,8163957.437,1533.341,,,,,,,,,
8754,199925.418,8163920.697,1533.148,,,,,,,,,
8755,199925.428,8163919.735,1533.158,,,,,,,,,
8756,199925.424,8163883.006,1534.188,,,,,,,,,
8757,199925.38,8163882.31,1534.525,,,,,,,,,
8758,199925.354,8163845.558,1534.789,,,,,,,,,
8759,199925.392,8163844.563,1534.776,,,,,,,,,
8760,199925.39,8163807.88,1533.637,,,,,,,,,
8761,199931.55,8163808.007,1533.815,,,,,,,,,
8762,199931.525,8163844.656,1535.07,,,,,,,,,
8763,199931.514,8163845.707,1535.086,,,,,,,,,
8764,199931.566,8163882.442,1534.479,,,,,,,,,
8765,199931.559,8163883.117,1534.214,,,,,,,,,
8766,199931.57,8163919.862,1533.443,,,,,,,,,
8767,199931.571,8163920.856,1533.428,,,,,,,,,
8768,199931.562,8163957.596,1533.4,,,,,,,,,
8769,199931.585,8163958.183,1533.376,,,,,,,,,
8770,199931.555,8163994.908,1534.026,,,,,,,,,
8771,199931.552,8163995.879,1534.031,,,,,,,,,
8772,199931.598,8164032.622,1534.171,,,,,,,,,
8773,199931.565,8164033.322,1534.13,,,,,,,,,
8774,199931.563,8164070.036,1534.052,,,,,,,,,
8775,199931.536,8164071.021,1534.057,,,,,,,,,
8776,199931.61,8164107.765,1534.409,,,,,,,,,
8777,199937.815,8164107.62,1534.589,,,,,,,,,
8778,199937.753,8164070.883,1534.186,,,,,,,,,
8779,199937.764,8164069.904,1534.175,,,,,,,,,
8780,199937.792,8164033.172,1534.17,,,,,,,,,
8781,199937.812,8164032.514,1534.221,,,,,,,,,
8782,199937.742,8163995.755,1534.241,,,,,,,,,
8783,199937.744,8163994.789,1534.24,,,,,,,,,
8784,199937.729,8163958.077,1533.827,,,,,,,,,
8785,199937.755,8163957.424,1533.646,,,,,,,,,
8786,199937.759,8163920.688,1533.275,,,,,,,,,
8787,199937.759,8163919.704,1533.289,,,,,,,,,
8788,199937.729,8163882.993,1534.302,,,,,,,,,
8789,199937.751,8163882.313,1534.62,,,,,,,,,
8790,199937.754,8163845.567,1535.556,,,,,,,,,
8791,199937.749,8163844.591,1535.54,,,,,,,,,
8792,199937.772,8163807.905,1534.028,,,,,,,,,
8793,199943.953,8163808.027,1533.793,,,,,,,,,
8794,199943.948,8163844.705,1535.85,,,,,,,,,
8795,199943.907,8163845.669,1535.862,,,,,,,,,
8796,199943.975,8163882.389,1534.521,,,,,,,,,
8797,199943.955,8163883.111,1570.85,,,,,,,,,
8798,199943.954,8163919.867,1570.379,,,,,,,,,
8799,199943.955,8163920.839,1570.383,,,,,,,,,
8800,199943.954,8163957.569,1570.458,,,,,,,,,
8801,199943.936,8163958.254,1533.921,,,,,,,,,
8802,199943.948,8163994.974,1534.422,,,,,,,,,
8803,199943.934,8163995.946,1534.432,,,,,,,,,
8804,199944.006,8164032.692,1534.514,,,,,,,,,
8805,199943.989,8164033.329,1534.387,,,,,,,,,
8806,199943.982,8164070.051,1534.407,,,,,,,,,
8807,199943.985,8164071.038,1534.413,,,,,,,,,
8808,199944.019,8164107.778,1534.497,,,,,,,,,
8809,199950.177,8164107.615,1534.514,,,,,,,,,
8810,199950.151,8164070.879,1534.497,,,,,,,,,
8811,199950.151,8164069.898,1534.489,,,,,,,,,
8812,199950.109,8164033.172,1534.704,,,,,,,,,
8813,199950.146,8164032.546,1534.591,,,,,,,,,
8814,199950.193,8163995.806,1534.411,,,,,,,,,
8815,199950.191,8163994.837,1534.407,,,,,,,,,
8816,199950.156,8163958.106,1533.861,,,,,,,,,
8817,199950.197,8163957.394,1534.176,,,,,,,,,
8818,199950.193,8163920.668,1533.844,,,,,,,,,
8819,199950.163,8163919.682,1533.841,,,,,,,,,
8820,199950.134,8163882.95,1533.919,,,,,,,,,
8821,199950.111,8163882.306,1534.295,,,,,,,,,
8822,199950.167,8163845.627,1535.934,,,,,,,,,
8823,199950.155,8163844.569,1535.94,,,,,,,,,
8824,199950.228,8163807.917,1534.291,,,,,,,,,
8825,199956.38,8163808.029,1534.505,,,,,,,,,
8826,199956.347,8163844.676,1536.124,,,,,,,,,
8827,199956.339,8163845.743,1536.129,,,,,,,,,
8828,199956.31,8163882.418,1534.268,,,,,,,,,
8829,199956.339,8163883.08,1533.942,,,,,,,,,
8830,199956.341,8163919.804,1533.89,,,,,,,,,
8831,199956.343,8163920.805,1533.887,,,,,,,,,
8832,199956.378,8163957.544,1533.88,,,,,,,,,
8833,199956.354,8163958.245,1533.99,,,,,,,,,
8834,199956.378,8163994.98,1534.593,,,,,,,,,
8835,199956.374,8163995.958,1534.598,,,,,,,,,
8836,199956.336,8164032.686,1534.802,,,,,,,,,
8837,199956.346,8164033.325,1534.906,,,,,,,,,
8838,199956.349,8164070.054,1534.656,,,,,,,,,
8839,199956.354,8164071.021,1534.658,,,,,,,,,
8840,199956.386,8164107.763,1534.738,,,,,,,,,
8841,199962.628,8164107.643,1534.773,,,,,,,,,
8842,199962.587,8164070.913,1534.872,,,,,,,,,
8843,199962.587,8164070.066,1534.874,,,,,,,,,
8844,199962.526,8164033.329,1534.95,,,,,,,,,
8845,199962.573,8164032.557,1535.032,,,,,,,,,
8846,199962.578,8163995.839,1534.801,,,,,,,,,
8847,199962.562,8163994.849,1534.789,,,,,,,,,
8848,199962.563,8163958.114,1534.271,,,,,,,,,
8849,199962.566,8163957.438,1534.081,,,,,,,,,
8850,199962.548,8163920.693,1534.051,,,,,,,,,
8851,199962.544,8163919.819,1534.059,,,,,,,,,
8852,199962.53,8163883.107,1534.007,,,,,,,,,
8853,199962.5,8163882.3,1534.353,,,,,,,,,
8854,199962.576,8163845.644,1536.316,,,,,,,,,
8855,199962.622,8163844.582,1536.329,,,,,,,,,
8856,199968.815,8163844.679,1536.518,,,,,,,,,
8857,199968.826,8163845.759,1536.505,,,,,,,,,
8858,199968.724,8163882.382,1534.487,,,,,,,,,
8859,199968.729,8163883.081,1534.15,,,,,,,,,
8860,199968.751,8163919.793,1534.237,,,,,,,,,
8861,199968.75,8163920.697,1534.229,,,,,,,,,
8862,199968.826,8163957.396,1534.27,,,,,,,,,
8863,199968.829,8163958.232,1534.463,,,,,,,,,
8864,199968.75,8163994.963,1534.991,,,,,,,,,
8865,199968.757,8163995.947,1535.005,,,,,,,,,
8866,199968.767,8164032.661,1535.235,,,,,,,,,
8867,199968.733,8164033.326,1535.146,,,,,,,,,
8868,199968.749,8164070.045,1535.057,,,,,,,,,
8869,199968.753,8164070.901,1535.06,,,,,,,,,
8870,199968.797,8164107.641,1534.948,,,,,,,,,
8871,199974.891,8164070.833,1572.015,,,,,,,,,
8872,199974.978,8164052.456,1535.295,,,,,,,,,
8873,199974.983,8164051.685,1535.285,,,,,,,,,
8874,199974.97,8164033.344,1535.286,,,,,,,,,
8875,199974.991,8164032.568,1535.435,,,,,,,,,
8876,199974.98,8163995.844,1535.147,,,,,,,,,
8877,199974.956,8163994.845,1535.141,,,,,,,,,
8878,199974.987,8163958.122,1534.641,,,,,,,,,
8879,199975.047,8163957.427,1534.391,,,,,,,,,
8880,199974.95,8163920.718,1534.21,,,,,,,,,
8881,199974.952,8163919.694,1534.205,,,,,,,,,
8882,199974.99,8163882.976,1534.319,,,,,,,,,
8883,199981.172,8163883.131,1534.589,,,,,,,,,
8884,199981.123,8163919.831,1534.453,,,,,,,,,
8885,199981.143,8163920.878,1534.446,,,,,,,,,
8886,199981.226,8163957.587,1534.545,,,,,,,,,
8887,199981.203,8163958.246,1534.616,,,,,,,,,
8888,199981.128,8163994.976,1535.242,,,,,,,,,
8889,199981.136,8163995.972,1535.245,,,,,,,,,
8890,199981.165,8164032.691,1535.51,,,,,,,,,
8891,199981.158,8164033.313,1535.394,,,,,,,,,
8892,199981.153,8164051.65,1535.363,,,,,,,,,
8893,199981.126,8164052.46,1535.357,,,,,,,,,
8894,199981.069,8164070.815,1535.33,,,,,,,,,
8895,199987.335,8164070.858,1535.428,,,,,,,,,
8896,199987.318,8164052.51,1535.445,,,,,,,,,
8897,199987.309,8164051.706,1535.44,,,,,,,,,
8898,199987.291,8164033.357,1535.468,,,,,,,,,
8899,199987.308,8164032.467,1535.692,,,,,,,,,
8900,199987.36,8163995.724,1535.349,,,,,,,,,
8901,199987.347,8163994.769,1535.335,,,,,,,,,
8902,199987.369,8163958.05,1534.704,,,,,,,,,
8903,199987.43,8163957.405,1534.715,,,,,,,,,
8904,199987.363,8163920.684,1534.614,,,,,,,,,
8905,199987.312,8163919.668,1534.627,,,,,,,,,
8906,199987.376,8163882.958,1535.097,,,,,,,,,
8907,199993.553,8163883.065,1535.137,,,,,,,,,
8908,199993.491,8163919.772,1534.964,,,,,,,,,
8909,199993.478,8163920.802,1534.955,,,,,,,,,
8910,199993.626,8163957.464,1534.936,,,,,,,,,
8911,199993.609,8163958.2,1534.918,,,,,,,,,
8912,199993.562,8163994.927,1535.5,,,,,,,,,
8913,199993.565,8163995.885,1535.511,,,,,,,,,
8914,199993.539,8164032.633,1535.78,,,,,,,,,
8915,199993.496,8164033.377,1535.567,,,,,,,,,
8916,199993.527,8164051.715,1535.634,,,,,,,,,
8917,199993.519,8164052.507,1535.639,,,,,,,,,
8918,199993.54,8164070.861,1535.717,,,,,,,,,
8919,201079.845,8163129.458,1565.786,,,,,,,,,
8920,201079.834,8163092.781,1567.041,,,,,,,,,
8921,201079.833,8163091.761,1567.058,,,,,,,,,
8922,201079.831,8163055.046,1567.324,,,,,,,,,
8923,201079.885,8163054.328,1567.206,,,,,,,,,
8924,201079.877,8163017.618,1566.369,,,,,,,,,
8925,201079.907,8163016.629,1566.374,,,,,,,,,
8926,201079.835,8162979.926,1567.661,,,,,,,,,
8927,201079.885,8162979.221,1567.347,,,,,,,,,
8928,201079.869,8162942.298,1567.212,,,,,,,,,
8929,201079.888,8162941.554,1567.215,,,,,,,,,
8930,201079.891,8162904.832,1567.788,,,,,,,,,
8931,201086.037,8162904.894,1567.728,,,,,,,,,
8932,201086.002,8162941.624,1567.448,,,,,,,,,
8933,201085.991,8162942.597,1567.433,,,,,,,,,
8934,201086.048,8162979.305,1567.457,,,,,,,,,
8935,201085.982,8162980.048,1567.614,,,,,,,,,
8936,201086.01,8163016.751,1566.682,,,,,,,,,
8937,201086.018,8163017.706,1566.675,,,,,,,,,
8938,201086.057,8163054.432,1567.492,,,,,,,,,
8939,201086.008,8163055.108,1567.738,,,,,,,,,
8940,201085.94,8163091.821,1567.334,,,,,,,,,
8941,201085.943,8163092.839,1567.311,,,,,,,,,
8942,201086.008,8163129.511,1566.028,,,,,,,,,
8943,201092.266,8163129.471,1566.345,,,,,,,,,
8944,201092.237,8163092.781,1567.283,,,,,,,,,
8945,201092.229,8163091.778,1567.31,,,,,,,,,
8946,201092.23,8163055.055,1567.874,,,,,,,,,
8947,201092.309,8163054.377,1604.416,,,,,,,,,
8948,201092.251,8163017.467,1567.127,,,,,,,,,
8949,201092.267,8163016.677,1567.13,,,,,,,,,
8950,201092.264,8162979.969,1567.646,,,,,,,,,
8951,201092.248,8162979.206,1567.582,,,,,,,,,
8952,201092.252,8162942.495,1567.651,,,,,,,,,
8953,201092.28,8162941.518,1567.662,,,,,,,,,
8954,201092.251,8162904.791,1567.986,,,,,,,,,
8955,201098.443,8162904.913,1568.114,,,,,,,,,
8956,201098.391,8162941.655,1567.803,,,,,,,,,
8957,201098.376,8162942.644,1567.792,,,,,,,,,
8958,201098.449,8162979.357,1567.68,,,,,,,,,
8959,201098.43,8162980.022,1567.715,,,,,,,,,
8960,201098.387,8163016.722,1567.274,,,,,,,,,
8961,201098.372,8163017.706,1567.273,,,,,,,,,
8962,201098.473,8163054.422,1567.903,,,,,,,,,
8963,201098.409,8163055.135,1567.841,,,,,,,,,
8964,201098.413,8163091.848,1567.256,,,,,,,,,
8965,201098.413,8163092.848,1567.243,,,,,,,,,
8966,201098.387,8163129.546,1567.062,,,,,,,,,
8967,201104.717,8163054.328,1568.148,,,,,,,,,
8968,201104.658,8163017.614,1567.241,,,,,,,,,
8969,201104.652,8163016.619,1567.231,,,,,,,,,
8970,201104.662,8162979.921,1567.832,,,,,,,,,
8971,201104.671,8162979.218,1567.743,,,,,,,,,
8972,201104.652,8162942.495,1567.792,,,,,,,,,
8973,201104.675,8162941.526,1567.79,,,,,,,,,
8974,201104.625,8162904.81,1568.305,,,,,,,,,
8975,201110.826,8162904.981,1568.578,,,,,,,,,
8976,201110.79,8162941.713,1567.95,,,,,,,,,
8977,201110.784,8162942.662,1567.94,,,,,,,,,
8978,201110.84,8162979.379,1567.845,,,,,,,,,
8979,201110.823,8162980.062,1567.808,,,,,,,,,
8980,201110.765,8163016.752,1567.538,,,,,,,,,
8981,201110.784,8163017.769,1567.533,,,,,,,,,
8982,201110.883,8163054.474,1568.295,,,,,,,,,
8983,201117.032,8163054.315,1569.014,,,,,,,,,
8984,201117.039,8163017.639,1567.662,,,,,,,,,
8985,201117.044,8163016.628,1567.647,,,,,,,,,
8986,201117.04,8162979.928,1568.035,,,,,,,,,
8987,201117.041,8162979.221,1567.931,,,,,,,,,
8988,201117.057,8162942.506,1568.082,,,,,,,,,
8989,201117.101,8162941.538,1568.095,,,,,,,,,
8990,201117.083,8162904.825,1568.98,,,,,,,,,
8991,201123.262,8162904.95,1569.102,,,,,,,,,
8992,201123.223,8162941.689,1568.184,,,,,,,,,
8993,201123.197,8162942.659,1568.162,,,,,,,,,
8994,201123.207,8162979.379,1567.858,,,,,,,,,
8995,201123.19,8162980.059,1567.788,,,,,,,,,
8996,201123.178,8163016.746,1567.979,,,,,,,,,
8997,201123.186,8163017.766,1567.988,,,,,,,,,
8998,201123.186,8163054.467,1568.678,,,,,,,,,
8999,201129.441,8163054.365,1568.713,,,,,,,,,
9000,201129.363,8163017.674,1568.245,,,,,,,,,
9001,201129.438,8163016.645,1568.233,,,,,,,,,
9002,201129.49,8162979.951,1567.914,,,,,,,,,
9003,201129.441,8162979.246,1568.163,,,,,,,,,
9004,201129.47,8162942.519,1568.293,,,,,,,,,
9005,201129.482,8162941.555,1568.297,,,,,,,,,
9006,201129.459,8162904.842,1569.308,,,,,,,,,
9007,201135.637,8162904.969,1569.017,,,,,,,,,
9008,201135.611,8162941.68,1568.661,,,,,,,,,
9009,201135.562,8162942.684,1568.647,,,,,,,,,
9010,201135.608,8162979.374,1568.279,,,,,,,,,
9011,201135.662,8162980.048,1568.011,,,,,,,,,
9012,201135.575,8163016.781,1568.526,,,,,,,,,
9013,201135.521,8163017.797,1568.537,,,,,,,,,
9014,201135.625,8163054.48,1568.952,,,,,,,,,
9015,201148.008,8162904.956,1569.223,,,,,,,,,
9016,201148.002,8162941.688,1569.2,,,,,,,,,
9017,201147.954,8162942.662,1569.19,,,,,,,,,
9018,201148.076,8162979.363,1568.502,,,,,,,,,
9019,201141.872,8162979.249,1568.396,,,,,,,,,
9020,201141.737,8162942.571,1568.981,,,,,,,,,
9021,201141.883,8162941.53,1569,,,,,,,,,
9022,201141.855,8162904.827,1569.115,,,,,,,,,
9023,201154.182,8162979.256,1568.513,,,,,,,,,
9024,201154.202,8162942.556,1569.403,,,,,,,,,
9025,201154.203,8162941.53,1569.415,,,,,,,,,
9026,201154.246,8162904.816,1569.39,,,,,,,,,
9027,201160.387,8162904.928,1569.755,,,,,,,,,
9028,201160.372,8162941.651,1569.352,,,,,,,,,
9029,201160.363,8162942.675,1569.335,,,,,,,,,
9030,201160.335,8162979.363,1568.426,,,,,,,,,
9031,201166.662,8162979.23,1568.643,,,,,,,,,
9032,201166.652,8162942.555,1569.322,,,,,,,,,
9033,201166.645,8162941.635,1569.334,,,,,,,,,
9034,201166.637,8162904.914,1570.027,,,,,,,,,
9035,201172.797,8162905.007,1570.188,,,,,,,,,
9036,201172.789,8162941.709,1569.417,,,,,,,,,
9037,201172.789,8162942.585,1569.391,,,,,,,,,
9038,201172.823,8162979.305,1568.642,,,,,,,,,
9039,201179.037,8162979.28,1568.823,,,,,,,,,
9040,201179.071,8162942.551,1569.723,,,,,,,,,
9041,201179.041,8162941.587,1569.741,,,,,,,,,
9042,201178.993,8162904.843,1570.155,,,,,,,,,
9043,201185.19,8162904.97,1570.339,,,,,,,,,
9044,201185.175,8162941.723,1570.114,,,,,,,,,
9045,201185.149,8162942.704,1570.088,,,,,,,,,
9046,201185.167,8162979.401,1569.025,,,,,,,,,
9047,201191.539,8163054.332,1569.379,,,,,,,,,
9048,201191.404,8163017.621,1570.403,,,,,,,,,
9049,201191.416,8163016.627,1570.405,,,,,,,,,
9050,201191.407,8162979.927,1568.961,,,,,,,,,
9051,201191.454,8162979.239,1568.853,,,,,,,,,
9052,201191.384,8162942.342,1570.319,,,,,,,,,
9053,201191.481,8162941.524,1570.34,,,,,,,,,
9054,201191.396,8162904.808,1570.612,,,,,,,,,
9055,199999.743,8164107.602,1535.544,,,,,,,,,
9056,199999.699,8164070.865,1535.837,,,,,,,,,
9057,199999.739,8164069.86,1535.837,,,,,,,,,
9058,199999.751,8164033.148,1535.841,,,,,,,,,
9059,199999.748,8163882.301,1534.946,,,,,,,,,
9060,199999.758,8163845.663,1537.121,,,,,,,,,
9061,199999.751,8163844.65,1537.152,,,,,,,,,
9062,199999.762,8163807.886,1536.76,,,,,,,,,
9063,200005.968,8163807.963,1536.865,,,,,,,,,
9064,200005.958,8163844.687,1537.277,,,,,,,,,
9065,200005.88,8163845.723,1537.256,,,,,,,,,
9066,200005.954,8163882.369,1535.072,,,,,,,,,
9067,200005.944,8164033.322,1536.016,,,,,,,,,
9068,200005.859,8164070.014,1535.956,,,,,,,,,
9069,200005.881,8164071.031,1535.949,,,,,,,,,
9070,200005.897,8164107.773,1535.942,,,,,,,,,
9071,200012.115,8164107.627,1536.247,,,,,,,,,
9072,200012.141,8164070.886,1536.028,,,,,,,,,
9073,200012.145,8164069.905,1536.03,,,,,,,,,
9074,200012.138,8164033.184,1536.152,,,,,,,,,
9075,200012.157,8164032.528,1536.278,,,,,,,,,
9076,200012.117,8163995.79,1536.13,,,,,,,,,
9077,200012.152,8163994.789,1536.128,,,,,,,,,
9078,200012.207,8163958.107,1535.246,,,,,,,,,
9079,200012.209,8163957.432,1534.991,,,,,,,,,
9080,200012.163,8163920.707,1535.147,,,,,,,,,
9081,200012.143,8163919.679,1535.154,,,,,,,,,
9082,200012.104,8163882.97,1535.362,,,,,,,,,
9083,200012.11,8163882.277,1535.533,,,,,,,,,
9084,200012.164,8163845.631,1537.349,,,,,,,,,
9085,200012.167,8163844.579,1537.381,,,,,,,,,
9086,200012.203,8163807.85,1537.146,,,,,,,,,
9087,200018.386,8163807.98,1537.438,,,,,,,,,
9088,200018.349,8163844.738,1537.498,,,,,,,,,
9089,200018.308,8163845.746,1537.471,,,,,,,,,
9090,200018.305,8163882.385,1535.303,,,,,,,,,
9091,200018.288,8163883.091,1535.516,,,,,,,,,
9092,200018.33,8163919.792,1535.644,,,,,,,,,
9093,200018.251,8163920.825,1535.642,,,,,,,,,
9094,200018.385,8163957.557,1535.407,,,,,,,,,
9095,200018.413,8163958.242,1535.481,,,,,,,,,
9096,200018.312,8163994.922,1536.328,,,,,,,,,
9097,200018.313,8163995.922,1536.341,,,,,,,,,
9098,200018.345,8164032.679,1536.455,,,,,,,,,
9099,200018.34,8164033.31,1536.342,,,,,,,,,
9100,200018.301,8164070.026,1536.357,,,,,,,,,
9101,200018.302,8164071.012,1536.356,,,,,,,,,
9102,200018.301,8164107.755,1536.451,,,,,,,,,
9103,200024.478,8164107.659,1573.342,,,,,,,,,
9104,200024.536,8164070.705,1573.298,,,,,,,,,
9105,200024.548,8164070.066,1573.306,,,,,,,,,
9106,200024.557,8164033.341,1573.243,,,,,,,,,
9107,200024.546,8164032.534,1573.342,,,,,,,,,
9108,200024.346,8163995.971,1536.601,,,,,,,,,
9109,200024.359,8163994.933,1536.592,,,,,,,,,
9110,200024.533,8163958.105,1535.626,,,,,,,,,
9111,200024.538,8163957.381,1535.916,,,,,,,,,
9112,200024.565,8163920.686,1535.879,,,,,,,,,
9113,200024.543,8163919.631,1535.899,,,,,,,,,
9114,200024.516,8163882.927,1535.632,,,,,,,,,
9115,200024.531,8163882.266,1535.434,,,,,,,,,
9116,200024.524,8163845.635,1537.645,,,,,,,,,
9117,200024.553,8163844.561,1537.691,,,,,,,,,
9118,200024.555,8163807.855,1537.749,,,,,,,,,
9119,200030.774,8163808.004,1538.053,,,,,,,,,
9120,200030.718,8163844.762,1537.712,,,,,,,,,
9121,200030.721,8163845.756,1537.679,,,,,,,,,
9122,200030.73,8163882.395,1535.531,,,,,,,,,
9123,200030.731,8163883.104,1535.722,,,,,,,,,
9124,200030.768,8163919.813,1535.919,,,,,,,,,
9125,200030.707,8163920.844,1535.917,,,,,,,,,
9126,200030.772,8163957.544,1535.96,,,,,,,,,
9127,200030.778,8163958.226,1535.817,,,,,,,,,
9128,200030.711,8163994.928,1536.725,,,,,,,,,
9129,200030.73,8163995.908,1536.737,,,,,,,,,
9130,200030.778,8164032.642,1536.789,,,,,,,,,
9131,200030.766,8164033.292,1536.681,,,,,,,,,
9132,200030.738,8164070.006,1536.73,,,,,,,,,
9133,200030.725,8164070.888,1536.736,,,,,,,,,
9134,200030.701,8164107.606,1536.763,,,,,,,,,
9135,200602.571,8162904.952,1556.929,,,,,,,,,
9136,200602.582,8162941.706,1555.881,,,,,,,,,
9137,200602.579,8162942.598,1555.874,,,,,,,,,
9138,200602.596,8162979.333,1556.947,,,,,,,,,
9139,200596.438,8162979.232,1556.687,,,,,,,,,
9140,200596.417,8162942.474,1555.644,,,,,,,,,
9141,200596.427,8162941.591,1555.646,,,,,,,,,
9142,200596.415,8162904.841,1556.856,,,,,,,,,
9143,200614.971,8162904.931,1557.311,,,,,,,,,
9144,200614.973,8162941.69,1556.274,,,,,,,,,
9145,200614.97,8162942.547,1556.268,,,,,,,,,
9146,200615.028,8162979.329,1557.28,,,,,,,,,
9147,200614.919,8162980.066,1557.561,,,,,,,,,
9148,200614.973,8163016.793,1555.95,,,,,,,,,
9149,200614.967,8163017.711,1555.927,,,,,,,,,
9150,200615.013,8163054.464,1556.433,,,,,,,,,
9151,200608.84,8163054.348,1556.057,,,,,,,,,
9152,200608.809,8163017.611,1556.016,,,,,,,,,
9153,200608.794,8163016.664,1556.038,,,,,,,,,
9154,200608.803,8162979.844,1557.292,,,,,,,,,
9155,200608.839,8162979.183,1557.047,,,,,,,,,
9156,200608.819,8162942.437,1556.057,,,,,,,,,
9157,200608.825,8162941.539,1556.062,,,,,,,,,
9158,200608.79,8162904.783,1557.18,,,,,,,,,
9159,200621.207,8163054.328,1556.895,,,,,,,,,
9160,200621.23,8163017.612,1556.124,,,,,,,,,
9161,200621.221,8163016.603,1556.131,,,,,,,,,
9162,200621.198,8162979.928,1557.635,,,,,,,,,
9163,200627.353,8162980.058,1557.511,,,,,,,,,
9164,200627.352,8163016.743,1556.403,,,,,,,,,
9165,200627.35,8163017.763,1556.389,,,,,,,,,
9166,200627.361,8163054.479,1557.083,,,,,,,,,
9167,200633.59,8163054.348,1557.224,,,,,,,,,
9168,200633.575,8163017.615,1556.374,,,,,,,,,
9169,200633.6,8163016.676,1556.358,,,,,,,,,
9170,200633.609,8162979.954,1557.624,,,,,,,,,
9171,200633.621,8162979.205,1557.602,,,,,,,,,
9172,200633.561,8162942.51,1557.03,,,,,,,,,
9173,200633.559,8162941.521,1557.007,,,,,,,,,
9174,200633.59,8162904.784,1557.517,,,,,,,,,
9175,200639.763,8162904.932,1557.434,,,,,,,,,
9176,200639.744,8162941.635,1557.238,,,,,,,,,
9177,200639.732,8162942.622,1557.238,,,,,,,,,
9178,200639.795,8162979.352,1557.861,,,,,,,,,
9179,200639.777,8162980.207,1557.82,,,,,,,,,
9180,200639.809,8163016.941,1556.411,,,,,,,,,
9181,200639.801,8163017.869,1556.401,,,,,,,,,
9182,200639.784,8163054.632,1557.445,,,,,,,,,
9183,200646.023,8163054.338,1557.608,,,,,,,,,
9184,200645.974,8163017.58,1556.608,,,,,,,,,
9185,200646.029,8163016.73,1556.576,,,,,,,,,
9186,200645.988,8162979.905,1557.981,,,,,,,,,
9187,200646.04,8162979.244,1558.026,,,,,,,,,
9188,200646.007,8162942.523,1557.428,,,,,,,,,
9189,200645.988,8162941.573,1557.42,,,,,,,,,
9190,200646.027,8162904.803,1557.552,,,,,,,,,
9191,200652.182,8162904.956,1557.636,,,,,,,,,
9192,200652.461,8162941.876,1557.659,,,,,,,,,
9193,200652.168,8162942.64,1557.659,,,,,,,,,
9194,200652.183,8162979.376,1558.281,,,,,,,,,
9195,200652.198,8162980.103,1558.088,,,,,,,,,
9196,200652.194,8163016.798,1556.789,,,,,,,,,
9197,200652.189,8163017.742,1556.802,,,,,,,,,
9198,200652.259,8163054.765,1557.854,,,,,,,,,
9199,200658.439,8163054.361,1557.911,,,,,,,,,
9200,200658.384,8163017.624,1557.225,,,,,,,,,
9201,200658.409,8163016.655,1557.212,,,,,,,,,
9202,200658.285,8162979.841,1558.144,,,,,,,,,
9203,200658.435,8162979.205,1558.268,,,,,,,,,
9204,200658.401,8162942.489,1557.818,,,,,,,,,
9205,200658.398,8162941.513,1557.809,,,,,,,,,
9206,200658.414,8162904.777,1557.86,,,,,,,,,
9207,200664.602,8162904.927,1557.713,,,,,,,,,
9208,200664.584,8162941.667,1557.864,,,,,,,,,
9209,200664.571,8162942.627,1557.87,,,,,,,,,
9210,200664.602,8162979.374,1558.486,,,,,,,,,
9211,200664.547,8162980.038,1558.272,,,,,,,,,
9212,200664.548,8163016.769,1557.47,,,,,,,,,
9213,200664.542,8163017.739,1557.458,,,,,,,,,
9214,200664.563,8163054.467,1558.001,,,,,,,,,
9215,200670.816,8163054.339,1558.266,,,,,,,,,
9216,200670.789,8163017.639,1557.587,,,,,,,,,
9217,200670.794,8163016.619,1557.586,,,,,,,,,
9218,200670.827,8162979.923,1558.422,,,,,,,,,
9219,200670.847,8162979.225,1558.643,,,,,,,,,
9220,200670.729,8162942.462,1557.978,,,,,,,,,
9221,200670.764,8162941.534,1557.936,,,,,,,,,
9222,200670.77,8162904.804,1557.494,,,,,,,,,
9223,200676.977,8162904.912,1557.417,,,,,,,,,
9224,200677.186,8162941.759,1558.057,,,,,,,,,
9225,200676.984,8162942.545,1558.058,,,,,,,,,
9226,200677.052,8162979.323,1558.851,,,,,,,,,
9227,200677.051,8162980.089,1558.63,,,,,,,,,
9228,200677.022,8163016.824,1557.548,,,,,,,,,
9229,200677.011,8163017.766,1557.546,,,,,,,,,
9230,200676.996,8163054.553,1558.684,,,,,,,,,
9231,200683.226,8163054.311,1559.12,,,,,,,,,
9232,200683.194,8163017.607,1557.554,,,,,,,,,
9233,200683.195,8163016.663,1557.543,,,,,,,,,
9234,200683.174,8162979.944,1558.627,,,,,,,,,
9235,200683.22,8162979.244,1558.907,,,,,,,,,
9236,200683.161,8162942.511,1558.218,,,,,,,,,
9237,200683.168,8162941.551,1558.194,,,,,,,,,
9238,200683.196,8162904.823,1557.368,,,,,,,,,
9239,200689.045,8162904.804,1557.531,,,,,,,,,
9240,200689.441,8162941.71,1558.355,,,,,,,,,
9241,200689.377,8162942.598,1558.366,,,,,,,,,
9242,200689.387,8162979.366,1558.872,,,,,,,,,
9243,200689.382,8162980.045,1558.592,,,,,,,,,
9244,200689.398,8163016.777,1557.553,,,,,,,,,
9245,200689.396,8163017.714,1557.543,,,,,,,,,
9246,200689.45,8163054.433,1559.248,,,,,,,,,
9247,200695.592,8163054.309,1559.456,,,,,,,,,
9248,200695.603,8163017.575,1557.876,,,,,,,,,
9249,200695.609,8163016.678,1557.869,,,,,,,,,
9250,200695.559,8162979.92,1558.452,,,,,,,,,
9251,200695.602,8162979.197,1558.712,,,,,,,,,
9252,200695.597,8162942.471,1558.495,,,,,,,,,
9253,200695.611,8162941.562,1558.49,,,,,,,,,
9254,200695.554,8162904.843,1557.583,,,,,,,,,
9255,200701.764,8162904.931,1557.678,,,,,,,,,
9256,200701.769,8162941.67,1558.923,,,,,,,,,
9257,200701.727,8162942.58,1558.95,,,,,,,,,
9258,200701.765,8162979.348,1558.943,,,,,,,,,
9259,200701.718,8162980.036,1558.685,,,,,,,,,
9260,200701.75,8163016.792,1558.167,,,,,,,,,
9261,200701.739,8163017.704,1558.165,,,,,,,,,
9262,200701.767,8163054.448,1559.51,,,,,,,,,
9263,200708.007,8163054.305,1559.672,,,,,,,,,
9264,200707.987,8163017.56,1558.342,,,,,,,,,
9265,200707.992,8163016.648,1558.324,,,,,,,,,
9266,200707.951,8162979.899,1558.652,,,,,,,,,
9267,200707.987,8162979.281,1558.907,,,,,,,,,
9268,200707.962,8162942.568,1559.251,,,,,,,,,
9269,200708.009,8162941.544,1559.241,,,,,,,,,
9270,200707.987,8162904.853,1557.885,,,,,,,,,
9271,200714.16,8162904.915,1558.067,,,,,,,,,
9272,200714.155,8162941.66,1559.121,,,,,,,,,
9273,200714.133,8162942.549,1559.134,,,,,,,,,
9274,200714.189,8162979.337,1559.045,,,,,,,,,
9275,200714.138,8162980.03,1558.691,,,,,,,,,
9276,200714.157,8163016.796,1558.617,,,,,,,,,
9277,200714.158,8163017.698,1558.63,,,,,,,,,
9278,200714.16,8163054.465,1559.86,,,,,,,,,
9279,200720.378,8163054.317,1559.904,,,,,,,,,
9280,200720.372,8163017.56,1558.983,,,,,,,,,
9281,200720.386,8163016.624,1558.977,,,,,,,,,
9282,200720.371,8162979.825,1558.65,,,,,,,,,
9283,200720.435,8162979.277,1558.901,,,,,,,,,
9284,200720.373,8162942.557,1559.013,,,,,,,,,
9285,200720.367,8162941.581,1559.026,,,,,,,,,
9286,200720.413,8162904.841,1558.092,,,,,,,,,
9287,200726.579,8162904.915,1558.344,,,,,,,,,
9288,200726.576,8162941.686,1558.85,,,,,,,,,
9289,200726.564,8162942.562,1558.863,,,,,,,,,
9290,200726.603,8162979.37,1558.931,,,,,,,,,
9291,200726.6,8162980.047,1595.66,,,,,,,,,
9292,200726.59,8163016.799,1595.932,,,,,,,,,
9293,200726.582,8163017.737,1559.206,,,,,,,,,
9294,200726.598,8163054.467,1560.112,,,,,,,,,
9295,200745.179,8163054.322,1560.366,,,,,,,,,
9296,200745.129,8163017.545,1560.051,,,,,,,,,
9297,200745.156,8163016.62,1560.026,,,,,,,,,
9298,200745.007,8162979.74,1559.398,,,,,,,,,
9299,200745.204,8162979.25,1559.239,,,,,,,,,
9300,200745.178,8162942.528,1558.786,,,,,,,,,
9301,200745.173,8162941.563,1558.785,,,,,,,,,
9302,200745.171,8162904.81,1559.153,,,,,,,,,
9303,200738.966,8162904.909,1558.914,,,,,,,,,
9304,200739.011,8162941.717,1558.864,,,,,,,,,
9305,200738.992,8162942.653,1558.875,,,,,,,,,
9306,200738.993,8162979.366,1559.078,,,,,,,,,
9307,200732.783,8162979.226,1558.977,,,,,,,,,
9308,200732.796,8162942.494,1558.898,,,,,,,,,
9309,200732.797,8162941.507,1558.889,,,,,,,,,
9310,200732.784,8162904.783,1558.461,,,,,,,,,
9311,200751.356,8162904.959,1559.447,,,,,,,,,
9312,200751.389,8162941.777,1558.7,,,,,,,,,
9313,200751.388,8162942.638,1558.705,,,,,,,,,
9314,200751.362,8162979.368,1559.533,,,,,,,,,
9315,200751.368,8162980.03,1559.729,,,,,,,,,
9316,200751.356,8163016.783,1560.121,,,,,,,,,
9317,200751.352,8163017.716,1560.132,,,,,,,,,
9318,200751.338,8163054.472,1560.623,,,,,,,,,
9319,200757.583,8163054.377,1560.927,,,,,,,,,
9320,200757.522,8163017.646,1560.355,,,,,,,,,
9321,200757.549,8163016.673,1560.346,,,,,,,,,
9322,200757.567,8162979.937,1559.816,,,,,,,,,
9323,200757.591,8162979.265,1559.551,,,,,,,,,
9324,200757.555,8162942.531,1558.668,,,,,,,,,
9325,200757.546,8162941.58,1558.663,,,,,,,,,
9326,200757.601,8162904.843,1559.687,,,,,,,,,
9327,200763.751,8162904.991,1559.865,,,,,,,,,
9328,200763.763,8162941.817,1558.712,,,,,,,,,
9329,200763.768,8162942.645,1558.708,,,,,,,,,
9330,200763.721,8162979.379,1560.053,,,,,,,,,
9331,200763.736,8162980.032,1559.806,,,,,,,,,
9332,200763.747,8163016.782,1560.575,,,,,,,,,
9333,200763.706,8163017.749,1560.589,,,,,,,,,
9334,200763.816,8163054.548,1561.179,,,,,,,,,
9335,200769.964,8163054.342,1561.345,,,,,,,,,
9336,200769.989,8163017.599,1560.671,,,,,,,,,
9337,200769.997,8163016.629,1560.653,,,,,,,,,
9338,200769.989,8162979.918,1559.933,,,,,,,,,
9339,200770.008,8162979.219,1559.911,,,,,,,,,
9340,200769.971,8162942.433,1559.052,,,,,,,,,
9341,200769.967,8162941.617,1559.049,,,,,,,,,
9342,200769.959,8162904.816,1560.064,,,,,,,,,
9343,200776.174,8162904.956,1560.24,,,,,,,,,
9344,200776.158,8162941.701,1559.442,,,,,,,,,
9345,200776.163,8162942.637,1559.436,,,,,,,,,
9346,200776.179,8162979.369,1560.009,,,,,,,,,
9347,200776.164,8162980.03,1560.258,,,,,,,,,
9348,200776.169,8163016.764,1560.835,,,,,,,,,
9349,200776.164,8163017.734,1560.85,,,,,,,,,
9350,200776.151,8163054.467,1561.384,,,,,,,,,
9351,200782.36,8163054.345,1561.347,,,,,,,,,
9352,200782.384,8163017.627,1560.971,,,,,,,,,
9353,200782.399,8163016.604,1560.957,,,,,,,,,
9354,200782.394,8162979.89,1560.556,,,,,,,,,
9355,200782.373,8162979.241,1560.197,,,,,,,,,
9356,200782.312,8162942.49,1559.886,,,,,,,,,
9357,200782.368,8162941.541,1559.898,,,,,,,,,
9358,200782.301,8162904.791,1560.307,,,,,,,,,
9359,200788.511,8162904.956,1560.29,,,,,,,,,
9360,200788.51,8162941.733,1560.198,,,,,,,,,
9361,200788.551,8162942.62,1560.201,,,,,,,,,
9362,200788.578,8162979.408,1560.322,,,,,,,,,
9363,200788.588,8162980.023,1560.56,,,,,,,,,
9364,200788.574,8163016.739,1561.068,,,,,,,,,
9365,200788.554,8163017.748,1561.086,,,,,,,,,
9366,200788.574,8163054.474,1561.388,,,,,,,,,
9367,200794.757,8163054.398,1561.63,,,,,,,,,
9368,200794.768,8163017.696,1561.24,,,,,,,,,
9369,200794.773,8163016.649,1561.225,,,,,,,,,
9370,200794.72,8162979.947,1560.523,,,,,,,,,
9371,200794.734,8162979.26,1560.548,,,,,,,,,
9372,200794.729,8162942.497,1560.49,,,,,,,,,
9373,200794.828,8162941.525,1560.449,,,,,,,,,
9374,200794.73,8162904.809,1560.213,,,,,,,,,
9375,200800.915,8162904.887,1560.154,,,,,,,,,
9376,200800.971,8162941.641,1560.492,,,,,,,,,
9377,200800.947,8162942.611,1560.471,,,,,,,,,
9378,200800.941,8162979.338,1560.427,,,,,,,,,
9379,200800.92,8162979.998,1597.279,,,,,,,,,
9380,200800.933,8163016.692,1561.473,,,,,,,,,
9381,200800.913,8163017.746,1561.483,,,,,,,,,
9382,200800.941,8163054.452,1561.88,,,,,,,,,
9383,200807.187,8163054.364,1561.901,,,,,,,,,
9384,200807.149,8163017.681,1561.781,,,,,,,,,
9385,200807.122,8163016.59,1561.766,,,,,,,,,
9386,200807.143,8162979.915,1560.608,,,,,,,,,
9387,200807.155,8162979.282,1560.613,,,,,,,,,
9388,200807.124,8162942.594,1560.629,,,,,,,,,
9389,200807.135,8162941.532,1560.618,,,,,,,,,
9390,200807.163,8162904.837,1560.07,,,,,,,,,
9391,200813.202,8162904.882,1560.065,,,,,,,,,
9392,200813.323,8162941.611,1560.883,,,,,,,,,
9393,200813.315,8162942.631,1560.887,,,,,,,,,
9394,200813.327,8162979.343,1561.081,,,,,,,,,
9395,200813.306,8162980.042,1597.672,,,,,,,,,
9396,200813.362,8163016.722,1561.953,,,,,,,,,
9397,200813.352,8163017.807,1561.978,,,,,,,,,
9398,200813.368,8163054.507,1561.917,,,,,,,,,
9399,200819.532,8163054.443,1562.055,,,,,,,,,
9400,200819.53,8163017.75,1562.327,,,,,,,,,
9401,200819.552,8163016.673,1562.31,,,,,,,,,
9402,200819.53,8162979.964,1560.977,,,,,,,,,
9403,200819.56,8162979.229,1560.989,,,,,,,,,
9404,200819.549,8162942.496,1561.17,,,,,,,,,
9405,200819.566,8162941.514,1561.146,,,,,,,,,
9406,200819.531,8162904.814,1559.928,,,,,,,,,
9407,200825.734,8162904.942,1560.069,,,,,,,,,
9408,200825.734,8162941.618,1561.654,,,,,,,,,
9409,200825.731,8162942.605,1561.672,,,,,,,,,
9410,200825.769,8162979.346,1561.206,,,,,,,,,
9411,200825.759,8162980.01,1561.058,,,,,,,,,
9412,200825.736,8163016.711,1562.457,,,,,,,,,
9413,200825.696,8163017.76,1562.47,,,,,,,,,
9414,200825.723,8163054.462,1562.12,,,,,,,,,
9415,200831.922,8163054.385,1562.178,,,,,,,,,
9416,200831.917,8163017.643,1562.691,,,,,,,,,
9417,200831.928,8163016.629,1562.682,,,,,,,,,
9418,200831.942,8162979.925,1561.324,,,,,,,,,
9419,200832.003,8162979.276,1561.366,,,,,,,,,
9420,200831.944,8162942.558,1561.855,,,,,,,,,
9421,200831.931,8162941.543,1561.848,,,,,,,,,
9422,200831.957,8162904.871,1560.379,,,,,,,,,
9423,200838.097,8162904.907,1560.9,,,,,,,,,
9424,200838.119,8162941.592,1561.922,,,,,,,,,
9425,200838.114,8162942.641,1561.934,,,,,,,,,
9426,200838.161,8162979.343,1561.368,,,,,,,,,
9427,200838.171,8162980.083,1561.413,,,,,,,,,
9428,200838.15,8163016.778,1562.714,,,,,,,,,
9429,200838.16,8163017.838,1562.729,,,,,,,,,
9430,200838.15,8163054.54,1562.369,,,,,,,,,
9431,200844.353,8163054.354,1562.457,,,,,,,,,
9432,200844.338,8163017.64,1562.773,,,,,,,,,
9433,200844.346,8163016.609,1562.763,,,,,,,,,
9434,200844.325,8162979.901,1561.596,,,,,,,,,
9435,200844.327,8162979.219,1561.464,,,,,,,,,
9436,200844.335,8162942.529,1562.267,,,,,,,,,
9437,200844.34,8162941.482,1562.273,,,,,,,,,
9438,200844.369,8162904.78,1561.108,,,,,,,,,
9439,200850.535,8162904.95,1561.467,,,,,,,,,
9440,200850.504,8162941.623,1562.622,,,,,,,,,
9441,200850.501,8162942.685,1562.632,,,,,,,,,
9442,200850.476,8162979.38,1562.026,,,,,,,,,
9443,200850.483,8162980.03,1562.267,,,,,,,,,
9444,200850.547,8163016.733,1562.749,,,,,,,,,
9445,200850.541,8163017.792,1562.756,,,,,,,,,
9446,200850.606,8163054.531,1562.772,,,,,,,,,
9447,200856.755,8163204.508,1561.2,,,,,,,,,
9448,200856.723,8163167.838,1562.274,,,,,,,,,
9449,200856.745,8163166.781,1562.288,,,,,,,,,
9450,200856.719,8163130.085,1561.496,,,,,,,,,
9451,200856.751,8163129.458,1561.466,,,,,,,,,
9452,200856.732,8163092.746,1562.388,,,,,,,,,
9453,200856.747,8163091.744,1562.406,,,,,,,,,
9454,200856.729,8163055.044,1562.863,,,,,,,,,
9455,200856.748,8163054.315,1562.869,,,,,,,,,
9456,200856.804,8163017.602,1562.862,,,,,,,,,
9457,200856.764,8163016.583,1562.857,,,,,,,,,
9458,200856.759,8162979.876,1562.379,,,,,,,,,
9459,200856.746,8162979.177,1562.382,,,,,,,,,
9460,200856.714,8162942.478,1562.954,,,,,,,,,
9461,200856.699,8162941.438,1562.953,,,,,,,,,
9462,200856.674,8162904.769,1561.693,,,,,,,,,
9463,200862.726,8162904.99,1561.819,,,,,,,,,
9464,200862.861,8162941.605,1563.83,,,,,,,,,
9465,200862.848,8162942.664,1563.837,,,,,,,,,
9466,200862.884,8162979.352,1562.773,,,,,,,,,
9467,200862.908,8162979.972,1562.915,,,,,,,,,
9468,200862.93,8163016.682,1563.165,,,,,,,,,
9469,200862.866,8163017.717,1563.172,,,,,,,,,
9470,200862.914,8163054.424,1563.392,,,,,,,,,
9471,200862.879,8163055.14,1563.416,,,,,,,,,
9472,200862.918,8163091.851,1562.34,,,,,,,,,
9473,200862.917,8163092.85,1562.307,,,,,,,,,
9474,200862.959,8163129.558,1561.654,,,,,,,,,
9475,200862.868,8163130.189,1561.755,,,,,,,,,
9476,200862.878,8163166.888,1562.519,,,,,,,,,
9477,200862.873,8163167.949,1562.51,,,,,,,,,
9478,200862.93,8163204.607,1561.067,,,,,,,,,
9479,200869.165,8163204.548,1560.784,,,,,,,,,
9480,200869.165,8163167.914,1562.672,,,,,,,,,
9481,200869.177,8163166.847,1562.694,,,,,,,,,
9482,200869.135,8163130.158,1561.737,,,,,,,,,
9483,200869.166,8163129.442,1561.576,,,,,,,,,
9484,200869.131,8163092.755,1562.518,,,,,,,,,
9485,200869.136,8163091.729,1562.543,,,,,,,,,
9486,200869.155,8163055.011,1563.218,,,,,,,,,
9487,200869.054,8163054.311,1600.122,,,,,,,,,
9488,200869.145,8163017.408,1563.259,,,,,,,,,
9489,200869.182,8163016.665,1563.265,,,,,,,,,
9490,200869.129,8162979.916,1563.086,,,,,,,,,
9491,200869.098,8162979.261,1563.081,,,,,,,,,
9492,200869.159,8162942.353,1563.553,,,,,,,,,
9493,200869.221,8162941.5,1563.542,,,,,,,,,
9494,200869.148,8162904.772,1563.068,,,,,,,,,
9495,200875.314,8162904.877,1563.156,,,,,,,,,
9496,200875.306,8162941.626,1563.73,,,,,,,,,
9497,200875.252,8162942.643,1563.735,,,,,,,,,
9498,200875.312,8162979.36,1563.232,,,,,,,,,
9499,200875.316,8162980.075,1563.263,,,,,,,,,
9500,200875.354,8163016.79,1563.349,,,,,,,,,
9501,200875.328,8163017.792,1563.363,,,,,,,,,
9502,200875.273,8163054.526,1563.386,,,,,,,,,
9503,200875.311,8163055.134,1563.324,,,,,,,,,
9504,200875.285,8163091.857,1562.718,,,,,,,,,
9505,200875.286,8163092.835,1562.7,,,,,,,,,
9506,200875.333,8163129.557,1561.688,,,,,,,,,
9507,200875.307,8163130.235,1561.883,,,,,,,,,
9508,200875.362,8163166.975,1562.528,,,,,,,,,
9509,200875.312,8163167.987,1562.514,,,,,,,,,
9510,200875.354,8163204.702,1560.788,,,,,,,,,
9511,200881.55,8163204.488,1560.798,,,,,,,,,
9512,200881.5,8163167.846,1562.814,,,,,,,,,
9513,200881.544,8163166.786,1562.843,,,,,,,,,
9514,200881.557,8163130.113,1562.205,,,,,,,,,
9515,200881.527,8163129.454,1562.23,,,,,,,,,
9516,200881.517,8163092.76,1562.927,,,,,,,,,
9517,200881.52,8163091.717,1562.946,,,,,,,,,
9518,200881.586,8163055.009,1563.745,,,,,,,,,
9519,200881.508,8163054.364,1563.507,,,,,,,,,
9520,200881.539,8163017.46,1563.12,,,,,,,,,
9521,200881.574,8163016.638,1563.12,,,,,,,,,
9522,200881.488,8162979.913,1563.28,,,,,,,,,
9523,200887.675,8162980.045,1563.729,,,,,,,,,
9524,200887.697,8163016.773,1563.105,,,,,,,,,
9525,200887.649,8163017.795,1563.12,,,,,,,,,
9526,200887.72,8163054.486,1563.689,,,,,,,,,
9527,200887.714,8163055.174,1563.821,,,,,,,,,
9528,200887.728,8163091.887,1563.044,,,,,,,,,
9529,200887.703,8163092.885,1563.022,,,,,,,,,
9530,200887.655,8163129.601,1562.446,,,,,,,,,
9531,200887.671,8163130.224,1562.371,,,,,,,,,
9532,200887.698,8163166.937,1562.807,,,,,,,,,
9533,200887.678,8163167.97,1562.798,,,,,,,,,
9534,200887.736,8163204.615,1560.925,,,,,,,,,
9535,200893.908,8163204.601,1561.284,,,,,,,,,
9536,200893.906,8163167.707,1562.52,,,,,,,,,
9537,200893.961,8163166.905,1562.6,,,,,,,,,
9538,200893.962,8163130.165,1562.566,,,,,,,,,
9539,200893.938,8163129.463,1562.644,,,,,,,,,
9540,200893.873,8163092.699,1563.057,,,,,,,,,
9541,200893.871,8163091.74,1563.025,,,,,,,,,
9542,200893.968,8163055.027,1564.18,,,,,,,,,
9543,200893.95,8163054.319,1563.996,,,,,,,,,
9544,200893.903,8163017.402,1563.24,,,,,,,,,
9545,200893.925,8163016.643,1563.256,,,,,,,,,
9546,200893.926,8162979.904,1563.963,,,,,,,,,
9547,200900.051,8162980.054,1564.14,,,,,,,,,
9548,200900.114,8163016.76,1563.202,,,,,,,,,
9549,200900.056,8163017.759,1563.205,,,,,,,,,
9550,200900.095,8163054.488,1564.467,,,,,,,,,
9551,200900.11,8163055.247,1564.488,,,,,,,,,
9552,200900.154,8163091.959,1563.192,,,,,,,,,
9553,200900.109,8163092.922,1563.151,,,,,,,,,
9554,200900.108,8163129.649,1562.875,,,,,,,,,
9555,200900.109,8163130.288,1562.711,,,,,,,,,
9556,200900.112,8163167.02,1562.423,,,,,,,,,
9557,200900.1,8163167.998,1562.399,,,,,,,,,
9558,200900.092,8163204.725,1561.575,,,,,,,,,
9559,200906.317,8163129.458,1599.863,,,,,,,,,
9560,200906.309,8163092.755,1563.102,,,,,,,,,
9561,200906.316,8163091.728,1563.12,,,,,,,,,
9562,200906.337,8163055.032,1564.195,,,,,,,,,
9563,200906.339,8163054.297,1564.317,,,,,,,,,
9564,200906.3,8163017.362,1563.308,,,,,,,,,
9565,200906.352,8163016.608,1563.324,,,,,,,,,
9566,200906.355,8162979.99,1564.479,,,,,,,,,
9567,200912.516,8162980.065,1564.793,,,,,,,,,
9568,200912.478,8163016.791,1563.684,,,,,,,,,
9569,200912.432,8163017.752,1563.663,,,,,,,,,
9570,200912.541,8163054.466,1564.216,,,,,,,,,
9571,200912.53,8163055.157,1564.246,,,,,,,,,
9572,200912.477,8163091.875,1563.158,,,,,,,,,
9573,200912.472,8163092.829,1563.15,,,,,,,,,
9574,200912.504,8163129.572,1563.075,,,,,,,,,
9575,200918.727,8163204.565,1599.421,,,,,,,,,
9576,200918.719,8163167.674,1562.13,,,,,,,,,
9577,200918.739,8163166.85,1562.142,,,,,,,,,
9578,200918.768,8163130.252,1562.926,,,,,,,,,
9579,200918.749,8163129.605,1562.96,,,,,,,,,
9580,200918.702,8163092.769,1563.069,,,,,,,,,
9581,200918.711,8163091.816,1563.082,,,,,,,,,
9582,200918.75,8163055.083,1564.358,,,,,,,,,
9583,200918.739,8163054.311,1564.411,,,,,,,,,
9584,200918.694,8163017.425,1563.571,,,,,,,,,
9585,200918.721,8163016.587,1563.581,,,,,,,,,
9586,200918.684,8162979.905,1564.733,,,,,,,,,
9587,200918.727,8162979.25,1564.735,,,,,,,,,
9588,200918.707,8162942.529,1563.712,,,,,,,,,
9589,200918.714,8162941.509,1563.699,,,,,,,,,
9590,200918.706,8162904.795,1564.05,,,,,,,,,
9591,200924.874,8162904.898,1564.177,,,,,,,,,
9592,200924.887,8162941.603,1564.002,,,,,,,,,
9593,200924.877,8162942.626,1564.002,,,,,,,,,
9594,200924.877,8162979.348,1564.691,,,,,,,,,
9595,200924.877,8162980.1,1564.743,,,,,,,,,
9596,200924.893,8163016.801,1563.736,,,,,,,,,
9597,200924.847,8163017.816,1563.751,,,,,,,,,
9598,200924.923,8163054.505,1564.348,,,,,,,,,
9599,200924.873,8163055.191,1564.304,,,,,,,,,
9600,200924.856,8163091.862,1563.074,,,,,,,,,
9601,200924.851,8163092.872,1563.042,,,,,,,,,
9602,200924.893,8163129.59,1562.9,,,,,,,,,
9603,200924.893,8163130.297,1562.937,,,,,,,,,
9604,200924.904,8163167.024,1562.263,,,,,,,,,
9605,200924.859,8163168.025,1562.262,,,,,,,,,
9606,200924.903,8163204.718,1562.935,,,,,,,,,
9607,200931.113,8163204.531,1563.124,,,,,,,,,
9608,200931.108,8163167.801,1562.389,,,,,,,,,
9609,200931.115,8163166.832,1562.385,,,,,,,,,
9610,200931.12,8163130.114,1563.083,,,,,,,,,
9611,200931.11,8163129.441,1563.07,,,,,,,,,
9612,200931.081,8163092.73,1563.087,,,,,,,,,
9613,200931.11,8163091.702,1563.084,,,,,,,,,
9614,200931.066,8163055.036,1564.342,,,,,,,,,
9615,200931.071,8163054.345,1564.416,,,,,,,,,
9616,200931.098,8163017.439,1563.934,,,,,,,,,
9617,200931.156,8163016.628,1563.957,,,,,,,,,
9618,200931.077,8162979.894,1564.841,,,,,,,,,
9619,200931.127,8162979.204,1564.859,,,,,,,,,
9620,200931.101,8162942.478,1564.072,,,,,,,,,
9621,200931.112,8162941.495,1564.07,,,,,,,,,
9622,200931.107,8162904.782,1564.109,,,,,,,,,
9623,200937.227,8162904.878,1564.224,,,,,,,,,
9624,200937.267,8162941.634,1564.339,,,,,,,,,
9625,200937.263,8162942.678,1564.351,,,,,,,,,
9626,200937.31,8162979.353,1564.897,,,,,,,,,
9627,200937.254,8162980.108,1564.819,,,,,,,,,
9628,200937.261,8163016.808,1563.9,,,,,,,,,
9629,200937.246,8163017.84,1563.888,,,,,,,,,
9630,200937.233,8163054.543,1564.311,,,,,,,,,
9631,200937.228,8163055.128,1564.385,,,,,,,,,
9632,200937.263,8163091.824,1563.184,,,,,,,,,
9633,200937.315,8163092.776,1563.188,,,,,,,,,
9634,200937.303,8163129.559,1563.007,,,,,,,,,
9635,200937.294,8163130.233,1563.06,,,,,,,,,
9636,200937.27,8163166.941,1562.42,,,,,,,,,
9637,200937.263,8163167.958,1562.43,,,,,,,,,
9638,200937.242,8163204.653,1563.58,,,,,,,,,
9639,200943.497,8163204.51,1563.665,,,,,,,,,
9640,200943.506,8163167.809,1562.671,,,,,,,,,
9641,200943.488,8163166.805,1562.664,,,,,,,,,
9642,200943.51,8163130.081,1562.931,,,,,,,,,
9643,200943.527,8163129.431,1562.989,,,,,,,,,
9644,200943.491,8163092.712,1563.388,,,,,,,,,
9645,200943.484,8163091.702,1563.393,,,,,,,,,
9646,200943.488,8163054.998,1563.985,,,,,,,,,
9647,200943.502,8163054.407,1564.154,,,,,,,,,
9648,200943.43,8163017.484,1564.503,,,,,,,,,
9649,200943.479,8163016.669,1564.521,,,,,,,,,
9650,200943.478,8162979.953,1564.897,,,,,,,,,
9651,200943.511,8162979.297,1564.84,,,,,,,,,
9652,200943.514,8162942.578,1564.46,,,,,,,,,
9653,200943.529,8162941.568,1564.454,,,,,,,,,
9654,200943.482,8162904.835,1564.249,,,,,,,,,
9655,200949.622,8162904.809,1564.438,,,,,,,,,
9656,200949.756,8162941.688,1564.706,,,,,,,,,
9657,200949.665,8162942.658,1564.705,,,,,,,,,
9658,200949.834,8162979.483,1564.94,,,,,,,,,
9659,200949.694,8162980.087,1601.631,,,,,,,,,
9660,200949.656,8163016.791,1601.185,,,,,,,,,
9661,200949.633,8163017.838,1601.17,,,,,,,,,
9662,200949.746,8163054.61,1600.746,,,,,,,,,
9663,200949.665,8163055.178,1563.821,,,,,,,,,
9664,200949.645,8163091.868,1563.567,,,,,,,,,
9665,200949.632,8163092.882,1563.543,,,,,,,,,
9666,200949.701,8163129.616,1562.962,,,,,,,,,
9667,200949.703,8163130.224,1563.073,,,,,,,,,
9668,200949.651,8163166.921,1562.754,,,,,,,,,
9669,200949.621,8163167.947,1562.75,,,,,,,,,
9670,200949.618,8163204.64,1564.084,,,,,,,,,
9671,200955.999,8163204.785,1563.873,,,,,,,,,
9672,200955.909,8163167.637,1562.881,,,,,,,,,
9673,200955.915,8163166.868,1562.882,,,,,,,,,
9674,200955.841,8163130.128,1563.12,,,,,,,,,
9675,200955.88,8163129.454,1563.137,,,,,,,,,
9676,200955.903,8163092.733,1563.589,,,,,,,,,
9677,200955.892,8163091.747,1563.606,,,,,,,,,
9678,200955.862,8163055.026,1564.004,,,,,,,,,
9679,200955.887,8163054.332,1563.986,,,,,,,,,
9680,200955.878,8163017.6,1564.546,,,,,,,,,
9681,200955.895,8163016.592,1564.566,,,,,,,,,
9682,200955.889,8162979.903,1565.107,,,,,,,,,
9683,200955.891,8162979.235,1565.329,,,,,,,,,
9684,200955.906,8162942.534,1564.725,,,,,,,,,
9685,200955.91,8162941.511,1564.716,,,,,,,,,
9686,200955.898,8162904.813,1564.708,,,,,,,,,
9687,200962.019,8162905.161,1564.736,,,,,,,,,
9688,200962.081,8162941.694,1564.804,,,,,,,,,
9689,200962.05,8162942.73,1564.797,,,,,,,,,
9690,200962.046,8162979.433,1565.203,,,,,,,,,
9691,200962.07,8162980.025,1565.207,,,,,,,,,
9692,200962.058,8163016.742,1564.68,,,,,,,,,
9693,200962.073,8163017.762,1564.663,,,,,,,,,
9694,200962.055,8163054.458,1564.163,,,,,,,,,
9695,200962.017,8163055.176,1564.018,,,,,,,,,
9696,200962.103,8163091.917,1563.586,,,,,,,,,
9697,200962.029,8163092.876,1563.578,,,,,,,,,
9698,200962.061,8163129.617,1563.27,,,,,,,,,
9699,200962.014,8163130.244,1563.293,,,,,,,,,
9700,200962.073,8163166.967,1563.094,,,,,,,,,
9701,200962.025,8163167.936,1563.108,,,,,,,,,
9702,200962.088,8163204.675,1564.109,,,,,,,,,
9703,200819.508,8162893.01,1561.47,,,,,,,,,
9704,200819.561,8162856.352,1562.745,,,,,,,,,
9705,200819.575,8162855.271,1562.782,,,,,,,,,
9706,200819.51,8162818.59,1563.315,,,,,,,,,
9707,200819.543,8162817.898,1563.2,,,,,,,,,
9708,200819.593,8162780.975,1563.577,,,,,,,,,
9709,200819.59,8162780.171,1563.575,,,,,,,,,
9710,200819.59,8162743.534,1562.245,,,,,,,,,
9711,200819.574,8162742.775,1562.009,,,,,,,,,
9712,200819.508,8162705.868,1561.147,,,,,,,,,
9713,200819.499,8162705.047,1561.159,,,,,,,,,
9714,200819.556,8162668.363,1561.964,,,,,,,,,
9715,200819.557,8162667.72,1562.386,,,,,,,,,
9716,200819.556,8162630.993,1562.745,,,,,,,,,
9717,200819.566,8162630.041,1562.759,,,,,,,,,
9718,200819.611,8162593.316,1563.944,,,,,,,,,
9719,200825.713,8162593.451,1564.015,,,,,,,,,
9720,200825.7,8162630.147,1562.961,,,,,,,,,
9721,200825.72,8162631.154,1562.932,,,,,,,,,
9722,200825.723,8162667.86,1562.525,,,,,,,,,
9723,200825.741,8162668.509,1562.17,,,,,,,,,
9724,200825.712,8162705.187,1561.371,,,,,,,,,
9725,200825.694,8162706.24,1561.375,,,,,,,,,
9726,200825.754,8162742.918,1562.315,,,,,,,,,
9727,200825.738,8162743.627,1562.291,,,,,,,,,
9728,200825.678,8162780.284,1563.94,,,,,,,,,
9729,200825.644,8162781.343,1563.966,,,,,,,,,
9730,200825.618,8162818.034,1563.67,,,,,,,,,
9731,200825.641,8162818.723,1563.482,,,,,,,,,
9732,200825.682,8162855.41,1562.821,,,,,,,,,
9733,200825.72,8162856.495,1562.79,,,,,,,,,
9734,200825.702,8162893.147,1561.529,,,,,,,,,
9735,200831.951,8162892.998,1561.305,,,,,,,,,
9736,200831.948,8162856.362,1562.787,,,,,,,,,
9737,200831.947,8162855.277,1562.828,,,,,,,,,
9738,200831.969,8162818.608,1563.654,,,,,,,,,
9739,200831.984,8162817.902,1563.914,,,,,,,,,
9740,200831.937,8162780.971,1564.173,,,,,,,,,
9741,200831.999,8162780.202,1564.171,,,,,,,,,
9742,200831.902,8162743.496,1562.444,,,,,,,,,
9743,200831.905,8162742.755,1562.311,,,,,,,,,
9744,200831.914,8162706.057,1561.72,,,,,,,,,
9745,200831.946,8162705.072,1561.716,,,,,,,,,
9746,200831.95,8162668.338,1561.966,,,,,,,,,
9747,200831.927,8162667.719,1562.514,,,,,,,,,
9748,200831.912,8162631.039,1563.083,,,,,,,,,
9749,200831.928,8162629.99,1563.11,,,,,,,,,
9750,200831.925,8162593.293,1563.901,,,,,,,,,
9751,200838.12,8162593.421,1563.846,,,,,,,,,
9752,200838.1,8162630.125,1563.207,,,,,,,,,
9753,200838.088,8162631.127,1563.19,,,,,,,,,
9754,200838.103,8162667.841,1562.827,,,,,,,,,
9755,200838.095,8162668.5,1562.293,,,,,,,,,
9756,200838.098,8162705.199,1561.81,,,,,,,,,
9757,200838.099,8162706.215,1561.802,,,,,,,,,
9758,200838.083,8162742.92,1562.232,,,,,,,,,
9759,200838.098,8162743.657,1562.526,,,,,,,,,
9760,200838.092,8162780.321,1564.224,,,,,,,,,
9761,200838.082,8162781.369,1564.247,,,,,,,,,
9762,200838.123,8162818.065,1563.624,,,,,,,,,
9763,200838.138,8162818.722,1563.515,,,,,,,,,
9764,200838.105,8162855.415,1562.734,,,,,,,,,
9765,200838.078,8162856.486,1562.7,,,,,,,,,
9766,200838.118,8162893.123,1561.136,,,,,,,,,
9767,200844.343,8162893.019,1598.036,,,,,,,,,
9768,200844.302,8162856.302,1562.435,,,,,,,,,
9769,200844.317,8162855.338,1562.474,,,,,,,,,
9770,200844.338,8162818.638,1564.117,,,,,,,,,
9771,200844.357,8162817.942,1564.098,,,,,,,,,
9772,200844.38,8162781.027,1564.526,,,,,,,,,
9773,200844.346,8162780.189,1564.509,,,,,,,,,
9774,200844.318,8162743.534,1562.818,,,,,,,,,
9775,200844.331,8162742.767,1562.691,,,,,,,,,
9776,200844.313,8162706.06,1561.977,,,,,,,,,
9777,200844.322,8162705.056,1561.972,,,,,,,,,
9778,200844.367,8162668.349,1562.598,,,,,,,,,
9779,200844.367,8162667.731,1563.062,,,,,,,,,
9780,200844.294,8162631.003,1563.546,,,,,,,,,
9781,200844.322,8162629.999,1563.557,,,,,,,,,
9782,200844.369,8162593.29,1563.831,,,,,,,,,
9783,200850.523,8162593.399,1563.998,,,,,,,,,
9784,200850.491,8162630.088,1563.827,,,,,,,,,
9785,200850.469,8162631.144,1563.817,,,,,,,,,
9786,200850.524,8162667.82,1563.305,,,,,,,,,
9787,200850.524,8162668.518,1562.797,,,,,,,,,
9788,200850.486,8162705.219,1562.174,,,,,,,,,
9789,200850.469,8162706.227,1562.173,,,,,,,,,
9790,200850.484,8162742.912,1562.886,,,,,,,,,
9791,200850.492,8162743.601,1563.001,,,,,,,,,
9792,200850.463,8162780.265,1564.516,,,,,,,,,
9793,200850.472,8162781.305,1564.534,,,,,,,,,
9794,200850.525,8162818.013,1563.999,,,,,,,,,
9795,200850.524,8162818.734,1564.029,,,,,,,,,
9796,200850.462,8162855.425,1562.484,,,,,,,,,
9797,200850.447,8162856.42,1562.451,,,,,,,,,
9798,200850.507,8162893.115,1561.404,,,,,,,,,
9799,200856.671,8162893.044,1562.306,,,,,,,,,
9800,200856.691,8162856.359,1562.322,,,,,,,,,
9801,200856.786,8162855.337,1562.335,,,,,,,,,
9802,200856.7,8162818.648,1563.489,,,,,,,,,
9803,200856.7,8162817.915,1563.804,,,,,,,,,
9804,200856.717,8162781.241,1564.747,,,,,,,,,
9805,200856.741,8162780.17,1564.743,,,,,,,,,
9806,200856.745,8162743.523,1563.17,,,,,,,,,
9807,200856.747,8162742.842,1563.095,,,,,,,,,
9808,200856.74,8162706.136,1562.545,,,,,,,,,
9809,200856.734,8162705.119,1562.544,,,,,,,,,
9810,200856.747,8162668.424,1562.936,,,,,,,,,
9811,200856.688,8162667.742,1563.539,,,,,,,,,
9812,200856.704,8162631.058,1563.93,,,,,,,,,
9813,200856.702,8162630.001,1563.946,,,,,,,,,
9814,200856.742,8162593.299,1564.252,,,,,,,,,
9815,200862.934,8162593.443,1564.406,,,,,,,,,
9816,200862.816,8162630.122,1564.032,,,,,,,,,
9817,200862.872,8162631.184,1564.033,,,,,,,,,
9818,200862.885,8162667.859,1563.512,,,,,,,,,
9819,200862.924,8162668.565,1563.186,,,,,,,,,
9820,200862.904,8162705.258,1562.847,,,,,,,,,
9821,200862.89,8162706.287,1562.848,,,,,,,,,
9822,200862.91,8162742.963,1563.468,,,,,,,,,
9823,200862.883,8162743.642,1563.58,,,,,,,,,
9824,200862.867,8162780.284,1565.118,,,,,,,,,
9825,200862.863,8162781.384,1565.123,,,,,,,,,
9826,200862.855,8162818.019,1563.688,,,,,,,,,
9827,200862.859,8162818.79,1563.71,,,,,,,,,
9828,200862.936,8162855.46,1562.377,,,,,,,,,
9829,200862.879,8162856.473,1562.343,,,,,,,,,
9830,200862.886,8162893.178,1562.792,,,,,,,,,
9831,200869.127,8162893.015,1563.113,,,,,,,,,
9832,200869.126,8162856.068,1562.769,,,,,,,,,
9833,200869.178,8162855.322,1562.772,,,,,,,,,
9834,200869.143,8162818.575,1563.241,,,,,,,,,
9835,200869.16,8162817.834,1563.58,,,,,,,,,
9836,200869.151,8162781.184,1565.308,,,,,,,,,
9837,200869.152,8162780.129,1565.317,,,,,,,,,
9838,200869.149,8162743.47,1563.826,,,,,,,,,
9839,200869.188,8162742.78,1563.729,,,,,,,,,
9840,200869.203,8162705.887,1563.039,,,,,,,,,
9841,200869.172,8162705.058,1563.039,,,,,,,,,
9842,200869.153,8162668.375,1563.116,,,,,,,,,
9843,200869.106,8162667.719,1563.61,,,,,,,,,
9844,200869.114,8162631.019,1564.013,,,,,,,,,
9845,200869.154,8162630.011,1564.034,,,,,,,,,
9846,200869.196,8162593.29,1564.727,,,,,,,,,
9847,200875.324,8162593.446,1565.191,,,,,,,,,
9848,200875.217,8162630.142,1564.187,,,,,,,,,
9849,200875.265,8162631.17,1564.169,,,,,,,,,
9850,200875.266,8162667.863,1563.8,,,,,,,,,
9851,200875.31,8162668.51,1563.152,,,,,,,,,
9852,200875.293,8162705.202,1563.144,,,,,,,,,
9853,200875.292,8162706.232,1563.155,,,,,,,,,
9854,200875.321,8162742.933,1563.826,,,,,,,,,
9855,200875.302,8162743.579,1563.95,,,,,,,,,
9856,200875.285,8162780.235,1565.616,,,,,,,,,
9857,200875.282,8162781.282,1565.619,,,,,,,,,
9858,200875.339,8162817.879,1563.423,,,,,,,,,
9859,200875.273,8162818.709,1562.762,,,,,,,,,
9860,200875.313,8162855.394,1563.153,,,,,,,,,
9861,200875.238,8162856.439,1563.154,,,,,,,,,
9862,200875.28,8162893.142,1563.194,,,,,,,,,
9863,200881.507,8162893.022,1563.084,,,,,,,,,
9864,200881.56,8162856.106,1563.351,,,,,,,,,
9865,200881.529,8162855.31,1563.348,,,,,,,,,
9866,200881.564,8162818.566,1562.596,,,,,,,,,
9867,200881.554,8162817.815,1563.259,,,,,,,,,
9868,200881.543,8162781.208,1565.922,,,,,,,,,
9869,200881.575,8162780.198,1565.937,,,,,,,,,
9870,200881.549,8162743.507,1564.086,,,,,,,,,
9871,200881.565,8162742.828,1563.929,,,,,,,,,
9872,200881.527,8162706.118,1563.06,,,,,,,,,
9873,200881.527,8162705.124,1563.041,,,,,,,,,
9874,200881.506,8162668.395,1563.157,,,,,,,,,
9875,200887.693,8162668.508,1563.142,,,,,,,,,
9876,200887.71,8162705.215,1563.226,,,,,,,,,
9877,200887.738,8162706.203,1563.257,,,,,,,,,
9878,200887.763,8162742.919,1564.132,,,,,,,,,
9879,200887.704,8162743.626,1564.235,,,,,,,,,
9880,200887.786,8162780.357,1565.801,,,,,,,,,
9881,200887.705,8162781.272,1565.831,,,,,,,,,
9882,200887.735,8162817.953,1563.211,,,,,,,,,
9883,200887.712,8162818.707,1562.817,,,,,,,,,
9884,200887.661,8162855.395,1563.424,,,,,,,,,
9885,200887.65,8162856.437,1563.425,,,,,,,,,
9886,200887.659,8162893.147,1563.063,,,,,,,,,
9887,200893.934,8162893.003,1562.937,,,,,,,,,
9888,200893.872,8162856.3,1563.596,,,,,,,,,
9889,200893.889,8162855.279,1563.602,,,,,,,,,
9890,200893.888,8162818.575,1562.839,,,,,,,,,
9891,200893.924,8162817.831,1563.509,,,,,,,,,
9892,200893.912,8162780.994,1566.109,,,,,,,,,
9893,200893.94,8162780.198,1566.148,,,,,,,,,
9894,200893.921,8162743.516,1564.534,,,,,,,,,
9895,200893.963,8162742.79,1564.401,,,,,,,,,
9896,200893.984,8162705.901,1563.572,,,,,,,,,
9897,200893.976,8162705.08,1563.565,,,,,,,,,
9898,200893.935,8162668.374,1563.519,,,,,,,,,
9899,200900.086,8162668.511,1563.536,,,,,,,,,
9900,200900.165,8162705.315,1563.642,,,,,,,,,
9901,200900.101,8162706.203,1563.644,,,,,,,,,
9902,200900.126,8162742.917,1564.658,,,,,,,,,
9903,200900.092,8162743.663,1564.806,,,,,,,,,
9904,200900.096,8162780.339,1566.14,,,,,,,,,
9905,200900.1,8162781.406,1566.123,,,,,,,,,
9906,200900.082,8162817.987,1563.473,,,,,,,,,
9907,200900.073,8162818.76,1563.219,,,,,,,,,
9908,200900.104,8162855.5,1563.852,,,,,,,,,
9909,200900.037,8162856.499,1563.834,,,,,,,,,
9910,200900.112,8162893.19,1562.821,,,,,,,,,
9911,200906.336,8162892.957,1562.978,,,,,,,,,
9912,200906.315,8162856.324,1564.017,,,,,,,,,
9913,200906.303,8162855.241,1564.039,,,,,,,,,
9914,200906.32,8162818.522,1563.427,,,,,,,,,
9915,200906.304,8162817.899,1563.64,,,,,,,,,
9916,200906.351,8162781.044,1565.85,,,,,,,,,
9917,200906.369,8162780.236,1565.887,,,,,,,,,
9918,200906.315,8162743.536,1564.938,,,,,,,,,
9919,200906.307,8162742.76,1564.853,,,,,,,,,
9920,200906.336,8162706.024,1563.993,,,,,,,,,
9921,200906.355,8162705.05,1563.953,,,,,,,,,
9922,200906.307,8162668.355,1563.943,,,,,,,,,
9923,200912.511,8162668.538,1564.115,,,,,,,,,
9924,200912.483,8162705.251,1564.032,,,,,,,,,
9925,200912.474,8162706.237,1564.035,,,,,,,,,
9926,200912.448,8162742.95,1564.81,,,,,,,,,
9927,200912.483,8162743.641,1564.941,,,,,,,,,
9928,200912.543,8162780.34,1565.973,,,,,,,,,
9929,200912.54,8162781.359,1565.937,,,,,,,,,
9930,200912.503,8162817.995,1563.686,,,,,,,,,
9931,200912.502,8162818.733,1563.574,,,,,,,,,
9932,200912.478,8162855.407,1564.019,,,,,,,,,
9933,200912.473,8162856.525,1564.014,,,,,,,,,
9934,200912.525,8162893.183,1563.466,,,,,,,,,
9935,200918.743,8162893.048,1563.866,,,,,,,,,
9936,200918.761,8162856.361,1564.344,,,,,,,,,
9937,200918.734,8162855.301,1564.346,,,,,,,,,
9938,200918.724,8162818.616,1563.62,,,,,,,,,
9939,200918.708,8162742.793,1565.052,,,,,,,,,
9940,200918.736,8162705.872,1564.064,,,,,,,,,
9941,200918.733,8162705.118,1564.057,,,,,,,,,
9942,200918.781,8162668.391,1563.943,,,,,,,,,
9943,200924.905,8162668.518,1563.853,,,,,,,,,
9944,200924.858,8162705.247,1564.043,,,,,,,,,
9945,200924.839,8162706.229,1564.068,,,,,,,,,
9946,200924.877,8162742.95,1565.188,,,,,,,,,
9947,200924.908,8162818.737,1563.661,,,,,,,,,
9948,200924.903,8162855.427,1564.415,,,,,,,,,
9949,200924.886,8162856.483,1564.412,,,,,,,,,
9950,200924.909,8162893.167,1564.113,,,,,,,,,
9951,200931.101,8162893.017,1564.195,,,,,,,,,
9952,200931.179,8162856.125,1564.775,,,,,,,,,
9953,200931.161,8162855.267,1564.769,,,,,,,,,
9954,200931.101,8162818.509,1563.427,,,,,,,,,
9955,200931.099,8162817.866,1563.38,,,,,,,,,
9956,200931.122,8162781.074,1565.942,,,,,,,,,
9957,200931.161,8162780.192,1565.952,,,,,,,,,
9958,200931.13,8162743.507,1565.235,,,,,,,,,
9959,200931.167,8162742.818,1565.054,,,,,,,,,
9960,200931.168,8162705.918,1564.156,,,,,,,,,
9961,200931.156,8162705.1,1564.146,,,,,,,,,
9962,200931.196,8162668.393,1564.315,,,,,,,,,
9963,200937.32,8162668.53,1564.18,,,,,,,,,
9964,200937.322,8162705.231,1564.245,,,,,,,,,
9965,200937.282,8162706.236,1564.259,,,,,,,,,
9966,200937.316,8162742.945,1565.355,,,,,,,,,
9967,200937.28,8162743.645,1565.561,,,,,,,,,
9968,200937.29,8162780.33,1565.939,,,,,,,,,
9969,200937.294,8162781.403,1565.913,,,,,,,,,
9970,200937.282,8162818.009,1563.464,,,,,,,,,
9971,200937.311,8162818.729,1600.405,,,,,,,,,
9972,200937.281,8162855.388,1601.862,,,,,,,,,
9973,200937.276,8162856.432,1601.873,,,,,,,,,
9974,200937.276,8162893.135,1601.15,,,,,,,,,
9975,200943.527,8162856.188,1565.775,,,,,,,,,
9976,200943.493,8162837.867,1564.857,,,,,,,,,
9977,200943.497,8162836.909,1564.807,,,,,,,,,
9978,200943.518,8162818.6,1563.879,,,,,,,,,
9979,200943.537,8162817.849,1563.618,,,,,,,,,
9980,200943.561,8162781.013,1565.937,,,,,,,,,
9981,200943.559,8162780.222,1565.957,,,,,,,,,
9982,200943.518,8162743.479,1565.919,,,,,,,,,
9983,200943.52,8162742.773,1565.609,,,,,,,,,
9984,200943.489,8162706.049,1564.189,,,,,,,,,
9985,200943.435,8162705.139,1564.218,,,,,,,,,
9986,200943.428,8162668.084,1564.313,,,,,,,,,
9987,200949.726,8162668.471,1564.336,,,,,,,,,
9988,200949.672,8162705.201,1564.246,,,,,,,,,
9989,200949.669,8162706.189,1564.269,,,,,,,,,
9990,200949.653,8162742.869,1565.951,,,,,,,,,
9991,200949.652,8162743.609,1566.091,,,,,,,,,
9992,200949.639,8162780.346,1566.161,,,,,,,,,
9993,200949.577,8162781.34,1566.139,,,,,,,,,
9994,200949.711,8162817.999,1564.075,,,,,,,,,
9995,200949.648,8162818.679,1564.167,,,,,,,,,
9996,200949.682,8162836.99,1564.9,,,,,,,,,
9997,200949.672,8162837.968,1564.939,,,,,,,,,
9998,200949.677,8162856.295,1565.703,,,,,,,,,
9999,200955.897,8162856.248,1565.826,,,,,,,,,
10000,200955.916,8162837.908,1565.132,,,,,,,,,
10001,200955.911,8162836.942,1565.101,,,,,,,,,
10002,200955.414,8162818.277,1564.296,,,,,,,,,
10003,200955.97,8162817.941,1564.498,,,,,,,,,
10004,200955.944,8162781.259,1566.209,,,,,,,,,
10005,200955.893,8162780.255,1566.239,,,,,,,,,
10006,200955.899,8162743.537,1566.218,,,,,,,,,
10007,200955.914,8162742.72,1566.044,,,,,,,,,
10008,200955.895,8162706.029,1564.399,,,,,,,,,
10009,200955.906,8162705.036,1564.377,,,,,,,,,
10010,200955.911,8162668.326,1564.778,,,,,,,,,
10011,200962.085,8162668.518,1564.693,,,,,,,,,
10012,200962.068,8162705.239,1564.686,,,,,,,,,
10013,200962.062,8162706.247,1564.7,,,,,,,,,
10014,200962.103,8162742.938,1566.073,,,,,,,,,
10015,200962.06,8162743.626,1566.375,,,,,,,,,
10016,200962.064,8162780.359,1566.537,,,,,,,,,
10017,200962.059,8162781.336,1566.515,,,,,,,,,
10018,200962.116,8162818.016,1564.706,,,,,,,,,
10019,200962.061,8162818.675,1564.831,,,,,,,,,
10020,200962.074,8162836.998,1565.268,,,,,,,,,
10021,200962.078,8162837.956,1565.284,,,,,,,,,
10022,200962.123,8162856.303,1565.731,,,,,,,,,
10023,200968.311,8162892.989,1564.59,,,,,,,,,
10024,200968.298,8162856.287,1565.674,,,,,,,,,
10025,200968.304,8162855.295,1565.684,,,,,,,,,
10026,200968.317,8162818.57,1565.01,,,,,,,,,
10027,200968.302,8162817.877,1565.039,,,,,,,,,
10028,200968.297,8162781.183,1566.553,,,,,,,,,
10029,200968.305,8162780.185,1566.575,,,,,,,,,
10030,200968.327,8162743.46,1566.51,,,,,,,,,
10031,200968.324,8162742.751,1566.257,,,,,,,,,
10032,200968.274,8162706.061,1564.791,,,,,,,,,
10033,200968.303,8162705.066,1564.76,,,,,,,,,
10034,200968.325,8162668.353,1564.757,,,,,,,,,
10035,200974.471,8162668.487,1565.227,,,,,,,,,
10036,200974.446,8162705.217,1564.991,,,,,,,,,
10037,200974.455,8162706.194,1565.006,,,,,,,,,
10038,200974.478,8162742.905,1566.505,,,,,,,,,
10039,200974.491,8162743.631,1566.716,,,,,,,,,
10040,200974.449,8162780.367,1566.806,,,,,,,,,
10041,200974.441,8162781.378,1566.789,,,,,,,,,
10042,200974.494,8162818.103,1565.255,,,,,,,,,
10043,200974.492,8162818.733,1565.102,,,,,,,,,
10044,200974.473,8162855.428,1565.779,,,,,,,,,
10045,200974.461,8162856.477,1565.77,,,,,,,,,
10046,200974.462,8162893.152,1564.84,,,,,,,,,
10047,200980.707,8162893.011,1565.008,,,,,,,,,
10048,200980.672,8162856.32,1565.679,,,,,,,,,
10049,200980.691,8162855.257,1565.704,,,,,,,,,
10050,200980.722,8162818.545,1566.133,,,,,,,,,
10051,200980.746,8162781.204,1566.71,,,,,,,,,
10052,200980.739,8162780.195,1566.715,,,,,,,,,
10053,200980.724,8162743.475,1567.046,,,,,,,,,
10054,200980.691,8162742.78,1566.908,,,,,,,,,
10055,200980.71,8162706.117,1564.961,,,,,,,,,
10056,200980.724,8162705.122,1564.944,,,,,,,,,
10057,200980.721,8162668.406,1565.644,,,,,,,,,
10058,200986.885,8162668.535,1565.911,,,,,,,,,
10059,200986.855,8162705.24,1565.226,,,,,,,,,
10060,200986.843,8162706.237,1565.247,,,,,,,,,
10061,200986.86,8162742.908,1567.128,,,,,,,,,
10062,200986.869,8162743.621,1567.267,,,,,,,,,
10063,200986.882,8162780.345,1566.796,,,,,,,,,
10064,200986.875,8162781.337,1566.778,,,,,,,,,
10065,200986.801,8162818.064,1566.119,,,,,,,,,
10066,200986.887,8162818.778,1566.305,,,,,,,,,
10067,200986.812,8162855.527,1566.132,,,,,,,,,
10068,200986.833,8162856.485,1566.123,,,,,,,,,
10069,200986.933,8162893.293,1565.8,,,,,,,,,
10070,200993.078,8162892.991,1566.362,,,,,,,,,
10071,200993.076,8162856.349,1566.11,,,,,,,,,
10072,200993.123,8162855.331,1566.103,,,,,,,,,
10073,200993.118,8162818.69,1565.875,,,,,,,,,
10074,200993.098,8162817.888,1565.898,,,,,,,,,
10075,200993.097,8162781.189,1567.117,,,,,,,,,
10076,200993.049,8162780.2,1567.142,,,,,,,,,
10077,200993.152,8162743.526,1567.803,,,,,,,,,
10078,200993.066,8162742.684,1567.834,,,,,,,,,
10079,200993.087,8162706.014,1565.641,,,,,,,,,
10080,200993.088,8162705.091,1565.625,,,,,,,,,
10081,200993.149,8162668.386,1566.393,,,,,,,,,
10082,200999.261,8162668.507,1566.5,,,,,,,,,
10083,200999.21,8162705.267,1565.744,,,,,,,,,
10084,200999.277,8162706.152,1565.765,,,,,,,,,
10085,200999.188,8162742.854,1567.966,,,,,,,,,
10086,200999.3,8162743.67,1567.956,,,,,,,,,
10087,200999.194,8162780.402,1567.312,,,,,,,,,
10088,200999.252,8162781.41,1567.279,,,,,,,,,
10089,200999.257,8162818.044,1565.822,,,,,,,,,
10090,200999.26,8162818.733,1565.463,,,,,,,,,
10091,200999.212,8162855.422,1565.88,,,,,,,,,
10092,200999.182,8162856.372,1565.886,,,,,,,,,
10093,200999.287,8162893.055,1566.287,,,,,,,,,
10094,201005.496,8162893.012,1566.517,,,,,,,,,
10095,201005.54,8162856.317,1565.84,,,,,,,,,
10096,201005.519,8162855.261,1565.822,,,,,,,,,
10097,201005.496,8162818.571,1565.345,,,,,,,,,
10098,201005.482,8162817.878,1565.683,,,,,,,,,
10099,201005.483,8162781.174,1566.63,,,,,,,,,
10100,201005.497,8162780.181,1566.651,,,,,,,,,
10101,201005.49,8162743.471,1567.625,,,,,,,,,
10102,201005.452,8162742.67,1567.642,,,,,,,,,
10103,201005.474,8162705.997,1565.721,,,,,,,,,
10104,201005.472,8162705.024,1565.694,,,,,,,,,
10105,201005.515,8162668.296,1566.123,,,,,,,,,
10106,201011.664,8162668.538,1566.247,,,,,,,,,
10107,201011.655,8162705.243,1566.016,,,,,,,,,
10108,201011.647,8162706.244,1566.033,,,,,,,,,
10109,201011.616,8162742.898,1568.177,,,,,,,,,
10110,201011.62,8162743.679,1568.12,,,,,,,,,
10111,201011.632,8162780.384,1566.758,,,,,,,,,
10112,201011.616,8162781.384,1566.725,,,,,,,,,
10113,201011.647,8162818.074,1565.77,,,,,,,,,
10114,201011.65,8162818.71,1565.699,,,,,,,,,
10115,201011.58,8162855.399,1566.106,,,,,,,,,
10116,201011.609,8162856.498,1566.114,,,,,,,,,
10117,201011.619,8162893.159,1566.591,,,,,,,,,
10118,201017.839,8162893.006,1566.615,,,,,,,,,
10119,201017.866,8162856.106,1566.485,,,,,,,,,
10120,201017.899,8162855.24,1566.48,,,,,,,,,
10121,201017.879,8162818.549,1565.893,,,,,,,,,
10122,201017.895,8162817.941,1565.89,,,,,,,,,
10123,201017.895,8162781.244,1566.503,,,,,,,,,
10124,201017.906,8162780.249,1566.533,,,,,,,,,
10125,201017.88,8162743.567,1568.315,,,,,,,,,
10126,201017.864,8162742.728,1568.315,,,,,,,,,
10127,201017.911,8162706.058,1566.52,,,,,,,,,
10128,201017.86,8162705.044,1566.489,,,,,,,,,
10129,201017.862,8162668.349,1566.109,,,,,,,,,
10130,201024.017,8162668.466,1566.134,,,,,,,,,
10131,201024.006,8162705.159,1566.896,,,,,,,,,
10132,201024.021,8162706.181,1566.927,,,,,,,,,
10133,201024.005,8162742.867,1568.282,,,,,,,,,
10134,201024.04,8162743.68,1568.246,,,,,,,,,
10135,201024.054,8162780.385,1566.728,,,,,,,,,
10136,201024.041,8162781.334,1566.697,,,,,,,,,
10137,201024.08,8162818.058,1566.057,,,,,,,,,
10138,201024.032,8162818.698,1566.325,,,,,,,,,
10139,201024.016,8162855.399,1566.607,,,,,,,,,
10140,201023.992,8162856.453,1566.606,,,,,,,,,
10141,201024.055,8162893.161,1566.102,,,,,,,,,
10142,201030.263,8162893.139,1565.853,,,,,,,,,
10143,201030.309,8162856.26,1567.027,,,,,,,,,
10144,201030.32,8162855.391,1567.043,,,,,,,,,
10145,201030.304,8162818.695,1566.87,,,,,,,,,
10146,201030.354,8162817.944,1566.584,,,,,,,,,
10147,201030.252,8162781.228,1567.048,,,,,,,,,
10148,201030.255,8162780.257,1567.075,,,,,,,,,
10149,201030.29,8162743.538,1568.441,,,,,,,,,
10150,201030.28,8162742.742,1568.569,,,,,,,,,
10151,201030.281,8162706.067,1567.137,,,,,,,,,
10152,201030.301,8162705.021,1567.116,,,,,,,,,
10153,201030.272,8162668.352,1566.245,,,,,,,,,
10154,201036.478,8162668.515,1566.486,,,,,,,,,
10155,201036.456,8162705.192,1567.383,,,,,,,,,
10156,201036.463,8162706.245,1567.403,,,,,,,,,
10157,201036.454,8162742.918,1568.425,,,,,,,,,
10158,201036.45,8162743.677,1568.452,,,,,,,,,
10159,201036.394,8162780.42,1567.212,,,,,,,,,
10160,201036.385,8162781.331,1567.181,,,,,,,,,
10161,201036.5,8162818.077,1566.156,,,,,,,,,
10162,201036.446,8162818.749,1566.652,,,,,,,,,
10163,201036.464,8162855.432,1567.363,,,,,,,,,
10164,201036.444,8162856.505,1567.353,,,,,,,,,
10165,201036.447,8162893.175,1565.902,,,,,,,,,
10166,201042.709,8162893.037,1566.236,,,,,,,,,
10167,201042.699,8162856.331,1567.236,,,,,,,,,
10168,201042.709,8162855.316,1567.248,,,,,,,,,
10169,201042.677,8162818.585,1566.862,,,,,,,,,
10170,201042.654,8162817.864,1566.422,,,,,,,,,
10171,201042.67,8162781.177,1567.021,,,,,,,,,
10172,201042.684,8162780.144,1567.052,,,,,,,,,
10173,201042.695,8162743.476,1568.458,,,,,,,,,
10174,201042.711,8162742.76,1568.664,,,,,,,,,
10175,201042.659,8162706.007,1567.653,,,,,,,,,
10176,201042.691,8162705.136,1567.628,,,,,,,,,
10177,201042.685,8162668.425,1566.529,,,,,,,,,
10178,201048.845,8162668.46,1566.629,,,,,,,,,
10179,201048.841,8162705.133,1567.788,,,,,,,,,
10180,201048.829,8162706.143,1567.818,,,,,,,,,
10181,201048.853,8162742.857,1568.581,,,,,,,,,
10182,201048.875,8162743.616,1568.535,,,,,,,,,
10183,201048.862,8162780.312,1567.257,,,,,,,,,
10184,201048.855,8162781.328,1567.23,,,,,,,,,
10185,201048.844,8162818.007,1566.509,,,,,,,,,
10186,201048.855,8162818.705,1566.597,,,,,,,,,
10187,201048.858,8162855.42,1567.412,,,,,,,,,
10188,201048.85,8162856.438,1567.415,,,,,,,,,
10189,201048.902,8162893.144,1566.329,,,,,,,,,
10190,201055.04,8162893.03,1566.248,,,,,,,,,
10191,201055.107,8162856.349,1567.622,,,,,,,,,
10192,201055.094,8162855.3,1567.629,,,,,,,,,
10193,201055.061,8162818.608,1566.773,,,,,,,,,
10194,201055.108,8162817.95,1566.804,,,,,,,,,
10195,201055.058,8162781.224,1567.255,,,,,,,,,
10196,201055.057,8162780.277,1567.282,,,,,,,,,
10197,201055.061,8162743.563,1568.77,,,,,,,,,
10198,201055.032,8162742.844,1568.653,,,,,,,,,
10199,201055.077,8162706.119,1567.87,,,,,,,,,
10200,201055.083,8162705.139,1567.854,,,,,,,,,
10201,201055.09,8162668.439,1566.833,,,,,,,,,
10202,201061.266,8162668.52,1567.105,,,,,,,,,
10203,201061.265,8162705.192,1568.18,,,,,,,,,
10204,201061.251,8162706.216,1568.201,,,,,,,,,
10205,201061.22,8162742.923,1568.472,,,,,,,,,
10206,201061.213,8162743.575,1568.497,,,,,,,,,
10207,201061.234,8162780.277,1567.587,,,,,,,,,
10208,201061.228,8162781.263,1567.568,,,,,,,,,
10209,201061.258,8162817.986,1566.984,,,,,,,,,
10210,201061.23,8162818.674,1567.021,,,,,,,,,
10211,201061.252,8162855.359,1567.588,,,,,,,,,
10212,201061.24,8162856.441,1567.596,,,,,,,,,
10213,201061.218,8162893.115,1566.47,,,,,,,,,
10214,201067.451,8162893.045,1566.379,,,,,,,,,
10215,201067.412,8162856.365,1567.642,,,,,,,,,
10216,201067.417,8162855.323,1567.64,,,,,,,,,
10217,201067.432,8162818.616,1566.847,,,,,,,,,
10218,201067.44,8162817.92,1566.86,,,,,,,,,
10219,201067.481,8162781.209,1567.662,,,,,,,,,
10220,201067.495,8162780.25,1567.677,,,,,,,,,
10221,201067.474,8162743.528,1568.561,,,,,,,,,
10222,201067.499,8162742.874,1568.434,,,,,,,,,
10223,201067.42,8162706.157,1568.444,,,,,,,,,
10224,201067.449,8162705.149,1568.433,,,,,,,,,
10225,201067.471,8162668.452,1567.197,,,,,,,,,
10226,201073.656,8162668.481,1567.177,,,,,,,,,
10227,201073.637,8162705.133,1568.572,,,,,,,,,
10228,201073.631,8162706.225,1568.586,,,,,,,,,
10229,201073.683,8162742.897,1568.348,,,,,,,,,
10230,201073.655,8162743.689,1568.548,,,,,,,,,
10231,201073.664,8162780.413,1567.794,,,,,,,,,
10232,201073.653,8162781.389,1567.769,,,,,,,,,
10233,201073.656,8162818.104,1566.935,,,,,,,,,
10234,201073.625,8162818.722,1566.918,,,,,,,,,
10235,201073.625,8162855.431,1567.772,,,,,,,,,
10236,201073.619,8162856.463,1567.78,,,,,,,,,
10237,201073.648,8162893.151,1566.56,,,,,,,,,
10238,201079.832,8162893.021,1566.797,,,,,,,,,
10239,201079.87,8162856.279,1567.998,,,,,,,,,
10240,201079.838,8162855.317,1567.995,,,,,,,,,
10241,201079.851,8162818.6,1567.031,,,,,,,,,
10242,201079.898,8162817.942,1566.883,,,,,,,,,
10243,201079.912,8162781.25,1568.046,,,,,,,,,
10244,201079.94,8162780.241,1568.061,,,,,,,,,
10245,201079.926,8162743.538,1568.515,,,,,,,,,
10246,201079.887,8162742.874,1568.524,,,,,,,,,
10247,201079.877,8162706.175,1568.732,,,,,,,,,
10248,201079.897,8162705.106,1568.71,,,,,,,,,
10249,201079.873,8162668.447,1567.304,,,,,,,,,
10250,201086.054,8162668.567,1567.606,,,,,,,,,
10251,201086.064,8162705.234,1568.786,,,,,,,,,
10252,201086.053,8162706.295,1568.806,,,,,,,,,
10253,201086.063,8162742.974,1568.586,,,,,,,,,
10254,201086.064,8162743.681,1568.376,,,,,,,,,
10255,201086.028,8162780.389,1568.103,,,,,,,,,
10256,201086.043,8162781.409,1568.103,,,,,,,,,
10257,201085.992,8162818.11,1567.578,,,,,,,,,
10258,201085.999,8162818.706,1567.61,,,,,,,,,
10259,201086.027,8162855.413,1567.886,,,,,,,,,
10260,201086.029,8162856.437,1567.887,,,,,,,,,
10261,201085.998,8162893.131,1567.096,,,,,,,,,
10262,201092.222,8162893.036,1567.461,,,,,,,,,
10263,201092.261,8162856.343,1568.131,,,,,,,,,
10264,201092.281,8162855.28,1568.125,,,,,,,,,
10265,201092.259,8162818.574,1567.749,,,,,,,,,
10266,201092.29,8162817.887,1567.695,,,,,,,,,
10267,201092.27,8162781.177,1568.102,,,,,,,,,
10268,201092.278,8162780.147,1568.116,,,,,,,,,
10269,201092.267,8162743.454,1568.485,,,,,,,,,
10270,201092.278,8162742.791,1568.637,,,,,,,,,
10271,201092.248,8162706.066,1568.907,,,,,,,,,
10272,201092.26,8162705.066,1568.903,,,,,,,,,
10273,201092.233,8162668.348,1567.885,,,,,,,,,
10274,201098.397,8162668.476,1568.047,,,,,,,,,
10275,201098.413,8162705.193,1568.945,,,,,,,,,
10276,201098.402,8162706.183,1568.951,,,,,,,,,
10277,201098.482,8162742.979,1568.611,,,,,,,,,
10278,201098.422,8162743.619,1568.693,,,,,,,,,
10279,201098.436,8162780.323,1568.196,,,,,,,,,
10280,201098.43,8162781.341,1568.191,,,,,,,,,
10281,201098.462,8162818.044,1567.68,,,,,,,,,
10282,201098.424,8162818.723,1567.891,,,,,,,,,
10283,201098.433,8162855.428,1568.28,,,,,,,,,
10284,201098.433,8162856.482,1568.288,,,,,,,,,
10285,201098.363,8162893.165,1567.952,,,,,,,,,
10286,201104.652,8162893.021,1568.244,,,,,,,,,
10287,201104.72,8162856.345,1568.536,,,,,,,,,
10288,201104.661,8162855.249,1568.548,,,,,,,,,
10289,201104.711,8162818.579,1567.929,,,,,,,,,
10290,201104.694,8162817.873,1604.759,,,,,,,,,
10291,201104.672,8162781.172,1568.229,,,,,,,,,
10292,201104.686,8162780.157,1568.236,,,,,,,,,
10293,201104.67,8162743.439,1568.554,,,,,,,,,
10294,201104.701,8162742.78,1568.581,,,,,,,,,
10295,201104.663,8162706.1,1569.046,,,,,,,,,
10296,201104.668,8162705.022,1569.035,,,,,,,,,
10297,201104.664,8162668.347,1568.14,,,,,,,,,
10298,201110.819,8162668.499,1568.18,,,,,,,,,
10299,201110.842,8162705.203,1569.121,,,,,,,,,
10300,201110.838,8162706.274,1569.129,,,,,,,,,
10301,201110.88,8162742.987,1568.692,,,,,,,,,
10302,201110.834,8162743.654,1568.582,,,,,,,,,
10303,201110.834,8162780.365,1568.422,,,,,,,,,
10304,201110.834,8162781.387,1568.419,,,,,,,,,
10305,201110.83,8162818.089,1568.135,,,,,,,,,
10306,201110.889,8162818.713,1568.528,,,,,,,,,
10307,201110.812,8162855.442,1568.473,,,,,,,,,
10308,201110.815,8162856.478,1568.474,,,,,,,,,
10309,201110.825,8162893.179,1568.419,,,,,,,,,
10310,201117.1,8162893.02,1568.5,,,,,,,,,
10311,201117.173,8162856.29,1568.467,,,,,,,,,
10312,201117.119,8162855.296,1568.478,,,,,,,,,
10313,201117.197,8162818.582,1568.564,,,,,,,,,
10314,201117.039,8162817.964,1568.348,,,,,,,,,
10315,201117.064,8162781.217,1568.525,,,,,,,,,
10316,201117.083,8162780.274,1568.526,,,,,,,,,
10317,201117.035,8162743.482,1568.891,,,,,,,,,
10318,201117.064,8162742.799,1568.701,,,,,,,,,
10319,201117.091,8162706.075,1568.98,,,,,,,,,
10320,201117.095,8162705.093,1568.989,,,,,,,,,
10321,201117.07,8162668.279,1568.594,,,,,,,,,
10322,201117.05,8162667.717,1568.506,,,,,,,,,
10323,201117.1,8162631.013,1568.823,,,,,,,,,
10324,201117.106,8162630.133,1568.834,,,,,,,,,
10325,201117.155,8162593.416,1569.147,,,,,,,,,
10326,201123.289,8162593.433,1569.213,,,,,,,,,
10327,201123.276,8162630.195,1569.068,,,,,,,,,
10328,201123.267,8162631.021,1569.07,,,,,,,,,
10329,201123.195,8162667.76,1568.882,,,,,,,,,
10330,201123.248,8162668.535,1568.876,,,,,,,,,
10331,201123.232,8162705.26,1568.987,,,,,,,,,
10332,201123.213,8162706.256,1568.99,,,,,,,,,
10333,201123.218,8162742.97,1569.02,,,,,,,,,
10334,201123.21,8162743.651,1569.229,,,,,,,,,
10335,201123.231,8162780.367,1568.592,,,,,,,,,
10336,201123.229,8162781.351,1568.585,,,,,,,,,
10337,201123.255,8162818.067,1568.518,,,,,,,,,
10338,201123.318,8162818.738,1568.695,,,,,,,,,
10339,201123.301,8162855.457,1568.558,,,,,,,,,
10340,201123.285,8162856.489,1568.556,,,,,,,,,
10341,201123.254,8162893.195,1568.6,,,,,,,,,
10342,201129.449,8162856.258,1568.731,,,,,,,,,
10343,201129.43,8162837.896,1568.531,,,,,,,,,
10344,201129.457,8162837.084,1568.512,,,,,,,,,
10345,201129.469,8162818.742,1568.318,,,,,,,,,
10346,201129.452,8162817.919,1568.186,,,,,,,,,
10347,201129.438,8162781.198,1568.791,,,,,,,,,
10348,201129.443,8162780.261,1568.805,,,,,,,,,
10349,201129.411,8162743.474,1569.237,,,,,,,,,
10350,201129.431,8162742.811,1569.232,,,,,,,,,
10351,201129.406,8162706.072,1569.156,,,,,,,,,
10352,201129.455,8162705.077,1569.123,,,,,,,,,
10353,201129.401,8162668.381,1568.754,,,,,,,,,
10354,201129.403,8162667.756,1568.7,,,,,,,,,
10355,201129.44,8162631.064,1569.244,,,,,,,,,
10356,201129.445,8162630.016,1569.254,,,,,,,,,
10357,201129.442,8162593.308,1568.937,,,,,,,,,
10358,201135.605,8162593.415,1569.119,,,,,,,,,
10359,201135.623,8162630.147,1569.343,,,,,,,,,
10360,201135.64,8162631.128,1569.347,,,,,,,,,
10361,201135.631,8162667.912,1568.854,,,,,,,,,
10362,201135.568,8162668.458,1568.802,,,,,,,,,
10363,201135.681,8162705.27,1569.3,,,,,,,,,
10364,201135.586,8162706.158,1569.284,,,,,,,,,
10365,201135.588,8162742.888,1569.12,,,,,,,,,
10366,201135.598,8162743.632,1569.061,,,,,,,,,
10367,201135.592,8162780.348,1569.014,,,,,,,,,
10368,201135.575,8162781.366,1569.006,,,,,,,,,
10369,201135.617,8162818.079,1568.482,,,,,,,,,
10370,201135.638,8162818.73,1568.406,,,,,,,,,
10371,201135.605,8162837.066,1568.541,,,,,,,,,
10372,201135.638,8162837.832,1568.548,,,,,,,,,
10373,201135.589,8162857.357,1568.702,,,,,,,,,
10374,201141.848,8162856.233,1568.817,,,,,,,,,
10375,201141.839,8162837.897,1568.637,,,,,,,,,
10376,201141.856,8162837.061,1568.625,,,,,,,,,
10377,201141.819,8162818.716,1568.45,,,,,,,,,
10378,201141.873,8162817.872,1568.436,,,,,,,,,
10379,201141.825,8162781.143,1569.32,,,,,,,,,
10380,201141.851,8162780.184,1569.315,,,,,,,,,
10381,201141.834,8162743.445,1568.97,,,,,,,,,
10382,201141.87,8162742.82,1568.967,,,,,,,,,
10383,201141.829,8162706.07,1569.573,,,,,,,,,
10384,201141.822,8162705.099,1569.575,,,,,,,,,
10385,201141.818,8162668.38,1568.981,,,,,,,,,
10386,201141.862,8162667.726,1568.985,,,,,,,,,
10387,201141.819,8162630.979,1569.604,,,,,,,,,
10388,201141.873,8162629.996,1569.583,,,,,,,,,
10389,201141.852,8162593.295,1569.221,,,,,,,,,
10390,201148.004,8162593.408,1569.467,,,,,,,,,
10391,201148.061,8162630.133,1569.723,,,,,,,,,
10392,201148.021,8162631.114,1569.723,,,,,,,,,
10393,201148.05,8162667.849,1569.057,,,,,,,,,
10394,201148.003,8162668.53,1569.073,,,,,,,,,
10395,201148.034,8162705.256,1569.649,,,,,,,,,
10396,201147.978,8162706.271,1569.64,,,,,,,,,
10397,201148.05,8162742.988,1569.098,,,,,,,,,
10398,201148.026,8162743.633,1569.248,,,,,,,,,
10399,201148.211,8162780.532,1569.322,,,,,,,,,
10400,201147.999,8162781.366,1569.328,,,,,,,,,
10401,201148.075,8162818.076,1568.568,,,,,,,,,
10402,201148.017,8162818.769,1568.549,,,,,,,,,
10403,201148.08,8162837.141,1568.802,,,,,,,,,
10404,201148.032,8162837.934,1568.824,,,,,,,,,
10405,201148.039,8162856.272,1569.094,,,,,,,,,
10406,201154.218,8162893.072,1569.287,,,,,,,,,
10407,201154.247,8162856.345,1569.265,,,,,,,,,
10408,201154.252,8162855.339,1569.25,,,,,,,,,
10409,201154.153,8162818.517,1568.711,,,,,,,,,
10410,201154.237,8162817.881,1568.784,,,,,,,,,
10411,201154.241,8162781.156,1569.262,,,,,,,,,
10412,201154.241,8162780.176,1569.271,,,,,,,,,
10413,201154.243,8162743.446,1569.226,,,,,,,,,
10414,201154.235,8162742.861,1569.248,,,,,,,,,
10415,201154.25,8162706.138,1569.809,,,,,,,,,
10416,201154.275,8162705.131,1569.824,,,,,,,,,
10417,201154.212,8162668.336,1569.253,,,,,,,,,
10418,201154.242,8162667.651,1569.296,,,,,,,,,
10419,201154.136,8162630.88,1569.743,,,,,,,,,
10420,201154.212,8162629.975,1569.784,,,,,,,,,
10421,201154.183,8162593.201,1569.695,,,,,,,,,
10422,201160.351,8162593.36,1569.737,,,,,,,,,
10423,201160.39,8162630.077,1569.852,,,,,,,,,
10424,201160.376,8162631.091,1569.836,,,,,,,,,
10425,201160.437,8162667.857,1569.377,,,,,,,,,
10426,201160.424,8162668.486,1569.473,,,,,,,,,
10427,201160.429,8162705.185,1569.938,,,,,,,,,
10428,201160.42,8162706.235,1569.939,,,,,,,,,
10429,201160.425,8162742.951,1569.383,,,,,,,,,
10430,201160.425,8162743.55,1569.38,,,,,,,,,
10431,201160.536,8162780.406,1569.336,,,,,,,,,
10432,201160.382,8162781.297,1569.301,,,,,,,,,
10433,201160.423,8162818.007,1569.029,,,,,,,,,
10434,201160.412,8162818.664,1568.818,,,,,,,,,
10435,201160.417,8162855.361,1569.287,,,,,,,,,
10436,201160.401,8162856.404,1569.285,,,,,,,,,
10437,201160.408,8162893.095,1569.349,,,,,,,,,
10438,201166.616,8162893.011,1569.475,,,,,,,,,
10439,201166.644,8162855.274,1569.653,,,,,,,,,
10440,201166.474,8162818.373,1569.169,,,,,,,,,
10441,201166.687,8162817.925,1569.403,,,,,,,,,
10442,201166.645,8162780.193,1569.579,,,,,,,,,
10443,201166.617,8162743.429,1569.292,,,,,,,,,
10444,201166.643,8162742.785,1569.526,,,,,,,,,
10445,201166.592,8162706.073,1570.007,,,,,,,,,
10446,201166.586,8162705.082,1570.025,,,,,,,,,
10447,201166.606,8162668.341,1569.774,,,,,,,,,
10448,201166.664,8162667.694,1569.683,,,,,,,,,
10449,201166.658,8162630.997,1569.88,,,,,,,,,
10450,201166.665,8162630.084,1569.885,,,,,,,,,
10451,201166.674,8162593.327,1570.045,,,,,,,,,
10452,201172.744,8162593.262,1570.129,,,,,,,,,
10453,201172.905,8162630.206,1570.001,,,,,,,,,
10454,201172.829,8162630.995,1570.001,,,,,,,,,
10455,201172.846,8162667.744,1569.762,,,,,,,,,
10456,201172.804,8162668.509,1569.883,,,,,,,,,
10457,201172.818,8162705.217,1570.208,,,,,,,,,
10458,201172.801,8162706.224,1570.199,,,,,,,,,
10459,201172.8,8162742.934,1569.61,,,,,,,,,
10460,201172.841,8162743.651,1569.594,,,,,,,,,
10461,201172.811,8162780.356,1569.571,,,,,,,,,
10462,201172.822,8162781.368,1569.565,,,,,,,,,
10463,201172.84,8162818.085,1569.746,,,,,,,,,
10464,201172.805,8162818.681,1569.562,,,,,,,,,
10465,201172.797,8162855.399,1569.748,,,,,,,,,
10466,201172.779,8162856.435,1569.744,,,,,,,,,
10467,201172.769,8162893.128,1569.67,,,,,,,,,
10468,201179.044,8162893.027,1569.768,,,,,,,,,
10469,201178.998,8162856.293,1569.647,,,,,,,,,
10470,201179.019,8162855.342,1569.643,,,,,,,,,
10471,201179.021,8162818.595,1569.418,,,,,,,,,
10472,201179.058,8162817.91,1569.588,,,,,,,,,
10473,201179.04,8162781.003,1569.604,,,,,,,,,
10474,201179.033,8162780.314,1569.622,,,,,,,,,
10475,201179.022,8162743.598,1569.658,,,,,,,,,
10476,201179.033,8162742.788,1569.69,,,,,,,,,
10477,201179.021,8162706.074,1570.406,,,,,,,,,
10478,201179.028,8162705.079,1570.414,,,,,,,,,
10479,201179.033,8162668.347,1569.871,,,,,,,,,
10480,201179.045,8162667.733,1569.878,,,,,,,,,
10481,201178.98,8162631.038,1570.23,,,,,,,,,
10482,201178.992,8162629.97,1570.225,,,,,,,,,
10483,201179.048,8162593.276,1570.187,,,,,,,,,
10484,201185.229,8162593.405,1570.408,,,,,,,,,
10485,201185.172,8162630.115,1570.377,,,,,,,,,
10486,201185.139,8162631.167,1570.363,,,,,,,,,
10487,201185.229,8162667.878,1570.211,,,,,,,,,
10488,201185.225,8162668.523,1570.019,,,,,,,,,
10489,201185.246,8162705.238,1570.448,,,,,,,,,
10490,201185.211,8162706.249,1570.436,,,,,,,,,
10491,201185.208,8162742.962,1569.802,,,,,,,,,
10492,201185.171,8162743.641,1569.799,,,,,,,,,
10493,201185.169,8162780.374,1569.875,,,,,,,,,
10494,201185.171,8162781.222,1569.873,,,,,,,,,
10495,201185.197,8162817.948,1569.947,,,,,,,,,
10496,201185.177,8162818.729,1569.925,,,,,,,,,
10497,201185.181,8162855.427,1569.98,,,,,,,,,
10498,201185.17,8162856.464,1569.972,,,,,,,,,
10499,201185.424,8162893.234,1569.967,,,,,,,,,
10500,201191.418,8162892.995,1606.661,,,,,,,,,
10501,201191.429,8162856.292,1570.132,,,,,,,,,
10502,201191.434,8162855.261,1570.138,,,,,,,,,
10503,201191.422,8162818.556,1570.13,,,,,,,,,
10504,201191.44,8162817.918,1570.341,,,,,,,,,
10505,201191.426,8162781.186,1569.549,,,,,,,,,
10506,201191.426,8162780.214,1569.538,,,,,,,,,
10507,201191.402,8162743.492,1570.063,,,,,,,,,
10508,201191.393,8162742.814,1569.954,,,,,,,,,
10509,201191.435,8162706.082,1570.668,,,,,,,,,
10510,201191.436,8162705.103,1570.67,,,,,,,,,
10511,201191.417,8162668.357,1570.251,,,,,,,,,
10512,201197.521,8162668.398,1570.514,,,,,,,,,
10513,201197.616,8162705.209,1570.834,,,,,,,,,
10514,201197.573,8162706.217,1570.818,,,,,,,,,
10515,201197.58,8162742.92,1570.099,,,,,,,,,
10516,201197.567,8162743.627,1570.129,,,,,,,,,
10517,201197.578,8162780.315,1569.798,,,,,,,,,
10518,201197.572,8162781.363,1569.792,,,,,,,,,
10519,201197.622,8162818.083,1570.016,,,,,,,,,
10520,201197.575,8162818.735,1570.029,,,,,,,,,
10521,201197.609,8162855.472,1570.31,,,,,,,,,
10522,201197.59,8162856.454,1570.312,,,,,,,,,
10523,201197.543,8162893.176,1570.346,,,,,,,,,
10524,201203.8,8162893.077,1570.368,,,,,,,,,
10525,201203.799,8162856.379,1570.406,,,,,,,,,
10526,201203.806,8162855.332,1570.412,,,,,,,,,
10527,201203.795,8162818.628,1570.162,,,,,,,,,
10528,201203.787,8162817.87,1570.142,,,,,,,,,
10529,201203.776,8162781.141,1569.938,,,,,,,,,
10530,201203.821,8162780.142,1569.919,,,,,,,,,
10531,201203.828,8162743.447,1570.458,,,,,,,,,
10532,201203.818,8162742.877,1570.372,,,,,,,,,
10533,201203.826,8162706.182,1570.977,,,,,,,,,
10534,201203.784,8162705.201,1570.97,,,,,,,,,
10535,201203.836,8162668.429,1570.666,,,,,,,,,
10536,201203.802,8162667.616,1570.831,,,,,,,,,
10537,201203.779,8162630.902,1570.88,,,,,,,,,
10538,201203.788,8162630.007,1570.881,,,,,,,,,
10539,201203.83,8162593.258,1570.918,,,,,,,,,
10540,201209.983,8162593.3,1570.982,,,,,,,,,
10541,201209.983,8162630.116,1570.933,,,,,,,,,
10542,201209.959,8162631.013,1570.949,,,,,,,,,
10543,201209.99,8162667.718,1570.858,,,,,,,,,
10544,201209.984,8162668.472,1570.782,,,,,,,,,
10545,201210.147,8162705.284,1571.14,,,,,,,,,
10546,201210.033,8162706.185,1571.165,,,,,,,,,
10547,201209.951,8162742.914,1570.808,,,,,,,,,
10548,201209.978,8162743.64,1570.583,,,,,,,,,
10549,201209.965,8162780.344,1570.137,,,,,,,,,
10550,201209.95,8162781.375,1570.124,,,,,,,,,
10551,201209.954,8162818.066,1570.214,,,,,,,,,
10552,201209.974,8162818.763,1570.197,,,,,,,,,
10553,201209.984,8162855.471,1570.514,,,,,,,,,
10554,201209.971,8162856.495,1570.52,,,,,,,,,
10555,201210.003,8162893.211,1570.556,,,,,,,,,
10556,201216.244,8162893.053,1570.62,,,,,,,,,
10557,201216.215,8162856.315,1570.498,,,,,,,,,
10558,201216.252,8162855.447,1570.473,,,,,,,,,
10559,201216.113,8162818.567,1570.368,,,,,,,,,
10560,201216.224,8162817.936,1570.625,,,,,,,,,
10561,201216.26,8162781.017,1570.361,,,,,,,,,
10562,201216.285,8162780.381,1570.365,,,,,,,,,
10563,201216.202,8162743.655,1571.18,,,,,,,,,
10564,201216.226,8162742.779,1571.292,,,,,,,,,
10565,201216.249,8162706.051,1571.342,,,,,,,,,
10566,201216.291,8162705.042,1571.336,,,,,,,,,
10567,201216.193,8162668.314,1570.823,,,,,,,,,
10568,201216.216,8162667.72,1570.914,,,,,,,,,
10569,201216.136,8162630.933,1571.26,,,,,,,,,
10570,201216.198,8162629.985,1571.226,,,,,,,,,
10571,201216.243,8162593.151,1571.097,,,,,,,,,
10572,201222.39,8162593.359,1571.278,,,,,,,,,
10573,201222.535,8162630.155,1571.302,,,,,,,,,
10574,201222.394,8162631.11,1571.305,,,,,,,,,
10575,201222.61,8162667.978,1571.177,,,,,,,,,
10576,201222.378,8162668.446,1571.009,,,,,,,,,
10577,201222.478,8162705.203,1571.376,,,,,,,,,
10578,201222.432,8162706.091,1571.418,,,,,,,,,
10579,201222.369,8162742.91,1571.812,,,,,,,,,
10580,201222.447,8162743.523,1571.96,,,,,,,,,
10581,201222.389,8162780.221,1570.587,,,,,,,,,
10582,201222.343,8162781.109,1570.579,,,,,,,,,
10583,201222.421,8162817.843,1570.616,,,,,,,,,
10584,201222.41,8162818.674,1570.515,,,,,,,,,
10585,201222.481,8162855.454,1570.638,,,,,,,,,
10586,201222.399,8162856.289,1570.657,,,,,,,,,
10587,201222.576,8162893.042,1570.794,,,,,,,,,
10588,201228.631,8162892.967,1570.702,,,,,,,,,
10589,201228.629,8162856.24,1570.817,,,,,,,,,
10590,201228.647,8162855.371,1570.821,,,,,,,,,
10591,201228.64,8162818.621,1570.901,,,,,,,,,
10592,201228.647,8162817.871,1607.782,,,,,,,,,
10593,201228.604,8162780.958,1570.943,,,,,,,,,
10594,201228.569,8162780.168,1570.953,,,,,,,,,
10595,201228.633,8162743.403,1571.964,,,,,,,,,
10596,201228.63,8162742.741,1571.736,,,,,,,,,
10597,201228.575,8162705.922,1571.668,,,,,,,,,
10598,201228.672,8162705.032,1571.626,,,,,,,,,
10599,201228.563,8162668.297,1571.439,,,,,,,,,
10600,201228.603,8162667.687,1571.637,,,,,,,,,
10601,201228.607,8162630.912,1571.54,,,,,,,,,
10602,201228.653,8162629.967,1571.516,,,,,,,,,
10603,201228.588,8162593.166,1571.474,,,,,,,,,
10604,201234.793,8162593.401,1571.646,,,,,,,,,
10605,201234.79,8162630.116,1571.506,,,,,,,,,
10606,201234.77,8162631.149,1571.505,,,,,,,,,
10607,201234.755,8162667.898,1571.93,,,,,,,,,
10608,201234.706,8162668.455,1571.85,,,,,,,,,
10609,201234.801,8162705.182,1571.866,,,,,,,,,
10610,201234.793,8162706.165,1571.872,,,,,,,,,
10611,201234.877,8162743.025,1571.75,,,,,,,,,
10612,201234.787,8162743.652,1572.105,,,,,,,,,
10613,201234.852,8162780.399,1570.662,,,,,,,,,
10614,201234.786,8162781.29,1570.61,,,,,,,,,
10615,201234.772,8162818.033,1571.368,,,,,,,,,
10616,201234.822,8162818.716,1571.129,,,,,,,,,
10617,201234.943,8162855.613,1570.923,,,,,,,,,
10618,201234.799,8162856.307,1570.917,,,,,,,,,
10619,201234.795,8162893.008,1570.705,,,,,,,,,
10620,201241.02,8162893.066,1571.046,,,,,,,,,
10621,201241.005,8162856.336,1571.116,,,,,,,,,
10622,201241.026,8162855.502,1571.102,,,,,,,,,
10623,201240.969,8162818.698,1571.126,,,,,,,,,
10624,201240.97,8162817.937,1571.257,,,,,,,,,
10625,201241.01,8162781.191,1570.629,,,,,,,,,
10626,201241.052,8162780.198,1570.642,,,,,,,,,
10627,201241.042,8162743.537,1572.244,,,,,,,,,
10628,201241.03,8162742.9,1571.988,,,,,,,,,
10629,201240.831,8162705.946,1571.987,,,,,,,,,
10630,201241.017,8162705.143,1571.911,,,,,,,,,
10631,201240.996,8162668.356,1572.024,,,,,,,,,
10632,201241.023,8162667.694,1572.099,,,,,,,,,
10633,201240.975,8162630.994,1571.701,,,,,,,,,
10634,201240.985,8162629.941,1571.705,,,,,,,,,
10635,201241.049,8162593.245,1571.682,,,,,,,,,
10636,201247.17,8162630.113,1571.904,,,,,,,,,
10637,201247.183,8162631.004,1571.934,,,,,,,,,
10638,201247.306,8162667.904,1572.22,,,,,,,,,
10639,201247.212,8162668.452,1609.042,,,,,,,,,
10640,201247.181,8162705.152,1571.999,,,,,,,,,
10641,201247.207,8162706.123,1572.005,,,,,,,,,
10642,201247.215,8162742.888,1572.062,,,,,,,,,
10643,201247.176,8162743.628,1572.231,,,,,,,,,
10644,201247.215,8162780.32,1570.749,,,,,,,,,
10645,201247.172,8162781.342,1570.733,,,,,,,,,
10646,201247.195,8162818.018,1571.215,,,,,,,,,
10647,201247.165,8162818.7,1571.341,,,,,,,,,
10648,201247.324,8162855.594,1571.354,,,,,,,,,
10649,201247.178,8162856.241,1571.334,,,,,,,,,
10650,201247.201,8162892.993,1571.315,,,,,,,,,
10651,200260.081,8164107.616,1544.044,,,,,,,,,
10652,200260.083,8164070.9,1543.254,,,,,,,,,
10653,200260.108,8164069.888,1543.215,,,,,,,,,
10654,200259.991,8164033.201,1541.955,,,,,,,,,
10655,200260.06,8164032.539,1541.937,,,,,,,,,
10656,200260.054,8163995.809,1541.667,,,,,,,,,
10657,200260.054,8163994.826,1541.706,,,,,,,,,
10658,200260.085,8163958.099,1541.687,,,,,,,,,
10659,200266.247,8163958.226,1541.969,,,,,,,,,
10660,200266.243,8163994.95,1541.76,,,,,,,,,
10661,200266.238,8163995.951,1541.755,,,,,,,,,
10662,200266.284,8164032.698,1541.982,,,,,,,,,
10663,200266.236,8164033.304,1542.033,,,,,,,,,
10664,200266.686,8164070.221,1543.247,,,,,,,,,
10665,200266.287,8164071.007,1543.354,,,,,,,,,
10666,200266.288,8164107.719,1543.957,,,,,,,,,
10667,200272.526,8164107.618,1544.264,,,,,,,,,
10668,200272.511,8164070.899,1543.519,,,,,,,,,
10669,200272.517,8164069.887,1543.49,,,,,,,,,
10670,200272.443,8164033.219,1542.181,,,,,,,,,
10671,200272.432,8164032.521,1542.106,,,,,,,,,
10672,200272.465,8163995.818,1541.996,,,,,,,,,
10673,200272.488,8163994.877,1542.058,,,,,,,,,
10674,200272.482,8163958.082,1542.088,,,,,,,,,
10675,200278.679,8163958.182,1542.353,,,,,,,,,
10676,200278.641,8163994.918,1542.204,,,,,,,,,
10677,200278.64,8163995.909,1542.21,,,,,,,,,
10678,200278.671,8164032.633,1542.149,,,,,,,,,
10679,200278.644,8164033.357,1542.368,,,,,,,,,
10680,200278.98,8164070.296,1543.399,,,,,,,,,
10681,200278.733,8164070.855,1543.563,,,,,,,,,
10682,200278.704,8164107.775,1544.402,,,,,,,,,
10683,200284.896,8164107.618,1544.447,,,,,,,,,
10684,200284.833,8164070.936,1543.489,,,,,,,,,
10685,200284.842,8164069.899,1543.455,,,,,,,,,
10686,200284.842,8164033.197,1542.416,,,,,,,,,
10687,200284.866,8164032.529,1542.213,,,,,,,,,
10688,200284.843,8163995.828,1542.484,,,,,,,,,
10689,200284.837,8163994.81,1542.484,,,,,,,,,
10690,200284.886,8163958.082,1542.312,,,,,,,,,
10691,200290.965,8163958.148,1542.273,,,,,,,,,
10692,200291.107,8163995.013,1542.7,,,,,,,,,
10693,200291.002,8163995.931,1542.701,,,,,,,,,
10694,200291.055,8164032.682,1542.524,,,,,,,,,
10695,200291.053,8164033.369,1579.162,,,,,,,,,
10696,200291.028,8164070.045,1580.324,,,,,,,,,
10697,200291.012,8164071.083,1580.352,,,,,,,,,
10698,200291.102,8164107.821,1581.166,,,,,,,,,
10699,200297.252,8164107.596,1544.574,,,,,,,,,
10700,200297.216,8164070.848,1543.529,,,,,,,,,
10701,200297.277,8164069.875,1543.452,,,,,,,,,
10702,200297.012,8164033.009,1542.553,,,,,,,,,
10703,200297.199,8164032.525,1542.709,,,,,,,,,
10704,200297.256,8163995.794,1542.796,,,,,,,,,
10705,200297.249,8163994.807,1542.773,,,,,,,,,
10706,200297.325,8163958.08,1542.393,,,,,,,,,
10707,200303.498,8163958.172,1542.515,,,,,,,,,
10708,200303.56,8163995.021,1542.895,,,,,,,,,
10709,200303.429,8163995.909,1542.946,,,,,,,,,
10710,200303.42,8164032.652,1542.797,,,,,,,,,
10711,200303.424,8164033.35,1542.711,,,,,,,,,
10712,200303.571,8164070.116,1543.583,,,,,,,,,
10713,200303.465,8164071.055,1543.615,,,,,,,,,
10714,200303.465,8164107.772,1544.589,,,,,,,,,
10715,200309.677,8164107.595,1544.598,,,,,,,,,
10716,200309.666,8164070.905,1543.685,,,,,,,,,
10717,200309.665,8164069.93,1543.692,,,,,,,,,
10718,200309.572,8164033.132,1542.921,,,,,,,,,
10719,200309.619,8164032.554,1542.955,,,,,,,,,
10720,200309.645,8163995.65,1543.016,,,,,,,,,
10721,200309.631,8163994.834,1543.007,,,,,,,,,
10722,200309.706,8163958.116,1542.455,,,,,,,,,
10723,200315.793,8163958.142,1542.438,,,,,,,,,
10724,200316.02,8163995.079,1542.964,,,,,,,,,
10725,200315.848,8163995.938,1542.997,,,,,,,,,
10726,200315.799,8164032.645,1543.268,,,,,,,,,
10727,200315.815,8164033.292,1543.052,,,,,,,,,
10728,200316.111,8164070.145,1543.591,,,,,,,,,
10729,200315.876,8164071.006,1543.663,,,,,,,,,
10730,200315.913,8164107.727,1544.89,,,,,,,,,
10731,200322.007,8164070.851,1543.712,,,,,,,,,
10732,200322.059,8164052.53,1543.532,,,,,,,,,
10733,200322.014,8164051.55,1543.526,,,,,,,,,
10734,200321.99,8164033.221,1543.394,,,,,,,,,
10735,200322.073,8164032.493,1543.518,,,,,,,,,
10736,200322.065,8163995.597,1543.311,,,,,,,,,
10737,200322.097,8163994.763,1543.314,,,,,,,,,
10738,200322.027,8163958.078,1542.444,,,,,,,,,
10739,200328.203,8163958.226,1542.553,,,,,,,,,
10740,200328.237,8163994.921,1543.476,,,,,,,,,
10741,200328.226,8163995.964,1543.493,,,,,,,,,
10742,200328.29,8164032.718,1543.606,,,,,,,,,
10743,200328.203,8164033.358,1543.583,,,,,,,,,
10744,200328.208,8164051.692,1543.667,,,,,,,,,
10745,200328.203,8164052.664,1543.677,,,,,,,,,
10746,200328.213,8164070.983,1543.796,,,,,,,,,
10747,200334.434,8164070.849,1543.93,,,,,,,,,
10748,200334.432,8164052.504,1543.814,,,,,,,,,
10749,200334.432,8164051.546,1543.812,,,,,,,,,
10750,200334.4,8164033.215,1543.744,,,,,,,,,
10751,200334.363,8164032.533,1543.784,,,,,,,,,
10752,200334.446,8163995.853,1543.768,,,,,,,,,
10753,200334.402,8163994.802,1543.769,,,,,,,,,
10754,200334.47,8163958.121,1542.784,,,,,,,,,
10755,200340.629,8163958.237,1542.98,,,,,,,,,
10756,200340.624,8163994.918,1543.896,,,,,,,,,
10757,200340.609,8163995.964,1543.916,,,,,,,,,
10758,200340.585,8164032.684,1543.997,,,,,,,,,
10759,200340.594,8164033.338,1543.842,,,,,,,,,
10760,200340.638,8164051.673,1543.914,,,,,,,,,
10761,200340.624,8164052.642,1543.912,,,,,,,,,
10762,200340.636,8164070.974,1543.996,,,,,,,,,
10763,200346.876,8164107.629,1544.864,,,,,,,,,
10764,200346.854,8164070.928,1544.117,,,,,,,,,
10765,200346.856,8164069.925,1544.113,,,,,,,,,
10766,200346.805,8164033.2,1544.229,,,,,,,,,
10767,200346.797,8164032.538,1544.045,,,,,,,,,
10768,200346.853,8163995.835,1544.077,,,,,,,,,
10769,200346.85,8163994.785,1544.063,,,,,,,,,
10770,200346.89,8163958.103,1543.192,,,,,,,,,
10771,200353.089,8163958.24,1543.092,,,,,,,,,
10772,200353.021,8163994.922,1544.179,,,,,,,,,
10773,200353.032,8163995.983,1544.193,,,,,,,,,
10774,200352.99,8164032.658,1544.298,,,,,,,,,
10775,200352.975,8164033.334,1544.321,,,,,,,,,
10776,200353.052,8164070.056,1544.292,,,,,,,,,
10777,200353.047,8164071.067,1544.296,,,,,,,,,
10778,200353.059,8164107.769,1544.931,,,,,,,,,
10779,200359.229,8164107.676,1544.807,,,,,,,,,
10780,200359.273,8164070.962,1544.468,,,,,,,,,
10781,200359.282,8164069.952,1544.457,,,,,,,,,
10782,200359.218,8164033.244,1544.345,,,,,,,,,
10783,200359.21,8164032.532,1544.377,,,,,,,,,
10784,200359.257,8163995.824,1544.306,,,,,,,,,
10785,200359.222,8163994.779,1544.292,,,,,,,,,
10786,200359.226,8163958.115,1543.089,,,,,,,,,
10787,200365.43,8163958.239,1543.358,,,,,,,,,
10788,200365.437,8163994.934,1544.487,,,,,,,,,
10789,200365.426,8163995.98,1544.509,,,,,,,,,
10790,200365.437,8164032.658,1544.701,,,,,,,,,
10791,200365.421,8164033.337,1544.524,,,,,,,,,
10792,200365.462,8164070.049,1544.732,,,,,,,,,
10793,200365.455,8164071.083,1544.725,,,,,,,,,
10794,200365.435,8164107.769,1544.776,,,,,,,,,
10795,200371.617,8164107.644,1581.775,,,,,,,,,
10796,200371.654,8164070.949,1544.934,,,,,,,,,
10797,200371.701,8164069.911,1544.932,,,,,,,,,
10798,200371.58,8164033.183,1544.798,,,,,,,,,
10799,200371.614,8164032.539,1544.942,,,,,,,,,
10800,200371.627,8163995.842,1544.599,,,,,,,,,
10801,200371.621,8163994.801,1544.577,,,,,,,,,
10802,200371.671,8163958.122,1543.564,,,,,,,,,
10803,200377.781,8163958.129,1543.599,,,,,,,,,
10804,200377.973,8163995.034,1544.691,,,,,,,,,
10805,200377.802,8163995.931,1544.76,,,,,,,,,
10806,200377.798,8164032.647,1545.134,,,,,,,,,
10807,200377.786,8164033.329,1544.871,,,,,,,,,
10808,200377.899,8164070.07,1545.138,,,,,,,,,
10809,200377.864,8164071.047,1545.135,,,,,,,,,
10810,200377.811,8164107.764,1545.197,,,,,,,,,
10811,200384.024,8164107.601,1545.423,,,,,,,,,
10812,200383.946,8164070.794,1545.497,,,,,,,,,
10813,200384.019,8164069.891,1545.448,,,,,,,,,
10814,200384.011,8164033.372,1544.987,,,,,,,,,
10815,200383.979,8164032.551,1545.087,,,,,,,,,
10816,200384,8163995.877,1544.9,,,,,,,,,
10817,200383.991,8163994.789,1544.876,,,,,,,,,
10818,200384.012,8163958.057,1543.639,,,,,,,,,
10819,200390.122,8163958.047,1543.757,,,,,,,,,
10820,200390.247,8163994.899,1544.955,,,,,,,,,
10821,200390.218,8163995.995,1544.98,,,,,,,,,
10822,200390.239,8164032.709,1545.285,,,,,,,,,
10823,200390.192,8164033.322,1545.229,,,,,,,,,
10824,200390.22,8164070.021,1545.601,,,,,,,,,
10825,200390.225,8164071.041,1545.604,,,,,,,,,
10826,200390.258,8164107.818,1545.677,,,,,,,,,
10827,200396.374,8164107.68,1545.898,,,,,,,,,
10828,200396.427,8164070.98,1545.79,,,,,,,,,
10829,200396.44,8164069.935,1545.785,,,,,,,,,
10830,200396.35,8164033.237,1545.314,,,,,,,,,
10831,200396.369,8164032.542,1545.469,,,,,,,,,
10832,200396.412,8163995.844,1545.089,,,,,,,,,
10833,200396.419,8163994.807,1545.085,,,,,,,,,
10834,200396.369,8163957.738,1543.817,,,,,,,,,
10835,200402.554,8163958.018,1544.131,,,,,,,,,
10836,200402.613,8163994.922,1545.223,,,,,,,,,
10837,200402.63,8163995.963,1545.26,,,,,,,,,
10838,200402.577,8164032.667,1545.493,,,,,,,,,
10839,200402.569,8164033.352,1545.42,,,,,,,,,
10840,200402.747,8164070.092,1546.003,,,,,,,,,
10841,200402.705,8164070.913,1546.063,,,,,,,,,
10842,200402.633,8164107.578,1546.179,,,,,,,,,
10843,200408.829,8164107.628,1546.441,,,,,,,,,
10844,200408.778,8164070.918,1546.287,,,,,,,,,
10845,200408.752,8164069.9,1546.231,,,,,,,,,
10846,200408.825,8164033.194,1545.49,,,,,,,,,
10847,200415.037,8164033.327,1545.665,,,,,,,,,
10848,200415.025,8164070.023,1546.428,,,,,,,,,
10849,200415.019,8164070.907,1546.48,,,,,,,,,
10850,200415.051,8164107.779,1546.804,,,,,,,,,
10851,200421.185,8164107.661,1547.011,,,,,,,,,
10852,200421.225,8164070.978,1546.534,,,,,,,,,
10853,200421.18,8164069.92,1546.523,,,,,,,,,
10854,200421.163,8164033.105,1545.906,,,,,,,,,
10855,200427.361,8164033.254,1545.911,,,,,,,,,
10856,200427.495,8164070.08,1546.686,,,,,,,,,
10857,200427.436,8164071.079,1546.701,,,,,,,,,
10858,200427.375,8164107.578,1547.15,,,,,,,,,
10859,200433.587,8164107.642,1547.479,,,,,,,,,
10860,200433.642,8164070.965,1546.965,,,,,,,,,
10861,200433.635,8164069.921,1546.953,,,,,,,,,
10862,200433.631,8164033.154,1546.214,,,,,,,,,
10863,200439.806,8164033.295,1546.326,,,,,,,,,
10864,200439.866,8164070.037,1547.077,,,,,,,,,
10865,200439.842,8164071.041,1547.107,,,,,,,,,
10866,200439.804,8164107.807,1547.609,,,,,,,,,
10867,200446.006,8164107.615,1547.811,,,,,,,,,
10868,200446.024,8164070.928,1547.278,,,,,,,,,
10869,200446.01,8164069.896,1547.246,,,,,,,,,
10870,200445.975,8164033.133,1546.449,,,,,,,,,
10871,200452.146,8164033.253,1546.648,,,,,,,,,
10872,200452.246,8164070.05,1547.459,,,,,,,,,
10873,200452.242,8164071.029,1547.481,,,,,,,,,
10874,200452.339,8164107.93,1548.148,,,,,,,,,
10875,200458.384,8164107.592,1548.309,,,,,,,,,
10876,200458.424,8164070.895,1547.6,,,,,,,,,
10877,200458.422,8164069.874,1547.584,,,,,,,,,
10878,200458.4,8164033.18,1546.806,,,,,,,,,
10879,200464.491,8164033.203,1546.807,,,,,,,,,
10880,200464.667,8164070.063,1547.769,,,,,,,,,
10881,200464.626,8164071.064,1547.778,,,,,,,,,
10882,200464.566,8164107.764,1548.4,,,,,,,,,
10883,200470.808,8164107.607,1548.532,,,,,,,,,
10884,200470.812,8164070.899,1547.913,,,,,,,,,
10885,200470.794,8164069.899,1547.898,,,,,,,,,
10886,200470.829,8164033.2,1547.069,,,,,,,,,
10887,200477.012,8164033.335,1547.07,,,,,,,,,
10888,200477.013,8164070.016,1548.047,,,,,,,,,
10889,200477.011,8164071.026,1548.076,,,,,,,,,
10890,200476.994,8164107.754,1548.644,,,,,,,,,
10891,200483.17,8164107.623,1548.893,,,,,,,,,
10892,200483.2,8164070.938,1548.133,,,,,,,,,
10893,200483.211,8164069.912,1548.109,,,,,,,,,
10894,200483.184,8164033.208,1547.391,,,,,,,,,
10895,200489.281,8164033.157,1547.307,,,,,,,,,
10896,200489.402,8164070.032,1548.324,,,,,,,,,
10897,200489.388,8164071.025,1548.349,,,,,,,,,
10898,200489.331,8164107.749,1549.047,,,,,,,,,
10899,200495.491,8164107.786,1549.316,,,,,,,,,
10900,200507.941,8164107.58,1549.87,,,,,,,,,
10901,200514.183,8164107.719,1549.882,,,,,,,,,
10902,200520.322,8164107.591,1550.046,,,,,,,,,
10903,200532.791,8164107.597,1550.487,,,,,,,,,
10904,200532.785,8164070.911,1549.354,,,,,,,,,
10905,200532.759,8164069.923,1549.331,,,,,,,,,
10906,200532.795,8164033.207,1548.414,,,,,,,,,
10907,200538.995,8164033.326,1548.54,,,,,,,,,
10908,200539.024,8164070.068,1549.402,,,,,,,,,
10909,200538.975,8164071.031,1549.422,,,,,,,,,
10910,200538.992,8164107.773,1550.822,,,,,,,,,
10911,200551.225,8164033.238,1548.643,,,,,,,,,
10912,200551.406,8164070.08,1549.738,,,,,,,,,
10913,200551.387,8164070.928,1549.799,,,,,,,,,
10914,200538.788,8164120.015,1550.787,,,,,,,,,
10915,200539.055,8164156.928,1551.234,,,,,,,,,
10916,200538.789,8164157.744,1551.271,,,,,,,,,
10917,200538.721,8164194.444,1550.56,,,,,,,,,
10918,200544.979,8164194.318,1550.578,,,,,,,,,
10919,200544.954,8164157.597,1551.687,,,,,,,,,
10920,200544.968,8164156.627,1551.672,,,,,,,,,
10921,200544.899,8164119.918,1550.6,,,,,,,,,
10922,200551.069,8164119.929,1551.039,,,,,,,,,
10923,200551.16,8164156.739,1551.822,,,,,,,,,
10924,200551.15,8164157.775,1551.829,,,,,,,,,
10925,200551.329,8164194.697,1550.612,,,,,,,,,
10926,200557.279,8164194.416,1551.22,,,,,,,,,
10927,200557.382,8164157.697,1551.847,,,,,,,,,
10928,200557.38,8164156.678,1551.868,,,,,,,,,
10929,200557.422,8164119.877,1551.645,,,,,,,,,
10930,200563.589,8164120.018,1551.852,,,,,,,,,
10931,200563.573,8164156.783,1551.972,,,,,,,,,
10932,200563.554,8164157.738,1551.983,,,,,,,,,
10933,200563.529,8164194.456,1551.552,,,,,,,,,
10934,200569.757,8164269.476,1587.705,,,,,,,,,
10935,200569.743,8164232.795,1588.212,,,,,,,,,
10936,200569.698,8164231.786,1588.219,,,,,,,,,
10937,200569.75,8164195.124,1588.989,,,,,,,,,
10938,200569.725,8164194.348,1551.957,,,,,,,,,
10939,200569.818,8164157.631,1551.948,,,,,,,,,
10940,200569.802,8164156.638,1551.936,,,,,,,,,
10941,200569.812,8164119.909,1551.926,,,,,,,,,
10942,200575.964,8164119.695,1551.955,,,,,,,,,
10943,200576.316,8164156.957,1551.828,,,,,,,,,
10944,200576.129,8164157.482,1551.96,,,,,,,,,
10945,200575.955,8164194.491,1552.058,,,,,,,,,
10946,200575.979,8164195.149,1588.756,,,,,,,,,
10947,200575.949,8164231.863,1588.701,,,,,,,,,
10948,200575.902,8164232.883,1588.658,,,,,,,,,
10949,200576.034,8164269.671,1587.63,,,,,,,,,
10950,200582.195,8164269.436,1550.867,,,,,,,,,
10951,200582.185,8164232.77,1551.886,,,,,,,,,
10952,200582.175,8164231.731,1551.91,,,,,,,,,
10953,200582.25,8164194.956,1552.112,,,,,,,,,
10954,200582.182,8164194.306,1552.271,,,,,,,,,
10955,200582.129,8164157.399,1552.184,,,,,,,,,
10956,200582.177,8164156.588,1552.174,,,,,,,,,
10957,200582.14,8164119.798,1552.155,,,,,,,,,
10958,200588.347,8164119.907,1552.312,,,,,,,,,
10959,200588.397,8164156.766,1552.348,,,,,,,,,
10960,200588.339,8164157.735,1552.371,,,,,,,,,
10961,200588.36,8164231.852,1552.139,,,,,,,,,
10962,200588.38,8164232.751,1552.186,,,,,,,,,
10963,200588.368,8164269.602,1550.974,,,,,,,,,
10964,200532.535,8164194.336,1550.328,,,,,,,,,
10965,200532.621,8164157.626,1551.114,,,,,,,,,
10966,200532.547,8164156.659,1551.131,,,,,,,,,
10967,200532.589,8164119.783,1550.775,,,,,,,,,
10968,200272.582,8164192.842,1544.503,,,,,,,,,
10969,200272.65,8164156.131,1544.292,,,,,,,,,
10970,200272.652,8164155.202,1544.301,,,,,,,,,
10971,200272.655,8164118.519,1544.077,,,,,,,,,
10972,200278.881,8164118.49,1544.198,,,,,,,,,
10973,200278.828,8164155.162,1544.476,,,,,,,,,
10974,200278.858,8164156.104,1544.486,,,,,,,,,
10975,200278.795,8164192.804,1544.749,,,,,,,,,
10976,200285.052,8164192.816,1544.964,,,,,,,,,
10977,200285.075,8164156.128,1544.664,,,,,,,,,
10978,200285.07,8164155.209,1544.665,,,,,,,,,
10979,200285.093,8164118.504,1544.314,,,,,,,,,
10980,200291.321,8164118.501,1544.55,,,,,,,,,
10981,200291.317,8164155.196,1544.837,,,,,,,,,
10982,200291.317,8164156.061,1544.884,,,,,,,,,
10983,200291.286,8164192.846,1545.111,,,,,,,,,
10984,200297.464,8164192.816,1545.48,,,,,,,,,
10985,200297.42,8164156.093,1545.106,,,,,,,,,
10986,200297.406,8164155.102,1545.087,,,,,,,,,
10987,200297.475,8164118.273,1544.802,,,,,,,,,
10988,200303.486,8164118.578,1544.899,,,,,,,,,
10989,200303.631,8164155.202,1545.186,,,,,,,,,
10990,200303.622,8164156.246,1545.192,,,,,,,,,
10991,200303.653,8164192.961,1545.521,,,,,,,,,
10992,200309.87,8164192.825,1545.828,,,,,,,,,
10993,200309.829,8164156.129,1545.267,,,,,,,,,
10994,200309.791,8164155.215,1545.306,,,,,,,,,
10995,200309.866,8164118.578,1545.189,,,,,,,,,
10996,200315.941,8164118.424,1545.377,,,,,,,,,
10997,200316.052,8164155.236,1545.484,,,,,,,,,
10998,200316.039,8164156.269,1545.472,,,,,,,,,
10999,200316.039,8164192.997,1546.128,,,,,,,,,
11000,200322.281,8164192.816,1583.045,,,,,,,,,
11001,200322.213,8164156.141,1545.514,,,,,,,,,
11002,200322.223,8164155.091,1545.511,,,,,,,,,
11003,200322.325,8164118.386,1545.539,,,,,,,,,
11004,200328.518,8164118.496,1545.666,,,,,,,,,
11005,200328.428,8164155.188,1545.713,,,,,,,,,
11006,200328.42,8164156.241,1545.722,,,,,,,,,
11007,200328.595,8164193.067,1546.447,,,,,,,,,
11008,200334.676,8164192.811,1546.467,,,,,,,,,
11009,200334.639,8164156.132,1545.994,,,,,,,,,
11010,200334.628,8164155.08,1545.974,,,,,,,,,
11011,200334.664,8164118.558,1545.696,,,,,,,,,
11012,200340.882,8164118.53,1545.922,,,,,,,,,
11013,200340.936,8164155.298,1546.09,,,,,,,,,
11014,200340.865,8164156.251,1546.114,,,,,,,,,
11015,200340.998,8164193.261,1546.592,,,,,,,,,
11016,200347.008,8164231.144,1583.897,,,,,,,,,
11017,200347.036,8164212.808,1546.989,,,,,,,,,
11018,200347.012,8164211.967,1546.973,,,,,,,,,
11019,200347.03,8164193.624,1546.826,,,,,,,,,
11020,200353.196,8164193.616,1547.049,,,,,,,,,
11021,200353.238,8164211.967,1547.264,,,,,,,,,
11022,200353.201,8164212.787,1547.273,,,,,,,,,
11023,200353.218,8164231.122,1547.454,,,,,,,,,
11024,200347.02,8164192.807,1546.782,,,,,,,,,
11025,200347.03,8164156.126,1546.281,,,,,,,,,
11026,200347.038,8164155.075,1546.257,,,,,,,,,
11027,200347.045,8164118.379,1545.822,,,,,,,,,
11028,200353.239,8164118.496,1545.846,,,,,,,,,
11029,200353.28,8164155.29,1546.476,,,,,,,,,
11030,200353.213,8164156.249,1546.448,,,,,,,,,
11031,200353.18,8164192.916,1547.086,,,,,,,,,
11032,200359.418,8164231.128,1584.659,,,,,,,,,
11033,200359.422,8164212.784,1547.583,,,,,,,,,
11034,200359.468,8164211.962,1547.525,,,,,,,,,
11035,200359.453,8164193.622,1547.219,,,,,,,,,
11036,200365.634,8164193.687,1584.199,,,,,,,,,
11037,200365.62,8164212.013,1547.726,,,,,,,,,
11038,200365.622,8164212.844,1547.738,,,,,,,,,
11039,200365.575,8164232.33,1548.056,,,,,,,,,
11040,200359.419,8164192.843,1547.213,,,,,,,,,
11041,200359.412,8164156.158,1546.504,,,,,,,,,
11042,200359.431,8164155.097,1546.478,,,,,,,,,
11043,200359.479,8164118.41,1545.832,,,,,,,,,
11044,200365.666,8164118.506,1545.917,,,,,,,,,
11045,200365.688,8164155.198,1546.612,,,,,,,,,
11046,200365.634,8164156.24,1546.611,,,,,,,,,
11047,200365.568,8164192.916,1547.295,,,,,,,,,
11048,200371.777,8164231.121,1548.245,,,,,,,,,
11049,200371.798,8164212.786,1547.831,,,,,,,,,
11050,200371.795,8164211.95,1547.812,,,,,,,,,
11051,200371.827,8164193.684,1547.076,,,,,,,,,
11052,200377.999,8164193.667,1547.463,,,,,,,,,
11053,200377.964,8164211.991,1547.985,,,,,,,,,
11054,200377.964,8164212.815,1548.007,,,,,,,,,
11055,200377.99,8164231.238,1548.45,,,,,,,,,
11056,200371.78,8164192.824,1547.33,,,,,,,,,
11057,200371.801,8164156.135,1546.793,,,,,,,,,
11058,200371.792,8164155.112,1546.782,,,,,,,,,
11059,200371.842,8164118.341,1545.554,,,,,,,,,
11060,200378.092,8164118.518,1545.735,,,,,,,,,
11061,200378.015,8164155.19,1547.001,,,,,,,,,
11062,200378.011,8164156.265,1547.034,,,,,,,,,
11063,200378.007,8164192.946,1547.534,,,,,,,,,
11064,200384.207,8164231.123,1548.461,,,,,,,,,
11065,200384.264,8164212.807,1548.064,,,,,,,,,
11066,200384.192,8164211.959,1548.051,,,,,,,,,
11067,200384.208,8164193.635,1547.671,,,,,,,,,
11068,200390.42,8164193.643,1547.888,,,,,,,,,
11069,200390.437,8164211.968,1548.252,,,,,,,,,
11070,200390.443,8164212.703,1548.311,,,,,,,,,
11071,200390.436,8164231.185,1548.602,,,,,,,,,
11072,200384.188,8164192.798,1547.687,,,,,,,,,
11073,200384.2,8164156.103,1547.025,,,,,,,,,
11074,200384.201,8164155.06,1546.988,,,,,,,,,
11075,200384.312,8164118.391,1545.543,,,,,,,,,
11076,200390.538,8164118.46,1545.344,,,,,,,,,
11077,200390.432,8164155.201,1547.074,,,,,,,,,
11078,200390.428,8164156.25,1547.101,,,,,,,,,
11079,200390.407,8164192.973,1547.926,,,,,,,,,
11080,200396.596,8164267.911,1548.564,,,,,,,,,
11081,200396.629,8164231.189,1548.737,,,,,,,,,
11082,200396.695,8164230.169,1548.727,,,,,,,,,
11083,200396.565,8164193.485,1548.158,,,,,,,,,
11084,200402.788,8164193.617,1548.33,,,,,,,,,
11085,200402.838,8164230.302,1549.07,,,,,,,,,
11086,200402.819,8164231.342,1549.082,,,,,,,,,
11087,200402.77,8164268.045,1548.819,,,,,,,,,
11088,200396.543,8164192.793,1548.075,,,,,,,,,
11089,200396.561,8164156.119,1547.163,,,,,,,,,
11090,200396.557,8164155.064,1547.112,,,,,,,,,
11091,200396.629,8164118.421,1545.098,,,,,,,,,
11092,200402.837,8164118.553,1544.907,,,,,,,,,
11093,200402.821,8164155.213,1547.091,,,,,,,,,
11094,200402.798,8164156.22,1547.138,,,,,,,,,
11095,200402.764,8164192.963,1548.256,,,,,,,,,
11096,200408.985,8164267.928,1548.895,,,,,,,,,
11097,200409.071,8164231.24,1548.923,,,,,,,,,
11098,200409.077,8164230.202,1548.916,,,,,,,,,
11099,200409.054,8164193.49,1548.176,,,,,,,,,
11100,200415.268,8164193.66,1548.49,,,,,,,,,
11101,200415.291,8164230.341,1549.099,,,,,,,,,
11102,200415.275,8164231.393,1549.11,,,,,,,,,
11103,200415.207,8164268.096,1549.093,,,,,,,,,
11104,200409.065,8164192.781,1548.122,,,,,,,,,
11105,200409.034,8164156.079,1547.341,,,,,,,,,
11106,200409.043,8164155.027,1547.299,,,,,,,,,
11107,200409.031,8164118.397,1545.493,,,,,,,,,
11108,200421.387,8164271.884,1549.523,,,,,,,,,
11109,200421.423,8164235.182,1549.361,,,,,,,,,
11110,200421.433,8164234.152,1549.351,,,,,,,,,
11111,200421.473,8164197.471,1548.718,,,,,,,,,
11112,200427.651,8164197.608,1548.807,,,,,,,,,
11113,200427.603,8164234.285,1549.53,,,,,,,,,
11114,200427.606,8164235.32,1549.542,,,,,,,,,
11115,200427.548,8164272.028,1549.747,,,,,,,,,
11116,200433.77,8164271.923,1550.048,,,,,,,,,
11117,200433.773,8164235.228,1549.662,,,,,,,,,
11118,200433.776,8164234.197,1549.647,,,,,,,,,
11119,200433.8,8164197.507,1549.073,,,,,,,,,
11120,200440.003,8164197.647,1549.031,,,,,,,,,
11121,200439.983,8164234.331,1549.925,,,,,,,,,
11122,200439.973,8164235.35,1549.943,,,,,,,,,
11123,200439.994,8164272.065,1550.182,,,,,,,,,
11124,200446.216,8164271.923,1550.329,,,,,,,,,
11125,200446.215,8164235.22,1550.127,,,,,,,,,
11126,200446.203,8164234.201,1550.121,,,,,,,,,
11127,200446.204,8164197.508,1549.171,,,,,,,,,
11128,200452.393,8164197.635,1549.215,,,,,,,,,
11129,200452.398,8164234.363,1550.153,,,,,,,,,
11130,200452.389,8164235.359,1550.182,,,,,,,,,
11131,200452.385,8164272.047,1550.622,,,,,,,,,
11132,200458.592,8164275.861,1550.843,,,,,,,,,
11133,200458.594,8164239.17,1550.386,,,,,,,,,
11134,200458.617,8164238.28,1550.365,,,,,,,,,
11135,200458.609,8164201.571,1549.897,,,,,,,,,
11136,200464.8,8164201.348,1549.787,,,,,,,,,
11137,200464.782,8164238.232,1550.612,,,,,,,,,
11138,200464.775,8164239.111,1550.635,,,,,,,,,
11139,200464.814,8164275.793,1551.358,,,,,,,,,
11140,200470.979,8164275.86,1551.225,,,,,,,,,
11141,200470.983,8164239.166,1550.572,,,,,,,,,
11142,200470.971,8164238.122,1550.551,,,,,,,,,
11143,200470.98,8164201.441,1549.79,,,,,,,,,
11144,200477.186,8164201.554,1549.962,,,,,,,,,
11145,200477.212,8164238.232,1550.652,,,,,,,,,
11146,200477.189,8164239.249,1550.668,,,,,,,,,
11147,200477.195,8164275.956,1551.359,,,,,,,,,
11148,200483.381,8164275.822,1551.506,,,,,,,,,
11149,200483.42,8164239.123,1550.753,,,,,,,,,
11150,200483.435,8164238.1,1550.72,,,,,,,,,
11151,200483.435,8164201.405,1550.285,,,,,,,,,
11152,200489.631,8164201.567,1550.353,,,,,,,,,
11153,200489.568,8164238.25,1550.82,,,,,,,,,
11154,200489.593,8164239.256,1550.829,,,,,,,,,
11155,200489.607,8164275.981,1551.47,,,,,,,,,
11156,200495.817,8164303.741,1552.256,,,,,,,,,
11157,200495.83,8164267.047,1551.554,,,,,,,,,
11158,200495.829,8164266.144,1551.537,,,,,,,,,
11159,200495.85,8164229.465,1550.828,,,,,,,,,
11160,200502.006,8164229.282,1550.918,,,,,,,,,
11161,200502.027,8164266.168,1551.69,,,,,,,,,
11162,200502.019,8164267.048,1551.701,,,,,,,,,
11163,200502.013,8164303.773,1552.325,,,,,,,,,
11164,200508.199,8164303.768,1552.399,,,,,,,,,
11165,200508.184,8164267.084,1551.739,,,,,,,,,
11166,200508.197,8164266.199,1551.724,,,,,,,,,
11167,200508.182,8164229.484,1551.071,,,,,,,,,
11168,200514.416,8164229.477,1551.084,,,,,,,,,
11169,200514.431,8164266.142,1551.871,,,,,,,,,
11170,200514.412,8164267.042,1551.893,,,,,,,,,
11171,200514.431,8164303.764,1552.63,,,,,,,,,
11172,200266.278,8163770.335,1542.72,,,,,,,,,
11173,200266.226,8163806.994,1541.214,,,,,,,,,
11174,200266.225,8163808.013,1541.217,,,,,,,,,
11175,200266.25,8163844.74,1541.419,,,,,,,,,
11176,200266.247,8163845.401,1541.648,,,,,,,,,
11177,200266.284,8163882.14,1542.783,,,,,,,,,
11178,200266.279,8163883.107,1542.805,,,,,,,,,
11179,200266.225,8163919.819,1543.013,,,,,,,,,
11180,200272.493,8163919.649,1543.146,,,,,,,,,
11181,200272.409,8163882.921,1542.917,,,,,,,,,
11182,200272.467,8163881.91,1542.874,,,,,,,,,
11183,200272.199,8163845.103,1541.766,,,,,,,,,
11184,200278.642,8163845.36,1541.865,,,,,,,,,
11185,200278.671,8163882.077,1543.146,,,,,,,,,
11186,200278.629,8163883.072,1543.178,,,,,,,,,
11187,200278.7,8163919.918,1543.109,,,,,,,,,
11188,200278.596,8163770.292,1542.593,,,,,,,,,
11189,200278.659,8163807.003,1541.318,,,,,,,,,
11190,200278.643,8163808.076,1541.302,,,,,,,,,
11191,200278.682,8163844.762,1541.81,,,,,,,,,
11192,200272.448,8163844.611,1541.569,,,,,,,,,
11193,200272.411,8163807.899,1541.252,,,,,,,,,
11194,200272.419,8163806.882,1541.271,,,,,,,,,
11195,200272.481,8163770.225,1543.152,,,,,,,,,
11196,200284.839,8163919.671,1543.702,,,,,,,,,
11197,200284.819,8163882.95,1543.182,,,,,,,,,
11198,200284.823,8163882.042,1543.178,,,,,,,,,
11199,200284.839,8163845.317,1542.623,,,,,,,,,
11200,200291.038,8163845.357,1542.76,,,,,,,,,
11201,200291.041,8163882.882,1543.204,,,,,,,,,
11202,200291.088,8163882.4,1543.368,,,,,,,,,
11203,200291.08,8163919.803,1543.767,,,,,,,,,
11204,200284.858,8163844.573,1542.535,,,,,,,,,
11205,200284.662,8163807.847,1541.578,,,,,,,,,
11206,200284.816,8163806.845,1541.535,,,,,,,,,
11207,200284.855,8163770.161,1542.566,,,,,,,,,
11208,200291.062,8163770.265,1542.448,,,,,,,,,
11209,200291.154,8163807.117,1541.552,,,,,,,,,
11210,200291.048,8163808.046,1541.572,,,,,,,,,
11211,200291.036,8163844.752,1542.632,,,,,,,,,
11212,200297.179,8163919.687,1544.079,,,,,,,,,
11213,200297.187,8163882.966,1543.508,,,,,,,,,
11214,200297.204,8163882.105,1543.516,,,,,,,,,
11215,200297.257,8163845.393,1542.916,,,,,,,,,
11216,200303.479,8163845.353,1543.037,,,,,,,,,
11217,200303.586,8163882.222,1543.548,,,,,,,,,
11218,200303.39,8163882.59,1543.66,,,,,,,,,
11219,200303.455,8163919.766,1544.072,,,,,,,,,
11220,200303.432,8163770.32,1542.8,,,,,,,,,
11221,200303.451,8163806.994,1541.368,,,,,,,,,
11222,200303.448,8163808.028,1541.365,,,,,,,,,
11223,200303.487,8163844.797,1542.826,,,,,,,,,
11224,200297.241,8163844.542,1542.828,,,,,,,,,
11225,200297.176,8163807.83,1541.558,,,,,,,,,
11226,200297.268,8163806.822,1541.531,,,,,,,,,
11227,200297.224,8163770.14,1542.524,,,,,,,,,
11228,200309.606,8163919.685,1544.412,,,,,,,,,
11229,200309.631,8163882.975,1543.82,,,,,,,,,
11230,200309.634,8163882.089,1543.824,,,,,,,,,
11231,200309.659,8163845.384,1543.174,,,,,,,,,
11232,200315.886,8163845.356,1543.374,,,,,,,,,
11233,200316.083,8163882.278,1543.86,,,,,,,,,
11234,200315.859,8163882.981,1543.954,,,,,,,,,
11235,200315.823,8163919.642,1544.481,,,,,,,,,
11236,200315.735,8163770.038,1542.575,,,,,,,,,
11237,200315.942,8163807.118,1541.46,,,,,,,,,
11238,200315.835,8163808.019,1541.476,,,,,,,,,
11239,200315.87,8163844.689,1543.115,,,,,,,,,
11240,200309.629,8163844.522,1579.803,,,,,,,,,
11241,200309.597,8163807.845,1541.503,,,,,,,,,
11242,200309.618,8163806.801,1541.492,,,,,,,,,
11243,200309.681,8163770.128,1542.984,,,,,,,,,
11244,200322.026,8163919.702,1544.672,,,,,,,,,
11245,200322.001,8163882.773,1544.498,,,,,,,,,
11246,200322.061,8163881.932,1544.531,,,,,,,,,
11247,200322.038,8163845.221,1542.957,,,,,,,,,
11248,200328.253,8163845.412,1543.102,,,,,,,,,
11249,200328.253,8163882.081,1544.63,,,,,,,,,
11250,200328.272,8163883.089,1544.638,,,,,,,,,
11251,200328.22,8163919.823,1544.765,,,,,,,,,
11252,200328.164,8163770.165,1542.686,,,,,,,,,
11253,200328.401,8163807.227,1541.836,,,,,,,,,
11254,200328.214,8163808.022,1541.873,,,,,,,,,
11255,200328.268,8163844.743,1542.907,,,,,,,,,
11256,200322.058,8163844.55,1542.804,,,,,,,,,
11257,200321.831,8163807.784,1541.762,,,,,,,,,
11258,200322.026,8163806.816,1541.778,,,,,,,,,
11259,200322.031,8163770.323,1542.638,,,,,,,,,
11260,200334.35,8163919.691,1544.661,,,,,,,,,
11261,200334.457,8163882.767,1544.68,,,,,,,,,
11262,200334.458,8163881.916,1544.667,,,,,,,,,
11263,200334.308,8163845.115,1543.151,,,,,,,,,
11264,200340.639,8163845.358,1543.226,,,,,,,,,
11265,200340.642,8163882.029,1544.793,,,,,,,,,
11266,200340.624,8163883.086,1544.821,,,,,,,,,
11267,200340.587,8163919.792,1544.867,,,,,,,,,
11268,200340.652,8163770.288,1543.055,,,,,,,,,
11269,200340.618,8163806.978,1542.388,,,,,,,,,
11270,200340.611,8163808.005,1542.388,,,,,,,,,
11271,200340.703,8163844.766,1543.034,,,,,,,,,
11272,200334.451,8163844.564,1542.994,,,,,,,,,
11273,200334.317,8163807.869,1542.036,,,,,,,,,
11274,200334.432,8163806.842,1542.008,,,,,,,,,
11275,200334.448,8163770.148,1542.892,,,,,,,,,
11276,200346.796,8163919.686,1545.031,,,,,,,,,
11277,200346.804,8163882.785,1545.038,,,,,,,,,
11278,200346.836,8163881.923,1545.03,,,,,,,,,
11279,200346.775,8163845.14,1543.286,,,,,,,,,
11280,200353.055,8163845.394,1543.167,,,,,,,,,
11281,200353.018,8163882.046,1545.229,,,,,,,,,
11282,200352.991,8163883.092,1545.263,,,,,,,,,
11283,200353.005,8163919.798,1545.198,,,,,,,,,
11284,200353.021,8163770.323,1543.092,,,,,,,,,
11285,200353.226,8163807.178,1543.053,,,,,,,,,
11286,200352.982,8163808.009,1543.13,,,,,,,,,
11287,200353.028,8163844.72,1543.031,,,,,,,,,
11288,200346.85,8163844.565,1543.21,,,,,,,,,
11289,200346.557,8163807.797,1542.616,,,,,,,,,
11290,200346.591,8163806.898,1542.672,,,,,,,,,
11291,200346.84,8163770.138,1543.482,,,,,,,,,
11292,200359.227,8163919.706,1545.278,,,,,,,,,
11293,200359.169,8163882.936,1545.17,,,,,,,,,
11294,200359.238,8163881.934,1545.098,,,,,,,,,
11295,200359.216,8163845.276,1543.324,,,,,,,,,
11296,200365.416,8163845.409,1543.142,,,,,,,,,
11297,200365.42,8163882.035,1545.139,,,,,,,,,
11298,200365.417,8163883.13,1545.177,,,,,,,,,
11299,200365.415,8163919.992,1545.368,,,,,,,,,
11300,200365.439,8163770.209,1543.994,,,,,,,,,
11301,200365.417,8163807.076,1543.623,,,,,,,,,
11302,200365.458,8163807.778,1543.833,,,,,,,,,
11303,200365.569,8163844.761,1543.207,,,,,,,,,
11304,200359.073,8163844.686,1543.17,,,,,,,,,
11305,200359.194,8163807.885,1543.547,,,,,,,,,
11306,200359.066,8163807.022,1543.508,,,,,,,,,
11307,200359.255,8163770.254,1543.823,,,,,,,,,
11308,200371.645,8163919.67,1545.707,,,,,,,,,
11309,200371.718,8163882.989,1545.262,,,,,,,,,
11310,200371.675,8163881.906,1545.212,,,,,,,,,
11311,200371.782,8163845.245,1543.222,,,,,,,,,
11312,200377.866,8163845.405,1543.781,,,,,,,,,
11313,200377.869,8163882.078,1545.362,,,,,,,,,
11314,200377.956,8163883.029,1545.399,,,,,,,,,
11315,200377.934,8163919.986,1545.766,,,,,,,,,
11316,200377.852,8163806.993,1544.388,,,,,,,,,
11317,200377.88,8163807.727,1544.434,,,,,,,,,
11318,200377.959,8163844.61,1544.079,,,,,,,,,
11319,200371.64,8163844.636,1543.63,,,,,,,,,
11320,200371.498,8163807.906,1544.09,,,,,,,,,
11321,200371.547,8163806.971,1544.113,,,,,,,,,
11322,200377.805,8163770.292,1544.692,,,,,,,,,
11323,200384.019,8163919.663,1546.099,,,,,,,,,
11324,200383.974,8163882.779,1545.704,,,,,,,,,
11325,200383.966,8163881.885,1545.666,,,,,,,,,
11326,200384.011,8163845.236,1543.454,,,,,,,,,
11327,200390.252,8163845.386,1543.726,,,,,,,,,
11328,200390.202,8163882.019,1545.396,,,,,,,,,
11329,200390.218,8163883.064,1545.45,,,,,,,,,
11330,200390.228,8163919.803,1546.404,,,,,,,,,
11331,200390.252,8163770.302,1544.185,,,,,,,,,
11332,200390.239,8163806.991,1544.951,,,,,,,,,
11333,200390.236,8163808.042,1544.95,,,,,,,,,
11334,200390.209,8163844.709,1544.089,,,,,,,,,
11335,200384.041,8163844.581,1543.849,,,,,,,,,
11336,200383.858,8163807.916,1544.839,,,,,,,,,
11337,200384.007,8163806.847,1544.824,,,,,,,,,
11338,200384.064,8163770.169,1544.132,,,,,,,,,
11339,200396.383,8163919.652,1546.254,,,,,,,,,
11340,200396.151,8163882.79,1545.861,,,,,,,,,
11341,200396.292,8163881.892,1545.835,,,,,,,,,
11342,200396.441,8163845.282,1543.908,,,,,,,,,
11343,200402.686,8163845.363,1544.211,,,,,,,,,
11344,200402.564,8163882.21,1545.198,,,,,,,,,
11345,200402.653,8163883.202,1545.237,,,,,,,,,
11346,200402.561,8163919.937,1546.716,,,,,,,,,
11347,200402.599,8163770.282,1544.641,,,,,,,,,
11348,200402.696,8163807.01,1545.54,,,,,,,,,
11349,200402.712,8163807.983,1545.545,,,,,,,,,
11350,200402.707,8163844.718,1544.576,,,,,,,,,
11351,200396.433,8163844.559,1544.208,,,,,,,,,
11352,200396.434,8163807.91,1545.163,,,,,,,,,
11353,200396.434,8163806.834,1545.172,,,,,,,,,
11354,200396.424,8163770.148,1544.466,,,,,,,,,
11355,200408.8,8163934.031,1546.17,,,,,,,,,
11356,200408.747,8163897.37,1546.36,,,,,,,,,
11357,200408.871,8163896.288,1546.329,,,,,,,,,
11358,200408.817,8163859.688,1543.834,,,,,,,,,
11359,200415.039,8163859.784,1543.812,,,,,,,,,
11360,200415.049,8163896.38,1546.363,,,,,,,,,
11361,200415.047,8163897.469,1546.398,,,,,,,,,
11362,200415.023,8163934.136,1546.548,,,,,,,,,
11363,200414.952,8163784.679,1546.341,,,,,,,,,
11364,200415.029,8163821.365,1546.112,,,,,,,,,
11365,200415,8163822.417,1546.083,,,,,,,,,
11366,200415.017,8163859.051,1544.169,,,,,,,,,
11367,200408.817,8163858.907,1544.182,,,,,,,,,
11368,200408.788,8163822.257,1545.556,,,,,,,,,
11369,200408.725,8163821.172,1545.58,,,,,,,,,
11370,200408.787,8163784.505,1545.599,,,,,,,,,
11371,200421.189,8163933.997,1546.965,,,,,,,,,
11372,200421.2,8163897.326,1546.336,,,,,,,,,
11373,200421.204,8163896.285,1546.278,,,,,,,,,
11374,200421.219,8163859.629,1543.615,,,,,,,,,
11375,200427.429,8163859.786,1543.536,,,,,,,,,
11376,200427.419,8163896.364,1546.41,,,,,,,,,
11377,200427.479,8163897.397,1546.477,,,,,,,,,
11378,200427.413,8163934.092,1547.101,,,,,,,,,
11379,200427.352,8163784.66,1547.08,,,,,,,,,
11380,200427.477,8163821.377,1546.354,,,,,,,,,
11381,200427.452,8163822.396,1546.305,,,,,,,,,
11382,200427.411,8163859.001,1543.863,,,,,,,,,
11383,200421.179,8163858.904,1543.967,,,,,,,,,
11384,200421.218,8163822.315,1546.184,,,,,,,,,
11385,200421.227,8163821.219,1546.239,,,,,,,,,
11386,200421.192,8163784.492,1547.176,,,,,,,,,
11387,200433.577,8163784.518,1547.363,,,,,,,,,
11388,200433.611,8163821.22,1546.477,,,,,,,,,
11389,200433.617,8163822.286,1546.42,,,,,,,,,
11390,200433.591,8163858.905,1544.026,,,,,,,,,
11391,200433.617,8163859.678,1543.698,,,,,,,,,
11392,200433.644,8163896.314,1546.507,,,,,,,,,
11393,200433.695,8163897.336,1546.547,,,,,,,,,
11394,200433.598,8163934.033,1547.308,,,,,,,,,
11395,200439.805,8163934.162,1547.271,,,,,,,,,
11396,200439.808,8163897.455,1546.71,,,,,,,,,
11397,200439.823,8163896.417,1546.663,,,,,,,,,
11398,200439.918,8163859.76,1543.997,,,,,,,,,
11399,200439.822,8163859.072,1544.269,,,,,,,,,
11400,200439.792,8163822.414,1546.205,,,,,,,,,
11401,200439.803,8163821.369,1546.255,,,,,,,,,
11402,200439.76,8163784.706,1547.658,,,,,,,,,
11403,200445.987,8163784.686,1547.145,,,,,,,,,
11404,200445.79,8163821.418,1546.274,,,,,,,,,
11405,200446.01,8163822.304,1546.25,,,,,,,,,
11406,200445.933,8163858.933,1544.094,,,,,,,,,
11407,200445.942,8163859.672,1544.125,,,,,,,,,
11408,200445.978,8163896.307,1546.67,,,,,,,,,
11409,200446.066,8163897.295,1546.735,,,,,,,,,
11410,200445.988,8163934.033,1547.394,,,,,,,,,
11411,200452.162,8163934.157,1547.458,,,,,,,,,
11412,200458.357,8163934.056,1547.572,,,,,,,,,
11413,200452.243,8163897.385,1546.756,,,,,,,,,
11414,200452.211,8163896.478,1546.691,,,,,,,,,
11415,200458.388,8163896.335,1546.83,,,,,,,,,
11416,200458.438,8163897.324,1546.85,,,,,,,,,
11417,200452.127,8163859.801,1543.995,,,,,,,,,
11418,200452.137,8163859.093,1544.21,,,,,,,,,
11419,200458.382,8163859.626,1544.367,,,,,,,,,
11420,200458.436,8163859.103,1544.441,,,,,,,,,
11421,200452.191,8163822.418,1546.471,,,,,,,,,
11422,200452.174,8163821.351,1546.492,,,,,,,,,
11423,200458.386,8163822.281,1546.445,,,,,,,,,
11424,200458.372,8163821.251,1546.5,,,,,,,,,
11425,200452.377,8163784.529,1547.025,,,,,,,,,
11426,200458.337,8163784.48,1546.986,,,,,,,,,
11427,200464.539,8163784.575,1546.783,,,,,,,,,
11428,200470.463,8163784.305,1546.459,,,,,,,,,
11429,200470.707,8163821.247,1546.539,,,,,,,,,
11430,200470.658,8163822.237,1546.531,,,,,,,,,
11431,200464.674,8163821.397,1546.562,,,,,,,,,
11432,200464.601,8163822.401,1546.543,,,,,,,,,
11433,200464.656,8163859.065,1544.784,,,,,,,,,
11434,200464.653,8163859.704,1545.029,,,,,,,,,
11435,200470.662,8163859.031,1545.076,,,,,,,,,
11436,200470.858,8163859.479,1545.221,,,,,,,,,
11437,200470.758,8163896.299,1547.003,,,,,,,,,
11438,200470.699,8163897.255,1547.077,,,,,,,,,
11439,200464.864,8163896.524,1546.788,,,,,,,,,
11440,200464.6,8163897.102,1546.907,,,,,,,,,
11441,200464.579,8163934.128,1547.617,,,,,,,,,
11442,200470.778,8163934.021,1547.531,,,,,,,,,
11443,200483.186,8163957.897,1546.915,,,,,,,,,
11444,200477.013,8163934.155,1547.709,,,,,,,,,
11445,200482.911,8163921.01,1547.94,,,,,,,,,
11446,200483.153,8163920.205,1547.904,,,,,,,,,
11447,200476.985,8163897.44,1547.357,,,,,,,,,
11448,200476.974,8163896.422,1547.319,,,,,,,,,
11449,200483.047,8163883.319,1546.755,,,,,,,,,
11450,200483.212,8163882.766,1546.634,,,,,,,,,
11451,200477.118,8163859.702,1545.327,,,,,,,,,
11452,200477.068,8163859.047,1545.187,,,,,,,,,
11453,200483.179,8163845.307,1545.659,,,,,,,,,
11454,200483.138,8163846.016,1545.71,,,,,,,,,
11455,200476.996,8163822.339,1546.717,,,,,,,,,
11456,200477.003,8163821.672,1546.775,,,,,,,,,
11457,200476.999,8163784.574,1546.743,,,,,,,,,
11458,200483.205,8163808.374,1547.412,,,,,,,,,
11459,200489.445,8163808.617,1547.794,,,,,,,,,
11460,200495.607,8163808.426,1547.791,,,,,,,,,
11461,200495.488,8163845.139,1545.832,,,,,,,,,
11462,200495.56,8163846.049,1545.824,,,,,,,,,
11463,200489.48,8163845.369,1545.737,,,,,,,,,
11464,200489.364,8163845.941,1545.825,,,,,,,,,
11465,200489.377,8163882.76,1546.962,,,,,,,,,
11466,200489.417,8163883.345,1547.027,,,,,,,,,
11467,200495.447,8163882.811,1547.377,,,,,,,,,
11468,200495.622,8163883.495,1547.542,,,,,,,,,
11469,200495.559,8163920.228,1548.161,,,,,,,,,
11470,200495.576,8163921.26,1548.165,,,,,,,,,
11471,200489.38,8163920.296,1547.93,,,,,,,,,
11472,200489.485,8163921.019,1547.98,,,,,,,,,
11473,200489.407,8163958.012,1547.102,,,,,,,,,
11474,200495.569,8163957.94,1547.312,,,,,,,,,
11475,200501.717,8163957.866,1547.392,,,,,,,,,
11476,200507.858,8163957.952,1547.727,,,,,,,,,
11477,200507.869,8163921.094,1548.146,,,,,,,,,
11478,200507.89,8163920.193,1548.132,,,,,,,,,
11479,200501.76,8163920.342,1548.138,,,,,,,,,
11480,200501.736,8163921.159,1548.16,,,,,,,,,
11481,200501.728,8163883.568,1547.732,,,,,,,,,
11482,200501.751,8163882.913,1547.561,,,,,,,,,
11483,200507.899,8163883.416,1547.889,,,,,,,,,
11484,200507.959,8163883.101,1547.803,,,,,,,,,
11485,200507.916,8163846.073,1546.931,,,,,,,,,
11486,200507.9,8163845.113,1546.919,,,,,,,,,
11487,200501.801,8163845.271,1546.19,,,,,,,,,
11488,200501.771,8163846.155,1546.215,,,,,,,,,
11489,200501.838,8163808.519,1547.623,,,,,,,,,
11490,200507.958,8163808.346,1547.292,,,,,,,,,
11491,200514.176,8163808.459,1547.223,,,,,,,,,
11492,200520.402,8163808.301,1546.99,,,,,,,,,
11493,200520.315,8163845.034,1546.915,,,,,,,,,
11494,200520.358,8163846.011,1546.932,,,,,,,,,
11495,200514.286,8163845.256,1546.889,,,,,,,,,
11496,200514.169,8163846.007,1546.94,,,,,,,,,
11497,200520.361,8163882.656,1548.887,,,,,,,,,
11498,200520.354,8163883.444,1548.599,,,,,,,,,
11499,200514.178,8163882.938,1548.008,,,,,,,,,
11500,200514.101,8163883.484,1548.125,,,,,,,,,
11501,200514.185,8163920.314,1548.252,,,,,,,,,
11502,200514.157,8163921.274,1548.254,,,,,,,,,
11503,200520.329,8163920.188,1548.582,,,,,,,,,
11504,200520.377,8163921.203,1548.592,,,,,,,,,
11505,200514.194,8163958.016,1547.897,,,,,,,,,
11506,200520.319,8163957.884,1548.071,,,,,,,,,
11507,200526.514,8163958.048,1548.22,,,,,,,,,
11508,200532.731,8163957.976,1548.171,,,,,,,,,
11509,200532.729,8163921.191,1549.064,,,,,,,,,
11510,200532.745,8163920.21,1549.052,,,,,,,,,
11511,200526.555,8163921.357,1548.816,,,,,,,,,
11512,200526.58,8163920.371,1548.844,,,,,,,,,
11513,200526.749,8163883.071,1548.495,,,,,,,,,
11514,200526.561,8163883.563,1548.774,,,,,,,,,
11515,200532.652,8163883.375,1548.841,,,,,,,,,
11516,200532.739,8163882.806,1548.992,,,,,,,,,
11517,200532.778,8163845.046,1547.553,,,,,,,,,
11518,200532.783,8163846.088,1547.582,,,,,,,,,
11519,200526.688,8163846.128,1547.328,,,,,,,,,
11520,200526.583,8163845.239,1547.343,,,,,,,,,
11521,200526.814,8163808.357,1546.804,,,,,,,,,
11522,200532.802,8163808.554,1546.4,,,,,,,,,
11523,200538.942,8163808.509,1546.534,,,,,,,,,
11524,200545.188,8163808.379,1546.603,,,,,,,,,
11525,200545.078,8163845.066,1548.239,,,,,,,,,
11526,200545.125,8163846.065,1548.292,,,,,,,,,
11527,200539.239,8163845.346,1547.846,,,,,,,,,
11528,200539.02,8163846.112,1547.948,,,,,,,,,
11529,200539.04,8163883.01,1549.136,,,,,,,,,
11530,200538.927,8163883.461,1549.188,,,,,,,,,
11531,200545.122,8163882.774,1549.265,,,,,,,,,
11532,200545.127,8163883.432,1549.358,,,,,,,,,
11533,200545.182,8163920.156,1549.399,,,,,,,,,
11534,200544.951,8163921.114,1549.32,,,,,,,,,
11535,200539.183,8163920.431,1549.131,,,,,,,,,
11536,200539.012,8163921.117,1549.217,,,,,,,,,
11537,200539.022,8163958.028,1548.455,,,,,,,,,
11538,200545.118,8163957.894,1548.662,,,,,,,,,
11539,200551.316,8163958.045,1548.834,,,,,,,,,
11540,200557.538,8163957.935,1549.071,,,,,,,,,
11541,200557.405,8163921.103,1549.651,,,,,,,,,
11542,200557.503,8163920.195,1549.647,,,,,,,,,
11543,200551.387,8163921.33,1549.565,,,,,,,,,
11544,200551.404,8163920.364,1549.597,,,,,,,,,
11545,200551.357,8163882.76,1549.196,,,,,,,,,
11546,200551.365,8163883.533,1549.505,,,,,,,,,
11547,200557.415,8163883.335,1549.466,,,,,,,,,
11548,200557.606,8163882.856,1549.54,,,,,,,,,
11549,200551.375,8163845.188,1548.557,,,,,,,,,
11550,200551.353,8163846.201,1548.619,,,,,,,,,
11551,200557.564,8163846.092,1548.84,,,,,,,,,
11552,200557.56,8163845.042,1548.808,,,,,,,,,
11553,200551.53,8163808.427,1547.011,,,,,,,,,
11554,200557.583,8163808.352,1547.643,,,,,,,,,
11555,200563.762,8163808.513,1547.696,,,,,,,,,
11556,200571.135,8163808.554,1548.336,,,,,,,,,
11557,200571.028,8163845.123,1549.155,,,,,,,,,
11558,200571.073,8163845.999,1549.223,,,,,,,,,
11559,200563.968,8163845.324,1548.976,,,,,,,,,
11560,200563.764,8163846.216,1549.09,,,,,,,,,
11561,200563.852,8163882.973,1549.564,,,,,,,,,
11562,200563.75,8163883.563,1549.698,,,,,,,,,
11563,200571.16,8163882.76,1549.806,,,,,,,,,
11564,200571.156,8163883.66,1549.887,,,,,,,,,
11565,200571.09,8163921.185,1549.909,,,,,,,,,
11566,200571.122,8163920.172,1549.895,,,,,,,,,
11567,200563.982,8163920.489,1549.737,,,,,,,,,
11568,200563.782,8163921.268,1549.85,,,,,,,,,
11569,200563.742,8163958.081,1549.242,,,,,,,,,
11570,200571.135,8163957.917,1549.324,,,,,,,,,
11571,200577.333,8163958.124,1549.316,,,,,,,,,
11572,200583.475,8163957.934,1549.662,,,,,,,,,
11573,200583.332,8163921.044,1550.124,,,,,,,,,
11574,200583.497,8163920.189,1550.099,,,,,,,,,
11575,200577.412,8163920.335,1549.758,,,,,,,,,
11576,200577.388,8163921.351,1549.756,,,,,,,,,
11577,200577.621,8163883.507,1549.695,,,,,,,,,
11578,200577.352,8163882.76,1549.891,,,,,,,,,
11579,200583.47,8163883.407,1550.171,,,,,,,,,
11580,200583.552,8163882.807,1550.157,,,,,,,,,
11581,200583.465,8163845.983,1549.619,,,,,,,,,
11582,200583.527,8163845.082,1549.576,,,,,,,,,
11583,200577.332,8163846.007,1549.156,,,,,,,,,
11584,200577.423,8163845.458,1549.422,,,,,,,,,
11585,200577.418,8163808.455,1548.504,,,,,,,,,
11586,200583.484,8163808.554,1548.605,,,,,,,,,
11587,200589.815,8163808.461,1548.881,,,,,,,,,
11588,200595.89,8163808.309,1549.189,,,,,,,,,
11589,200595.777,8163845.13,1549.72,,,,,,,,,
11590,200595.845,8163845.789,1549.814,,,,,,,,,
11591,200589.771,8163845.181,1549.769,,,,,,,,,
11592,200589.737,8163846.058,1549.813,,,,,,,,,
11593,200589.771,8163882.894,1550.104,,,,,,,,,
11594,200589.751,8163883.567,1550.335,,,,,,,,,
11595,200595.885,8163882.751,1550.424,,,,,,,,,
11596,200595.9,8163883.477,1550.418,,,,,,,,,
11597,200589.729,8163920.43,1550.041,,,,,,,,,
11598,200589.802,8163920.904,1550.22,,,,,,,,,
11599,200595.644,8163920.311,1550.304,,,,,,,,,
11600,200595.9,8163921.193,1550.468,,,,,,,,,
11601,200589.842,8163958.214,1549.677,,,,,,,,,
11602,200595.833,8163958.078,1549.678,,,,,,,,,
11603,200602.123,8163958.147,1549.804,,,,,,,,,
11604,200608.32,8163957.879,1549.915,,,,,,,,,
11605,200608.323,8163921.113,1550.697,,,,,,,,,
11606,200608.241,8163920.286,1550.789,,,,,,,,,
11607,200602.34,8163921.266,1550.5,,,,,,,,,
11608,200602.186,8163920.338,1550.55,,,,,,,,,
11609,200602.201,8163883.461,1550.455,,,,,,,,,
11610,200602.111,8163882.912,1550.62,,,,,,,,,
11611,200608.336,8163882.783,1550.65,,,,,,,,,
11612,200608.34,8163846.12,1549.969,,,,,,,,,
11613,200608.196,8163844.957,1549.931,,,,,,,,,
11614,200602.13,8163846.254,1549.964,,,,,,,,,
11615,200602.142,8163845.188,1549.957,,,,,,,,,
11616,200602.174,8163808.467,1549.427,,,,,,,,,
11617,200608.355,8163808.353,1549.645,,,,,,,,,
11618,200495.596,8164033.223,1547.622,,,,,,,,,
11619,200495.57,8164069.905,1548.634,,,,,,,,,
11620,200495.561,8164070.915,1548.666,,,,,,,,,
11621,200501.718,8164107.777,1549.35,,,,,,,,,
11622,200501.815,8164071.037,1548.596,,,,,,,,,
11623,200501.79,8164070.057,1548.57,,,,,,,,,
11624,200507.985,8164070.88,1548.602,,,,,,,,,
11625,200507.95,8164069.899,1548.599,,,,,,,,,
11626,200501.83,8164033.34,1547.676,,,,,,,,,
11627,200508.02,8164033.17,1547.979,,,,,,,,,
11628,200514.209,8164033.325,1548.048,,,,,,,,,
11629,200520.369,8164033.179,1548.092,,,,,,,,,
11630,200520.379,8164069.878,1548.841,,,,,,,,,
11631,200520.357,8164070.834,1548.907,,,,,,,,,
11632,200514.209,8164070.021,1548.618,,,,,,,,,
11633,200514.198,8164071.039,1548.637,,,,,,,,,
11634,200526.453,8164107.798,1549.897,,,,,,,,,
11635,200526.68,8164070.974,1549.221,,,,,,,,,
11636,200526.593,8164070.032,1549.221,,,,,,,,,
11637,200526.63,8164033.292,1548.332,,,,,,,,,
11638,200545.208,8164033.143,1548.637,,,,,,,,,
11639,200545.081,8164069.932,1549.641,,,,,,,,,
11640,200545.14,8164070.904,1549.667,,,,,,,,,
11641,200545.172,8164107.587,1551.042,,,,,,,,,
11642,200551.35,8164107.733,1551.571,,,,,,,,,
11643,200557.484,8164107.59,1551.751,,,,,,,,,
11644,200557.559,8164070.868,1549.9,,,,,,,,,
11645,200557.519,8164070.001,1549.873,,,,,,,,,
11646,200557.486,8164033.123,1548.714,,,,,,,,,
11647,200614.569,8163808.48,1549.945,,,,,,,,,
11648,200620.719,8163815.782,1549.955,,,,,,,,,
11649,200620.776,8163816.569,1550.389,,,,,,,,,
11650,200614.623,8163845.27,1549.942,,,,,,,,,
11651,200614.533,8163846.12,1549.998,,,,,,,,,
11652,200620.615,8163853.31,1549.678,,,,,,,,,
11653,200620.721,8163853.967,1549.918,,,,,,,,,
11654,200614.546,8163882.936,1550.708,,,,,,,,,
11655,200614.484,8163883.483,1550.61,,,,,,,,,
11656,200620.678,8163890.686,1551.683,,,,,,,,,
11657,200620.702,8163891.49,1551.692,,,,,,,,,
11658,200614.519,8163920.286,1550.987,,,,,,,,,
11659,200614.547,8163921.26,1550.993,,,,,,,,,
11660,200620.741,8163928.385,1551.598,,,,,,,,,
11661,200614.545,8163958.068,1549.934,,,,,,,,,
11662,200626.904,8163928.504,1551.449,,,,,,,,,
11663,200632.832,8163928.515,1551.233,,,,,,,,,
11664,200633.168,8163891.667,1551.483,,,,,,,,,
11665,200633.01,8163890.763,1551.514,,,,,,,,,
11666,200627.132,8163891.681,1551.525,,,,,,,,,
11667,200626.976,8163890.827,1551.575,,,,,,,,,
11668,200626.919,8163854.104,1549.856,,,,,,,,,
11669,200626.939,8163853.394,1549.908,,,,,,,,,
11670,200632.961,8163853.851,1549.858,,,,,,,,,
11671,200633.121,8163853.462,1550.256,,,,,,,,,
11672,200626.948,8163816.704,1550.697,,,,,,,,,
11673,200626.951,8163815.683,1550.718,,,,,,,,,
11674,200633.187,8163816.545,1550.779,,,,,,,,,
11675,200633.169,8163815.504,1550.787,,,,,,,,,
11676,200626.919,8163778.98,1550.402,,,,,,,,,
11677,200620.707,8163778.819,1550.223,,,,,,,,,
11678,200633.138,8163778.826,1550.81,,,,,,,,,
11679,200639.341,8163778.781,1550.846,,,,,,,,,
11680,200645.567,8163778.836,1551.296,,,,,,,,,
11681,200645.511,8163815.528,1550.938,,,,,,,,,
11682,200645.516,8163816.553,1550.933,,,,,,,,,
11683,200639.357,8163815.632,1550.881,,,,,,,,,
11684,200639.344,8163816.676,1550.872,,,,,,,,,
11685,200639.276,8163853.374,1550.503,,,,,,,,,
11686,200639.293,8163854.07,1550.063,,,,,,,,,
11687,200645.497,8163854.095,1550.191,,,,,,,,,
11688,200645.528,8163853.252,1550.624,,,,,,,,,
11689,200639.352,8163890.741,1551.383,,,,,,,,,
11690,200639.354,8163891.72,1551.401,,,,,,,,,
11691,200645.261,8163890.854,1551.036,,,,,,,,,
11692,200645.522,8163891.647,1551.118,,,,,,,,,
11693,200639.336,8163928.503,1551.374,,,,,,,,,
11694,200645.552,8163928.401,1551.912,,,,,,,,,
11695,200651.7,8163928.403,1551.786,,,,,,,,,
11696,200657.914,8163928.351,1552.143,,,,,,,,,
11697,200657.829,8163891.583,1550.796,,,,,,,,,
11698,200657.906,8163890.725,1550.78,,,,,,,,,
11699,200651.725,8163890.801,1551.055,,,,,,,,,
11700,200651.804,8163891.625,1551.06,,,,,,,,,
11701,200651.691,8163854.073,1550.373,,,,,,,,,
11702,200651.678,8163853.603,1550.613,,,,,,,,,
11703,200657.566,8163853.725,1550.058,,,,,,,,,
11704,200657.868,8163853.418,1550.437,,,,,,,,,
11705,200657.895,8163816.536,1551.435,,,,,,,,,
11706,200657.881,8163815.595,1551.43,,,,,,,,,
11707,200651.877,8163816.622,1551.089,,,,,,,,,
11708,200651.774,8163815.743,1551.12,,,,,,,,,
11709,200651.819,8163778.956,1550.968,,,,,,,,,
11710,200657.981,8163778.839,1551.371,,,,,,,,,
11711,200664.194,8163778.94,1551.521,,,,,,,,,
11712,200670.184,8163778.72,1551.233,,,,,,,,,
11713,200670.081,8163815.677,1551.667,,,,,,,,,
11714,200670.269,8163816.575,1551.775,,,,,,,,,
11715,200664.347,8163815.855,1551.549,,,,,,,,,
11716,200664.219,8163816.456,1551.708,,,,,,,,,
11717,200664.097,8163853.398,1550.438,,,,,,,,,
11718,200664.112,8163854.043,1550.398,,,,,,,,,
11719,200670.175,8163853.352,1550.567,,,,,,,,,
11720,200670.28,8163854.039,1550.441,,,,,,,,,
11721,200669.948,8163890.927,1551.044,,,,,,,,,
11722,200670.298,8163891.56,1551.133,,,,,,,,,
11723,200664.29,8163890.873,1550.946,,,,,,,,,
11724,200664.164,8163891.546,1551.015,,,,,,,,,
11725,200664.105,8163928.341,1551.656,,,,,,,,,
11726,200670.357,8163928.415,1551.712,,,,,,,,,
11727,200676.297,8163928.561,1551.919,,,,,,,,,
11728,200682.21,8163928.532,1552.395,,,,,,,,,
11729,200682.699,8163891.588,1551.424,,,,,,,,,
11730,200682.577,8163890.934,1551.446,,,,,,,,,
11731,200676.501,8163891.588,1551.144,,,,,,,,,
11732,200676.501,8163890.888,1551.2,,,,,,,,,
11733,200676.789,8163854.007,1550.42,,,,,,,,,
11734,200673.532,8163853.235,1550.51,,,,,,,,,
11735,200682.569,8163853.866,1550.819,,,,,,,,,
11736,200682.679,8163853.535,1550.743,,,,,,,,,
11737,200682.519,8163816.421,1551.809,,,,,,,,,
11738,200682.578,8163815.74,1551.742,,,,,,,,,
11739,200676.501,8163816.482,1551.57,,,,,,,,,
11740,200676.562,8163815.828,1551.902,,,,,,,,,
11741,200676.729,8163778.834,1551.739,,,,,,,,,
11742,200682.758,8163778.872,1551.801,,,,,,,,,
11743,200688.948,8163779.008,1552.019,,,,,,,,,
11744,200695.15,8163778.831,1551.811,,,,,,,,,
11745,200694.613,8163816.165,1551.735,,,,,,,,,
11746,200695.041,8163815.731,1551.846,,,,,,,,,
11747,200688.897,8163815.782,1551.585,,,,,,,,,
11748,200688.979,8163816.601,1551.876,,,,,,,,,
11749,200689.028,8163853.485,1550.921,,,,,,,,,
11750,200688.941,8163853.879,1551.096,,,,,,,,,
11751,200694.823,8163853.368,1551.122,,,,,,,,,
11752,200695.195,8163854.135,1551.155,,,,,,,,,
11753,200694.962,8163891.437,1552.585,,,,,,,,,
11754,200695.046,8163890.641,1552.513,,,,,,,,,
11755,200689.083,8163890.89,1551.832,,,,,,,,,
11756,200688.983,8163891.592,1551.929,,,,,,,,,
11757,200688.995,8163928.635,1553.262,,,,,,,,,
11758,200695.061,8163928.391,1554.036,,,,,,,,,
11759,200701.315,8163928.452,1553.854,,,,,,,,,
11760,200707.536,8163928.408,1554.162,,,,,,,,,
11761,200707.368,8163891.589,1553.888,,,,,,,,,
11762,200707.424,8163890.727,1554.042,,,,,,,,,
11763,200701.305,8163890.761,1553.153,,,,,,,,,
11764,200701.336,8163891.738,1553.155,,,,,,,,,
11765,200701.276,8163853.418,1552.505,,,,,,,,,
11766,200701.275,8163854.011,1552.581,,,,,,,,,
11767,200707.454,8163853.945,1553.59,,,,,,,,,
11768,200707.479,8163853.221,1553.521,,,,,,,,,
11769,200707.524,8163816.523,1551.729,,,,,,,,,
11770,200707.54,8163815.536,1551.709,,,,,,,,,
11771,200701.395,8163816.692,1551.851,,,,,,,,,
11772,200701.377,8163815.845,1551.888,,,,,,,,,
11773,200701.365,8163779.009,1552.309,,,,,,,,,
11774,200707.594,8163778.81,1552.269,,,,,,,,,
11775,200713.782,8163779.009,1552.304,,,,,,,,,
11776,200719.952,8163778.786,1552.459,,,,,,,,,
11777,200719.673,8163816.304,1551.698,,,,,,,,,
11778,200719.895,8163815.751,1551.712,,,,,,,,,
11779,200714.138,8163816.012,1551.63,,,,,,,,,
11780,200713.738,8163816.559,1551.795,,,,,,,,,
11781,200719.662,8163853.714,1554.279,,,,,,,,,
11782,200719.964,8163853.455,1554.383,,,,,,,,,
11783,200713.626,8163853.42,1554.359,,,,,,,,,
11784,200713.63,8163854.027,1554.397,,,,,,,,,
11785,200713.722,8163890.782,1554.754,,,,,,,,,
11786,200713.748,8163891.718,1554.762,,,,,,,,,
11787,200719.813,8163890.703,1555.479,,,,,,,,,
11788,200719.82,8163891.456,1555.451,,,,,,,,,
11789,200713.691,8163928.503,1554.672,,,,,,,,,
11790,200719.88,8163928.384,1554.193,,,,,,,,,
11791,200726.111,8163928.514,1554.345,,,,,,,,,
11792,200732.147,8163928.401,1553.852,,,,,,,,,
11793,200732.283,8163891.647,1555.873,,,,,,,,,
11794,200732.302,8163890.66,1555.845,,,,,,,,,
11795,200726.235,8163890.914,1555.783,,,,,,,,,
11796,200726.167,8163891.559,1555.831,,,,,,,,,
11797,200726.332,8163853.41,1554.944,,,,,,,,,
11798,200726.163,8163854.047,1554.872,,,,,,,,,
11799,200732.124,8163853.715,1555.562,,,,,,,,,
11800,200732.373,8163853.371,1555.802,,,,,,,,,
11801,200732.274,8163816.536,1552.37,,,,,,,,,
11802,200732.29,8163815.58,1552.321,,,,,,,,,
11803,200726.12,8163815.705,1551.986,,,,,,,,,
11804,200726.125,8163816.655,1552.039,,,,,,,,,
11805,200726.365,8163778.906,1552.392,,,,,,,,,
11806,200732.213,8163778.736,1552.35,,,,,,,,,
11807,200738.544,8163778.964,1552.272,,,,,,,,,
11808,200738.496,8163815.693,1552.941,,,,,,,,,
11809,200738.494,8163816.63,1552.983,,,,,,,,,
11810,200744.787,8163829.968,1555.393,,,,,,,,,
11811,200738.49,8163853.283,1556.263,,,,,,,,,
11812,200738.523,8163854.135,1555.984,,,,,,,,,
11813,200744.689,8163866.68,1556.228,,,,,,,,,
11814,200744.663,8163867.491,1556.23,,,,,,,,,
11815,200738.524,8163890.868,1555.721,,,,,,,,,
11816,200738.492,8163891.809,1555.719,,,,,,,,,
11817,200738.506,8163928.504,1553.608,,,,,,,,,
11818,200744.666,8163904.442,1555.26,,,,,,,,,
11819,200750.863,8163904.539,1554.781,,,,,,,,,
11820,200756.914,8163904.565,1554.161,,,,,,,,,
11821,200756.953,8163867.669,1555.522,,,,,,,,,
11822,200757.052,8163866.919,1555.546,,,,,,,,,
11823,200751.101,8163866.995,1555.726,,,,,,,,,
11824,200750.847,8163867.852,1555.811,,,,,,,,,
11825,200751.067,8163830.06,1555.831,,,,,,,,,
11826,200757.082,8163829.954,1556.049,,,,,,,,,
11827,200763.277,8163830.131,1556.018,,,,,,,,,
11828,200769.443,8163829.979,1555.778,,,,,,,,,
11829,200769.343,8163867.637,1554.937,,,,,,,,,
11830,200769.377,8163866.984,1554.932,,,,,,,,,
11831,200763.577,8163867.158,1555.118,,,,,,,,,
11832,200763.311,8163867.64,1555.235,,,,,,,,,
11833,200763.353,8163904.624,1553.996,,,,,,,,,
11834,200769.436,8163904.467,1554.224,,,,,,,,,
11835,200775.656,8163904.595,1554.194,,,,,,,,,
11836,200781.901,8163904.472,1554.25,,,,,,,,,
11837,200781.894,8163867.787,1554.808,,,,,,,,,
11838,200781.866,8163866.943,1554.819,,,,,,,,,
11839,200775.722,8163867.85,1554.844,,,,,,,,,
11840,200775.773,8163867.093,1554.931,,,,,,,,,
11841,200775.699,8163830.149,1555.608,,,,,,,,,
11842,200781.726,8163829.988,1555.301,,,,,,,,,
11843,200787.908,8163829.937,1555.229,,,,,,,,,
11844,200794.114,8163829.989,1555.227,,,,,,,,,
11845,200794.165,8163866.906,1554.743,,,,,,,,,
11846,200794.187,8163867.7,1554.736,,,,,,,,,
11847,200788.299,8163867.003,1554.756,,,,,,,,,
11848,200788.09,8163867.658,1554.806,,,,,,,,,
11849,200788.079,8163904.476,1554.185,,,,,,,,,
11850,200794.257,8163904.443,1554.181,,,,,,,,,
11851,200800.496,8163904.467,1554.23,,,,,,,,,
11852,200806.637,8163904.439,1554.32,,,,,,,,,
11853,200800.488,8163866.902,1554.678,,,,,,,,,
11854,200800.491,8163867.739,1554.677,,,,,,,,,
11855,200806.692,8163867.729,1554.713,,,,,,,,,
11856,200806.682,8163866.765,1554.725,,,,,,,,,
11857,200800.505,8163830.181,1555.108,,,,,,,,,
11858,200806.689,8163829.966,1554.589,,,,,,,,,
11859,200812.932,8163830.09,1553.777,,,,,,,,,
11860,200818.966,8163815.671,1554.755,,,,,,,,,
11861,200818.999,8163852.523,1554.873,,,,,,,,,
11862,200819.112,8163853.283,1554.894,,,,,,,,,
11863,200813.349,8163867.147,1554.623,,,,,,,,,
11864,200812.917,8163867.858,1554.816,,,,,,,,,
11865,200812.829,8163904.607,1554.322,,,,,,,,,
11866,200819.112,8163890.462,1554.776,,,,,,,,,
11867,200825.287,8163890.297,1555.039,,,,,,,,,
11868,200831.454,8163890.136,1555.288,,,,,,,,,
11869,200831.264,8163853.093,1555.246,,,,,,,,,
11870,200831.506,8163852.557,1555.31,,,,,,,,,
11871,200825.438,8163853.404,1555.018,,,,,,,,,
11872,200825.316,8163852.779,1555.151,,,,,,,,,
11873,200825.371,8163815.823,1554.766,,,,,,,,,
11874,200831.374,8163815.616,1555.098,,,,,,,,,
11875,200837.563,8163815.786,1555.516,,,,,,,,,
11876,200843.754,8163815.658,1555.589,,,,,,,,,
11877,200838.126,8163852.906,1555.331,,,,,,,,,
11878,200837.767,8163853.247,1555.532,,,,,,,,,
11879,200843.675,8163853.281,1555.64,,,,,,,,,
11880,200843.776,8163852.708,1555.653,,,,,,,,,
11881,200837.716,8163890.275,1555.442,,,,,,,,,
11882,200843.841,8163890.244,1555.569,,,,,,,,,
11883,200862.412,8163890.43,1555.122,,,,,,,,,
11884,200868.637,8163890.218,1554.549,,,,,,,,,
11885,200868.617,8163853.456,1554.778,,,,,,,,,
11886,200868.634,8163852.616,1554.746,,,,,,,,,
11887,200862.483,8163853.62,1555.157,,,,,,,,,
11888,200862.441,8163852.628,1555.15,,,,,,,,,
11889,200862.471,8163815.863,1555.156,,,,,,,,,
11890,200868.562,8163815.845,1554.914,,,,,,,,,
11891,200874.803,8163815.852,1554.887,,,,,,,,,
11892,200880.906,8163815.747,1554.983,,,,,,,,,
11893,200880.766,8163852.761,1554.738,,,,,,,,,
11894,200881.051,8163853.48,1554.784,,,,,,,,,
11895,200874.847,8163852.606,1554.707,,,,,,,,,
11896,200874.865,8163853.464,1554.714,,,,,,,,,
11897,200880.789,8163890.318,1554.472,,,,,,,,,
11898,200874.957,8163890.191,1554.514,,,,,,,,,
11899,200887.271,8163890.182,1554.667,,,,,,,,,
11900,200893.283,8163890.292,1554.776,,,,,,,,,
11901,200893.416,8163853.47,1554.962,,,,,,,,,
11902,200893.315,8163852.719,1554.996,,,,,,,,,
11903,200887.25,8163853.498,1554.818,,,,,,,,,
11904,200887.282,8163852.597,1554.818,,,,,,,,,
11905,200887.346,8163815.852,1555.024,,,,,,,,,
11906,200893.197,8163815.679,1554.996,,,,,,,,,
11907,200899.527,8163815.758,1555.218,,,,,,,,,
11908,200905.598,8163815.668,1555.475,,,,,,,,,
11909,200905.827,8163853.371,1555.112,,,,,,,,,
11910,200905.809,8163852.966,1555.223,,,,,,,,,
11911,200899.629,8163852.671,1554.986,,,,,,,,,
11912,200899.718,8163853.389,1555.086,,,,,,,,,
11913,200899.642,8163890.209,1554.888,,,,,,,,,
11914,200905.819,8163890.184,1555.176,,,,,,,,,
11915,200912.08,8163890.156,1555.138,,,,,,,,,
11916,200912.157,8163853.429,1555.095,,,,,,,,,
11917,200912.09,8163852.805,1555.14,,,,,,,,,
11918,200912.388,8163815.731,1555.733,,,,,,,,,
11919,200968.309,8162290.777,1569.286,,,,,,,,,
11920,200968.257,8162327.519,1568.703,,,,,,,,,
11921,200968.307,8162328.492,1568.718,,,,,,,,,
11922,200968.311,8162365.201,1569.475,,,,,,,,,
11923,200968.271,8162365.895,1569.77,,,,,,,,,
11924,200968.249,8162402.535,1568.439,,,,,,,,,
11925,200968.248,8162403.654,1568.441,,,,,,,,,
11926,200968.322,8162440.29,1569.163,,,,,,,,,
11927,200974.524,8162440.417,1569.12,,,,,,,,,
11928,200980.688,8162440.299,1569.547,,,,,,,,,
11929,200980.624,8162403.364,1569.023,,,,,,,,,
11930,200980.57,8162402.692,1569.041,,,,,,,,,
11931,200974.5,8162403.744,1568.843,,,,,,,,,
11932,200974.453,8162402.721,1568.889,,,,,,,,,
11933,200980.708,8162365.91,1570.568,,,,,,,,,
11934,200980.718,8162365.171,1570.193,,,,,,,,,
11935,200974.49,8162366.022,1570.22,,,,,,,,,
11936,200974.481,8162365.368,1569.835,,,,,,,,,
11937,200974.509,8162328.632,1568.803,,,,,,,,,
11938,200974.515,8162327.574,1568.795,,,,,,,,,
11939,200980.654,8162328.363,1568.931,,,,,,,,,
11940,200980.679,8162327.511,1568.9,,,,,,,,,
11941,200974.486,8162290.897,1569.585,,,,,,,,,
11942,200980.67,8162290.747,1569.799,,,,,,,,,
11943,200986.839,8162290.938,1570.038,,,,,,,,,
11944,200993.221,8162290.712,1570.322,,,,,,,,,
11945,200993.08,8162327.429,1569.141,,,,,,,,,
11946,200993.113,8162328.496,1569.138,,,,,,,,,
11947,200986.9,8162327.783,1569.047,,,,,,,,,
11948,200986.883,8162328.637,1569.043,,,,,,,,,
11949,200993.077,8162365.157,1570.169,,,,,,,,,
11950,200993.09,8162365.876,1570.366,,,,,,,,,
11951,200987.128,8162365.572,1570.15,,,,,,,,,
11952,200986.877,8162365.93,1570.383,,,,,,,,,
11953,200986.925,8162402.839,1568.944,,,,,,,,,
11954,200986.951,8162403.791,1568.922,,,,,,,,,
11955,200993.074,8162402.578,1569.01,,,,,,,,,
11956,200993,8162403.34,1568.937,,,,,,,,,
11957,200986.877,8162440.474,1569.878,,,,,,,,,
11958,200993.067,8162440.32,1569.89,,,,,,,,,
11959,200999.252,8162440.406,1570.174,,,,,,,,,
11960,201005.408,8162440.383,1570.018,,,,,,,,,
11961,200999.285,8162403.702,1568.81,,,,,,,,,
11962,200999.32,8162402.751,1568.852,,,,,,,,,
11963,201005.466,8162403.352,1569.417,,,,,,,,,
11964,201005.441,8162402.608,1569.438,,,,,,,,,
11965,201005.374,8162365.774,1570.46,,,,,,,,,
11966,201005.507,8162365.307,1570.513,,,,,,,,,
11967,200999.536,8162365.913,1570.379,,,,,,,,,
11968,200999.23,8162365.394,1570.431,,,,,,,,,
11969,201005.519,8162327.436,1569.61,,,,,,,,,
11970,201005.383,8162328.328,1569.63,,,,,,,,,
11971,200999.286,8162328.601,1569.26,,,,,,,,,
11972,200999.291,8162327.667,1569.268,,,,,,,,,
11973,200999.311,8162290.947,1570.602,,,,,,,,,
11974,201005.498,8162290.711,1570.554,,,,,,,,,
11975,201011.694,8162290.841,1570.659,,,,,,,,,
11976,201017.863,8162290.929,1570.456,,,,,,,,,
11977,201011.893,8162327.759,1569.758,,,,,,,,,
11978,201011.733,8162328.37,1569.871,,,,,,,,,
11979,201017.446,8162327.606,1569.818,,,,,,,,,
11980,201017.86,8162328.542,1569.954,,,,,,,,,
11981,201017.834,8162365.931,1570.488,,,,,,,,,
11982,201017.784,8162365.538,1570.568,,,,,,,,,
11983,201011.825,8162365.466,1570.604,,,,,,,,,
11984,201011.696,8162365.853,1570.532,,,,,,,,,
11985,201017.868,8162384.259,1569.934,,,,,,,,,
11986,201017.855,8162385.108,1569.955,,,,,,,,,
11987,201011.68,8162402.755,1569.552,,,,,,,,,
11988,201011.727,8162403.736,1569.501,,,,,,,,,
11989,201017.791,8162403.521,1569.346,,,,,,,,,
11990,201011.633,8162440.483,1570.549,,,,,,,,,
11991,201024.023,8162403.815,1569.454,,,,,,,,,
11992,201030.289,8162403.507,1569.786,,,,,,,,,
11993,201030.241,8162385.255,1570.24,,,,,,,,,
11994,201030.242,8162384.409,1570.247,,,,,,,,,
11995,201024.265,8162385.145,1569.995,,,,,,,,,
11996,201024.078,8162384.606,1570.093,,,,,,,,,
11997,201030.189,8162366.025,1570.677,,,,,,,,,
11998,201024.41,8162365.917,1570.488,,,,,,,,,
11999,201023.994,8162365.622,1570.641,,,,,,,,,
12000,201030.185,8162365.19,1570.872,,,,,,,,,
12001,201024.588,8162328.466,1569.907,,,,,,,,,
12002,201024.076,8162327.822,1570.184,,,,,,,,,
12003,201030.166,8162328.274,1570.211,,,,,,,,,
12004,201030.256,8162327.488,1570.196,,,,,,,,,
12005,201024.265,8162290.708,1570.849,,,,,,,,,
12006,201030.226,8162290.7,1570.922,,,,,,,,,
12007,201036.433,8162290.874,1571.046,,,,,,,,,
12008,201042.714,8162290.792,1571.218,,,,,,,,,
12009,201042.545,8162327.541,1570.455,,,,,,,,,
12010,201042.556,8162328.188,1570.519,,,,,,,,,
12011,201036.992,8162327.88,1570.227,,,,,,,,,
12012,201036.54,8162328.325,1570.335,,,,,,,,,
12013,201042.623,8162365.822,1571.244,,,,,,,,,
12014,201042.703,8162365.284,1571.255,,,,,,,,,
12015,201036.617,8162365.438,1571.037,,,,,,,,,
12016,201042.515,8162384.283,1570.726,,,,,,,,,
12017,201042.639,8162384.542,1570.827,,,,,,,,,
12018,201042.626,8162403.57,1570.12,,,,,,,,,
12019,201048.768,8162403.724,1570.173,,,,,,,,,
12020,201054.992,8162403.576,1570.366,,,,,,,,,
12021,201055.064,8162385.126,1571.041,,,,,,,,,
12022,201055.042,8162384.541,1571.068,,,,,,,,,
12023,201049.389,8162385.092,1570.879,,,,,,,,,
12024,201048.87,8162384.325,1571.037,,,,,,,,,
12025,201048.94,8162365.308,1571.245,,,,,,,,,
12026,201048.827,8162365.832,1571.455,,,,,,,,,
12027,201054.834,8162365.806,1571.474,,,,,,,,,
12028,201055.068,8162365.382,1571.489,,,,,,,,,
12029,201049.399,8162328.359,1570.524,,,,,,,,,
12030,201048.913,8162328.031,1570.636,,,,,,,,,
12031,201055.013,8162327.501,1570.927,,,,,,,,,
12032,201055.052,8162328.39,1570.964,,,,,,,,,
12033,201048.895,8162290.839,1571.236,,,,,,,,,
12034,201055.046,8162290.662,1571.43,,,,,,,,,
12035,201061.233,8162290.576,1571.425,,,,,,,,,
12036,201067.366,8162290.769,1571.412,,,,,,,,,
12037,201067.026,8162327.695,1571.142,,,,,,,,,
12038,201067.447,8162328.382,1571.393,,,,,,,,,
12039,201061.491,8162327.704,1570.992,,,,,,,,,
12040,201061.301,8162328.443,1571.045,,,,,,,,,
12041,201061.332,8162365.354,1571.51,,,,,,,,,
12042,201061.198,8162365.878,1571.761,,,,,,,,,
12043,201067.346,8162365.352,1571.763,,,,,,,,,
12044,201067.584,8162365.702,1571.78,,,,,,,,,
12045,201067.235,8162403.686,1570.294,,,,,,,,,
12046,201061.504,8162403.771,1570.23,,,,,,,,,
12047,201073.4,8162403.729,1570.292,,,,,,,,,
12048,201079.634,8162403.643,1570.439,,,,,,,,,
12049,201079.829,8162384.94,1571.455,,,,,,,,,
12050,201079.892,8162384.248,1571.469,,,,,,,,,
12051,201074.024,8162385.009,1571.061,,,,,,,,,
12052,201073.655,8162384.525,1571.255,,,,,,,,,
12053,201073.674,8162365.967,1571.958,,,,,,,,,
12054,201073.647,8162365.313,1572.334,,,,,,,,,
12055,201079.834,8162365.901,1571.903,,,,,,,,,
12056,201079.837,8162365.135,1572.469,,,,,,,,,
12057,201073.778,8162328.482,1571.683,,,,,,,,,
12058,201073.606,8162327.647,1571.737,,,,,,,,,
12059,201079.731,8162327.498,1572.077,,,,,,,,,
12060,201079.716,8162328.216,1572.124,,,,,,,,,
12061,201073.656,8162290.891,1571.854,,,,,,,,,
12062,201079.902,8162290.711,1572.162,,,,,,,,,
12063,201086.027,8162290.55,1572.163,,,,,,,,,
12064,201092.172,8162290.707,1571.775,,,,,,,,,
12065,201092.247,8162327.416,1572.321,,,,,,,,,
12066,201092.243,8162328.252,1572.328,,,,,,,,,
12067,201086.073,8162328.672,1572.258,,,,,,,,,
12068,201086.047,8162327.656,1572.232,,,,,,,,,
12069,201092.249,8162365.199,1572.54,,,,,,,,,
12070,201092.346,8162365.916,1572.388,,,,,,,,,
12071,201086.07,8162365.471,1572.484,,,,,,,,,
12072,201086,8162365.828,1572.361,,,,,,,,,
12073,201092.241,8162384.419,1571.6,,,,,,,,,
12074,201092.219,8162385.165,1571.63,,,,,,,,,
12075,201086.341,8162385.219,1571.325,,,,,,,,,
12076,201086.083,8162384.563,1571.421,,,,,,,,,
12077,201086.083,8162403.679,1570.646,,,,,,,,,
12078,201092.087,8162403.667,1570.787,,,,,,,,,
12079,201098.441,8162403.492,1570.873,,,,,,,,,
12080,201104.568,8162403.582,1570.971,,,,,,,,,
12081,201104.602,8162385.151,1571.84,,,,,,,,,
12082,201104.618,8162384.551,1571.823,,,,,,,,,
12083,201098.787,8162385.032,1571.64,,,,,,,,,
12084,201098.461,8162384.657,1571.802,,,,,,,,,
12085,201104.55,8162365.938,1572.619,,,,,,,,,
12086,201104.558,8162365.158,1573.154,,,,,,,,,
12087,201098.53,8162365.947,1572.625,,,,,,,,,
12088,201098.396,8162365.606,1572.883,,,,,,,,,
12089,201098.56,8162328.532,1572.334,,,,,,,,,
12090,201098.545,8162327.797,1572.373,,,,,,,,,
12091,201104.308,8162327.508,1572.145,,,,,,,,,
12092,201104.619,8162328.356,1572.27,,,,,,,,,
12093,201098.426,8162290.711,1572.141,,,,,,,,,
12094,201104.662,8162290.445,1572.25,,,,,,,,,
12095,201110.86,8162290.814,1572.57,,,,,,,,,
12096,201117.043,8162290.707,1572.514,,,,,,,,,
12097,201117.052,8162327.508,1572.666,,,,,,,,,
12098,201116.969,8162328.271,1572.752,,,,,,,,,
12099,201110.862,8162327.576,1572.685,,,,,,,,,
12100,201110.925,8162328.444,1572.663,,,,,,,,,
12101,201117.012,8162365.237,1573.463,,,,,,,,,
12102,201117.093,8162365.894,1573.095,,,,,,,,,
12103,201111.044,8162365.486,1572.962,,,,,,,,,
12104,201110.795,8162365.787,1572.973,,,,,,,,,
12105,201111.146,8162384.629,1571.869,,,,,,,,,
12106,201110.83,8162384.962,1571.996,,,,,,,,,
12107,201116.694,8162384.414,1572.132,,,,,,,,,
12108,201116.981,8162385.118,1572.21,,,,,,,,,
12109,201110.918,8162403.567,1571.102,,,,,,,,,
12110,201116.96,8162403.613,1571.376,,,,,,,,,
12111,201123.219,8162403.633,1571.54,,,,,,,,,
12112,201129.206,8162403.796,1571.744,,,,,,,,,
12113,201129.191,8162384.969,1572.543,,,,,,,,,
12114,201129.348,8162384.543,1572.567,,,,,,,,,
12115,201123.437,8162385.196,1572.287,,,,,,,,,
12116,201123.254,8162384.557,1572.412,,,,,,,,,
12117,201123.264,8162365.982,1573.342,,,,,,,,,
12118,201123.195,8162365.365,1573.8,,,,,,,,,
12119,201129.229,8162365.873,1573.19,,,,,,,,,
12120,201129.371,8162365.242,1573.841,,,,,,,,,
12121,201129.404,8162328.443,1572.905,,,,,,,,,
12122,201129.392,8162327.583,1572.886,,,,,,,,,
12123,201123.373,8162328.568,1572.727,,,,,,,,,
12124,201123.279,8162327.719,1572.768,,,,,,,,,
12125,201129.409,8162290.564,1572.756,,,,,,,,,
12126,201123.229,8162290.929,1572.564,,,,,,,,,
12127,201135.717,8162290.595,1573.087,,,,,,,,,
12128,201141.811,8162290.893,1572.997,,,,,,,,,
12129,201141.839,8162327.668,1573.378,,,,,,,,,
12130,201141.86,8162328.469,1573.375,,,,,,,,,
12131,201135.568,8162327.586,1572.941,,,,,,,,,
12132,201135.598,8162328.466,1572.965,,,,,,,,,
12133,201141.79,8162365.114,1573.776,,,,,,,,,
12134,201135.927,8162365.513,1573.575,,,,,,,,,
12135,201135.574,8162365.823,1573.442,,,,,,,,,
12136,201141.668,8162365.802,1573.639,,,,,,,,,
12137,201141.82,8162384.312,1572.588,,,,,,,,,
12138,201141.808,8162384.959,1572.616,,,,,,,,,
12139,201135.67,8162384.456,1572.604,,,,,,,,,
12140,201135.647,8162385.209,1572.597,,,,,,,,,
12141,201135.752,8162403.752,1571.974,,,,,,,,,
12142,201141.829,8162403.542,1572.119,,,,,,,,,
12143,201148.011,8162403.679,1572.345,,,,,,,,,
12144,201154.215,8162403.528,1572.676,,,,,,,,,
12145,201154.242,8162385.204,1572.782,,,,,,,,,
12146,201154.249,8162384.247,1572.807,,,,,,,,,
12147,201148.071,8162385.294,1572.682,,,,,,,,,
12148,201148.067,8162384.503,1572.743,,,,,,,,,
12149,201148.219,8162365.982,1573.56,,,,,,,,,
12150,201147.968,8162365.146,1574.134,,,,,,,,,
12151,201154.133,8162365.836,1573.819,,,,,,,,,
12152,201154.221,8162365.197,1574.28,,,,,,,,,
12153,201147.993,8162328.422,1573.681,,,,,,,,,
12154,201148.022,8162327.647,1573.687,,,,,,,,,
12155,201153.827,8162327.6,1573.836,,,,,,,,,
12156,201154.217,8162328.254,1574.033,,,,,,,,,
12157,201154.231,8162290.71,1573.619,,,,,,,,,
12158,201147.979,8162290.836,1573.198,,,,,,,,,
12159,201160.415,8162290.85,1573.659,,,,,,,,,
12160,201166.454,8162290.414,1573.69,,,,,,,,,
12161,201166.538,8162327.5,1574.182,,,,,,,,,
12162,201166.617,8162328.315,1574.194,,,,,,,,,
12163,201160.537,8162327.637,1574.085,,,,,,,,,
12164,201160.404,8162328.598,1574.134,,,,,,,,,
12165,201166.618,8162365.876,1573.709,,,,,,,,,
12166,201166.643,8162365.244,1574.119,,,,,,,,,
12167,201160.402,8162365.288,1574.11,,,,,,,,,
12168,201160.408,8162366.028,1573.838,,,,,,,,,
12169,201166.667,8162384.198,1573.013,,,,,,,,,
12170,201166.64,8162385.142,1573.022,,,,,,,,,
12171,201160.465,8162384.379,1572.988,,,,,,,,,
12172,201160.434,8162385.345,1572.953,,,,,,,,,
12173,201160.419,8162403.676,1572.862,,,,,,,,,
12174,201166.618,8162403.548,1573.153,,,,,,,,,
12175,201172.753,8162403.709,1573.255,,,,,,,,,
12176,201172.822,8162385.263,1573.118,,,,,,,,,
12177,201172.816,8162384.37,1573.119,,,,,,,,,
12178,201172.776,8162366.023,1573.775,,,,,,,,,
12179,201172.795,8162365.342,1573.897,,,,,,,,,
12180,201172.859,8162328.593,1574.534,,,,,,,,,
12181,201172.822,8162327.647,1574.579,,,,,,,,,
12182,201172.814,8162290.901,1574.36,,,,,,,,,
12183,200890.089,8163805.09,1555.401,,,,,,,,,
12184,200890.098,8163768.428,1557.175,,,,,,,,,
12185,200890.101,8163767.441,1557.201,,,,,,,,,
12186,200890.091,8163730.685,1557.142,,,,,,,,,
12187,200890.079,8163730.088,1557.259,,,,,,,,,
12188,200890.083,8163693.021,1558.119,,,,,,,,,
12189,200890.082,8163692.339,1558.146,,,,,,,,,
12190,200890.122,8163655.523,1559.722,,,,,,,,,
12191,200896.315,8163655.737,1559.783,,,,,,,,,
12192,200902.489,8163655.544,1559.527,,,,,,,,,
12193,200902.429,8163693.04,1558.467,,,,,,,,,
12194,200902.567,8163692.251,1558.5,,,,,,,,,
12195,200896.412,8163692.469,1557.985,,,,,,,,,
12196,200896.286,8163693.417,1557.962,,,,,,,,,
12197,200896.429,8163730.266,1557.689,,,,,,,,,
12198,200896.289,8163730.688,1557.472,,,,,,,,,
12199,200902.397,8163730.543,1557.472,,,,,,,,,
12200,200902.563,8163729.986,1557.726,,,,,,,,,
12201,200902.476,8163767.378,1557.085,,,,,,,,,
12202,200902.484,8163768.403,1557.058,,,,,,,,,
12203,200896.408,8163767.61,1557.104,,,,,,,,,
12204,200896.313,8163768.549,1557.048,,,,,,,,,
12205,200896.305,8163805.295,1555.571,,,,,,,,,
12206,200902.48,8163805.081,1555.643,,,,,,,,,
12207,200908.689,8163805.222,1555.724,,,,,,,,,
12208,200914.527,8163805.304,1555.814,,,,,,,,,
12209,200914.915,8163768.374,1556.947,,,,,,,,,
12210,200914.839,8163767.464,1556.958,,,,,,,,,
12211,200908.718,8163768.534,1557.012,,,,,,,,,
12212,200908.724,8163767.537,1557.048,,,,,,,,,
12213,200908.728,8163730.803,1557.523,,,,,,,,,
12214,200908.65,8163730.224,1557.835,,,,,,,,,
12215,200914.916,8163730.657,1557.394,,,,,,,,,
12216,200914.92,8163729.954,1557.716,,,,,,,,,
12217,200908.705,8163693.397,1558.422,,,,,,,,,
12218,200908.718,8163692.396,1558.458,,,,,,,,,
12219,200914.911,8163693.259,1558.663,,,,,,,,,
12220,200914.917,8163692.234,1558.678,,,,,,,,,
12221,200908.686,8163655.67,1559.7,,,,,,,,,
12222,200914.885,8163655.53,1559.85,,,,,,,,,
12223,200921.065,8163655.682,1559.946,,,,,,,,,
12224,200927.18,8163655.403,1560.085,,,,,,,,,
12225,200927.169,8163692.349,1558.785,,,,,,,,,
12226,200927.308,8163693.303,1558.782,,,,,,,,,
12227,200921.444,8163692.555,1558.807,,,,,,,,,
12228,200921.119,8163693.399,1558.868,,,,,,,,,
12229,200927.323,8163729.981,1557.462,,,,,,,,,
12230,200927.327,8163730.612,1557.205,,,,,,,,,
12231,200921.152,8163730.122,1557.463,,,,,,,,,
12232,200921.091,8163730.828,1557.18,,,,,,,,,
12233,200927.184,8163767.436,1557.094,,,,,,,,,
12234,200927.267,8163768.325,1557.184,,,,,,,,,
12235,200921.132,8163767.548,1557.115,,,,,,,,,
12236,200921.108,8163768.565,1557.112,,,,,,,,,
12237,200921.089,8163805.261,1556.073,,,,,,,,,
12238,200927.14,8163805.169,1556.191,,,,,,,,,
12239,200933.455,8163805.199,1556.213,,,,,,,,,
12240,200939.678,8163805.067,1556.2,,,,,,,,,
12241,200933.493,8163768.521,1557.139,,,,,,,,,
12242,200933.507,8163767.468,1557.135,,,,,,,,,
12243,200939.68,8163768.371,1557.299,,,,,,,,,
12244,200939.651,8163767.36,1557.308,,,,,,,,,
12245,200933.523,8163730.753,1556.905,,,,,,,,,
12246,200933.534,8163730.095,1557.237,,,,,,,,,
12247,200939.72,8163730.614,1557.049,,,,,,,,,
12248,200939.722,8163729.973,1557.242,,,,,,,,,
12249,200939.679,8163693.284,1558.676,,,,,,,,,
12250,200939.687,8163692.317,1558.723,,,,,,,,,
12251,200933.504,8163693.43,1558.904,,,,,,,,,
12252,200933.48,8163692.433,1558.936,,,,,,,,,
12253,200933.5,8163655.714,1560.001,,,,,,,,,
12254,200939.61,8163655.441,1560.159,,,,,,,,,
12255,200945.785,8163655.537,1559.929,,,,,,,,,
12256,200952.022,8163655.625,1559.782,,,,,,,,,
12257,200952.097,8163692.411,1558.777,,,,,,,,,
12258,200952.159,8163693.289,1558.771,,,,,,,,,
12259,200945.926,8163692.406,1558.678,,,,,,,,,
12260,200945.973,8163693.333,1558.65,,,,,,,,,
12261,200952.056,8163730.03,1557.644,,,,,,,,,
12262,200952.141,8163730.591,1557.662,,,,,,,,,
12263,200945.938,8163730.105,1557.55,,,,,,,,,
12264,200945.915,8163730.747,1557.344,,,,,,,,,
12265,200952.122,8163767.32,1557.436,,,,,,,,,
12266,200952.084,8163768.342,1557.438,,,,,,,,,
12267,200946.087,8163767.621,1557.304,,,,,,,,,
12268,200945.921,8163768.424,1557.376,,,,,,,,,
12269,200952.076,8163805.042,1556.506,,,,,,,,,
12270,200945.9,8163805.206,1556.286,,,,,,,,,
12271,200958.264,8163805.201,1556.357,,,,,,,,,
12272,200964.47,8163805.082,1556.651,,,,,,,,,
12273,200964.445,8163768.355,1557.557,,,,,,,,,
12274,200964.428,8163767.419,1557.534,,,,,,,,,
12275,200958.296,8163768.495,1557.434,,,,,,,,,
12276,200958.277,8163767.498,1557.471,,,,,,,,,
12277,200958.408,8163730.714,1557.949,,,,,,,,,
12278,200958.315,8163729.968,1558.276,,,,,,,,,
12279,200964.495,8163730.613,1557.963,,,,,,,,,
12280,200964.511,8163729.941,1558.242,,,,,,,,,
12281,200958.286,8163693.247,1559.011,,,,,,,,,
12282,200958.296,8163692.383,1559.015,,,,,,,,,
12283,200964.5,8163693.232,1559.319,,,,,,,,,
12284,200964.498,8163692.296,1559.322,,,,,,,,,
12285,200958.306,8163655.674,1559.721,,,,,,,,,
12286,200958.35,8163655.017,1559.339,,,,,,,,,
12287,200964.485,8163655.516,1559.92,,,,,,,,,
12288,200964.497,8163654.845,1559.964,,,,,,,,,
12289,200958.258,8163618.32,1560.724,,,,,,,,,
12290,200958.276,8163617.322,1560.772,,,,,,,,,
12291,200964.335,8163617.193,1560.737,,,,,,,,,
12292,200964.494,8163618.087,1560.8,,,,,,,,,
12293,200964.47,8163580.595,1561.987,,,,,,,,,
12294,200958.625,8163580.523,1562.28,,,,,,,,,
12295,200952.136,8163580.458,1562.603,,,,,,,,,
12296,200952.025,8163617.16,1561.341,,,,,,,,,
12297,200952.073,8163618.22,1561.309,,,,,,,,,
12298,200952.115,8163654.817,1559.252,,,,,,,,,
12299,200571.644,8163667.382,1550.658,,,,,,,,,
12300,200571.641,8163630.449,1550.085,,,,,,,,,
12301,200571.632,8163629.681,1550.119,,,,,,,,,
12302,200571.607,8163592.97,1551.958,,,,,,,,,
12303,200571.625,8163592.283,1552.116,,,,,,,,,
12304,200571.645,8163555.539,1553.635,,,,,,,,,
12305,200571.641,8163554.557,1553.668,,,,,,,,,
12306,200571.613,8163517.842,1554.028,,,,,,,,,
12307,200577.839,8163517.978,1554.104,,,,,,,,,
12308,200583.982,8163517.87,1554.004,,,,,,,,,
12309,200584.043,8163554.58,1553.171,,,,,,,,,
12310,200584.048,8163555.595,1553.139,,,,,,,,,
12311,200577.883,8163554.672,1553.396,,,,,,,,,
12312,200577.923,8163555.632,1553.38,,,,,,,,,
12313,200583.948,8163592.333,1551.569,,,,,,,,,
12314,200584.06,8163592.876,1551.507,,,,,,,,,
12315,200577.871,8163592.454,1552.138,,,,,,,,,
12316,200577.858,8163593.167,1551.968,,,,,,,,,
12317,200577.875,8163629.836,1550.066,,,,,,,,,
12318,200577.935,8163630.724,1550.034,,,,,,,,,
12319,200583.382,8163629.936,1549.863,,,,,,,,,
12320,200584.053,8163630.663,1550.027,,,,,,,,,
12321,200584.059,8163667.404,1550.491,,,,,,,,,
12322,200577.823,8163667.337,1550.39,,,,,,,,,
12323,200590.257,8163667.497,1550.78,,,,,,,,,
12324,200596.469,8163667.354,1551.073,,,,,,,,,
12325,200596.429,8163630.426,1550.247,,,,,,,,,
12326,200596.443,8163629.635,1550.256,,,,,,,,,
12327,200590.256,8163630.758,1550.181,,,,,,,,,
12328,200590.251,8163629.782,1550.19,,,,,,,,,
12329,200590.27,8163593.077,1551.402,,,,,,,,,
12330,200590.173,8163592.447,1551.623,,,,,,,,,
12331,200596.435,8163592.941,1551.206,,,,,,,,,
12332,200596.474,8163592.268,1551.44,,,,,,,,,
12333,200596.426,8163555.389,1553.084,,,,,,,,,
12334,200596.472,8163554.583,1553.123,,,,,,,,,
12335,200590.256,8163555.755,1553.104,,,,,,,,,
12336,200590.282,8163554.79,1553.151,,,,,,,,,
12337,200590.15,8163517.838,1554.163,,,,,,,,,
12338,200596.445,8163517.876,1554.459,,,,,,,,,
12339,200602.532,8163517.777,1554.424,,,,,,,,,
12340,200608.839,8163517.877,1554.539,,,,,,,,,
12341,200608.826,8163554.627,1552.933,,,,,,,,,
12342,200608.812,8163555.368,1552.889,,,,,,,,,
12343,200602.611,8163554.65,1553.026,,,,,,,,,
12344,200602.635,8163555.691,1552.987,,,,,,,,,
12345,200602.631,8163592.369,1551.219,,,,,,,,,
12346,200602.694,8163593.076,1551.132,,,,,,,,,
12347,200608.823,8163592.319,1551.518,,,,,,,,,
12348,200608.847,8163592.918,1551.456,,,,,,,,,
12349,200608.855,8163629.646,1550.771,,,,,,,,,
12350,200608.861,8163630.638,1550.777,,,,,,,,,
12351,200602.62,8163629.816,1550.648,,,,,,,,,
12352,200602.632,8163630.793,1550.646,,,,,,,,,
12353,200602.663,8163667.523,1551.351,,,,,,,,,
12354,200608.849,8163667.363,1551.397,,,,,,,,,
12355,200615.046,8163667.489,1551.427,,,,,,,,,
12356,200621.267,8163667.38,1551.481,,,,,,,,,
12357,200621.206,8163630.434,1551.272,,,,,,,,,
12358,200621.255,8163629.611,1551.276,,,,,,,,,
12359,200615.041,8163630.743,1551.087,,,,,,,,,
12360,200615.036,8163629.74,1551.083,,,,,,,,,
12361,200615.076,8163593.036,1551.361,,,,,,,,,
12362,200615.054,8163592.43,1551.432,,,,,,,,,
12363,200621.228,8163592.925,1551.453,,,,,,,,,
12364,200621.258,8163592.357,1551.422,,,,,,,,,
12365,200621.178,8163555.365,1552.553,,,,,,,,,
12366,200621.19,8163554.622,1552.611,,,,,,,,,
12367,200615.01,8163555.694,1552.919,,,,,,,,,
12368,200614.952,8163554.734,1552.97,,,,,,,,,
12369,200615.015,8163518.055,1554.703,,,,,,,,,
12370,200621.208,8163517.768,1554.455,,,,,,,,,
12371,200627.43,8163517.977,1554.521,,,,,,,,,
12372,200633.541,8163518.025,1554.149,,,,,,,,,
12373,200627.482,8163554.752,1552.533,,,,,,,,,
12374,200627.459,8163555.663,1552.504,,,,,,,,,
12375,200633.591,8163554.577,1552.478,,,,,,,,,
12376,200633.588,8163555.51,1552.451,,,,,,,,,
12377,200633.51,8163592.331,1551.656,,,,,,,,,
12378,200627.494,8163592.481,1551.506,,,,,,,,,
12379,200627.446,8163593.031,1551.658,,,,,,,,,
12380,200633.644,8163592.925,1551.996,,,,,,,,,
12381,200633.648,8163629.626,1551.88,,,,,,,,,
12382,200633.602,8163630.659,1551.871,,,,,,,,,
12383,200627.472,8163629.756,1551.557,,,,,,,,,
12384,200627.448,8163630.749,1551.546,,,,,,,,,
12385,200627.462,8163667.493,1551.591,,,,,,,,,
12386,200633.596,8163667.381,1551.765,,,,,,,,,
12387,200633.657,8163668.012,1551.524,,,,,,,,,
12388,200633.628,8163704.753,1551.132,,,,,,,,,
12389,200633.62,8163705.577,1551.12,,,,,,,,,
12390,200633.641,8163742.447,1549.993,,,,,,,,,
12391,200639.813,8163742.68,1550.294,,,,,,,,,
12392,200646.044,8163742.508,1550.581,,,,,,,,,
12393,200646.018,8163705.586,1551.196,,,,,,,,,
12394,200646.037,8163704.775,1551.207,,,,,,,,,
12395,200639.829,8163705.915,1551.156,,,,,,,,,
12396,200639.803,8163704.905,1551.174,,,,,,,,,
12397,200639.885,8163668.157,1551.534,,,,,,,,,
12398,200639.823,8163667.493,1551.797,,,,,,,,,
12399,200646.034,8163668.067,1551.778,,,,,,,,,
12400,200646,8163667.378,1551.757,,,,,,,,,
12401,200646.043,8163630.646,1552.256,,,,,,,,,
12402,200646.03,8163629.649,1552.257,,,,,,,,,
12403,200639.877,8163630.735,1552.158,,,,,,,,,
12404,200639.86,8163629.763,1552.16,,,,,,,,,
12405,200639.902,8163593.003,1552.122,,,,,,,,,
12406,200639.772,8163592.417,1552.095,,,,,,,,,
12407,200646.074,8163592.932,1552.207,,,,,,,,,
12408,200646.022,8163592.282,1552.292,,,,,,,,,
12409,200639.786,8163555.65,1552.547,,,,,,,,,
12410,200639.78,8163554.711,1552.578,,,,,,,,,
12411,200645.998,8163554.575,1552.618,,,,,,,,,
12412,200646.009,8163555.323,1552.615,,,,,,,,,
12413,200639.857,8163517.765,1553.864,,,,,,,,,
12414,200646.006,8163517.856,1553.852,,,,,,,,,
12415,200652.176,8163517.97,1553.854,,,,,,,,,
12416,200658.386,8163517.803,1553.882,,,,,,,,,
12417,200652.228,8163554.667,1552.604,,,,,,,,,
12418,200652.31,8163555.39,1552.642,,,,,,,,,
12419,200658.408,8163554.547,1552.7,,,,,,,,,
12420,200658.417,8163555.305,1552.69,,,,,,,,,
12421,200658.402,8163592.274,1552.679,,,,,,,,,
12422,200658.403,8163592.919,1552.416,,,,,,,,,
12423,200652.297,8163593.049,1552.37,,,,,,,,,
12424,200652.202,8163592.396,1552.43,,,,,,,,,
12425,200652.242,8163629.81,1552.28,,,,,,,,,
12426,200652.229,8163630.786,1552.27,,,,,,,,,
12427,200658.385,8163629.644,1552.4,,,,,,,,,
12428,200658.421,8163630.644,1552.382,,,,,,,,,
12429,200658.421,8163667.395,1551.812,,,,,,,,,
12430,200658.447,8163668.051,1551.708,,,,,,,,,
12431,200652.202,8163667.557,1551.793,,,,,,,,,
12432,200652.211,8163668.16,1551.793,,,,,,,,,
12433,200652.259,8163704.904,1551.299,,,,,,,,,
12434,200652.215,8163705.892,1551.286,,,,,,,,,
12435,200658.403,8163704.775,1551.52,,,,,,,,,
12436,200658.42,8163705.567,1551.508,,,,,,,,,
12437,200652.256,8163742.591,1550.796,,,,,,,,,
12438,200658.438,8163742.485,1550.933,,,,,,,,,
12439,200664.653,8163742.628,1550.969,,,,,,,,,
12440,200670.84,8163742.477,1551.218,,,,,,,,,
12441,200670.782,8163705.564,1551.657,,,,,,,,,
12442,200670.815,8163704.772,1551.67,,,,,,,,,
12443,200664.633,8163705.914,1551.596,,,,,,,,,
12444,200664.612,8163704.925,1551.591,,,,,,,,,
12445,200664.766,8163668.159,1551.843,,,,,,,,,
12446,200664.603,8163667.587,1551.891,,,,,,,,,
12447,200670.73,8163667.954,1551.812,,,,,,,,,
12448,200670.796,8163667.444,1551.816,,,,,,,,,
12449,200670.762,8163630.662,1552.535,,,,,,,,,
12450,200670.777,8163629.65,1552.544,,,,,,,,,
12451,200664.658,8163630.777,1552.475,,,,,,,,,
12452,200664.659,8163629.817,1552.483,,,,,,,,,
12453,200664.64,8163593.074,1552.639,,,,,,,,,
12454,200664.607,8163592.442,1552.762,,,,,,,,,
12455,200670.803,8163592.923,1552.775,,,,,,,,,
12456,200670.812,8163592.312,1552.686,,,,,,,,,
12457,200670.738,8163555.645,1553.337,,,,,,,,,
12458,200670.784,8163554.541,1553.336,,,,,,,,,
12459,200664.839,8163555.612,1552.924,,,,,,,,,
12460,200664.683,8163554.82,1552.93,,,,,,,,,
12461,200664.629,8163517.986,1553.979,,,,,,,,,
12462,200670.782,8163517.867,1553.925,,,,,,,,,
12463,200676.961,8163517.955,1554.084,,,,,,,,,
12464,200683.087,8163518.025,1553.934,,,,,,,,,
12465,200683.212,8163554.525,1553.874,,,,,,,,,
12466,200683.221,8163555.318,1553.858,,,,,,,,,
12467,200677.021,8163554.707,1553.533,,,,,,,,,
12468,200677.021,8163555.651,1553.51,,,,,,,,,
12469,200677.037,8163592.47,1552.962,,,,,,,,,
12470,200676.989,8163592.986,1553.007,,,,,,,,,
12471,200683.233,8163592.883,1553.126,,,,,,,,,
12472,200683.244,8163592.274,1553.325,,,,,,,,,
12473,200683.197,8163629.686,1552.653,,,,,,,,,
12474,200683.219,8163630.672,1552.637,,,,,,,,,
12475,200677.029,8163629.802,1552.677,,,,,,,,,
12476,200677.018,8163630.773,1552.656,,,,,,,,,
12477,200677.039,8163667.528,1551.871,,,,,,,,,
12478,200677.066,8163668.163,1551.927,,,,,,,,,
12479,200683.024,8163667.451,1551.839,,,,,,,,,
12480,200683.229,8163667.992,1552,,,,,,,,,
12481,200683.173,8163704.758,1551.752,,,,,,,,,
12482,200683.165,8163705.528,1551.752,,,,,,,,,
12483,200677.027,8163704.941,1551.819,,,,,,,,,
12484,200677.077,8163705.856,1551.825,,,,,,,,,
12485,200677.093,8163742.713,1551.446,,,,,,,,,
12486,200683.119,8163742.506,1551.544,,,,,,,,,
12487,200689.453,8163742.64,1551.641,,,,,,,,,
12488,200695.611,8163742.598,1551.854,,,,,,,,,
12489,200689.558,8163705.048,1551.898,,,,,,,,,
12490,200689.403,8163705.784,1551.964,,,,,,,,,
12491,200695.576,8163705.586,1552.146,,,,,,,,,
12492,200695.587,8163704.801,1552.143,,,,,,,,,
12493,200689.692,8163667.674,1551.825,,,,,,,,,
12494,200689.42,8163668.206,1552.133,,,,,,,,,
12495,200695.576,8163667.997,1552.102,,,,,,,,,
12496,200695.564,8163667.391,1552.108,,,,,,,,,
12497,200695.555,8163630.611,1552.755,,,,,,,,,
12498,200695.565,8163629.981,1552.788,,,,,,,,,
12499,200689.918,8163630.537,1552.555,,,,,,,,,
12500,200689.465,8163629.96,1552.73,,,,,,,,,
12501,200689.387,8163592.231,1553.289,,,,,,,,,
12502,200689.474,8163592.899,1553.354,,,,,,,,,
12503,200695.588,8163592.945,1553.358,,,,,,,,,
12504,200695.533,8163592.316,1553.589,,,,,,,,,
12505,200689.425,8163554.75,1554.107,,,,,,,,,
12506,200689.413,8163555.664,1554.119,,,,,,,,,
12507,200695.581,8163555.546,1554.143,,,,,,,,,
12508,200695.569,8163554.572,1554.144,,,,,,,,,
12509,200689.258,8163517.802,1554.035,,,,,,,,,
12510,200695.53,8163517.678,1554.523,,,,,,,,,
12511,200701.43,8163517.693,1554.651,,,,,,,,,
12512,200707.858,8163517.743,1554.839,,,,,,,,,
12513,200702.095,8163554.995,1554.133,,,,,,,,,
12514,200701.87,8163555.547,1554.286,,,,,,,,,
12515,200708.01,8163554.575,1554.364,,,,,,,,,
12516,200707.942,8163555.576,1554.359,,,,,,,,,
12517,200707.954,8163592.333,1553.785,,,,,,,,,
12518,200707.98,8163592.87,1553.729,,,,,,,,,
12519,200701.845,8163592.494,1553.648,,,,,,,,,
12520,200701.801,8163593.086,1553.595,,,,,,,,,
12521,200702.052,8163629.994,1552.969,,,,,,,,,
12522,200701.795,8163630.609,1553.058,,,,,,,,,
12523,200707.874,8163629.65,1553.264,,,,,,,,,
12524,200707.959,8163630.622,1553.264,,,,,,,,,
12525,200701.812,8163667.5,1551.934,,,,,,,,,
12526,200701.796,8163668.152,1552.219,,,,,,,,,
12527,200707.959,8163667.355,1552.154,,,,,,,,,
12528,200707.978,8163667.788,1552.194,,,,,,,,,
12529,200702.316,8163705.277,1551.981,,,,,,,,,
12530,200701.779,8163705.625,1552.221,,,,,,,,,
12531,200707.98,8163705.6,1552.464,,,,,,,,,
12532,200708.002,8163704.787,1552.472,,,,,,,,,
12533,200707.948,8163742.629,1552.357,,,,,,,,,
12534,200701.943,8163742.732,1552.082,,,,,,,,,
12535,200714.147,8163742.716,1552.566,,,,,,,,,
12536,200720.392,8163742.541,1552.582,,,,,,,,,
12537,200720.368,8163705.606,1552.489,,,,,,,,,
12538,200720.377,8163705.044,1552.54,,,,,,,,,
12539,200714.188,8163705.907,1552.803,,,,,,,,,
12540,200714.189,8163704.91,1552.787,,,,,,,,,
12541,200714.253,8163668.173,1552.244,,,,,,,,,
12542,200714.175,8163667.569,1552.16,,,,,,,,,
12543,200720.407,8163668.211,1552.426,,,,,,,,,
12544,200720.411,8163667.419,1552.287,,,,,,,,,
12545,200714.198,8163630.81,1553.359,,,,,,,,,
12546,200714.175,8163629.81,1553.379,,,,,,,,,
12547,200720.402,8163630.457,1553.229,,,,,,,,,
12548,200720.39,8163629.719,1553.261,,,,,,,,,
12549,200720.381,8163592.925,1554.17,,,,,,,,,
12550,200714.134,8163593.109,1554.217,,,,,,,,,
12551,200714.183,8163592.428,1554.073,,,,,,,,,
12552,200720.378,8163592.333,1554.329,,,,,,,,,
12553,200714.177,8163555.673,1554.498,,,,,,,,,
12554,200714.201,8163554.737,1554.53,,,,,,,,,
12555,200720.283,8163555.323,1554.646,,,,,,,,,
12556,200720.356,8163554.604,1554.654,,,,,,,,,
12557,200720.362,8163517.874,1554.968,,,,,,,,,
12558,200714.159,8163517.974,1554.97,,,,,,,,,
12559,200726.553,8163517.968,1555.274,,,,,,,,,
12560,200732.688,8163517.833,1555.338,,,,,,,,,
12561,200732.73,8163554.593,1555.075,,,,,,,,,
12562,200732.723,8163555.36,1555.049,,,,,,,,,
12563,200726.569,8163554.681,1554.861,,,,,,,,,
12564,200726.614,8163555.656,1554.861,,,,,,,,,
12565,200726.576,8163592.402,1554.296,,,,,,,,,
12566,200726.554,8163593.105,1554.289,,,,,,,,,
12567,200732.739,8163592.899,1554.108,,,,,,,,,
12568,200732.786,8163592.329,1554.211,,,,,,,,,
12569,200732.712,8163629.711,1553.404,,,,,,,,,
12570,200732.765,8163630.476,1553.433,,,,,,,,,
12571,200726.604,8163629.792,1553.208,,,,,,,,,
12572,200726.64,8163630.726,1553.241,,,,,,,,,
12573,200726.593,8163667.541,1552.259,,,,,,,,,
12574,200726.61,8163668.191,1552.3,,,,,,,,,
12575,200732.119,8163667.584,1552.169,,,,,,,,,
12576,200732.774,8163668.106,1552.349,,,,,,,,,
12577,200732.693,8163704.946,1552.627,,,,,,,,,
12578,200732.801,8163705.471,1552.688,,,,,,,,,
12579,200726.623,8163704.941,1552.585,,,,,,,,,
12580,200726.61,8163705.768,1552.589,,,,,,,,,
12581,200726.565,8163742.547,1552.817,,,,,,,,,
12582,200732.807,8163742.504,1552.922,,,,,,,,,
12583,200739.006,8163742.543,1552.894,,,,,,,,,
12584,200745.217,8163742.523,1553.097,,,,,,,,,
12585,200745.167,8163705.614,1552.79,,,,,,,,,
12586,200745.219,8163704.766,1552.861,,,,,,,,,
12587,200739.215,8163705.707,1552.658,,,,,,,,,
12588,200739.008,8163704.908,1552.737,,,,,,,,,
12589,200738.987,8163668.196,1552.558,,,,,,,,,
12590,200738.988,8163667.519,1552.475,,,,,,,,,
12591,200745.192,8163668.052,1552.725,,,,,,,,,
12592,200745.166,8163667.491,1552.557,,,,,,,,,
12593,200739.005,8163630.788,1553.27,,,,,,,,,
12594,200738.989,8163629.792,1553.298,,,,,,,,,
12595,200745.199,8163630.458,1553.405,,,,,,,,,
12596,200745.161,8163629.774,1553.447,,,,,,,,,
12597,200745.055,8163592.955,1554.379,,,,,,,,,
12598,200745.209,8163592.352,1554.509,,,,,,,,,
12599,200738.971,8163593.093,1554.418,,,,,,,,,
12600,200739.015,8163592.463,1554.307,,,,,,,,,
12601,200739.155,8163555.581,1555.03,,,,,,,,,
12602,200739.016,8163554.691,1555.1,,,,,,,,,
12603,200745.081,8163555.333,1555.342,,,,,,,,,
12604,200745.118,8163554.627,1555.38,,,,,,,,,
12605,200739.114,8163517.794,1555.325,,,,,,,,,
12606,200745.174,8163517.846,1555.39,,,,,,,,,
12607,200751.41,8163517.977,1555.449,,,,,,,,,
12608,200757.527,8163517.739,1555.551,,,,,,,,,
12609,200751.569,8163554.85,1555.462,,,,,,,,,
12610,200751.409,8163555.701,1555.488,,,,,,,,,
12611,200757.565,8163554.778,1555.346,,,,,,,,,
12612,200757.55,8163555.285,1555.562,,,,,,,,,
12613,200757.525,8163592.286,1554.479,,,,,,,,,
12614,200757.587,8163593.131,1554.424,,,,,,,,,
12615,200751.818,8163592.603,1554.211,,,,,,,,,
12616,200751.381,8163592.943,1554.319,,,,,,,,,
12617,200751.757,8163630.033,1553.482,,,,,,,,,
12618,200751.473,8163630.661,1553.594,,,,,,,,,
12619,200757.511,8163629.725,1553.69,,,,,,,,,
12620,200757.567,8163630.64,1553.688,,,,,,,,,
12621,200757.532,8163667.424,1552.931,,,,,,,,,
12622,200757.563,8163668.056,1553.118,,,,,,,,,
12623,200751.605,8163667.69,1552.76,,,,,,,,,
12624,200751.45,8163668.164,1552.982,,,,,,,,,
12625,200751.515,8163704.993,1552.684,,,,,,,,,
12626,200751.377,8163705.873,1552.725,,,,,,,,,
12627,200757.373,8163704.873,1552.739,,,,,,,,,
12628,200757.517,8163705.525,1552.82,,,,,,,,,
12629,200757.414,8163742.605,1552.938,,,,,,,,,
12630,200751.436,8163742.664,1552.952,,,,,,,,,
12631,200763.806,8163742.597,1553.317,,,,,,,,,
12632,200770.045,8163742.48,1553.36,,,,,,,,,
12633,200763.78,8163705.897,1552.761,,,,,,,,,
12634,200763.838,8163704.962,1552.775,,,,,,,,,
12635,200769.853,8163705.463,1552.968,,,,,,,,,
12636,200769.979,8163704.764,1552.987,,,,,,,,,
12637,200769.919,8163668.019,1553.187,,,,,,,,,
12638,200769.926,8163667.439,1553.125,,,,,,,,,
12639,200763.892,8163668.137,1553.05,,,,,,,,,
12640,200763.788,8163667.541,1553.029,,,,,,,,,
12641,200763.794,8163630.735,1553.67,,,,,,,,,
12642,200763.827,8163629.941,1553.721,,,,,,,,,
12643,200769.924,8163630.623,1553.751,,,,,,,,,
12644,200769.95,8163629.667,1553.79,,,,,,,,,
12645,200769.841,8163592.796,1554.463,,,,,,,,,
12646,200769.978,8163592.342,1554.743,,,,,,,,,
12647,200763.94,8163593.055,1554.526,,,,,,,,,
12648,200763.773,8163592.408,1554.494,,,,,,,,,
12649,200763.926,8163555.63,1555.619,,,,,,,,,
12650,200763.767,8163554.682,1555.724,,,,,,,,,
12651,200769.941,8163555.542,1555.733,,,,,,,,,
12652,200769.968,8163554.557,1555.76,,,,,,,,,
12653,200763.737,8163517.963,1555.852,,,,,,,,,
12654,200769.994,8163517.746,1555.866,,,,,,,,,
12655,200776.173,8163517.741,1555.893,,,,,,,,,
12656,200782.311,8163517.82,1556.249,,,,,,,,,
12657,200782.35,8163554.582,1555.876,,,,,,,,,
12658,200782.299,8163555.561,1555.878,,,,,,,,,
12659,200776.151,8163554.695,1555.797,,,,,,,,,
12660,200776.194,8163555.668,1555.791,,,,,,,,,
12661,200776.198,8163592.405,1554.73,,,,,,,,,
12662,200776.181,8163593.123,1554.667,,,,,,,,,
12663,200782.352,8163592.299,1554.518,,,,,,,,,
12664,200782.455,8163592.811,1554.449,,,,,,,,,
12665,200782.325,8163629.71,1553.581,,,,,,,,,
12666,200782.327,8163630.632,1553.57,,,,,,,,,
12667,200776.744,8163630.155,1553.501,,,,,,,,,
12668,200776.197,8163630.758,1553.763,,,,,,,,,
12669,200776.158,8163667.531,1553.291,,,,,,,,,
12670,200776.167,8163668.152,1553.259,,,,,,,,,
12671,200782.318,8163667.447,1553.312,,,,,,,,,
12672,200782.502,8163667.947,1553.24,,,,,,,,,
12673,200776.194,8163704.876,1553.021,,,,,,,,,
12674,200776.183,8163705.872,1553.025,,,,,,,,,
12675,200781.948,8163704.946,1552.985,,,,,,,,,
12676,200782.326,8163705.544,1553.153,,,,,,,,,
12677,200776.207,8163742.613,1553.481,,,,,,,,,
12678,200782.384,8163742.515,1553.408,,,,,,,,,
12679,200788.528,8163742.664,1553.475,,,,,,,,,
12680,200794.865,8163742.509,1553.814,,,,,,,,,
12681,200788.579,8163705.878,1553.328,,,,,,,,,
12682,200788.545,8163704.904,1553.338,,,,,,,,,
12683,200794.615,8163705.415,1553.577,,,,,,,,,
12684,200794.701,8163704.79,1553.632,,,,,,,,,
12685,200794.772,8163668.038,1553.318,,,,,,,,,
12686,200794.641,8163667.489,1553.403,,,,,,,,,
12687,200788.616,8163668.165,1553.321,,,,,,,,,
12688,200788.56,8163667.578,1553.42,,,,,,,,,
12689,200788.629,8163630.714,1553.74,,,,,,,,,
12690,200788.592,8163629.881,1553.794,,,,,,,,,
12691,200794.789,8163629.689,1553.895,,,,,,,,,
12692,200794.724,8163630.644,1553.885,,,,,,,,,
12693,200794.714,8163592.902,1554.263,,,,,,,,,
12694,200794.791,8163592.264,1554.352,,,,,,,,,
12695,200788.629,8163593.066,1554.331,,,,,,,,,
12696,200788.599,8163592.412,1554.401,,,,,,,,,
12697,200788.612,8163555.673,1555.99,,,,,,,,,
12698,200788.581,8163554.752,1556.045,,,,,,,,,
12699,200794.766,8163555.556,1555.871,,,,,,,,,
12700,200794.754,8163554.568,1555.902,,,,,,,,,
12701,200788.558,8163517.968,1556.356,,,,,,,,,
12702,200794.726,8163517.854,1556.547,,,,,,,,,
12703,200800.942,8163517.989,1556.572,,,,,,,,,
12704,200807.17,8163517.829,1556.753,,,,,,,,,
12705,200806.881,8163554.487,1555.593,,,,,,,,,
12706,200807.069,8163555.394,1555.696,,,,,,,,,
12707,200801,8163554.631,1555.659,,,,,,,,,
12708,200801.002,8163555.486,1555.638,,,,,,,,,
12709,200800.997,8163592.275,1554.196,,,,,,,,,
12710,200801.01,8163592.925,1554.015,,,,,,,,,
12711,200807.192,8163592.77,1553.914,,,,,,,,,
12712,200807.063,8163592.213,1554.058,,,,,,,,,
12713,200806.804,8163629.611,1553.728,,,,,,,,,
12714,200807.171,8163630.47,1553.875,,,,,,,,,
12715,200800.981,8163629.65,1553.632,,,,,,,,,
12716,200801.017,8163630.592,1553.666,,,,,,,,,
12717,200800.925,8163667.522,1553.626,,,,,,,,,
12718,200800.977,8163668.161,1553.586,,,,,,,,,
12719,200807.13,8163667.367,1553.533,,,,,,,,,
12720,200807.148,8163668.046,1553.229,,,,,,,,,
12721,200807.178,8163704.721,1554.234,,,,,,,,,
12722,200807.029,8163705.851,1554.259,,,,,,,,,
12723,200801.041,8163705.954,1553.941,,,,,,,,,
12724,200800.926,8163704.835,1553.958,,,,,,,,,
12725,200801.097,8163742.601,1554.222,,,,,,,,,
12726,200807.174,8163742.495,1554.403,,,,,,,,,
12727,200813.254,8163518.011,1556.901,,,,,,,,,
12728,200819.588,8163517.793,1556.716,,,,,,,,,
12729,200813.588,8163554.877,1555.66,,,,,,,,,
12730,200813.376,8163555.647,1555.737,,,,,,,,,
12731,200819.347,8163554.681,1555.507,,,,,,,,,
12732,200819.529,8163555.556,1555.498,,,,,,,,,
12733,200819.398,8163592.35,1554.113,,,,,,,,,
12734,200819.601,8163592.83,1554.296,,,,,,,,,
12735,200813.347,8163592.231,1554.123,,,,,,,,,
12736,200813.352,8163593.003,1554.268,,,,,,,,,
12737,200813.461,8163629.958,1554.2,,,,,,,,,
12738,200813.354,8163630.673,1554.241,,,,,,,,,
12739,200819.521,8163629.692,1554.555,,,,,,,,,
12740,200819.545,8163630.424,1554.576,,,,,,,,,
12741,200813.358,8163667.581,1553.651,,,,,,,,,
12742,200813.324,8163668.088,1553.684,,,,,,,,,
12743,200819.462,8163667.457,1553.73,,,,,,,,,
12744,200819.572,8163668.237,1553.694,,,,,,,,,
12745,200813.386,8163704.885,1554.39,,,,,,,,,
12746,200813.378,8163705.695,1554.433,,,,,,,,,
12747,200819.414,8163704.784,1554.597,,,,,,,,,
12748,200819.515,8163705.679,1554.66,,,,,,,,,
12749,200813.362,8163742.607,1554.607,,,,,,,,,
12750,200819.58,8163742.527,1554.525,,,,,,,,,
12751,200825.734,8163742.727,1554.698,,,,,,,,,
12752,200831.823,8163742.604,1554.941,,,,,,,,,
12753,200825.746,8163704.869,1554.943,,,,,,,,,
12754,200825.748,8163705.896,1554.945,,,,,,,,,
12755,200831.894,8163705.55,1555.613,,,,,,,,,
12756,200831.886,8163704.808,1555.619,,,,,,,,,
12757,200831.956,8163668.062,1554.296,,,,,,,,,
12758,200831.958,8163667.397,1554.285,,,,,,,,,
12759,200825.898,8163668.144,1554.035,,,,,,,,,
12760,200825.743,8163667.337,1553.983,,,,,,,,,
12761,200831.973,8163630.421,1554.705,,,,,,,,,
12762,200831.999,8163629.63,1554.71,,,,,,,,,
12763,200825.751,8163630.796,1554.572,,,,,,,,,
12764,200825.764,8163629.878,1554.624,,,,,,,,,
12765,200825.838,8163593.056,1554.434,,,,,,,,,
12766,200825.769,8163592.408,1554.287,,,,,,,,,
12767,200831.92,8163592.925,1554.486,,,,,,,,,
12768,200831.929,8163592.342,1554.562,,,,,,,,,
12769,200826.089,8163555.516,1555.347,,,,,,,,,
12770,200825.769,8163554.724,1555.465,,,,,,,,,
12771,200831.776,8163555.399,1555.414,,,,,,,,,
12772,200831.919,8163554.665,1555.449,,,,,,,,,
12773,200825.777,8163517.988,1556.705,,,,,,,,,
12774,200831.941,8163517.782,1556.563,,,,,,,,,
12775,200837.667,8163517.861,1556.406,,,,,,,,,
12776,200844.295,8163517.847,1556.181,,,,,,,,,
12777,200844.221,8163554.644,1555.418,,,,,,,,,
12778,200844.291,8163555.472,1555.49,,,,,,,,,
12779,200838.631,8163554.946,1555.363,,,,,,,,,
12780,200838.187,8163555.61,1555.44,,,,,,,,,
12781,200838.172,8163592.466,1554.489,,,,,,,,,
12782,200838.132,8163592.77,1554.504,,,,,,,,,
12783,200844.33,8163592.31,1554.845,,,,,,,,,
12784,200844.348,8163592.712,1554.707,,,,,,,,,
12785,200838.191,8163629.792,1554.918,,,,,,,,,
12786,200838.218,8163630.757,1554.928,,,,,,,,,
12787,200844.343,8163629.605,1555.058,,,,,,,,,
12788,200844.36,8163630.669,1555.08,,,,,,,,,
12789,200838.175,8163667.557,1554.92,,,,,,,,,
12790,200838.094,8163668.149,1555.044,,,,,,,,,
12791,200844.354,8163667.327,1555.627,,,,,,,,,
12792,200844.301,8163667.898,1555.653,,,,,,,,,
12793,200838.215,8163704.977,1556.002,,,,,,,,,
12794,200838.188,8163705.856,1556.019,,,,,,,,,
12795,200844.295,8163704.774,1556.625,,,,,,,,,
12796,200844.223,8163705.433,1556.65,,,,,,,,,
12797,200838.192,8163742.638,1555.091,,,,,,,,,
12798,200844.33,8163742.501,1555.333,,,,,,,,,
12799,200850.424,8163742.68,1555.421,,,,,,,,,
12800,200856.717,8163742.483,1555.787,,,,,,,,,
12801,200856.754,8163705.767,1557.124,,,,,,,,,
12802,200856.734,8163704.768,1557.123,,,,,,,,,
12803,200850.557,8163704.914,1557.016,,,,,,,,,
12804,200850.575,8163705.788,1557.043,,,,,,,,,
12805,200850.654,8163667.596,1556.228,,,,,,,,,
12806,200850.545,8163668.054,1556.506,,,,,,,,,
12807,200856.677,8163667.886,1556.796,,,,,,,,,
12808,200856.782,8163667.349,1556.964,,,,,,,,,
12809,200856.784,8163630.394,1555.865,,,,,,,,,
12810,200856.804,8163629.736,1555.87,,,,,,,,,
12811,200850.839,8163630.636,1555.405,,,,,,,,,
12812,200850.594,8163629.915,1555.53,,,,,,,,,
12813,200856.309,8163592.75,1555.045,,,,,,,,,
12814,200856.748,8163592.264,1555.312,,,,,,,,,
12815,200850.736,8163593.001,1554.893,,,,,,,,,
12816,200850.597,8163592.43,1554.9,,,,,,,,,
12817,200850.63,8163554.726,1555.542,,,,,,,,,
12818,200850.603,8163555.658,1555.536,,,,,,,,,
12819,200856.809,8163555.325,1555.701,,,,,,,,,
12820,200856.778,8163554.514,1555.717,,,,,,,,,
12821,200850.659,8163517.84,1555.915,,,,,,,,,
12822,200856.721,8163517.811,1555.908,,,,,,,,,
12823,200571.611,8163507.086,1553.36,,,,,,,,,
12824,200571.59,8163470.151,1554.949,,,,,,,,,
12825,200571.636,8163469.357,1554.973,,,,,,,,,
12826,200571.664,8163432.589,1554.277,,,,,,,,,
12827,200571.668,8163431.958,1554.447,,,,,,,,,
12828,200571.608,8163395,1553.642,,,,,,,,,
12829,200571.613,8163394.23,1553.652,,,,,,,,,
12830,200571.559,8163357.492,1554.177,,,,,,,,,
12831,200571.514,8163356.874,1554.089,,,,,,,,,
12832,200565.425,8163356.865,1554.701,,,,,,,,,
12833,200565.525,8163320.167,1552.147,,,,,,,,,
12834,200565.464,8163319.384,1552.157,,,,,,,,,
12835,200571.593,8163319.898,1552.1,,,,,,,,,
12836,200571.606,8163319.122,1552.077,,,,,,,,,
12837,200571.554,8163282.324,1551.616,,,,,,,,,
12838,200571.636,8163281.861,1551.787,,,,,,,,,
12839,200565.641,8163282.453,1551.489,,,,,,,,,
12840,200565.386,8163281.922,1551.791,,,,,,,,,
12841,200565.528,8163245.114,1552.598,,,,,,,,,
12842,200565.465,8163244.171,1552.579,,,,,,,,,
12843,200571.503,8163244.833,1552.847,,,,,,,,,
12844,200571.39,8163244.094,1552.795,,,,,,,,,
12845,200565.572,8163207.324,1551.723,,,,,,,,,
12846,200571.542,8163207.212,1551.875,,,,,,,,,
12847,200577.745,8163207.349,1552.159,,,,,,,,,
12848,200583.931,8163207.312,1552.135,,,,,,,,,
12849,200583.925,8163244.099,1552.76,,,,,,,,,
12850,200583.747,8163244.787,1552.832,,,,,,,,,
12851,200578.273,8163244.486,1552.469,,,,,,,,,
12852,200577.859,8163245.147,1552.683,,,,,,,,,
12853,200583.74,8163281.859,1551.499,,,,,,,,,
12854,200584.028,8163282.31,1551.389,,,,,,,,,
12855,200577.767,8163282.522,1551.596,,,,,,,,,
12856,200577.857,8163281.9,1552.015,,,,,,,,,
12857,200578.081,8163319.422,1552.344,,,,,,,,,
12858,200577.902,8163320.029,1552.471,,,,,,,,,
12859,200583.564,8163319.266,1552.543,,,,,,,,,
12860,200583.949,8163319.705,1552.815,,,,,,,,,
12861,200583.949,8163356.797,1554.596,,,,,,,,,
12862,200584.072,8163357.455,1554.573,,,,,,,,,
12863,200577.955,8163357.014,1554.272,,,,,,,,,
12864,200577.925,8163357.504,1554.331,,,,,,,,,
12865,200578.111,8163394.584,1553.841,,,,,,,,,
12866,200577.873,8163394.857,1553.923,,,,,,,,,
12867,200583.752,8163394.303,1554.103,,,,,,,,,
12868,200584,8163394.99,1554.263,,,,,,,,,
12869,200583.958,8163432.015,1554.41,,,,,,,,,
12870,200584.059,8163432.606,1554.616,,,,,,,,,
12871,200577.841,8163432.125,1554.485,,,,,,,,,
12872,200577.825,8163432.677,1554.507,,,,,,,,,
12873,200577.968,8163469.62,1554.975,,,,,,,,,
12874,200577.916,8163470.366,1555.036,,,,,,,,,
12875,200584.016,8163469.347,1555.615,,,,,,,,,
12876,200583.93,8163470.128,1555.618,,,,,,,,,
12877,200577.787,8163507.217,1553.755,,,,,,,,,
12878,200584.019,8163507.068,1554.188,,,,,,,,,
12879,200590.226,8163507.299,1554.57,,,,,,,,,
12880,200596.368,8163507.087,1554.761,,,,,,,,,
12881,200590.433,8163470.419,1555.326,,,,,,,,,
12882,200590.369,8163469.606,1555.462,,,,,,,,,
12883,200596.26,8163469.386,1555.501,,,,,,,,,
12884,200596.345,8163470.115,1555.614,,,,,,,,,
12885,200596.445,8163432.643,1555.449,,,,,,,,,
12886,200596.45,8163432,1555.347,,,,,,,,,
12887,200590.578,8163432.717,1554.978,,,,,,,,,
12888,200590.191,8163432.128,1554.972,,,,,,,,,
12889,200590.299,8163395.35,1554.354,,,,,,,,,
12890,200590.243,8163394.691,1554.398,,,,,,,,,
12891,200596.218,8163394.926,1554.367,,,,,,,,,
12892,200596.398,8163394.362,1554.388,,,,,,,,,
12893,200596.374,8163357.431,1554.763,,,,,,,,,
12894,200596.462,8163356.944,1554.888,,,,,,,,,
12895,200590.529,8163357.535,1554.617,,,,,,,,,
12896,200590.223,8163356.922,1554.837,,,,,,,,,
12897,200590.48,8163320.06,1552.919,,,,,,,,,
12898,200590.266,8163319.673,1553.019,,,,,,,,,
12899,200596.198,8163319.763,1553.231,,,,,,,,,
12900,200596.413,8163319.111,1553.25,,,,,,,,,
12901,200595.858,8163282.188,1551.691,,,,,,,,,
12902,200596.413,8163281.96,1551.749,,,,,,,,,
12903,200590.206,8163282.494,1551.585,,,,,,,,,
12904,200590.181,8163281.897,1551.614,,,,,,,,,
12905,200590.223,8163245.185,1552.791,,,,,,,,,
12906,200590.331,8163244.261,1552.886,,,,,,,,,
12907,200596.156,8163244.692,1552.783,,,,,,,,,
12908,200596.404,8163244.086,1552.789,,,,,,,,,
12909,200590.322,8163207.354,1552.074,,,,,,,,,
12910,200596.225,8163207.185,1552.003,,,,,,,,,
12911,200602.612,8163207.438,1552.322,,,,,,,,,
12912,200608.829,8163207.326,1552.376,,,,,,,,,
12913,200608.688,8163244.144,1552.897,,,,,,,,,
12914,200608.808,8163244.846,1552.964,,,,,,,,,
12915,200602.959,8163245.083,1552.782,,,,,,,,,
12916,200602.658,8163244.345,1552.994,,,,,,,,,
12917,200602.633,8163281.948,1551.816,,,,,,,,,
12918,200602.617,8163282.521,1551.966,,,,,,,,,
12919,200608.539,8163281.869,1552.122,,,,,,,,,
12920,200608.801,8163282.176,1552.162,,,,,,,,,
12921,200608.742,8163319.152,1553.23,,,,,,,,,
12922,200608.77,8163319.817,1553.291,,,,,,,,,
12923,200602.611,8163319.245,1553.302,,,,,,,,,
12924,200602.633,8163320.208,1553.336,,,,,,,,,
12925,200602.728,8163357.042,1554.886,,,,,,,,,
12926,200602.639,8163357.548,1554.945,,,,,,,,,
12927,200608.736,8163356.886,1555.04,,,,,,,,,
12928,200608.962,8163357.367,1555.069,,,,,,,,,
12929,200608.537,8163394.341,1554.555,,,,,,,,,
12930,200608.785,8163395.172,1554.611,,,,,,,,,
12931,200602.694,8163394.427,1554.475,,,,,,,,,
12932,200602.657,8163395.247,1554.529,,,,,,,,,
12933,200602.792,8163432.178,1555.427,,,,,,,,,
12934,200602.662,8163432.784,1555.548,,,,,,,,,
12935,200608.474,8163432.093,1555.52,,,,,,,,,
12936,200608.869,8163432.571,1555.839,,,,,,,,,
12937,200608.671,8163469.364,1555.448,,,,,,,,,
12938,200608.751,8163470.123,1555.571,,,,,,,,,
12939,200602.756,8163469.556,1555.49,,,,,,,,,
12940,200602.649,8163470.472,1555.532,,,,,,,,,
12941,200602.524,8163507.025,1554.716,,,,,,,,,
12942,200608.786,8163507.108,1555.053,,,,,,,,,
12943,200614.942,8163507.268,1555.396,,,,,,,,,
12944,200621.177,8163507.059,1555.093,,,,,,,,,
12945,200615.141,8163470.399,1555.444,,,,,,,,,
12946,200615.087,8163469.72,1555.554,,,,,,,,,
12947,200621.116,8163470.264,1555.568,,,,,,,,,
12948,200621.197,8163469.484,1555.55,,,,,,,,,
12949,200621.015,8163432.504,1555.809,,,,,,,,,
12950,200621.223,8163431.997,1556.191,,,,,,,,,
12951,200615.361,8163432.707,1555.987,,,,,,,,,
12952,200615.023,8163432.172,1555.897,,,,,,,,,
12953,200615.414,8163395.116,1554.674,,,,,,,,,
12954,200615.007,8163394.565,1554.836,,,,,,,,,
12955,200620.96,8163394.826,1554.997,,,,,,,,,
12956,200621.165,8163394.451,1555.052,,,,,,,,,
12957,200621.152,8163357.416,1554.969,,,,,,,,,
12958,200621.209,8163356.834,1554.918,,,,,,,,,
12959,200615.693,8163357.455,1554.766,,,,,,,,,
12960,200615.098,8163357.112,1555.045,,,,,,,,,
12961,200615.301,8163320.142,1553.304,,,,,,,,,
12962,200615.044,8163319.627,1553.423,,,,,,,,,
12963,200621.093,8163319.157,1553.455,,,,,,,,,
12964,200621.176,8163319.768,1553.554,,,,,,,,,
12965,200621.038,8163282.325,1552.576,,,,,,,,,
12966,200621.14,8163281.773,1552.652,,,,,,,,,
12967,200615.166,8163282.501,1552.484,,,,,,,,,
12968,200614.973,8163281.919,1552.375,,,,,,,,,
12969,200615.311,8163245.03,1552.845,,,,,,,,,
12970,200615.042,8163244.376,1553.012,,,,,,,,,
12971,200621.129,8163244.752,1553.134,,,,,,,,,
12972,200621.172,8163244.083,1553.196,,,,,,,,,
12973,200615.058,8163207.433,1552.596,,,,,,,,,
12974,200621.166,8163207.207,1553.034,,,,,,,,,
12975,200627.421,8163207.291,1553.411,,,,,,,,,
12976,200633.443,8163207.183,1553.696,,,,,,,,,
12977,200632.88,8163244.167,1553.311,,,,,,,,,
12978,200633.591,8163244.646,1553.599,,,,,,,,,
12979,200627.445,8163244.179,1553.376,,,,,,,,,
12980,200627.461,8163245.096,1553.388,,,,,,,,,
12981,200627.387,8163281.924,1552.941,,,,,,,,,
12982,200627.3,8163282.55,1553.06,,,,,,,,,
12983,200633.385,8163281.844,1553.231,,,,,,,,,
12984,200633.594,8163282.28,1553.349,,,,,,,,,
12985,200633.441,8163319.191,1553.776,,,,,,,,,
12986,200633.58,8163319.843,1553.845,,,,,,,,,
12987,200627.466,8163319.305,1553.591,,,,,,,,,
12988,200627.42,8163320.197,1553.629,,,,,,,,,
12989,200627.499,8163357.615,1555.199,,,,,,,,,
12990,200627.427,8163357.031,1555.102,,,,,,,,,
12991,200633.624,8163356.834,1555.073,,,,,,,,,
12992,200633.729,8163357.416,1555.045,,,,,,,,,
12993,200633.466,8163394.211,1555.97,,,,,,,,,
12994,200633.514,8163394.801,1555.956,,,,,,,,,
12995,200627.698,8163395.214,1555.34,,,,,,,,,
12996,200627.351,8163394.366,1555.461,,,,,,,,,
12997,200627.408,8163432.043,1556.473,,,,,,,,,
12998,200627.442,8163432.783,1556.314,,,,,,,,,
12999,200633.628,8163431.953,1556.559,,,,,,,,,
13000,200633.648,8163432.679,1556.389,,,,,,,,,
13001,200633.057,8163469.553,1555.6,,,,,,,,,
13002,200633.591,8163470.323,1555.784,,,,,,,,,
13003,200627.515,8163469.558,1555.675,,,,,,,,,
13004,200627.461,8163470.284,1555.691,,,,,,,,,
13005,200633.549,8163507.102,1555.04,,,,,,,,,
13006,200627.39,8163507.082,1555.002,,,,,,,,,
13007,200639.787,8163507.199,1554.735,,,,,,,,,
13008,200646.024,8163507.116,1554.725,,,,,,,,,
13009,200639.876,8163470.466,1555.834,,,,,,,,,
13010,200639.819,8163469.512,1555.851,,,,,,,,,
13011,200645.966,8163470.192,1555.777,,,,,,,,,
13012,200646.011,8163469.444,1555.808,,,,,,,,,
13013,200639.943,8163432.717,1556.62,,,,,,,,,
13014,200639.822,8163432.103,1556.898,,,,,,,,,
13015,200645.957,8163432.629,1556.772,,,,,,,,,
13016,200646.03,8163432.081,1556.716,,,,,,,,,
13017,200639.767,8163395.323,1556.154,,,,,,,,,
13018,200639.732,8163394.332,1556.122,,,,,,,,,
13019,200645.945,8163395.053,1556.241,,,,,,,,,
13020,200645.965,8163394.265,1556.216,,,,,,,,,
13021,200639.867,8163357.649,1555.368,,,,,,,,,
13022,200639.819,8163356.988,1555.217,,,,,,,,,
13023,200645.72,8163357.434,1555.067,,,,,,,,,
13024,200646.006,8163356.854,1555.16,,,,,,,,,
13025,200640.031,8163320.13,1553.936,,,,,,,,,
13026,200639.813,8163319.252,1553.97,,,,,,,,,
13027,200645.384,8163319.771,1554.227,,,,,,,,,
13028,200646.015,8163319.133,1554.422,,,,,,,,,
13029,200639.867,8163282.487,1553.532,,,,,,,,,
13030,200639.742,8163281.941,1553.407,,,,,,,,,
13031,200645.787,8163282.268,1553.698,,,,,,,,,
13032,200645.959,8163281.918,1553.671,,,,,,,,,
13033,200639.799,8163245.202,1553.598,,,,,,,,,
13034,200639.837,8163244.335,1553.644,,,,,,,,,
13035,200645.938,8163244.79,1553.595,,,,,,,,,
13036,200645.94,8163244.058,1553.616,,,,,,,,,
13037,200639.808,8163207.482,1554.381,,,,,,,,,
13038,200646.001,8163207.332,1554.596,,,,,,,,,
13039,200652.187,8163207.462,1554.416,,,,,,,,,
13040,200658.36,8163207.319,1554.971,,,,,,,,,
13041,200652.335,8163244.268,1553.72,,,,,,,,,
13042,200652.256,8163245.107,1553.752,,,,,,,,,
13043,200652.66,8163282.165,1553.938,,,,,,,,,
13044,200652.125,8163282.487,1554.164,,,,,,,,,
13045,200652.286,8163319.285,1554.395,,,,,,,,,
13046,200652.257,8163320.187,1554.44,,,,,,,,,
13047,200658.369,8163319.179,1554.403,,,,,,,,,
13048,200658.365,8163319.917,1554.425,,,,,,,,,
13049,200652.458,8163357.13,1555.319,,,,,,,,,
13050,200652.237,8163357.591,1555.326,,,,,,,,,
13051,200658.444,8163357.463,1555.582,,,,,,,,,
13052,200658.283,8163394.235,1556.737,,,,,,,,,
13053,200658.38,8163394.888,1556.792,,,,,,,,,
13054,200652.412,8163394.525,1556.433,,,,,,,,,
13055,200652.232,8163395.203,1556.506,,,,,,,,,
13056,200652.305,8163432.148,1556.919,,,,,,,,,
13057,200652.207,8163432.641,1556.951,,,,,,,,,
13058,200652.296,8163469.561,1555.931,,,,,,,,,
13059,200652.292,8163470.389,1555.947,,,,,,,,,
13060,200658.329,8163470.142,1556.199,,,,,,,,,
13061,200658.31,8163469.432,1556.239,,,,,,,,,
13062,200658.399,8163507.084,1554.748,,,,,,,,,
13063,200652.19,8163507.21,1554.696,,,,,,,,,
13064,200658.43,8163432.68,1557.091,,,,,,,,,
13065,200658.402,8163431.92,1556.951,,,,,,,,,
13066,200658.44,8163356.849,1555.661,,,,,,,,,
13067,200658.353,8163282.461,1554.501,,,,,,,,,
13068,200658.375,8163281.743,1554.411,,,,,,,,,
13069,200658.34,8163245.06,1553.656,,,,,,,,,
13070,200658.325,8163244.038,1553.673,,,,,,,,,
13071,200664.625,8163207.494,1555.004,,,,,,,,,
13072,200664.557,8163244.173,1553.912,,,,,,,,,
13073,200664.562,8163245.201,1553.911,,,,,,,,,
13074,200670.759,8163207.376,1555.511,,,,,,,,,
13075,200670.705,8163244.035,1554.414,,,,,,,,,
13076,200670.694,8163244.771,1554.41,,,,,,,,,
13077,200664.58,8163281.889,1554.74,,,,,,,,,
13078,200664.55,8163282.59,1554.936,,,,,,,,,
13079,200670.754,8163281.708,1555.128,,,,,,,,,
13080,200670.754,8163282.402,1555.313,,,,,,,,,
13081,200670.728,8163319.114,1554.639,,,,,,,,,
13082,200670.772,8163320.059,1554.61,,,,,,,,,
13083,200664.613,8163319.274,1554.595,,,,,,,,,
13084,200664.613,8163320.242,1554.618,,,,,,,,,
13085,200664.667,8163356.961,1555.792,,,,,,,,,
13086,200664.617,8163357.668,1555.732,,,,,,,,,
13087,200670.795,8163356.77,1555.884,,,,,,,,,
13088,200670.88,8163357.534,1556.248,,,,,,,,,
13089,200664.584,8163394.321,1556.942,,,,,,,,,
13090,200664.613,8163395.294,1557.043,,,,,,,,,
13091,200670.727,8163394.168,1557.307,,,,,,,,,
13092,200670.711,8163395.17,1557.342,,,,,,,,,
13093,200664.612,8163432.078,1557.029,,,,,,,,,
13094,200664.613,8163432.808,1557.267,,,,,,,,,
13095,200670.841,8163431.887,1557.367,,,,,,,,,
13096,200670.807,8163432.66,1557.219,,,,,,,,,
13097,200670.756,8163469.369,1556.371,,,,,,,,,
13098,200670.784,8163470.161,1556.335,,,,,,,,,
13099,200664.587,8163469.516,1556.269,,,,,,,,,
13100,200664.598,8163470.498,1556.241,,,,,,,,,
13101,200670.776,8163507.029,1554.444,,,,,,,,,
13102,200664.582,8163507.194,1554.642,,,,,,,,,
13103,200757.543,8163507.044,1555.474,,,,,,,,,
13104,200757.544,8163470.34,1556.58,,,,,,,,,
13105,200757.549,8163469.374,1556.62,,,,,,,,,
13106,200757.608,8163432.662,1557.879,,,,,,,,,
13107,200757.622,8163431.972,1557.825,,,,,,,,,
13108,200757.549,8163395.096,1559.368,,,,,,,,,
13109,200757.569,8163394.25,1559.387,,,,,,,,,
13110,200757.624,8163357.536,1559.226,,,,,,,,,
13111,200757.598,8163356.836,1558.975,,,,,,,,,
13112,200757.606,8163319.919,1558.802,,,,,,,,,
13113,200757.593,8163319.114,1558.813,,,,,,,,,
13114,200757.554,8163282.409,1558.891,,,,,,,,,
13115,200757.527,8163281.75,1558.803,,,,,,,,,
13116,200757.47,8163245.034,1558.12,,,,,,,,,
13117,200757.46,8163244.053,1558.115,,,,,,,,,
13118,200757.576,8163207.342,1558.588,,,,,,,,,
13119,200763.772,8163207.472,1558.831,,,,,,,,,
13120,200769.976,8163207.347,1559.021,,,,,,,,,
13121,200769.954,8163244.055,1558.82,,,,,,,,,
13122,200769.967,8163244.869,1558.811,,,,,,,,,
13123,200763.701,8163245.172,1558.42,,,,,,,,,
13124,200763.709,8163244.176,1558.425,,,,,,,,,
13125,200769.955,8163281.764,1559.261,,,,,,,,,
13126,200769.91,8163282.444,1559.281,,,,,,,,,
13127,200763.754,8163281.88,1559.062,,,,,,,,,
13128,200763.741,8163282.581,1559.142,,,,,,,,,
13129,200763.752,8163319.274,1559.146,,,,,,,,,
13130,200763.746,8163320.307,1559.144,,,,,,,,,
13131,200769.942,8163319.145,1559.525,,,,,,,,,
13132,200769.971,8163319.962,1559.521,,,,,,,,,
13133,200763.817,8163357.013,1559.043,,,,,,,,,
13134,200763.837,8163357.65,1559.309,,,,,,,,,
13135,200769.988,8163357.461,1559.514,,,,,,,,,
13136,200769.936,8163356.898,1559.315,,,,,,,,,
13137,200763.831,8163395.38,1559.401,,,,,,,,,
13138,200763.805,8163394.407,1559.438,,,,,,,,,
13139,200769.912,8163395.038,1559.322,,,,,,,,,
13140,200769.879,8163394.297,1559.338,,,,,,,,,
13141,200763.847,8163432.086,1557.918,,,,,,,,,
13142,200763.765,8163432.682,1557.99,,,,,,,,,
13143,200769.956,8163431.963,1557.98,,,,,,,,,
13144,200769.961,8163432.684,1557.899,,,,,,,,,
13145,200769.92,8163469.357,1556.627,,,,,,,,,
13146,200769.965,8163470.135,1556.6,,,,,,,,,
13147,200763.771,8163469.493,1556.568,,,,,,,,,
13148,200763.752,8163470.475,1556.526,,,,,,,,,
13149,200763.741,8163507.184,1555.5,,,,,,,,,
13150,200769.972,8163507.078,1555.428,,,,,,,,,
13151,200776.207,8163507.203,1555.491,,,,,,,,,
13152,200782.385,8163507.071,1555.725,,,,,,,,,
13153,200776.196,8163469.491,1556.513,,,,,,,,,
13154,200776.224,8163470.454,1556.494,,,,,,,,,
13155,200782.372,8163470.347,1556.481,,,,,,,,,
13156,200782.365,8163469.38,1556.514,,,,,,,,,
13157,200776.157,8163432.099,1557.898,,,,,,,,,
13158,200776.19,8163432.804,1557.896,,,,,,,,,
13159,200782.393,8163432.684,1557.742,,,,,,,,,
13160,200782.408,8163431.97,1557.865,,,,,,,,,
13161,200776.179,8163395.4,1559.463,,,,,,,,,
13162,200776.205,8163394.399,1559.483,,,,,,,,,
13163,200782.261,8163395.085,1559.262,,,,,,,,,
13164,200782.274,8163394.266,1559.296,,,,,,,,,
13165,200776.127,8163357.782,1559.12,,,,,,,,,
13166,200776.178,8163356.987,1559.152,,,,,,,,,
13167,200782.4,8163357.55,1559.302,,,,,,,,,
13168,200782.361,8163356.884,1559.135,,,,,,,,,
13169,200782.235,8163319.818,1559.498,,,,,,,,,
13170,200782.401,8163319.165,1559.501,,,,,,,,,
13171,200776.161,8163320.268,1559.534,,,,,,,,,
13172,200776.174,8163319.247,1559.542,,,,,,,,,
13173,200776.199,8163282.519,1559.511,,,,,,,,,
13174,200776.116,8163281.98,1559.566,,,,,,,,,
13175,200782.357,8163282.442,1559.692,,,,,,,,,
13176,200782.301,8163281.76,1559.788,,,,,,,,,
13177,200782.26,8163244.762,1559.191,,,,,,,,,
13178,200782.315,8163244.038,1559.186,,,,,,,,,
13179,200776.133,8163245.148,1558.95,,,,,,,,,
13180,200776.151,8163244.251,1558.97,,,,,,,,,
13181,200776.136,8163207.457,1559.284,,,,,,,,,
13182,200782.449,8163207.309,1559.681,,,,,,,,,
13183,200788.31,8163207.216,1559.775,,,,,,,,,
13184,200794.734,8163207.501,1560.178,,,,,,,,,
13185,200794.743,8163244.053,1559.639,,,,,,,,,
13186,200794.705,8163244.803,1559.634,,,,,,,,,
13187,200788.532,8163244.215,1559.449,,,,,,,,,
13188,200788.522,8163245.165,1559.44,,,,,,,,,
13189,200788.527,8163281.948,1559.674,,,,,,,,,
13190,200788.559,8163282.588,1559.555,,,,,,,,,
13191,200794.752,8163281.743,1559.895,,,,,,,,,
13192,200794.745,8163282.41,1559.76,,,,,,,,,
13193,200794.689,8163319.215,1559.733,,,,,,,,,
13194,200794.784,8163319.919,1559.722,,,,,,,,,
13195,200788.614,8163319.313,1559.605,,,,,,,,,
13196,200788.622,8163320.271,1559.607,,,,,,,,,
13197,200788.615,8163356.99,1559.218,,,,,,,,,
13198,200788.567,8163357.651,1559.403,,,,,,,,,
13199,200794.555,8163356.94,1559.25,,,,,,,,,
13200,200794.809,8163357.42,1559.464,,,,,,,,,
13201,200794.728,8163394.298,1559.171,,,,,,,,,
13202,200794.737,8163395.06,1559.146,,,,,,,,,
13203,200788.58,8163394.401,1559.01,,,,,,,,,
13204,200788.525,8163395.365,1559.002,,,,,,,,,
13205,200794.737,8163431.966,1558.137,,,,,,,,,
13206,200794.785,8163432.612,1558.143,,,,,,,,,
13207,200788.614,8163432.131,1558.056,,,,,,,,,
13208,200788.596,8163432.677,1557.977,,,,,,,,,
13209,200788.685,8163469.63,1556.619,,,,,,,,,
13210,200788.562,8163470.471,1556.626,,,,,,,,,
13211,200794.62,8163469.456,1556.619,,,,,,,,,
13212,200794.728,8163470.13,1556.617,,,,,,,,,
13213,200794.661,8163507.129,1556.392,,,,,,,,,
13214,200788.611,8163507.247,1556.034,,,,,,,,,
13215,200800.747,8163507.411,1556.73,,,,,,,,,
13216,200807.071,8163507.095,1556.937,,,,,,,,,
13217,200807.124,8163470.101,1557.038,,,,,,,,,
13218,200807.166,8163469.369,1557.058,,,,,,,,,
13219,200801.051,8163470.446,1556.728,,,,,,,,,
13220,200801.037,8163469.563,1556.773,,,,,,,,,
13221,200807.207,8163432.586,1558.479,,,,,,,,,
13222,200807.127,8163431.97,1558.764,,,,,,,,,
13223,200800.989,8163432.803,1558.588,,,,,,,,,
13224,200800.91,8163432.313,1558.576,,,,,,,,,
13225,200801.02,8163395.367,1559.203,,,,,,,,,
13226,200801.136,8163394.45,1559.202,,,,,,,,,
13227,200807.044,8163395.025,1559.645,,,,,,,,,
13228,200806.954,8163394.29,1559.564,,,,,,,,,
13229,200807.054,8163357.483,1559.553,,,,,,,,,
13230,200807.118,8163356.967,1559.508,,,,,,,,,
13231,200801.153,8163357.596,1559.499,,,,,,,,,
13232,200800.913,8163357.18,1559.55,,,,,,,,,
13233,200801.114,8163320.162,1559.84,,,,,,,,,
13234,200800.994,8163319.283,1559.894,,,,,,,,,
13235,200806.932,8163319.808,1560.018,,,,,,,,,
13236,200807.131,8163319.216,1560.067,,,,,,,,,
13237,200807.095,8163282.455,1560.116,,,,,,,,,
13238,200807.129,8163281.78,1560.133,,,,,,,,,
13239,200801.184,8163282.048,1559.675,,,,,,,,,
13240,200800.942,8163282.541,1559.932,,,,,,,,,
13241,200801.024,8163245.143,1559.854,,,,,,,,,
13242,200801.02,8163244.471,1559.94,,,,,,,,,
13243,200806.685,8163244.634,1559.883,,,,,,,,,
13244,200807.138,8163244.074,1559.982,,,,,,,,,
13245,200801.238,8163207.371,1560.554,,,,,,,,,
13246,200807.13,8163207.501,1560.691,,,,,,,,,
13247,200813.395,8163207.459,1560.927,,,,,,,,,
13248,200819.424,8163207.265,1560.988,,,,,,,,,
13249,200819.441,8163244.812,1560.449,,,,,,,,,
13250,200819.443,8163244.076,1560.467,,,,,,,,,
13251,200813.365,8163244.263,1560.321,,,,,,,,,
13252,200813.424,8163244.852,1560.323,,,,,,,,,
13253,200819.337,8163281.799,1560.157,,,,,,,,,
13254,200819.553,8163282.348,1560.321,,,,,,,,,
13255,200813.822,8163282.202,1559.932,,,,,,,,,
13256,200813.373,8163282.435,1560.276,,,,,,,,,
13257,200813.92,8163318.998,1559.5,,,,,,,,,
13258,200813.442,8163320.26,1560.186,,,,,,,,,
13259,200819.421,8163319.869,1560.038,,,,,,,,,
13260,200819.47,8163319.316,1560.081,,,,,,,,,
13261,200819.397,8163356.906,1559.897,,,,,,,,,
13262,200819.581,8163357.547,1560.052,,,,,,,,,
13263,200813.704,8163357.217,1559.521,,,,,,,,,
13264,200813.323,8163357.588,1559.747,,,,,,,,,
13265,200813.311,8163394.354,1559.878,,,,,,,,,
13266,200813.304,8163395.332,1559.869,,,,,,,,,
13267,200819.531,8163394.317,1559.792,,,,,,,,,
13268,200819.538,8163395.09,1559.783,,,,,,,,,
13269,200813.326,8163432.047,1558.71,,,,,,,,,
13270,200813.522,8163432.714,1558.38,,,,,,,,,
13271,200819.519,8163432,1558.407,,,,,,,,,
13272,200819.545,8163432.606,1558.087,,,,,,,,,
13273,200819.542,8163469.35,1557.582,,,,,,,,,
13274,200819.558,8163470.14,1557.567,,,,,,,,,
13275,200813.546,8163469.614,1557.296,,,,,,,,,
13276,200813.425,8163470.428,1557.31,,,,,,,,,
13277,200813.253,8163507.232,1557.473,,,,,,,,,
13278,200819.54,8163507.029,1557.361,,,,,,,,,
13279,200825.726,8163507.168,1557.418,,,,,,,,,
13280,200831.915,8163507.08,1557.376,,,,,,,,,
13281,200831.923,8163470.156,1558.291,,,,,,,,,
13282,200831.904,8163469.478,1558.322,,,,,,,,,
13283,200825.948,8163470.405,1558.068,,,,,,,,,
13284,200825.824,8163469.556,1558.128,,,,,,,,,
13285,200825.78,8163432.743,1558.057,,,,,,,,,
13286,200825.772,8163432.145,1558.306,,,,,,,,,
13287,200831.795,8163432.517,1558.151,,,,,,,,,
13288,200831.932,8163432.033,1558.505,,,,,,,,,
13289,200831.94,8163395.082,1559.646,,,,,,,,,
13290,200831.911,8163394.307,1559.675,,,,,,,,,
13291,200825.783,8163395.369,1559.639,,,,,,,,,
13292,200825.788,8163394.433,1559.685,,,,,,,,,
13293,200825.768,8163357.689,1560.194,,,,,,,,,
13294,200825.77,8163357.144,1559.961,,,,,,,,,
13295,200831.803,8163356.935,1559.948,,,,,,,,,
13296,200831.995,8163357.329,1560.175,,,,,,,,,
13297,200831.781,8163319.804,1560.023,,,,,,,,,
13298,200832.013,8163319.258,1560.057,,,,,,,,,
13299,200825.893,8163320.265,1560.092,,,,,,,,,
13300,200825.726,8163319.351,1560.144,,,,,,,,,
13301,200825.722,8163282.612,1560.587,,,,,,,,,
13302,200825.722,8163281.903,1560.435,,,,,,,,,
13303,200831.889,8163282.425,1560.578,,,,,,,,,
13304,200831.951,8163281.789,1560.732,,,,,,,,,
13305,200831.931,8163244.857,1560.886,,,,,,,,,
13306,200831.925,8163244.064,1560.889,,,,,,,,,
13307,200825.95,8163245.077,1560.495,,,,,,,,,
13308,200825.708,8163244.209,1560.591,,,,,,,,,
13309,200825.795,8163207.425,1560.867,,,,,,,,,
13310,200831.989,8163207.329,1560.81,,,,,,,,,
13311,200838.175,8163207.429,1560.798,,,,,,,,,
13312,200844.349,8163207.309,1560.757,,,,,,,,,
13313,200838.149,8163244.211,1561.033,,,,,,,,,
13314,200838.13,8163245.16,1561.053,,,,,,,,,
13315,200844.309,8163244.07,1561.096,,,,,,,,,
13316,200844.29,8163244.832,1561.111,,,,,,,,,
13317,200844.272,8163281.841,1560.725,,,,,,,,,
13318,200844.373,8163282.411,1560.971,,,,,,,,,
13319,200838.226,8163281.949,1560.861,,,,,,,,,
13320,200838.106,8163282.471,1560.777,,,,,,,,,
13321,200838.199,8163319.269,1560.228,,,,,,,,,
13322,200838.303,8163320.129,1560.251,,,,,,,,,
13323,200844.314,8163319.146,1560.686,,,,,,,,,
13324,200844.334,8163319.904,1560.7,,,,,,,,,
13325,200844.293,8163356.874,1560.379,,,,,,,,,
13326,200844.35,8163357.525,1560.537,,,,,,,,,
13327,200838.204,8163357.018,1560.103,,,,,,,,,
13328,200838.243,8163357.724,1560.458,,,,,,,,,
13329,200844.302,8163394.321,1559.352,,,,,,,,,
13330,200844.32,8163395.281,1559.328,,,,,,,,,
13331,200838.515,8163394.729,1559.272,,,,,,,,,
13332,200838.19,8163395.338,1559.393,,,,,,,,,
13333,200838.196,8163432.198,1558.458,,,,,,,,,
13334,200838.16,8163432.754,1558.271,,,,,,,,,
13335,200844.25,8163432.053,1558.554,,,,,,,,,
13336,200844.364,8163432.59,1558.503,,,,,,,,,
13337,200838.297,8163469.624,1558.236,,,,,,,,,
13338,200838.188,8163470.502,1558.295,,,,,,,,,
13339,200844.353,8163469.403,1558.385,,,,,,,,,
13340,200844.367,8163470.21,1558.359,,,,,,,,,
13341,200838.12,8163507.206,1557.222,,,,,,,,,
13342,200844.293,8163507.144,1557.277,,,,,,,,,
13343,200850.548,8163507.183,1557.11,,,,,,,,,
13344,200856.696,8163507.116,1556.742,,,,,,,,,
13345,200856.701,8163470.38,1557.663,,,,,,,,,
13346,200856.69,8163469.457,1557.713,,,,,,,,,
13347,200850.566,8163470.501,1558.125,,,,,,,,,
13348,200850.564,8163469.522,1558.153,,,,,,,,,
13349,200856.653,8163432.588,1558.29,,,,,,,,,
13350,200856.789,8163432.04,1558.28,,,,,,,,,
13351,200850.6,8163432.73,1558.696,,,,,,,,,
13352,200850.493,8163432.124,1558.763,,,,,,,,,
13353,200850.718,8163395.278,1559.401,,,,,,,,,
13354,200850.534,8163394.768,1559.506,,,,,,,,,
13355,200856.679,8163395.169,1559.465,,,,,,,,,
13356,200856.696,8163394.289,1559.46,,,,,,,,,
13357,200856.698,8163357.525,1560.657,,,,,,,,,
13358,200856.698,8163356.831,1560.761,,,,,,,,,
13359,200850.52,8163356.988,1560.412,,,,,,,,,
13360,200850.539,8163357.678,1560.462,,,,,,,,,
13361,200856.697,8163320.113,1561.067,,,,,,,,,
13362,200856.522,8163319.25,1561.032,,,,,,,,,
13363,200850.645,8163320.211,1560.826,,,,,,,,,
13364,200850.547,8163319.464,1560.897,,,,,,,,,
13365,200850.617,8163281.923,1560.948,,,,,,,,,
13366,200850.545,8163282.344,1561.122,,,,,,,,,
13367,200856.573,8163282.276,1561.221,,,,,,,,,
13368,200856.766,8163281.756,1561.276,,,,,,,,,
13369,200850.523,8163245.172,1561.286,,,,,,,,,
13370,200850.509,8163244.177,1561.304,,,,,,,,,
13371,200856.695,8163244.028,1561.248,,,,,,,,,
13372,200856.694,8163245.035,1561.255,,,,,,,,,
13373,200850.552,8163207.437,1560.662,,,,,,,,,
13374,200856.716,8163207.248,1560.709,,,,,,,,,
13375,200862.973,8163207.472,1560.632,,,,,,,,,
13376,200869.19,8163207.348,1560.666,,,,,,,,,
13377,200862.986,8163244.258,1561.414,,,,,,,,,
13378,200862.969,8163245.145,1561.463,,,,,,,,,
13379,200868.769,8163244.161,1561.433,,,,,,,,,
13380,200869.091,8163245.025,1561.552,,,,,,,,,
13381,200862.965,8163281.903,1561.367,,,,,,,,,
13382,200862.908,8163282.339,1561.498,,,,,,,,,
13383,200869.147,8163281.765,1561.533,,,,,,,,,
13384,200869.118,8163282.266,1561.476,,,,,,,,,
13385,200862.963,8163319.314,1561.217,,,,,,,,,
13386,200862.95,8163320.247,1561.226,,,,,,,,,
13387,200869.16,8163319.188,1561.264,,,,,,,,,
13388,200869.165,8163320.195,1561.255,,,,,,,,,
13389,200862.929,8163357.025,1560.854,,,,,,,,,
13390,200862.959,8163357.731,1560.802,,,,,,,,,
13391,200869.076,8163356.902,1560.328,,,,,,,,,
13392,200869.131,8163357.568,1560.384,,,,,,,,,
13393,200862.971,8163394.433,1559.29,,,,,,,,,
13394,200862.951,8163395.419,1559.244,,,,,,,,,
13395,200869.09,8163394.315,1559.319,,,,,,,,,
13396,200869.154,8163395.298,1559.289,,,,,,,,,
13397,200863.006,8163432.107,1558.003,,,,,,,,,
13398,200862.923,8163432.755,1557.834,,,,,,,,,
13399,200869.128,8163432.674,1557.823,,,,,,,,,
13400,200869.14,8163431.976,1557.825,,,,,,,,,
13401,200869.064,8163469.38,1557.141,,,,,,,,,
13402,200869.064,8163470.405,1557.113,,,,,,,,,
13403,200862.921,8163469.472,1557.404,,,,,,,,,
13404,200862.907,8163470.504,1557.385,,,,,,,,,
13405,200862.904,8163507.166,1556.304,,,,,,,,,
13406,200869.168,8163507.078,1556.11,,,,,,,,,
13407,200875.247,8163507.335,1555.764,,,,,,,,,
13408,200881.559,8163507.063,1556.147,,,,,,,,,
13409,200881.45,8163470.339,1557.04,,,,,,,,,
13410,200881.478,8163469.372,1557.036,,,,,,,,,
13411,200875.275,8163470.516,1557.052,,,,,,,,,
13412,200875.283,8163469.513,1557.075,,,,,,,,,
13413,200875.55,8163432.236,1557.522,,,,,,,,,
13414,200875.345,8163432.787,1557.583,,,,,,,,,
13415,200881.527,8163432.651,1557.605,,,,,,,,,
13416,200881.518,8163431.966,1557.424,,,,,,,,,
13417,200881.554,8163395.094,1558.701,,,,,,,,,
13418,200881.51,8163394.346,1558.747,,,,,,,,,
13419,200875.428,8163395.306,1558.919,,,,,,,,,
13420,200875.37,8163394.429,1558.964,,,,,,,,,
13421,200875.307,8163356.977,1560.101,,,,,,,,,
13422,200875.328,8163357.499,1560.093,,,,,,,,,
13423,200881.377,8163357.496,1559.911,,,,,,,,,
13424,200881.526,8163357.024,1560.131,,,,,,,,,
13425,200875.442,8163319.28,1561.278,,,,,,,,,
13426,200875.365,8163320.329,1561.268,,,,,,,,,
13427,200881.532,8163320.147,1561.075,,,,,,,,,
13428,200881.542,8163319.117,1561.085,,,,,,,,,
13429,200875.373,8163282.582,1561.522,,,,,,,,,
13430,200881.521,8163282.451,1561.75,,,,,,,,,
13431,200881.546,8163281.766,1561.795,,,,,,,,,
13432,200875.346,8163281.874,1561.612,,,,,,,,,
13433,200875.342,8163245.132,1561.672,,,,,,,,,
13434,200875.336,8163244.159,1561.677,,,,,,,,,
13435,200881.498,8163244.049,1561.833,,,,,,,,,
13436,200881.473,8163245.024,1561.875,,,,,,,,,
13437,200881.546,8163207.35,1561.127,,,,,,,,,
13438,200875.405,8163207.427,1560.77,,,,,,,,,
13439,200887.728,8163207.482,1561.212,,,,,,,,,
13440,200893.948,8163207.324,1561.791,,,,,,,,,
13441,200887.704,8163244.158,1562.09,,,,,,,,,
13442,200887.699,8163245.157,1562.094,,,,,,,,,
13443,200893.894,8163244.018,1562.203,,,,,,,,,
13444,200893.864,8163244.965,1562.193,,,,,,,,,
13445,200887.709,8163281.899,1561.658,,,,,,,,,
13446,200893.879,8163281.811,1561.67,,,,,,,,,
13447,200893.915,8163282.482,1561.743,,,,,,,,,
13448,200887.725,8163282.602,1561.622,,,,,,,,,
13449,200887.775,8163319.302,1560.844,,,,,,,,,
13450,200887.793,8163320.33,1560.818,,,,,,,,,
13451,200893.886,8163319.134,1560.663,,,,,,,,,
13452,200893.94,8163320.188,1560.612,,,,,,,,,
13453,200887.715,8163356.991,1559.839,,,,,,,,,
13454,200893.889,8163356.865,1559.505,,,,,,,,,
13455,200893.896,8163357.573,1559.555,,,,,,,,,
13456,200887.792,8163357.75,1559.775,,,,,,,,,
13457,200887.694,8163394.379,1558.371,,,,,,,,,
13458,200887.686,8163395.399,1558.315,,,,,,,,,
13459,200893.796,8163394.188,1558.291,,,,,,,,,
13460,200893.717,8163395.394,1558.227,,,,,,,,,
13461,200887.724,8163432.064,1557.395,,,,,,,,,
13462,200887.706,8163432.768,1557.632,,,,,,,,,
13463,200893.94,8163431.956,1557.36,,,,,,,,,
13464,200893.943,8163432.688,1557.58,,,,,,,,,
13465,200887.709,8163469.515,1557.042,,,,,,,,,
13466,200887.68,8163470.534,1557.016,,,,,,,,,
13467,200893.922,8163469.372,1557.123,,,,,,,,,
13468,200893.938,8163470.389,1557.116,,,,,,,,,
13469,200887.841,8163507.299,1556.408,,,,,,,,,
13470,200893.885,8163507.074,1556.997,,,,,,,,,
13471,201588.072,8162828.935,1579.097,,,,,,,,,
13472,201588.086,8162792.269,1579.474,,,,,,,,,
13473,201588.092,8162791.317,1579.483,,,,,,,,,
13474,201588.085,8162754.645,1579.828,,,,,,,,,
13475,201581.886,8162754.726,1579.738,,,,,,,,,
13476,201575.68,8162754.687,1579.604,,,,,,,,,
13477,201581.902,8162791.389,1579.385,,,,,,,,,
13478,201581.907,8162792.363,1579.37,,,,,,,,,
13479,201575.699,8162792.272,1579.203,,,,,,,,,
13480,201575.689,8162791.411,1579.21,,,,,,,,,
13481,201575.728,8162828.987,1578.8,,,,,,,,,
13482,201581.9,8162829.024,1578.969,,,,,,,,,
13483,201569.544,8162828.947,1578.617,,,,,,,,,
13484,201563.299,8162828.997,1578.527,,,,,,,,,
13485,201569.539,8162792.254,1579.037,,,,,,,,,
13486,201569.538,8162791.38,1579.058,,,,,,,,,
13487,201563.278,8162792.309,1578.943,,,,,,,,,
13488,201563.281,8162791.391,1578.95,,,,,,,,,
13489,201569.525,8162754.663,1579.485,,,,,,,,,
13490,201563.311,8162754.681,1579.341,,,,,,,,,
13491,201557.132,8162754.717,1579.22,,,,,,,,,
13492,201550.893,8162754.765,1579.077,,,,,,,,,
13493,201557.121,8162791.416,1578.824,,,,,,,,,
13494,201557.113,8162792.316,1578.818,,,,,,,,,
13495,201550.911,8162792.351,1578.716,,,,,,,,,
13496,201550.885,8162791.496,1578.688,,,,,,,,,
13497,201557.095,8162829.016,1578.393,,,,,,,,,
13498,201550.9,8162829.061,1578.281,,,,,,,,,
13499,201544.769,8162829.018,1578.119,,,,,,,,,
13500,201538.506,8162904.096,1576.884,,,,,,,,,
13501,201538.503,8162867.44,1577.612,,,,,,,,,
13502,201538.504,8162866.478,1577.638,,,,,,,,,
13503,201538.524,8162829.815,1578.359,,,,,,,,,
13504,201538.5,8162829.153,1578.194,,,,,,,,,
13505,201538.506,8162792.444,1578.312,,,,,,,,,
13506,201538.541,8162791.522,1578.358,,,,,,,,,
13507,201544.743,8162792.296,1578.553,,,,,,,,,
13508,201544.534,8162791.373,1578.596,,,,,,,,,
13509,201544.726,8162754.725,1578.97,,,,,,,,,
13510,201538.497,8162754.702,1579.286,,,,,,,,,
13511,201532.326,8162754.603,1579.506,,,,,,,,,
13512,201526.16,8162754.703,1579.418,,,,,,,,,
13513,201526.126,8162791.373,1578.722,,,,,,,,,
13514,201526.12,8162792.45,1578.708,,,,,,,,,
13515,201532.329,8162791.338,1578.524,,,,,,,,,
13516,201532.318,8162792.311,1578.52,,,,,,,,,
13517,201532.315,8162829.027,1578.086,,,,,,,,,
13518,201532.33,8162829.898,1578.296,,,,,,,,,
13519,201526.104,8162829.151,1578.005,,,,,,,,,
13520,201526.114,8162829.801,1578.265,,,,,,,,,
13521,201526.122,8162866.513,1577.457,,,,,,,,,
13522,201526.106,8162867.431,1577.434,,,,,,,,,
13523,201532.298,8162866.614,1577.499,,,,,,,,,
13524,201532.277,8162867.485,1577.485,,,,,,,,,
13525,201532.297,8162904.174,1576.673,,,,,,,,,
13526,201526.151,8162904.089,1576.635,,,,,,,,,
13527,201519.968,8162904.092,1576.696,,,,,,,,,
13528,201513.745,8162904.224,1576.359,,,,,,,,,
13529,201513.722,8162867.507,1577.696,,,,,,,,,
13530,201513.717,8162866.528,1577.716,,,,,,,,,
13531,201519.836,8162867.351,1577.446,,,,,,,,,
13532,201519.923,8162866.442,1577.464,,,,,,,,,
13533,201513.72,8162829.801,1577.951,,,,,,,,,
13534,201513.711,8162829.163,1577.925,,,,,,,,,
13535,201519.895,8162829.098,1578.023,,,,,,,,,
13536,201519.913,8162829.754,1578.232,,,,,,,,,
13537,201519.934,8162792.383,1578.797,,,,,,,,,
13538,201519.933,8162791.315,1578.846,,,,,,,,,
13539,201513.732,8162792.489,1578.843,,,,,,,,,
13540,201513.741,8162791.436,1578.855,,,,,,,,,
13541,201519.944,8162754.609,1579.434,,,,,,,,,
13542,201513.744,8162754.75,1579.489,,,,,,,,,
13543,201507.565,8162754.609,1579.522,,,,,,,,,
13544,201501.367,8162754.693,1579.418,,,,,,,,,
13545,201507.53,8162791.294,1578.943,,,,,,,,,
13546,201507.355,8162792.377,1579.027,,,,,,,,,
13547,201501.336,8162791.388,1579.05,,,,,,,,,
13548,201501.327,8162792.418,1579.011,,,,,,,,,
13549,201507.503,8162829.083,1577.86,,,,,,,,,
13550,201507.501,8162829.647,1577.87,,,,,,,,,
13551,201501.398,8162829.183,1578.019,,,,,,,,,
13552,201501.342,8162829.831,1577.85,,,,,,,,,
13553,201507.516,8162866.432,1577.681,,,,,,,,,
13554,201507.528,8162867.396,1577.642,,,,,,,,,
13555,201501.351,8162866.582,1577.892,,,,,,,,,
13556,201501.358,8162867.527,1577.87,,,,,,,,,
13557,201507.544,8162904.093,1576.425,,,,,,,,,
13558,201501.321,8162904.249,1576.446,,,,,,,,,
13559,201495.154,8162904.057,1576.3,,,,,,,,,
13560,201488.908,8162979.23,1575.172,,,,,,,,,
13561,201489.023,8162942.43,1575.549,,,,,,,,,
13562,201488.901,8162941.695,1575.648,,,,,,,,,
13563,201488.928,8162904.944,1576.102,,,,,,,,,
13564,201488.921,8162904.268,1576.338,,,,,,,,,
13565,201488.937,8162867.575,1577.838,,,,,,,,,
13566,201488.986,8162866.575,1577.843,,,,,,,,,
13567,201495.091,8162867.385,1577.936,,,,,,,,,
13568,201495.135,8162866.373,1577.956,,,,,,,,,
13569,201495.154,8162829.66,1577.708,,,,,,,,,
13570,201495.049,8162829.114,1578.095,,,,,,,,,
13571,201489.003,8162829.78,1577.711,,,,,,,,,
13572,201488.908,8162829.135,1577.801,,,,,,,,,
13573,201488.925,8162792.418,1579.215,,,,,,,,,
13574,201488.92,8162791.478,1579.236,,,,,,,,,
13575,201495.157,8162791.351,1579.083,,,,,,,,,
13576,201495.08,8162792.33,1579.093,,,,,,,,,
13577,201495.176,8162754.633,1579.519,,,,,,,,,
13578,201488.962,8162754.722,1579.282,,,,,,,,,
13579,201482.813,8162754.558,1579.163,,,,,,,,,
13580,201476.587,8162754.619,1579.063,,,,,,,,,
13581,201482.719,8162791.327,1579.144,,,,,,,,,
13582,201482.712,8162792.319,1579.114,,,,,,,,,
13583,201476.624,8162792.501,1578.939,,,,,,,,,
13584,201476.552,8162791.461,1578.927,,,,,,,,,
13585,201476.545,8162829.167,1577.735,,,,,,,,,
13586,201476.54,8162829.661,1577.602,,,,,,,,,
13587,201482.671,8162829.048,1577.877,,,,,,,,,
13588,201482.774,8162829.638,1577.66,,,,,,,,,
13589,201482.762,8162866.38,1577.763,,,,,,,,,
13590,201482.695,8162867.408,1577.729,,,,,,,,,
13591,201476.665,8162866.638,1577.593,,,,,,,,,
13592,201476.584,8162867.491,1577.597,,,,,,,,,
13593,201476.53,8162904.208,1575.973,,,,,,,,,
13594,201476.519,8162904.76,1575.901,,,,,,,,,
13595,201482.642,8162904.138,1576.206,,,,,,,,,
13596,201482.715,8162904.761,1576.089,,,,,,,,,
13597,201482.629,8162941.615,1575.636,,,,,,,,,
13598,201482.73,8162942.432,1575.637,,,,,,,,,
13599,201476.496,8162941.682,1575.247,,,,,,,,,
13600,201476.483,8162942.603,1575.213,,,,,,,,,
13601,201482.722,8162979.175,1575.129,,,,,,,,,
13602,201476.541,8162979.524,1574.835,,,,,,,,,
13603,201470.366,8162979.241,1574.947,,,,,,,,,
13604,201464.295,8162979.606,1574.577,,,,,,,,,
13605,201464.157,8162942.622,1574.807,,,,,,,,,
13606,201464.132,8162941.679,1574.806,,,,,,,,,
13607,201470.354,8162941.55,1574.892,,,,,,,,,
13608,201470.357,8162942.411,1574.874,,,,,,,,,
13609,201470.097,8162904.805,1575.643,,,,,,,,,
13610,201470.285,8162904.148,1575.798,,,,,,,,,
13611,201464.244,8162904.86,1575.455,,,,,,,,,
13612,201464.094,8162904.246,1575.553,,,,,,,,,
13613,201464.14,8162867.555,1577.142,,,,,,,,,
13614,201464.182,8162866.573,1577.144,,,,,,,,,
13615,201469.998,8162866.476,1577.278,,,,,,,,,
13616,201470.374,8162867.269,1577.325,,,,,,,,,
13617,201470.264,8162829.561,1577.566,,,,,,,,,
13618,201470.355,8162829.067,1577.601,,,,,,,,,
13619,201464.267,8162829.703,1577.18,,,,,,,,,
13620,201464.093,8162829.413,1577.318,,,,,,,,,
13621,201464.208,8162792.45,1578.336,,,,,,,,,
13622,201464.146,8162791.426,1578.4,,,,,,,,,
13623,201470.291,8162792.318,1578.727,,,,,,,,,
13624,201470.215,8162791.377,1578.741,,,,,,,,,
13625,201470.358,8162754.597,1578.901,,,,,,,,,
13626,201464.148,8162754.765,1578.571,,,,,,,,,
13627,201458.05,8162754.507,1578.377,,,,,,,,,
13628,201451.733,8162754.717,1578.057,,,,,,,,,
13629,201457.936,8162791.299,1578.098,,,,,,,,,
13630,201457.879,8162792.302,1578.08,,,,,,,,,
13631,201451.724,8162791.403,1577.697,,,,,,,,,
13632,201451.722,8162792.344,1577.683,,,,,,,,,
13633,201457.919,8162829.003,1577.09,,,,,,,,,
13634,201457.955,8162829.564,1576.917,,,,,,,,,
13635,201451.725,8162829.153,1576.813,,,,,,,,,
13636,201451.738,8162829.704,1576.634,,,,,,,,,
13637,201457.97,8162866.41,1576.646,,,,,,,,,
13638,201457.973,8162867.426,1576.617,,,,,,,,,
13639,201451.85,8162867.594,1576.197,,,,,,,,,
13640,201451.765,8162866.551,1576.182,,,,,,,,,
13641,201457.86,8162904.137,1575.346,,,,,,,,,
13642,201457.929,8162904.763,1575.225,,,,,,,,,
13643,201451.733,8162904.271,1575.329,,,,,,,,,
13644,201451.758,8162904.855,1575.247,,,,,,,,,
13645,201457.93,8162941.504,1574.532,,,,,,,,,
13646,201457.871,8162942.478,1574.544,,,,,,,,,
13647,201451.876,8162942.656,1574.558,,,,,,,,,
13648,201451.766,8162941.643,1574.623,,,,,,,,,
13649,201457.945,8162979.28,1574.459,,,,,,,,,
13650,201451.736,8162979.346,1574.457,,,,,,,,,
13651,201439.314,8163054.508,1573.112,,,,,,,,,
13652,201439.355,8163017.802,1573.621,,,,,,,,,
13653,201439.342,8163016.806,1573.626,,,,,,,,,
13654,201439.417,8162980.078,1574.198,,,,,,,,,
13655,201439.33,8162979.525,1574.04,,,,,,,,,
13656,201445.551,8162979.213,1574.284,,,,,,,,,
13657,201445.527,8162942.534,1574.253,,,,,,,,,
13658,201445.443,8162941.503,1574.268,,,,,,,,,
13659,201439.321,8162941.676,1574.341,,,,,,,,,
13660,201439.318,8162942.507,1574.336,,,,,,,,,
13661,201439.382,8162904.96,1574.717,,,,,,,,,
13662,201439.337,8162904.203,1575,,,,,,,,,
13663,201445.415,8162904.665,1574.932,,,,,,,,,
13664,201445.55,8162904.144,1575.295,,,,,,,,,
13665,201445.589,8162867.426,1575.741,,,,,,,,,
13666,201445.583,8162866.464,1575.752,,,,,,,,,
13667,201439.583,8162867.335,1575.293,,,,,,,,,
13668,201439.312,8162866.632,1575.399,,,,,,,,,
13669,201439.369,8162829.869,1575.873,,,,,,,,,
13670,201439.396,8162829.263,1576.091,,,,,,,,,
13671,201445.506,8162829.652,1576.402,,,,,,,,,
13672,201445.583,8162829.191,1576.379,,,,,,,,,
13673,201445.49,8162792.29,1577.307,,,,,,,,,
13674,201445.522,8162791.354,1577.324,,,,,,,,,
13675,201439.674,8162792.29,1577.02,,,,,,,,,
13676,201439.416,8162791.65,1577.15,,,,,,,,,
13677,201439.374,8162754.733,1577.602,,,,,,,,,
13678,201445.5,8162754.765,1577.73,,,,,,,,,
13679,201433.265,8162754.765,1577.38,,,,,,,,,
13680,201426.96,8162754.563,1577.285,,,,,,,,,
13681,201433.153,8162791.269,1576.872,,,,,,,,,
13682,201433.148,8162792.386,1576.842,,,,,,,,,
13683,201427.016,8162792.457,1576.4,,,,,,,,,
13684,201426.967,8162791.537,1576.389,,,,,,,,,
13685,201427.026,8162829.292,1575.663,,,,,,,,,
13686,201426.962,8162829.726,1575.769,,,,,,,,,
13687,201433.059,8162829.765,1575.752,,,,,,,,,
13688,201433.196,8162829.268,1575.893,,,,,,,,,
13689,201433.102,8162866.59,1575.275,,,,,,,,,
13690,201433.134,8162867.51,1575.217,,,,,,,,,
13691,201426.982,8162866.566,1574.984,,,,,,,,,
13692,201426.979,8162867.554,1574.964,,,,,,,,,
13693,201426.963,8162904.259,1574.133,,,,,,,,,
13694,201426.955,8162904.957,1574.275,,,,,,,,,
13695,201433.139,8162904.15,1574.625,,,,,,,,,
13696,201433.177,8162904.976,1574.713,,,,,,,,,
13697,201433.073,8162941.738,1574.308,,,,,,,,,
13698,201433.141,8162942.551,1574.326,,,,,,,,,
13699,201426.926,8162942.539,1574.062,,,,,,,,,
13700,201426.916,8162941.679,1574.07,,,,,,,,,
13701,201426.945,8162979.288,1573.816,,,,,,,,,
13702,201426.996,8162979.995,1573.882,,,,,,,,,
13703,201433.124,8162979.879,1574.018,,,,,,,,,
13704,201433.133,8162979.268,1573.949,,,,,,,,,
13705,201433.07,8163016.691,1573.496,,,,,,,,,
13706,201433.037,8163017.626,1573.463,,,,,,,,,
13707,201426.963,8163016.773,1573.378,,,,,,,,,
13708,201426.933,8163017.657,1573.364,,,,,,,,,
13709,201426.918,8163054.36,1572.813,,,,,,,,,
13710,201433.13,8163054.385,1572.954,,,,,,,,,
13711,201420.753,8163054.327,1572.727,,,,,,,,,
13712,201414.566,8163054.351,1572.896,,,,,,,,,
13713,201414.577,8163017.695,1573.385,,,,,,,,,
13714,201414.596,8163016.773,1573.406,,,,,,,,,
13715,201420.758,8163017.621,1573.306,,,,,,,,,
13716,201420.674,8163016.765,1573.298,,,,,,,,,
13717,201420.794,8162980.029,1573.841,,,,,,,,,
13718,201420.713,8162979.254,1573.733,,,,,,,,,
13719,201414.55,8162980.073,1573.854,,,,,,,,,
13720,201414.477,8162979.497,1573.732,,,,,,,,,
13721,201414.56,8162942.67,1573.683,,,,,,,,,
13722,201414.578,8162941.701,1573.679,,,,,,,,,
13723,201420.736,8162941.661,1573.914,,,,,,,,,
13724,201420.686,8162942.489,1573.891,,,,,,,,,
13725,201420.649,8162904.768,1573.927,,,,,,,,,
13726,201420.749,8162904.16,1573.921,,,,,,,,,
13727,201414.576,8162904.957,1573.924,,,,,,,,,
13728,201414.548,8162904.137,1574.217,,,,,,,,,
13729,201414.569,8162867.421,1574.805,,,,,,,,,
13730,201414.572,8162866.648,1574.837,,,,,,,,,
13731,201420.783,8162866.408,1575.022,,,,,,,,,
13732,201420.76,8162867.445,1574.99,,,,,,,,,
13733,201420.761,8162829.738,1575.648,,,,,,,,,
13734,201420.753,8162829.021,1575.383,,,,,,,,,
13735,201414.624,8162829.82,1575.378,,,,,,,,,
13736,201414.519,8162829.379,1575.284,,,,,,,,,
13737,201414.721,8162792.382,1575.784,,,,,,,,,
13738,201414.575,8162791.744,1575.853,,,,,,,,,
13739,201420.51,8162791.423,1576.082,,,,,,,,,
13740,201420.663,8162792.316,1576.165,,,,,,,,,
13741,201420.669,8162754.544,1576.982,,,,,,,,,
13742,201414.597,8162754.485,1576.789,,,,,,,,,
13743,201408.505,8162754.529,1576.516,,,,,,,,,
13744,201402.188,8162754.691,1576.272,,,,,,,,,
13745,201402.351,8162791.458,1575.174,,,,,,,,,
13746,201402.336,8162792.325,1575.223,,,,,,,,,
13747,201408.127,8162791.408,1575.493,,,,,,,,,
13748,201408.237,8162792.323,1575.49,,,,,,,,,
13749,201408.287,8162829.106,1574.915,,,,,,,,,
13750,201408.457,8162829.84,1575.204,,,,,,,,,
13751,201402.505,8162829.406,1574.711,,,,,,,,,
13752,201402.212,8162829.809,1575.025,,,,,,,,,
13753,201402.312,8162866.634,1574.563,,,,,,,,,
13754,201402.185,8162867.34,1574.604,,,,,,,,,
13755,201408.397,8162866.644,1574.702,,,,,,,,,
13756,201408.302,8162867.441,1574.719,,,,,,,,,
13757,201408.394,8162904.181,1574.135,,,,,,,,,
13758,201408.461,8162904.702,1573.946,,,,,,,,,
13759,201402.156,8162904.961,1573.892,,,,,,,,,
13760,201402.16,8162904.131,1574.095,,,,,,,,,
13761,201402.21,8162941.736,1573.327,,,,,,,,,
13762,201402.243,8162942.314,1573.384,,,,,,,,,
13763,201408.407,8162941.485,1573.53,,,,,,,,,
13764,201408.391,8162942.447,1573.529,,,,,,,,,
13765,201408.317,8162979.194,1573.499,,,,,,,,,
13766,201408.373,8162980.052,1573.705,,,,,,,,,
13767,201402.304,8162979.519,1573.382,,,,,,,,,
13768,201402.156,8162979.972,1573.532,,,,,,,,,
13769,201402.174,8163016.741,1573.564,,,,,,,,,
13770,201402.26,8163017.676,1573.565,,,,,,,,,
13771,201408.355,8163016.71,1573.275,,,,,,,,,
13772,201408.352,8163017.466,1573.266,,,,,,,,,
13773,201408.274,8163054.395,1572.743,,,,,,,,,
13774,201402.185,8163054.518,1572.928,,,,,,,,,
13775,201395.977,8163054.369,1573.204,,,,,,,,,
13776,201389.76,8163054.521,1573.503,,,,,,,,,
13777,201389.902,8163017.661,1573.947,,,,,,,,,
13778,201389.793,8163016.793,1574.028,,,,,,,,,
13779,201395.599,8163016.698,1573.887,,,,,,,,,
13780,201395.834,8163017.641,1573.937,,,,,,,,,
13781,201395.997,8162979.951,1572.999,,,,,,,,,
13782,201395.974,8162979.374,1573.169,,,,,,,,,
13783,201389.83,8162980.029,1573.183,,,,,,,,,
13784,201389.757,8162979.534,1573.021,,,,,,,,,
13785,201389.777,8162942.628,1573.312,,,,,,,,,
13786,201389.887,8162941.869,1573.345,,,,,,,,,
13787,201395.938,8162941.585,1573.264,,,,,,,,,
13788,201395.937,8162942.409,1573.235,,,,,,,,,
13789,201395.969,8162904.85,1573.857,,,,,,,,,
13790,201395.945,8162904.122,1574.095,,,,,,,,,
13791,201389.849,8162905.021,1573.724,,,,,,,,,
13792,201389.731,8162904.076,1574.053,,,,,,,,,
13793,201389.783,8162867.396,1574.41,,,,,,,,,
13794,201389.794,8162866.526,1574.417,,,,,,,,,
13795,201395.818,8162866.616,1574.474,,,,,,,,,
13796,201395.926,8162867.111,1574.491,,,,,,,,,
13797,201395.935,8162829.81,1574.778,,,,,,,,,
13798,201395.958,8162829.111,1574.578,,,,,,,,,
13799,201389.815,8162829.215,1574.45,,,,,,,,,
13800,201389.837,8162829.776,1574.717,,,,,,,,,
13801,201389.775,8162792.516,1574.755,,,,,,,,,
13802,201389.83,8162791.651,1574.784,,,,,,,,,
13803,201395.964,8162791.338,1575.008,,,,,,,,,
13804,201395.914,8162792.236,1575.006,,,,,,,,,
13805,201395.949,8162754.595,1575.957,,,,,,,,,
13806,201389.788,8162754.731,1575.606,,,,,,,,,
13807,201383.551,8162754.765,1575.308,,,,,,,,,
13808,201377.337,8162754.808,1574.899,,,,,,,,,
13809,201377.419,8162791.563,1574.17,,,,,,,,,
13810,201377.405,8162792.411,1574.191,,,,,,,,,
13811,201383.551,8162791.518,1574.288,,,,,,,,,
13812,201383.44,8162792.32,1574.418,,,,,,,,,
13813,201383.614,8162829.047,1574.395,,,,,,,,,
13814,201383.659,8162829.862,1574.63,,,,,,,,,
13815,201377.548,8162829.356,1573.976,,,,,,,,,
13816,201377.357,8162829.868,1574.287,,,,,,,,,
13817,201383.501,8162866.456,1574.355,,,,,,,,,
13818,201383.547,8162867.265,1574.324,,,,,,,,,
13819,201377.536,8162867.555,1574.292,,,,,,,,,
13820,201377.43,8162866.661,1574.383,,,,,,,,,
13821,201377.567,8162904.369,1573.53,,,,,,,,,
13822,201377.379,8162904.988,1573.613,,,,,,,,,
13823,201383.35,8162904.205,1573.825,,,,,,,,,
13824,201383.6,8162904.872,1573.624,,,,,,,,,
13825,201383.811,8162941.71,1573.128,,,,,,,,,
13826,201383.575,8162942.552,1573.187,,,,,,,,,
13827,201377.429,8162942.619,1572.929,,,,,,,,,
13828,201377.398,8162941.783,1572.943,,,,,,,,,
13829,201377.382,8162979.413,1572.959,,,,,,,,,
13830,201377.409,8162979.994,1573.165,,,,,,,,,
13831,201383.38,8162979.343,1572.856,,,,,,,,,
13832,201383.647,8162979.849,1573.152,,,,,,,,,
13833,201383.549,8163016.627,1573.966,,,,,,,,,
13834,201383.529,8163017.62,1573.962,,,,,,,,,
13835,201377.359,8163016.736,1574.226,,,,,,,,,
13836,201377.357,8163017.74,1574.236,,,,,,,,,
13837,201383.51,8163054.37,1574.034,,,,,,,,,
13838,201377.435,8163054.503,1574.515,,,,,,,,,
13839,201389.748,8163059.323,1572.916,,,,,,,,,
13840,201389.768,8163095.985,1571.823,,,,,,,,,
13841,201389.914,8163096.94,1571.816,,,,,,,,,
13842,201389.772,8163133.74,1571.298,,,,,,,,,
13843,201383.697,8163133.599,1571.243,,,,,,,,,
13844,201377.508,8163133.75,1571.779,,,,,,,,,
13845,201377.375,8163096.977,1572.867,,,,,,,,,
13846,201377.365,8163096.005,1572.897,,,,,,,,,
13847,201383.594,8163096.865,1572.14,,,,,,,,,
13848,201383.599,8163095.817,1572.16,,,,,,,,,
13849,201383.421,8163059.034,1573.367,,,,,,,,,
13850,201377.457,8163059.171,1573.94,,,,,,,,,
13851,201371.157,8163059.186,1574.295,,,,,,,,,
13852,201365.213,8163059.091,1574.58,,,,,,,,,
13853,201364.98,8163095.968,1574.075,,,,,,,,,
13854,201365.004,8163096.966,1574.06,,,,,,,,,
13855,201371.172,8163095.912,1573.456,,,,,,,,,
13856,201371.054,8163096.771,1573.441,,,,,,,,,
13857,201371.143,8163133.614,1572.245,,,,,,,,,
13858,201364.981,8163133.839,1572.436,,,,,,,,,
13859,201352.61,8163208.875,1569.65,,,,,,,,,
13860,201352.6,8163172.175,1570.52,,,,,,,,,
13861,201352.615,8163171.212,1570.573,,,,,,,,,
13862,201352.566,8163134.544,1573.106,,,,,,,,,
13863,201352.633,8163133.82,1573.296,,,,,,,,,
13864,201358.756,8163133.56,1572.832,,,,,,,,,
13865,201358.639,8163096.927,1574.518,,,,,,,,,
13866,201358.609,8163095.947,1574.46,,,,,,,,,
13867,201352.922,8163096.714,1574.748,,,,,,,,,
13868,201352.668,8163096.076,1574.902,,,,,,,,,
13869,201352.639,8163059.157,1575.631,,,,,,,,,
13870,201358.839,8163059.17,1575.086,,,,,,,,,
13871,201346.426,8163059.142,1575.973,,,,,,,,,
13872,201340.242,8163059.183,1576.159,,,,,,,,,
13873,201346.438,8163095.883,1575.028,,,,,,,,,
13874,201346.407,8163096.838,1574.986,,,,,,,,,
13875,201340.152,8163097.023,1575.307,,,,,,,,,
13876,201340.234,8163096.117,1575.398,,,,,,,,,
13877,201340.182,8163133.638,1573.457,,,,,,,,,
13878,201340.197,8163134.513,1573.687,,,,,,,,,
13879,201346.404,8163133.507,1573.661,,,,,,,,,
13880,201346.388,8163134.373,1573.476,,,,,,,,,
13881,201346.377,8163171.036,1570.901,,,,,,,,,
13882,201346.39,8163171.874,1570.814,,,,,,,,,
13883,201340.207,8163171.137,1571.166,,,,,,,,,
13884,201340.179,8163172.14,1571.12,,,,,,,,,
13885,201346.381,8163208.681,1569.619,,,,,,,,,
13886,201340.192,8163208.798,1569.606,,,,,,,,,
13887,201334.009,8163208.671,1569.896,,,,,,,,,
13888,201327.826,8163208.632,1569.824,,,,,,,,,
13889,201333.982,8163170.949,1571.314,,,,,,,,,
13890,201333.981,8163171.908,1571.273,,,,,,,,,
13891,201327.776,8163171.988,1571.421,,,,,,,,,
13892,201327.81,8163171.089,1571.456,,,,,,,,,
13893,201333.996,8163134.316,1573.368,,,,,,,,,
13894,201333.998,8163133.467,1573.179,,,,,,,,,
13895,201327.81,8163134.376,1573.043,,,,,,,,,
13896,201327.778,8163133.731,1572.979,,,,,,,,,
13897,201328.077,8163097.206,1575.493,,,,,,,,,
13898,201327.916,8163096.147,1575.612,,,,,,,,,
13899,201333.961,8163095.778,1575.453,,,,,,,,,
13900,201333.863,8163096.831,1575.402,,,,,,,,,
13901,201333.992,8163059.129,1576.578,,,,,,,,,
13902,201327.851,8163059.275,1576.691,,,,,,,,,
13903,201321.674,8163059.217,1576.745,,,,,,,,,
13904,201315.383,8163059.295,1576.758,,,,,,,,,
13905,201315.403,8163095.98,1576.093,,,,,,,,,
13906,201315.42,8163096.913,1576.079,,,,,,,,,
13907,201321.565,8163095.874,1575.846,,,,,,,,,
13908,201321.569,8163096.966,1575.757,,,,,,,,,
13909,201321.545,8163133.574,1573.61,,,,,,,,,
13910,201321.539,8163134.282,1573.47,,,,,,,,,
13911,201315.416,8163134.382,1573.952,,,,,,,,,
13912,201315.373,8163133.737,1574.16,,,,,,,,,
13913,201315.378,8163171.061,1572.098,,,,,,,,,
13914,201315.385,8163171.992,1572.037,,,,,,,,,
13915,201321.575,8163171.095,1571.839,,,,,,,,,
13916,201321.496,8163171.961,1571.769,,,,,,,,,
13917,201321.579,8163208.702,1570.225,,,,,,,,,
13918,201315.435,8163208.776,1570.521,,,,,,,,,
13919,201309.272,8163208.586,1570.897,,,,,,,,,
13920,201302.965,8163208.799,1571.594,,,,,,,,,
13921,201296.891,8163208.738,1572.346,,,,,,,,,
13922,201296.81,8163172.02,1573.667,,,,,,,,,
13923,201296.817,8163170.971,1573.702,,,,,,,,,
13924,201302.951,8163171.094,1573.013,,,,,,,,,
13925,201302.967,8163172.111,1572.972,,,,,,,,,
13926,201309.222,8163170.927,1572.624,,,,,,,,,
13927,201309.117,8163171.939,1572.598,,,,,,,,,
13928,201309.196,8163134.255,1574.168,,,,,,,,,
13929,201302.982,8163134.402,1574.309,,,,,,,,,
13930,201296.806,8163134.291,1574.811,,,,,,,,,
13931,201309.207,8163133.535,1574.411,,,,,,,,,
13932,201309.233,8163096.77,1576.178,,,,,,,,,
13933,201309.052,8163095.896,1576.187,,,,,,,,,
13934,201309.194,8163059.166,1576.635,,,,,,,,,
13935,201371.167,8163054.478,1574.564,,,,,,,,,
13936,201364.962,8163054.46,1574.9,,,,,,,,,
13937,201365.082,8163017.842,1573.947,,,,,,,,,
13938,201365.068,8163016.943,1573.931,,,,,,,,,
13939,201370.774,8163016.679,1573.963,,,,,,,,,
13940,201371.047,8163017.617,1574.041,,,,,,,,,
13941,201371.179,8162979.903,1572.922,,,,,,,,,
13942,201371.19,8162979.233,1572.835,,,,,,,,,
13943,201365.065,8162979.979,1572.747,,,,,,,,,
13944,201364.931,8162979.433,1572.631,,,,,,,,,
13945,201364.954,8162942.504,1572.976,,,,,,,,,
13946,201364.991,8162941.693,1572.988,,,,,,,,,
13947,201370.965,8162941.494,1572.662,,,,,,,,,
13948,201371.193,8162942.398,1572.683,,,,,,,,,
13949,201371.123,8162904.778,1573.348,,,,,,,,,
13950,201371.166,8162904.123,1573.453,,,,,,,,,
13951,201365.024,8162904.928,1573.39,,,,,,,,,
13952,201364.931,8162904.3,1573.603,,,,,,,,,
13953,201370.976,8162867.409,1574.198,,,,,,,,,
13954,201371.135,8162866.385,1574.329,,,,,,,,,
13955,201365.1,8162867.354,1573.853,,,,,,,,,
13956,201365.038,8162866.732,1573.913,,,,,,,,,
13957,201365.079,8162829.786,1573.951,,,,,,,,,
13958,201364.975,8162829.248,1573.91,,,,,,,,,
13959,201371.142,8162829.656,1574.033,,,,,,,,,
13960,201371.184,8162829.046,1573.907,,,,,,,,,
13961,201371.076,8162792.259,1573.94,,,,,,,,,
13962,201371.112,8162791.343,1573.962,,,,,,,,,
13963,201365.243,8162792.136,1573.701,,,,,,,,,
13964,201365.009,8162791.512,1573.815,,,,,,,,,
13965,201371.203,8162754.606,1574.59,,,,,,,,,
13966,201364.95,8162754.636,1574.43,,,,,,,,,
13967,201358.817,8162754.557,1574.306,,,,,,,,,
13968,201352.624,8162754.638,1574.133,,,,,,,,,
13969,201358.75,8162791.313,1573.724,,,,,,,,,
13970,201358.664,8162792.152,1573.741,,,,,,,,,
13971,201352.699,8162792.389,1573.56,,,,,,,,,
13972,201352.569,8162791.476,1573.585,,,,,,,,,
13973,201352.576,8162829.155,1573.567,,,,,,,,,
13974,201358.762,8162829.076,1573.735,,,,,,,,,
13975,201358.797,8162829.619,1573.915,,,,,,,,,
13976,201352.82,8162829.748,1573.733,,,,,,,,,
13977,201352.57,8162866.605,1573.67,,,,,,,,,
13978,201352.597,8162867.431,1573.684,,,,,,,,,
13979,201358.757,8162866.628,1573.857,,,,,,,,,
13980,201358.781,8162867.412,1573.844,,,,,,,,,
13981,201358.804,8162904.165,1573.696,,,,,,,,,
13982,201358.803,8162904.971,1573.383,,,,,,,,,
13983,201352.572,8162904.163,1573.483,,,,,,,,,
13984,201352.544,8162904.919,1573.281,,,,,,,,,
13985,201358.787,8162941.703,1572.869,,,,,,,,,
13986,201358.814,8162942.51,1572.849,,,,,,,,,
13987,201352.565,8162942.495,1572.683,,,,,,,,,
13988,201352.55,8162941.64,1572.726,,,,,,,,,
13989,201352.607,8162979.211,1572.106,,,,,,,,,
13990,201352.611,8162979.863,1572.157,,,,,,,,,
13991,201358.78,8162979.274,1572.303,,,,,,,,,
13992,201358.842,8162979.777,1572.413,,,,,,,,,
13993,201358.756,8163016.613,1573.813,,,,,,,,,
13994,201358.74,8163017.631,1573.838,,,,,,,,,
13995,201352.552,8163017.689,1573.899,,,,,,,,,
13996,201352.572,8163016.721,1573.849,,,,,,,,,
13997,201358.781,8163054.334,1575.018,,,,,,,,,
13998,201352.591,8163054.408,1575.59,,,,,,,,,
13999,201346.4,8163054.279,1575.896,,,,,,,,,
14000,201340.183,8163054.396,1576.227,,,,,,,,,
14001,201340.184,8163017.74,1574.614,,,,,,,,,
14002,201340.181,8163016.672,1574.539,,,,,,,,,
14003,201346.365,8163016.591,1573.954,,,,,,,,,
14004,201346.378,8163017.56,1574.005,,,,,,,,,
14005,201340.228,8162980.105,1571.734,,,,,,,,,
14006,201340.211,8162979.273,1571.808,,,,,,,,,
14007,201346.391,8162979.962,1571.877,,,,,,,,,
14008,201346.417,8162979.238,1571.854,,,,,,,,,
14009,201340.22,8162942.52,1572.39,,,,,,,,,
14010,201340.162,8162941.729,1572.389,,,,,,,,,
14011,201346.379,8162941.663,1572.446,,,,,,,,,
14012,201346.39,8162942.564,1572.438,,,,,,,,,
14013,201346.38,8162904.986,1572.987,,,,,,,,,
14014,201346.381,8162904.143,1573.347,,,,,,,,,
14015,201340.173,8162904.997,1572.938,,,,,,,,,
14016,201340.214,8162904.264,1572.985,,,,,,,,,
14017,201340.153,8162867.586,1573.562,,,,,,,,,
14018,201340.157,8162866.523,1573.554,,,,,,,,,
14019,201346.407,8162866.565,1573.519,,,,,,,,,
14020,201346.414,8162867.432,1573.5,,,,,,,,,
14021,201340.243,8162829.806,1573.388,,,,,,,,,
14022,201340.16,8162829.198,1573.21,,,,,,,,,
14023,201346.326,8162829.159,1573.358,,,,,,,,,
14024,201346.418,8162829.793,1573.659,,,,,,,,,
14025,201346.406,8162791.364,1573.528,,,,,,,,,
14026,201346.392,8162792.314,1573.52,,,,,,,,,
14027,201340.19,8162792.478,1573.555,,,,,,,,,
14028,201340.147,8162791.448,1573.545,,,,,,,,,
14029,201340.196,8162754.776,1573.771,,,,,,,,,
14030,201346.379,8162754.616,1573.962,,,,,,,,,
14031,201334.019,8162754.586,1573.676,,,,,,,,,
14032,201327.786,8162754.745,1573.464,,,,,,,,,
14033,201334.014,8162791.249,1573.448,,,,,,,,,
14034,201334.005,8162792.347,1573.43,,,,,,,,,
14035,201327.789,8162792.47,1573.274,,,,,,,,,
14036,201327.769,8162791.473,1573.295,,,,,,,,,
14037,201327.769,8162829.158,1573.003,,,,,,,,,
14038,201327.772,8162829.826,1573.209,,,,,,,,,
14039,201333.985,8162828.993,1573.052,,,,,,,,,
14040,201334.062,8162829.766,1573.311,,,,,,,,,
14041,201333.958,8162866.445,1573.46,,,,,,,,,
14042,201333.969,8162867.499,1573.448,,,,,,,,,
14043,201327.82,8162867.532,1573.18,,,,,,,,,
14044,201327.819,8162866.605,1573.191,,,,,,,,,
14045,201327.821,8162904.964,1572.78,,,,,,,,,
14046,201327.787,8162904.274,1572.818,,,,,,,,,
14047,201333.975,8162904.24,1572.814,,,,,,,,,
14048,201333.999,8162904.958,1572.989,,,,,,,,,
14049,201333.998,8162941.694,1572.361,,,,,,,,,
14050,201333.971,8162942.519,1572.355,,,,,,,,,
14051,201327.827,8162942.546,1572.238,,,,,,,,,
14052,201327.798,8162941.639,1572.23,,,,,,,,,
14053,201327.799,8162979.247,1571.642,,,,,,,,,
14054,201327.804,8162980.15,1571.542,,,,,,,,,
14055,201334.032,8162979.24,1571.681,,,,,,,,,
14056,201334.03,8162979.973,1571.582,,,,,,,,,
14057,201333.968,8163016.537,1574.557,,,,,,,,,
14058,201333.965,8163017.586,1574.628,,,,,,,,,
14059,201327.795,8163017.717,1574.843,,,,,,,,,
14060,201327.781,8163016.704,1574.768,,,,,,,,,
14061,201333.996,8163054.216,1576.574,,,,,,,,,
14062,201327.772,8163054.401,1576.369,,,,,,,,,
14063,201321.587,8163054.307,1576.335,,,,,,,,,
14064,201315.389,8163054.376,1576.435,,,,,,,,,
14065,201315.399,8163017.686,1574.804,,,,,,,,,
14066,201315.444,8163016.784,1574.768,,,,,,,,,
14067,201321.562,8163016.623,1574.83,,,,,,,,,
14068,201321.59,8163017.613,1574.887,,,,,,,,,
14069,201321.622,8162980.079,1571.192,,,,,,,,,
14070,201321.594,8162979.308,1571.491,,,,,,,,,
14071,201315.411,8162980.16,1571.152,,,,,,,,,
14072,201315.353,8162979.384,1571.402,,,,,,,,,
14073,201315.474,8162942.675,1571.915,,,,,,,,,
14074,201315.409,8162941.639,1571.931,,,,,,,,,
14075,201321.578,8162941.659,1572.074,,,,,,,,,
14076,201321.593,8162942.549,1572.084,,,,,,,,,
14077,201321.602,8162904.129,1572.746,,,,,,,,,
14078,201321.626,8162904.982,1572.594,,,,,,,,,
14079,201315.415,8162904.979,1572.427,,,,,,,,,
14080,201315.416,8162904.344,1572.57,,,,,,,,,
14081,201315.373,8162867.324,1572.913,,,,,,,,,
14082,201315.365,8162866.603,1572.922,,,,,,,,,
14083,201321.622,8162866.446,1572.985,,,,,,,,,
14084,201321.628,8162867.408,1572.958,,,,,,,,,
14085,201321.597,8162829.087,1572.928,,,,,,,,,
14086,201321.603,8162829.715,1573.156,,,,,,,,,
14087,201315.377,8162829.163,1572.808,,,,,,,,,
14088,201315.37,8162829.91,1572.988,,,,,,,,,
14089,201315.391,8162792.494,1573.003,,,,,,,,,
14090,201315.377,8162791.415,1572.993,,,,,,,,,
14091,201321.604,8162791.409,1573.168,,,,,,,,,
14092,201321.607,8162792.369,1573.184,,,,,,,,,
14093,201321.625,8162754.687,1573.251,,,,,,,,,
14094,201315.402,8162754.754,1572.978,,,,,,,,,
14095,201309.214,8162754.618,1572.712,,,,,,,,,
14096,201309.199,8162791.316,1572.888,,,,,,,,,
14097,201309.223,8162792.312,1572.894,,,,,,,,,
14098,201309.233,8162829.027,1572.694,,,,,,,,,
14099,201309.205,8162829.695,1572.848,,,,,,,,,
14100,201309.128,8162866.417,1572.82,,,,,,,,,
14101,201309.244,8162867.445,1572.788,,,,,,,,,
14102,201309.238,8162904.156,1572.502,,,,,,,,,
14103,201309.239,8162904.805,1572.419,,,,,,,,,
14104,201309.198,8162941.518,1571.899,,,,,,,,,
14105,201309.17,8162942.426,1571.934,,,,,,,,,
14106,201309.182,8162979.234,1571.297,,,,,,,,,
14107,201309.237,8162980.009,1571.031,,,,,,,,,
14108,201309.229,8163016.522,1574.739,,,,,,,,,
14109,201309.215,8163017.52,1574.806,,,,,,,,,
14110,201309.22,8163054.216,1576.353,,,,,,,,,
14111,201216.233,8162126.543,1576.739,,,,,,,,,
14112,201216.201,8162163.486,1577.087,,,,,,,,,
14113,201216.202,8162163.847,1577.093,,,,,,,,,
14114,201216.204,8162200.854,1577.497,,,,,,,,,
14115,201216.231,8162201.535,1577.499,,,,,,,,,
14116,201216.017,8162238.224,1576.065,,,,,,,,,
14117,201216.096,8162239.057,1576.201,,,,,,,,,
14118,201216.165,8162275.919,1575.493,,,,,,,,,
14119,201222.428,8162276.138,1575.71,,,,,,,,,
14120,201228.642,8162275.983,1575.92,,,,,,,,,
14121,201228.609,8162239.412,1576.139,,,,,,,,,
14122,201228.617,8162238.318,1576.156,,,,,,,,,
14123,201222.45,8162239.195,1576.055,,,,,,,,,
14124,201222.48,8162238.446,1576.087,,,,,,,,,
14125,201222.436,8162201.736,1577.521,,,,,,,,,
14126,201222.422,8162200.91,1577.491,,,,,,,,,
14127,201228.624,8162200.854,1577.486,,,,,,,,,
14128,201228.631,8162201.583,1577.605,,,,,,,,,
14129,201228.594,8162164.106,1577.555,,,,,,,,,
14130,201228.581,8162163.231,1577.552,,,,,,,,,
14131,201222.466,8162164.159,1577.273,,,,,,,,,
14132,201222.445,8162163.257,1577.278,,,,,,,,,
14133,201222.42,8162126.635,1577.046,,,,,,,,,
14134,201228.636,8162126.423,1577.133,,,,,,,,,
14135,201234.784,8162126.516,1577.2,,,,,,,,,
14136,201240.983,8162126.402,1577.351,,,,,,,,,
14137,201240.99,8162163.254,1577.99,,,,,,,,,
14138,201240.983,8162164.14,1577.988,,,,,,,,,
14139,201234.793,8162164.209,1577.858,,,,,,,,,
14140,201234.838,8162163.37,1577.85,,,,,,,,,
14141,201234.84,8162201.035,1577.535,,,,,,,,,
14142,201234.828,8162201.76,1577.497,,,,,,,,,
14143,201241.027,8162200.827,1577.616,,,,,,,,,
14144,201241.013,8162201.596,1577.511,,,,,,,,,
14145,201240.991,8162238.257,1576.17,,,,,,,,,
14146,201240.996,8162239.352,1576.152,,,,,,,,,
14147,201234.843,8162239.4,1576.106,,,,,,,,,
14148,201234.832,8162238.417,1576.132,,,,,,,,,
14149,201234.842,8162276.156,1576.158,,,,,,,,,
14150,201241.02,8162275.994,1576.28,,,,,,,,,
14151,201247.224,8162276.142,1576.388,,,,,,,,,
14152,201253.396,8162275.931,1576.581,,,,,,,,,
14153,201247.251,8162239.502,1576.305,,,,,,,,,
14154,201247.232,8162238.445,1576.319,,,,,,,,,
14155,201253.417,8162238.311,1576.55,,,,,,,,,
14156,201253.408,8162239.098,1576.541,,,,,,,,,
14157,201253.409,8162201.528,1577.517,,,,,,,,,
14158,201253.411,8162200.927,1577.624,,,,,,,,,
14159,201247.217,8162201.732,1577.511,,,,,,,,,
14160,201247.245,8162201.018,1577.562,,,,,,,,,
14161,201247.201,8162164.24,1578.265,,,,,,,,,
14162,201247.213,8162163.292,1578.26,,,,,,,,,
14163,201253.392,8162164.137,1578.594,,,,,,,,,
14164,201253.273,8162163.191,1578.546,,,,,,,,,
14165,201247.19,8162126.577,1577.535,,,,,,,,,
14166,201253.369,8162126.481,1577.718,,,,,,,,,
14167,201259.558,8162126.625,1577.974,,,,,,,,,
14168,201265.802,8162126.417,1578.255,,,,,,,,,
14169,201265.747,8162163.118,1578.907,,,,,,,,,
14170,201265.728,8162164.164,1578.898,,,,,,,,,
14171,201259.61,8162164.231,1578.679,,,,,,,,,
14172,201259.607,8162163.316,1578.674,,,,,,,,,
14173,201259.594,8162201.037,1577.745,,,,,,,,,
14174,201259.611,8162201.647,1577.784,,,,,,,,,
14175,201265.769,8162200.827,1578.082,,,,,,,,,
14176,201265.791,8162201.547,1577.776,,,,,,,,,
14177,201265.791,8162238.271,1576.841,,,,,,,,,
14178,201265.801,8162239.217,1576.823,,,,,,,,,
14179,201259.624,8162239.282,1576.677,,,,,,,,,
14180,201259.626,8162238.455,1576.695,,,,,,,,,
14181,201265.801,8162275.958,1576.769,,,,,,,,,
14182,201259.613,8162276.081,1576.685,,,,,,,,,
14183,201272.007,8162276.147,1576.961,,,,,,,,,
14184,201278.176,8162275.986,1577.275,,,,,,,,,
14185,201277.975,8162238.405,1576.993,,,,,,,,,
14186,201278.123,8162239.266,1577.022,,,,,,,,,
14187,201272.169,8162239.318,1576.839,,,,,,,,,
14188,201272.038,8162238.405,1576.871,,,,,,,,,
14189,201271.992,8162201.742,1577.957,,,,,,,,,
14190,201271.987,8162200.996,1578.127,,,,,,,,,
14191,201278.215,8162201.591,1578.3,,,,,,,,,
14192,201278.189,8162200.831,1578.438,,,,,,,,,
14193,201278.145,8162164.07,1579.243,,,,,,,,,
14194,201278.149,8162163.336,1579.27,,,,,,,,,
14195,201271.983,8162164.192,1579.125,,,,,,,,,
14196,201271.981,8162163.379,1579.125,,,,,,,,,
14197,201271.983,8162126.588,1578.589,,,,,,,,,
14198,201278.186,8162126.414,1578.742,,,,,,,,,
14199,201284.366,8162126.64,1579.067,,,,,,,,,
14200,201290.581,8162126.455,1579.216,,,,,,,,,
14201,201290.573,8162163.388,1579.542,,,,,,,,,
14202,201290.55,8162164.015,1579.557,,,,,,,,,
14203,201284.413,8162164.133,1579.387,,,,,,,,,
14204,201284.41,8162163.37,1579.382,,,,,,,,,
14205,201284.398,8162201.056,1578.622,,,,,,,,,
14206,201284.415,8162201.703,1578.342,,,,,,,,,
14207,201290.617,8162201.565,1578.664,,,,,,,,,
14208,201290.6,8162200.88,1578.993,,,,,,,,,
14209,201290.573,8162238.365,1577.744,,,,,,,,,
14210,201290.46,8162239.247,1577.708,,,,,,,,,
14211,201284.446,8162239.332,1577.365,,,,,,,,,
14212,201284.376,8162238.409,1577.37,,,,,,,,,
14213,201284.38,8162276.103,1577.363,,,,,,,,,
14214,201290.614,8162275.973,1577.336,,,,,,,,,
14215,201296.831,8162276.073,1577.597,,,,,,,,,
14216,201296.784,8162239.169,1577.797,,,,,,,,,
14217,201296.883,8162238.599,1577.831,,,,,,,,,
14218,201296.832,8162201.666,1578.781,,,,,,,,,
14219,201296.828,8162201.05,1578.916,,,,,,,,,
14220,201296.785,8162164.244,1579.717,,,,,,,,,
14221,201296.785,8162163.379,1579.732,,,,,,,,,
14222,201296.797,8162126.606,1579.718,,,,,,,,,
14223,200980.665,8162276.022,1570.708,,,,,,,,,
14224,200980.694,8162239.282,1570.383,,,,,,,,,
14225,200980.672,8162238.24,1570.363,,,,,,,,,
14226,200980.562,8162201.463,1569.62,,,,,,,,,
14227,200980.726,8162201.086,1569.646,,,,,,,,,
14228,200980.711,8162164.198,1570.494,,,,,,,,,
14229,200980.663,8162163.47,1570.497,,,,,,,,,
14230,200980.372,8162126.475,1571.367,,,,,,,,,
14231,200980.674,8162125.813,1571.562,,,,,,,,,
14232,200980.721,8162088.924,1572.02,,,,,,,,,
14233,200980.702,8162088.124,1572.026,,,,,,,,,
14234,200980.709,8162051.332,1573.125,,,,,,,,,
14235,200980.716,8162050.786,1573.272,,,,,,,,,
14236,200980.676,8162013.815,1574.168,,,,,,,,,
14237,200980.57,8162013.146,1574.102,,,,,,,,,
14238,200980.698,8161976.26,1573.73,,,,,,,,,
14239,200914.134,8161966.692,1571.166,,,,,,,,,
14240,200913.888,8161929.73,1571.359,,,,,,,,,
14241,200913.911,8161928.818,1571.325,,,,,,,,,
14242,200914.023,8161891.867,1571.588,,,,,,,,,
14243,200919.901,8161891.765,1571.602,,,,,,,,,
14244,200926.365,8161891.86,1571.753,,,,,,,,,
14245,200920.591,8161929.07,1571.413,,,,,,,,,
14246,200920.299,8161929.559,1571.469,,,,,,,,,
14247,200926.25,8161928.824,1571.676,,,,,,,,,
14248,200926.465,8161929.728,1571.715,,,,,,,,,
14249,200920.417,8161966.891,1571.528,,,,,,,,,
14250,200926.453,8161966.517,1571.999,,,,,,,,,
14251,200932.628,8161966.656,1572.23,,,,,,,,,
14252,200938.87,8161966.443,1572.556,,,,,,,,,
14253,200932.622,8161929.894,1571.982,,,,,,,,,
14254,200932.658,8161929.288,1572.046,,,,,,,,,
14255,200938.236,8161928.99,1571.926,,,,,,,,,
14256,200938.852,8161929.706,1572.153,,,,,,,,,
14257,200932.748,8161892.112,1571.996,,,,,,,,,
14258,200938.856,8161891.867,1571.996,,,,,,,,,
14259,200945.003,8161891.874,1572.14,,,,,,,,,
14260,200951.03,8161891.729,1572.38,,,,,,,,,
14261,200951.116,8161928.783,1572.663,,,,,,,,,
14262,200951.151,8161929.66,1572.666,,,,,,,,,
14263,200945.478,8161929.085,1572.226,,,,,,,,,
14264,200945.128,8161929.687,1572.335,,,,,,,,,
14265,200951.27,8161966.472,1573.134,,,,,,,,,
14266,200945.154,8161966.923,1572.68,,,,,,,,,
14267,200957.432,8161966.564,1573.325,,,,,,,,,
14268,200963.679,8161966.466,1573.472,,,,,,,,,
14269,200957.527,8161929.822,1573.005,,,,,,,,,
14270,200957.529,8161928.896,1573.029,,,,,,,,,
14271,200963.668,8161928.699,1573.359,,,,,,,,,
14272,200963.497,8161929.679,1573.281,,,,,,,,,
14273,200957.957,8161891.878,1572.605,,,,,,,,,
14274,200963.547,8161891.825,1572.744,,,,,,,,,
14275,200969.817,8161892.019,1572.937,,,,,,,,,
14276,200975.82,8161891.691,1573.167,,,,,,,,,
14277,200970.376,8161929.156,1573.35,,,,,,,,,
14278,200969.933,8161929.573,1573.43,,,,,,,,,
14279,200975.974,8161928.799,1573.731,,,,,,,,,
14280,200975.888,8161929.702,1573.699,,,,,,,,,
14281,200969.878,8161966.582,1573.583,,,,,,,,,
14282,200975.992,8161966.559,1573.622,,,,,,,,,
14283,200982.179,8161966.663,1573.805,,,,,,,,,
14284,200988.208,8161966.598,1573.897,,,,,,,,,
14285,200982.432,8161929.744,1573.827,,,,,,,,,
14286,200982.302,8161929.127,1573.9,,,,,,,,,
14287,200988.043,8161928.924,1573.967,,,,,,,,,
14288,200988.465,8161929.741,1574.039,,,,,,,,,
14289,200982.46,8161891.98,1573.635,,,,,,,,,
14290,200988.467,8161892.199,1573.591,,,,,,,,,
14291,200994.665,8161892.199,1573.883,,,,,,,,,
14292,201000.602,8161891.76,1574.148,,,,,,,,,
14293,201000.868,8161928.75,1574.208,,,,,,,,,
14294,201000.628,8161929.705,1574.129,,,,,,,,,
14295,200994.947,8161929.101,1574.021,,,,,,,,,
14296,200994.743,8161929.723,1574.126,,,,,,,,,
14297,200994.737,8161966.932,1574.008,,,,,,,,,
14298,201000.776,8161966.568,1574.145,,,,,,,,,
14299,201006.917,8161966.942,1574.365,,,,,,,,,
14300,201012.986,8161966.691,1574.541,,,,,,,,,
14301,201007.062,8161929.961,1574.332,,,,,,,,,
14302,201007.121,8161929.145,1574.375,,,,,,,,,
14303,201013.314,8161928.756,1574.564,,,,,,,,,
14304,201013.244,8161929.678,1574.608,,,,,,,,,
14305,201007.086,8161892.248,1574.423,,,,,,,,,
14306,201012.946,8161891.903,1574.467,,,,,,,,,
14307,201013.252,8161891.437,1574.567,,,,,,,,,
14308,201012.94,8161854.602,1575.36,,,,,,,,,
14309,201013.079,8161853.745,1575.428,,,,,,,,,
14310,201013.31,8161816.961,1575.519,,,,,,,,,
14311,201019.461,8161817.017,1575.587,,,,,,,,,
14312,201025.655,8161817.093,1575.849,,,,,,,,,
14313,201025.646,8161853.701,1575.683,,,,,,,,,
14314,201025.619,8161854.606,1575.357,,,,,,,,,
14315,201020.02,8161854.003,1575.235,,,,,,,,,
14316,201019.564,8161854.567,1575.623,,,,,,,,,
14317,201025.627,8161891.439,1575.462,,,,,,,,,
14318,201025.666,8161892.127,1575.331,,,,,,,,,
14319,201019.757,8161892.021,1574.965,,,,,,,,,
14320,201019.482,8161891.685,1574.973,,,,,,,,,
14321,201019.827,8161929.053,1574.58,,,,,,,,,
14322,201019.484,8161929.888,1574.609,,,,,,,,,
14323,201025.659,8161928.89,1574.971,,,,,,,,,
14324,201025.463,8161929.683,1574.887,,,,,,,,,
14325,201019.61,8161966.889,1574.678,,,,,,,,,
14326,201025.48,8161966.575,1574.697,,,,,,,,,
14327,201031.644,8161966.611,1574.736,,,,,,,,,
14328,201037.821,8161966.574,1574.927,,,,,,,,,
14329,201032.253,8161929.169,1574.97,,,,,,,,,
14330,201031.869,8161929.703,1575.183,,,,,,,,,
14331,201037.89,8161928.952,1575.338,,,,,,,,,
14332,201037.676,8161929.617,1575.212,,,,,,,,,
14333,201032.351,8161892.037,1575.678,,,,,,,,,
14334,201031.857,8161891.601,1575.779,,,,,,,,,
14335,201037.848,8161891.953,1575.85,,,,,,,,,
14336,201038.057,8161891.75,1575.981,,,,,,,,,
14337,201031.889,8161854.711,1575.324,,,,,,,,,
14338,201031.867,8161853.771,1575.337,,,,,,,,,
14339,201037.998,8161853.668,1575.687,,,,,,,,,
14340,201037.99,8161854.561,1575.679,,,,,,,,,
14341,201031.904,8161816.992,1576.257,,,,,,,,,
14342,201038.05,8161817.093,1576.286,,,,,,,,,
14343,201044.183,8161816.958,1576.454,,,,,,,,,
14344,201050.447,8161817.093,1576.442,,,,,,,,,
14345,201044.486,8161854.002,1575.903,,,,,,,,,
14346,201044.204,8161854.626,1575.991,,,,,,,,,
14347,201050.071,8161853.802,1576.326,,,,,,,,,
14348,201050.396,8161854.604,1576.515,,,,,,,,,
14349,201044.573,8161891.754,1576.149,,,,,,,,,
14350,201044.216,8161891.95,1576.078,,,,,,,,,
14351,201050.364,8161891.449,1576.506,,,,,,,,,
14352,201050.481,8161891.923,1576.689,,,,,,,,,
14353,201044.276,8161928.891,1575.565,,,,,,,,,
14354,201044.257,8161929.737,1575.562,,,,,,,,,
14355,201050.386,8161928.801,1575.761,,,,,,,,,
14356,201050.384,8161929.704,1575.744,,,,,,,,,
14357,201044.259,8161966.903,1575.151,,,,,,,,,
14358,201050.383,8161966.544,1575.32,,,,,,,,,
14359,201056.596,8161966.733,1575.419,,,,,,,,,
14360,201062.769,8161966.623,1575.727,,,,,,,,,
14361,201056.692,8161928.902,1576.245,,,,,,,,,
14362,201056.69,8161929.838,1576.22,,,,,,,,,
14363,201062.64,8161929.731,1576.679,,,,,,,,,
14364,201062.848,8161928.742,1576.826,,,,,,,,,
14365,201056.766,8161891.664,1576.704,,,,,,,,,
14366,201062.867,8161891.416,1577.211,,,,,,,,,
14367,201062.925,8161892.024,1577.452,,,,,,,,,
14368,201069.118,8161892.084,1577.688,,,,,,,,,
14369,201056.603,8161892.137,1577.292,,,,,,,,,
14370,201062.849,8161853.67,1577.126,,,,,,,,,
14371,201062.698,8161854.672,1577.07,,,,,,,,,
14372,201056.851,8161854.647,1576.738,,,,,,,,,
14373,201056.671,8161853.77,1576.782,,,,,,,,,
14374,201056.748,8161816.981,1576.629,,,,,,,,,
14375,201062.704,8161816.783,1576.669,,,,,,,,,
14376,201069.041,8161817.093,1576.81,,,,,,,,,
14377,201075.239,8161817.093,1576.862,,,,,,,,,
14378,201069.171,8161853.789,1577.32,,,,,,,,,
14379,201069.056,8161854.524,1577.384,,,,,,,,,
14380,201074.971,8161853.761,1577.689,,,,,,,,,
14381,201075.241,8161854.655,1577.751,,,,,,,,,
14382,201069.14,8161891.579,1577.446,,,,,,,,,
14383,201075.326,8161892.032,1578.002,,,,,,,,,
14384,201075.322,8161891.417,1577.922,,,,,,,,,
14385,201069.176,8161928.915,1577.036,,,,,,,,,
14386,201068.93,8161929.787,1577.192,,,,,,,,,
14387,201075.064,8161928.7,1577.349,,,,,,,,,
14388,201075.129,8161929.616,1577.37,,,,,,,,,
14389,201068.999,8161966.504,1576.026,,,,,,,,,
14390,201075.169,8161966.386,1576.471,,,,,,,,,
14391,201081.432,8161966.546,1576.764,,,,,,,,,
14392,201087.501,8161966.55,1576.872,,,,,,,,,
14393,201087.274,8161929.611,1577.59,,,,,,,,,
14394,201087.553,8161928.775,1577.808,,,,,,,,,
14395,201081.555,8161929.78,1577.443,,,,,,,,,
14396,201081.48,8161928.881,1577.514,,,,,,,,,
14397,201081.522,8161892.113,1578.257,,,,,,,,,
14398,201081.48,8161891.529,1578.213,,,,,,,,,
14399,201087.568,8161891.941,1578.387,,,,,,,,,
14400,201087.645,8161891.438,1578.612,,,,,,,,,
14401,201081.63,8161854.744,1578.078,,,,,,,,,
14402,201081.477,8161853.968,1578.092,,,,,,,,,
14403,201087.437,8161853.655,1578.391,,,,,,,,,
14404,201087.556,8161854.53,1578.434,,,,,,,,,
14405,201081.41,8161817.12,1577.116,,,,,,,,,
14406,201087.597,8161816.847,1577.317,,,,,,,,,
14407,201093.778,8161817.056,1577.672,,,,,,,,,
14408,201093.836,8161853.765,1578.408,,,,,,,,,
14409,201093.851,8161854.812,1578.409,,,,,,,,,
14410,201093.751,8161891.485,1578.944,,,,,,,,,
14411,201093.844,8161892.201,1578.653,,,,,,,,,
14412,201093.941,8161929.102,1578.25,,,,,,,,,
14413,201093.843,8161930.019,1578.246,,,,,,,,,
14414,201093.855,8161966.647,1577.259,,,,,,,,,
14415,200986.838,8162276.076,1570.858,,,,,,,,,
14416,200993.053,8162276.077,1570.906,,,,,,,,,
14417,200993.141,8162238.29,1570.834,,,,,,,,,
14418,200993.121,8162239.061,1570.817,,,,,,,,,
14419,200986.868,8162239.367,1570.542,,,,,,,,,
14420,200986.892,8162238.318,1570.536,,,,,,,,,
14421,200993.039,8162201.511,1570.002,,,,,,,,,
14422,200993.096,8162200.907,1569.81,,,,,,,,,
14423,200986.993,8162200.979,1569.735,,,,,,,,,
14424,200986.895,8162201.603,1569.846,,,,,,,,,
14425,200993.027,8162164.046,1570.635,,,,,,,,,
14426,200993.065,8162163.263,1570.624,,,,,,,,,
14427,200987.025,8162164.11,1570.559,,,,,,,,,
14428,200986.916,8162163.499,1570.656,,,,,,,,,
14429,200992.732,8162126.312,1571.377,,,,,,,,,
14430,200993.076,8162125.841,1571.773,,,,,,,,,
14431,200986.937,8162126.544,1571.436,,,,,,,,,
14432,200986.849,8162126.101,1571.68,,,,,,,,,
14433,200993.101,8162088.902,1572.288,,,,,,,,,
14434,200992.97,8162088.141,1572.319,,,,,,,,,
14435,200986.981,8162089.146,1571.961,,,,,,,,,
14436,200986.933,8162088.325,1572.049,,,,,,,,,
14437,200993.064,8162051.31,1573.539,,,,,,,,,
14438,200993.097,8162050.733,1573.653,,,,,,,,,
14439,200987.042,8162051.403,1573.349,,,,,,,,,
14440,200986.88,8162050.885,1573.489,,,,,,,,,
14441,200993.102,8162012.928,1574.502,,,,,,,,,
14442,200993.084,8162014.005,1574.492,,,,,,,,,
14443,200987.002,8162014.025,1574.229,,,,,,,,,
14444,200986.883,8162013.085,1574.259,,,,,,,,,
14445,200986.959,8161976.321,1573.898,,,,,,,,,
14446,200993.076,8161976.177,1574.124,,,,,,,,,
14447,200999.28,8161976.219,1574.225,,,,,,,,,
14448,201005.479,8161976.202,1574.405,,,,,,,,,
14449,201005.494,8162012.907,1574.607,,,,,,,,,
14450,201005.478,8162013.906,1574.615,,,,,,,,,
14451,200999.306,8162013.062,1574.521,,,,,,,,,
14452,200999.299,8162014.097,1574.517,,,,,,,,,
14453,200999.276,8162050.801,1573.876,,,,,,,,,
14454,200999.275,8162051.47,1573.828,,,,,,,,,
14455,201005.445,8162051.284,1573.98,,,,,,,,,
14456,201005.521,8162050.76,1574.124,,,,,,,,,
14457,200999.262,8162088.267,1572.551,,,,,,,,,
14458,200999.29,8162089.258,1572.51,,,,,,,,,
14459,201005.408,8162088.092,1572.758,,,,,,,,,
14460,201005.506,8162088.838,1572.728,,,,,,,,,
14461,200999.252,8162125.998,1571.819,,,,,,,,,
14462,200999.256,8162126.519,1571.577,,,,,,,,,
14463,201005.52,8162126.509,1571.732,,,,,,,,,
14464,201005.477,8162125.762,1572.028,,,,,,,,,
14465,200999.377,8162163.334,1570.765,,,,,,,,,
14466,200999.26,8162164.138,1570.794,,,,,,,,,
14467,201005.479,8162163.919,1570.934,,,,,,,,,
14468,201005.466,8162163.224,1570.968,,,,,,,,,
14469,200999.348,8162200.872,1570.034,,,,,,,,,
14470,200999.3,8162201.641,1570.218,,,,,,,,,
14471,201005.402,8162200.89,1570.189,,,,,,,,,
14472,201005.491,8162201.567,1570.38,,,,,,,,,
14473,201005.468,8162238.282,1571.257,,,,,,,,,
14474,201005.481,8162239.108,1571.236,,,,,,,,,
14475,200999.349,8162238.426,1571.086,,,,,,,,,
14476,200999.275,8162239.366,1571.116,,,,,,,,,
14477,200999.267,8162276.106,1571.11,,,,,,,,,
14478,201005.474,8162276.024,1571.237,,,,,,,,,
14479,201011.679,8162276.087,1571.224,,,,,,,,,
14480,201017.858,8162275.985,1571.189,,,,,,,,,
14481,201011.678,8162239.323,1571.508,,,,,,,,,
14482,201011.701,8162238.525,1571.537,,,,,,,,,
14483,201017.675,8162238.315,1571.731,,,,,,,,,
14484,201017.898,8162239.042,1571.802,,,,,,,,,
14485,201011.758,8162201.602,1570.622,,,,,,,,,
14486,201011.653,8162200.985,1570.618,,,,,,,,,
14487,201017.78,8162201.376,1570.706,,,,,,,,,
14488,201017.955,8162200.97,1570.747,,,,,,,,,
14489,201011.765,8162163.314,1571.117,,,,,,,,,
14490,201011.683,8162164.088,1571.112,,,,,,,,,
14491,201017.829,8162163.154,1571.221,,,,,,,,,
14492,201017.883,8162164.127,1571.224,,,,,,,,,
14493,201011.702,8162126.538,1571.647,,,,,,,,,
14494,201011.621,8162125.951,1572.089,,,,,,,,,
14495,201017.917,8162126.415,1571.502,,,,,,,,,
14496,201017.904,8162125.76,1571.975,,,,,,,,,
14497,201011.711,8162089.147,1573.118,,,,,,,,,
14498,201011.67,8162088.295,1573.164,,,,,,,,,
14499,201017.766,8162088.863,1573.395,,,,,,,,,
14500,201017.874,8162088.093,1573.468,,,,,,,,,
14501,201011.793,8162051.414,1573.908,,,,,,,,,
14502,201011.688,8162050.806,1574.243,,,,,,,,,
14503,201017.806,8162051.235,1574.014,,,,,,,,,
14504,201017.81,8162050.713,1574.342,,,,,,,,,
14505,201017.861,8162013.747,1574.855,,,,,,,,,
14506,201017.819,8162012.945,1574.89,,,,,,,,,
14507,201011.686,8162014.029,1574.807,,,,,,,,,
14508,201011.68,8162013.06,1574.817,,,,,,,,,
14509,201011.977,8161976.142,1574.477,,,,,,,,,
14510,201017.901,8161976.405,1574.57,,,,,,,,,
14511,201024.053,8161976.32,1574.665,,,,,,,,,
14512,201030.132,8161976.129,1574.768,,,,,,,,,
14513,201030.221,8162012.964,1575.22,,,,,,,,,
14514,201030.231,8162013.803,1575.203,,,,,,,,,
14515,201024.196,8162013.127,1575.121,,,,,,,,,
14516,201024.131,8162014.057,1575.248,,,,,,,,,
14517,201024.058,8162051.462,1574.004,,,,,,,,,
14518,201024.013,8162050.799,1574.306,,,,,,,,,
14519,201030.296,8162051.341,1573.893,,,,,,,,,
14520,201030.199,8162050.753,1574.219,,,,,,,,,
14521,201024.367,8162088.392,1573.222,,,,,,,,,
14522,201024.042,8162089.223,1573.291,,,,,,,,,
14523,201030.13,8162088.933,1573.375,,,,,,,,,
14524,201030.269,8162088.075,1573.406,,,,,,,,,
14525,201024.121,8162125.958,1571.795,,,,,,,,,
14526,201024.08,8162126.466,1571.79,,,,,,,,,
14527,201030.282,8162125.802,1572.079,,,,,,,,,
14528,201030.276,8162126.366,1572.244,,,,,,,,,
14529,201024.213,8162163.365,1571.445,,,,,,,,,
14530,201024.077,8162164.022,1571.527,,,,,,,,,
14531,201030.18,8162163.109,1572.14,,,,,,,,,
14532,201030.28,8162163.973,1572.144,,,,,,,,,
14533,201030.074,8162200.948,1571.193,,,,,,,,,
14534,201030.294,8162201.723,1571.323,,,,,,,,,
14535,201024.601,8162201.482,1570.835,,,,,,,,,
14536,201024.097,8162200.823,1570.943,,,,,,,,,
14537,201024.24,8162238.549,1571.909,,,,,,,,,
14538,201024.111,8162239.196,1572.025,,,,,,,,,
14539,201030.187,8162239.032,1572.149,,,,,,,,,
14540,201030.246,8162238.291,1572.175,,,,,,,,,
14541,201024.137,8162276.368,1570.918,,,,,,,,,
14542,201030.044,8162276.163,1570.974,,,,,,,,,
14543,201036.45,8162276.205,1571.273,,,,,,,,,
14544,201042.694,8162275.983,1571.506,,,,,,,,,
14545,201036.948,8162238.817,1572.082,,,,,,,,,
14546,201036.483,8162239.461,1572.371,,,,,,,,,
14547,201042.599,8162238.965,1572.537,,,,,,,,,
14548,201042.661,8162238.285,1572.568,,,,,,,,,
14549,201036.619,8162201.118,1571.588,,,,,,,,,
14550,201036.471,8162201.702,1571.693,,,,,,,,,
14551,201042.601,8162201.454,1571.78,,,,,,,,,
14552,201042.667,8162200.857,1571.804,,,,,,,,,
14553,201042.484,8162163.728,1571.999,,,,,,,,,
14554,201042.68,8162163.477,1572.141,,,,,,,,,
14555,201036.498,8162163.278,1572.056,,,,,,,,,
14556,201036.506,8162164.278,1572.052,,,,,,,,,
14557,201042.492,8162126.249,1572.837,,,,,,,,,
14558,201042.718,8162126.029,1572.831,,,,,,,,,
14559,201036.615,8162126.041,1572.378,,,,,,,,,
14560,201036.483,8162126.535,1572.599,,,,,,,,,
14561,201036.473,8162089.264,1573.332,,,,,,,,,
14562,201036.5,8162088.261,1573.312,,,,,,,,,
14563,201042.163,8162088.304,1572.956,,,,,,,,,
14564,201042.565,8162088.862,1573.273,,,,,,,,,
14565,201036.485,8162050.917,1573.964,,,,,,,,,
14566,201036.629,8162051.417,1574.026,,,,,,,,,
14567,201042.723,8162051.294,1574.446,,,,,,,,,
14568,201042.626,8162050.681,1574.199,,,,,,,,,
14569,201036.508,8162014.075,1575.242,,,,,,,,,
14570,201036.542,8162013.122,1575.26,,,,,,,,,
14571,201042.502,8162013.065,1575.269,,,,,,,,,
14572,201042.674,8162013.795,1575.354,,,,,,,,,
14573,201036.819,8161975.943,1574.856,,,,,,,,,
14574,201042.459,8161976.025,1574.978,,,,,,,,,
14575,201048.846,8161976.3,1575.139,,,,,,,,,
14576,201054.834,8161975.998,1575.132,,,,,,,,,
14577,201055.058,8162012.939,1575.342,,,,,,,,,
14578,201055.004,8162013.806,1575.389,,,,,,,,,
14579,201049.1,8162013.22,1575.224,,,,,,,,,
14580,201048.94,8162013.845,1575.343,,,,,,,,,
14581,201048.955,8162050.912,1574.177,,,,,,,,,
14582,201048.851,8162051.217,1574.434,,,,,,,,,
14583,201055.0515,8162051.511,1574.332,,,,,,,,,
14584,201055.057,8162050.841,1574.492,,,,,,,,,
14585,201049.009,8162089.148,1573.367,,,,,,,,,
14586,201049.027,8162088.217,1573.234,,,,,,,,,
14587,201054.856,8162088.152,1573.138,,,,,,,,,
14588,201054.944,8162088.742,1573.239,,,,,,,,,
14589,201049.489,8162126.177,1572.911,,,,,,,,,
14590,201048.884,8162126.53,1573.145,,,,,,,,,
14591,201054.738,8162125.849,1573.118,,,,,,,,,
14592,201055.097,8162126.617,1573.172,,,,,,,,,
14593,201048.965,8162164.25,1572.262,,,,,,,,,
14594,201048.904,8162163.525,1572.346,,,,,,,,,
14595,201054.885,8162163.225,1572.543,,,,,,,,,
14596,201055.025,8162164.041,1572.611,,,,,,,,,
14597,201048.837,8162201.661,1572.503,,,,,,,,,
14598,201048.862,8162201.118,1572.346,,,,,,,,,
14599,201054.772,8162200.953,1572.448,,,,,,,,,
14600,201055.1,8162201.313,1572.552,,,,,,,,,
14601,201048.834,8162238.376,1573.125,,,,,,,,,
14602,201048.838,8162239.378,1573.117,,,,,,,,,
14603,201054.863,8162238.318,1573.209,,,,,,,,,
14604,201055.032,8162239.255,1573.25,,,,,,,,,
14605,201048.921,8162276.116,1571.279,,,,,,,,,
14606,201055.018,8162275.974,1571.488,,,,,,,,,
14607,201061.267,8162276.082,1571.611,,,,,,,,,
14608,201067.467,8162275.997,1571.931,,,,,,,,,
14609,201061.46,8162239.217,1573.554,,,,,,,,,
14610,201061.276,8162238.543,1573.733,,,,,,,,,
14611,201067.417,8162238.294,1573.48,,,,,,,,,
14612,201067.31,8162239.244,1573.412,,,,,,,,,
14613,201061.275,8162201.712,1572.866,,,,,,,,,
14614,201061.293,8162201.359,1572.776,,,,,,,,,
14615,201067.076,8162201.247,1572.97,,,,,,,,,
14616,201067.474,8162201.071,1573.065,,,,,,,,,
14617,201061.333,8162163.392,1572.658,,,,,,,,,
14618,201061.322,8162164.194,1572.654,,,,,,,,,
14619,201067.323,8162163.14,1572.828,,,,,,,,,
14620,201067.383,8162164.047,1572.84,,,,,,,,,
14621,201061.354,8162126.041,1573.272,,,,,,,,,
14622,201061.31,8162126.455,1573.456,,,,,,,,,
14623,201067.377,8162126.265,1573.381,,,,,,,,,
14624,201067.458,8162126.075,1573.428,,,,,,,,,
14625,201067.393,8162088.248,1573.592,,,,,,,,,
14626,201067.425,8162088.909,1573.585,,,,,,,,,
14627,201061.423,8162089.063,1573.11,,,,,,,,,
14628,201061.398,8162088.627,1573.229,,,,,,,,,
14629,201067.458,8162051.445,1574.659,,,,,,,,,
14630,201067.47,8162050.648,1574.731,,,,,,,,,
14631,201061.285,8162051.562,1574.791,,,,,,,,,
14632,201061.258,8162050.891,1574.679,,,,,,,,,
14633,201061.341,8162013.996,1575.279,,,,,,,,,
14634,201061.239,8162013.239,1575.394,,,,,,,,,
14635,201067.296,8162012.982,1575.318,,,,,,,,,
14636,201067.367,8162013.706,1575.287,,,,,,,,,
14637,201061.498,8161976.224,1575.233,,,,,,,,,
14638,201067.495,8161976.175,1575.91,,,,,,,,,
14639,201073.644,8161976.313,1576.117,,,,,,,,,
14640,201079.816,8161976.163,1576.199,,,,,,,,,
14641,201079.783,8162012.981,1575.283,,,,,,,,,
14642,201079.652,8162013.932,1575.172,,,,,,,,,
14643,201073.755,8162014.093,1575.424,,,,,,,,,
14644,201073.727,8162013.147,1575.458,,,,,,,,,
14645,201079.783,8162051.216,1574.531,,,,,,,,,
14646,201079.916,8162050.829,1574.819,,,,,,,,,
14647,201073.896,8162051.41,1574.779,,,,,,,,,
14648,201073.645,8162050.843,1574.976,,,,,,,,,
14649,201079.617,8162088.1,1573.558,,,,,,,,,
14650,201079.845,8162089.026,1573.637,,,,,,,,,
14651,201073.945,8162089.056,1573.397,,,,,,,,,
14652,201073.628,8162088.463,1573.546,,,,,,,,,
14653,201073.71,8162126.005,1573.787,,,,,,,,,
14654,201073.643,8162126.44,1573.754,,,,,,,,,
14655,201079.581,8162125.87,1573.821,,,,,,,,,
14656,201079.909,8162126.617,1573.893,,,,,,,,,
14657,201073.77,8162163.399,1572.991,,,,,,,,,
14658,201073.741,8162164.268,1572.973,,,,,,,,,
14659,201079.683,8162163.21,1573.203,,,,,,,,,
14660,201079.817,8162164.139,1573.32,,,,,,,,,
14661,201073.918,8162201.231,1573.356,,,,,,,,,
14662,201073.656,8162201.6,1573.663,,,,,,,,,
14663,201079.848,8162200.859,1573.616,,,,,,,,,
14664,201079.858,8162201.567,1573.957,,,,,,,,,
14665,201073.899,8162238.556,1573.582,,,,,,,,,
14666,201073.702,8162239.493,1573.711,,,,,,,,,
14667,201079.676,8162238.398,1573.986,,,,,,,,,
14668,201079.683,8162239.284,1573.902,,,,,,,,,
14669,201073.753,8162276.298,1572.043,,,,,,,,,
14670,201079.754,8162276.218,1572.255,,,,,,,,,
14671,201086.068,8162276.157,1572.387,,,,,,,,,
14672,201092.255,8162275.961,1572.427,,,,,,,,,
14673,201092.172,8162239.085,1574.337,,,,,,,,,
14674,201092.167,8162238.356,1574.306,,,,,,,,,
14675,201086.145,8162238.534,1574.168,,,,,,,,,
14676,201086.078,8162239.354,1574.21,,,,,,,,,
14677,201092.107,8162201.297,1574.196,,,,,,,,,
14678,201092.281,8162200.849,1574.048,,,,,,,,,
14679,201086.181,8162201.575,1574.186,,,,,,,,,
14680,201086.025,8162201.095,1573.863,,,,,,,,,
14681,201086.077,8162164.26,1573.4,,,,,,,,,
14682,201086.077,8162163.266,1573.437,,,,,,,,,
14683,201092.294,8162163.083,1573.465,,,,,,,,,
14684,201092.265,8162164.078,1573.47,,,,,,,,,
14685,201091.996,8162126.144,1574.067,,,,,,,,,
14686,201092.244,8162126.038,1574.132,,,,,,,,,
14687,201086.269,8162126.442,1574.082,,,,,,,,,
14688,201086.051,8162126.054,1574.226,,,,,,,,,
14689,201092.025,8162088.259,1574.073,,,,,,,,,
14690,201092.244,8162089.001,1574.28,,,,,,,,,
14691,201086.095,8162089.151,1573.844,,,,,,,,,
14692,201086.115,8162088.184,1573.865,,,,,,,,,
14693,201086.167,8162051.377,1574.392,,,,,,,,,
14694,201085.999,8162050.916,1574.563,,,,,,,,,
14695,201092.235,8162051.378,1574.436,,,,,,,,,
14696,201092.188,8162050.702,1574.749,,,,,,,,,
14697,201091.993,8162013.083,1575.438,,,,,,,,,
14698,201091.914,8162013.8,1575.388,,,,,,,,,
14699,201086.28,8162013.924,1575.279,,,,,,,,,
14700,201086.168,8162013.308,1575.398,,,,,,,,,
14701,201086.179,8161976.3,1576.688,,,,,,,,,
14702,201092.001,8161975.89,1576.91,,,,,,,,,
14703,201098.039,8161976.017,1577.035,,,,,,,,,
14704,201104.656,8161976.235,1577.267,,,,,,,,,
14705,201098.465,8162014.069,1575.453,,,,,,,,,
14706,201098.418,8162013.339,1575.492,,,,,,,,,
14707,201104.465,8162013.054,1575.67,,,,,,,,,
14708,201104.533,8162013.721,1575.731,,,,,,,,,
14709,201104.561,8162051.336,1574.297,,,,,,,,,
14710,201104.627,8162050.756,1574.45,,,,,,,,,
14711,201098.529,8162050.88,1574.669,,,,,,,,,
14712,201098.475,8162051.434,1574.511,,,,,,,,,
14713,201098.684,8162088.382,1574.266,,,,,,,,,
14714,201098.484,8162088.952,1574.376,,,,,,,,,
14715,201104.477,8162088.246,1574.364,,,,,,,,,
14716,201104.475,8162088.927,1574.364,,,,,,,,,
14717,201104.608,8162126.374,1574.467,,,,,,,,,
14718,201104.667,8162125.769,1574.542,,,,,,,,,
14719,201098.693,8162126.524,1574.27,,,,,,,,,
14720,201098.481,8162126.093,1574.299,,,,,,,,,
14721,201098.527,8162164.236,1573.622,,,,,,,,,
14722,201098.531,8162163.488,1573.708,,,,,,,,,
14723,201104.453,8162163.261,1573.368,,,,,,,,,
14724,201104.636,8162164.047,1573.459,,,,,,,,,
14725,201098.549,8162201.107,1574.084,,,,,,,,,
14726,201098.448,8162201.382,1574.24,,,,,,,,,
14727,201104.559,8162200.919,1574.269,,,,,,,,,
14728,201104.685,8162201.382,1574.513,,,,,,,,,
14729,201104.365,8162238.42,1574.487,,,,,,,,,
14730,201104.425,8162239.242,1574.522,,,,,,,,,
14731,201098.735,8162238.595,1574.25,,,,,,,,,
14732,201098.473,8162239.382,1574.298,,,,,,,,,
14733,201104.542,8162276.048,1572.903,,,,,,,,,
14734,201098.53,8162276.267,1572.783,,,,,,,,,
14735,201110.841,8162276.132,1573.238,,,,,,,,,
14736,201117.055,8162275.939,1573.048,,,,,,,,,
14737,201117.043,8162238.21,1575.031,,,,,,,,,
14738,201117.04,8162239.323,1574.995,,,,,,,,,
14739,201110.909,8162239.413,1574.821,,,,,,,,,
14740,201110.848,8162238.471,1574.859,,,,,,,,,
14741,201110.848,8162201.677,1574.87,,,,,,,,,
14742,201110.804,8162200.982,1574.674,,,,,,,,,
14743,201116.867,8162200.94,1574.753,,,,,,,,,
14744,201117.059,8162201.505,1575.028,,,,,,,,,
14745,201110.86,8162164.279,1573.509,,,,,,,,,
14746,201110.853,8162163.654,1573.59,,,,,,,,,
14747,201117.021,8162163.14,1573.803,,,,,,,,,
14748,201117.038,8162164.163,1573.822,,,,,,,,,
14749,201117.125,8162126.37,1574.773,,,,,,,,,
14750,201117.09,8162125.901,1574.847,,,,,,,,,
14751,201110.884,8162126.574,1574.622,,,,,,,,,
14752,201110.82,8162125.872,1574.686,,,,,,,,,
14753,201117.036,8162088.143,1574.752,,,,,,,,,
14754,201117.033,8162089.086,1574.754,,,,,,,,,
14755,201110.853,8162089.023,1574.621,,,,,,,,,
14756,201110.859,8162088.175,1574.614,,,,,,,,,
14757,201117.065,8162051.46,1574.651,,,,,,,,,
14758,201117.066,8162050.651,1574.921,,,,,,,,,
14759,201110.847,8162051.451,1574.522,,,,,,,,,
14760,201110.865,8162050.782,1574.732,,,,,,,,,
14761,201117.028,8162012.936,1575.92,,,,,,,,,
14762,201117.02,8162013.987,1575.88,,,,,,,,,
14763,201110.843,8162014.089,1575.645,,,,,,,,,
14764,201110.845,8162013.117,1575.691,,,,,,,,,
14765,201110.909,8161976.409,1577.537,,,,,,,,,
14766,201117.039,8161976.215,1577.653,,,,,,,,,
14767,201123.262,8161976.381,1577.829,,,,,,,,,
14768,201129.544,8161976.207,1578.057,,,,,,,,,
14769,201129.37,8162012.997,1576.288,,,,,,,,,
14770,201129.423,8162013.941,1576.291,,,,,,,,,
14771,201123.252,8162013.075,1576.113,,,,,,,,,
14772,201123.264,8162014.089,1576.074,,,,,,,,,
14773,201129.399,8162050.659,1575.261,,,,,,,,,
14774,201129.487,8162051.296,1575.006,,,,,,,,,
14775,201123.265,8162051.448,1574.846,,,,,,,,,
14776,201123.25,8162050.894,1575.004,,,,,,,,,
14777,201123.236,8162088.152,1574.882,,,,,,,,,
14778,201123.348,8162088.977,1574.906,,,,,,,,,
14779,201129.435,8162088.06,1575.111,,,,,,,,,
14780,201129.405,8162089.033,1575.083,,,,,,,,,
14781,201129.491,8162126.43,1574.933,,,,,,,,,
14782,201129.511,8162126.004,1574.962,,,,,,,,,
14783,201123.288,8162125.872,1574.822,,,,,,,,,
14784,201123.276,8162126.382,1574.774,,,,,,,,,
14785,201129.422,8162163.218,1574.276,,,,,,,,,
14786,201129.441,8162164.149,1574.3,,,,,,,,,
14787,201123.26,8162164.275,1574.018,,,,,,,,,
14788,201123.263,8162163.308,1574.045,,,,,,,,,
14789,201123.608,8162200.823,1574.885,,,,,,,,,
14790,201123.237,8162201.616,1575.262,,,,,,,,,
14791,201129.445,8162200.89,1575.164,,,,,,,,,
14792,201129.465,8162201.506,1575.383,,,,,,,,,
14793,201129.454,8162238.262,1575.254,,,,,,,,,
14794,201129.354,8162239.221,1575.191,,,,,,,,,
14795,201123.266,8162238.39,1575.145,,,,,,,,,
14796,201123.338,8162239.297,1575.162,,,,,,,,,
14797,201123.34,8162276.27,1573.162,,,,,,,,,
14798,201129.379,8162276.057,1573.492,,,,,,,,,
14799,201135.45,8162276.297,1573.534,,,,,,,,,
14800,201141.816,8162276.079,1573.825,,,,,,,,,
14801,201141.682,8162238.357,1575.379,,,,,,,,,
14802,201141.818,8162239.273,1575.423,,,,,,,,,
14803,201135.839,8162239.35,1575.341,,,,,,,,,
14804,201135.636,8162238.496,1575.462,,,,,,,,,
14805,201135.659,8162201.727,1575.517,,,,,,,,,
14806,201135.622,8162201.198,1575.338,,,,,,,,,
14807,201141.852,8162201.546,1575.655,,,,,,,,,
14808,201141.836,8162200.878,1575.34,,,,,,,,,
14809,201141.815,8162163.172,1574.4,,,,,,,,,
14810,201141.8,8162164.138,1574.438,,,,,,,,,
14811,201135.655,8162164.275,1574.312,,,,,,,,,
14812,201135.672,8162163.394,1574.364,,,,,,,,,
14813,201135.692,8162126.571,1575.106,,,,,,,,,
14814,201135.605,8162126.053,1575.122,,,,,,,,,
14815,201141.842,8162126.411,1574.95,,,,,,,,,
14816,201141.846,8162125.809,1575.158,,,,,,,,,
14817,201141.797,8162088.065,1575.481,,,,,,,,,
14818,201141.832,8162089.089,1575.521,,,,,,,,,
14819,201135.898,8162089.046,1575.165,,,,,,,,,
14820,201135.714,8162088.574,1575.293,,,,,,,,,
14821,201141.737,8162051.276,1575.266,,,,,,,,,
14822,201135.671,8162051.435,1575.196,,,,,,,,,
14823,201135.592,8162050.891,1575.094,,,,,,,,,
14824,201135.626,8162014.122,1576.512,,,,,,,,,
14825,201135.631,8162013.104,1576.549,,,,,,,,,
14826,201135.549,8161976.433,1578.183,,,,,,,,,
14827,201148.046,8162051.46,1575.507,,,,,,,,,
14828,201154.258,8162051.275,1575.648,,,,,,,,,
14829,201154.107,8162088.087,1575.881,,,,,,,,,
14830,201154.214,8162089.123,1575.914,,,,,,,,,
14831,201148.036,8162089.161,1575.665,,,,,,,,,
14832,201148.044,8162088.285,1575.687,,,,,,,,,
14833,201148.082,8162126.531,1575.175,,,,,,,,,
14834,201148.016,8162125.92,1575.242,,,,,,,,,
14835,201154.216,8162125.846,1575.312,,,,,,,,,
14836,201154.273,8162126.259,1575.353,,,,,,,,,
14837,201153.847,8162163.239,1574.601,,,,,,,,,
14838,201154.259,8162164.178,1574.843,,,,,,,,,
14839,201148.079,8162163.313,1574.606,,,,,,,,,
14840,201148.12,8162164.075,1574.637,,,,,,,,,
14841,201148.253,8162201.185,1575.317,,,,,,,,,
14842,201148.053,8162201.501,1575.546,,,,,,,,,
14843,201154.111,8162200.969,1575.746,,,,,,,,,
14844,201154.27,8162201.494,1575.958,,,,,,,,,
14845,201153.712,8162238.427,1575.194,,,,,,,,,
14846,201154.236,8162239.338,1575.519,,,,,,,,,
14847,201148.244,8162239.242,1575.435,,,,,,,,,
14848,201148.081,8162238.544,1575.593,,,,,,,,,
14849,201148.257,8162276.265,1573.848,,,,,,,,,
14850,201154.083,8162276.138,1574.091,,,,,,,,,
14851,201160.332,8162276.14,1574.035,,,,,,,,,
14852,201166.53,8162276.047,1574.216,,,,,,,,,
14853,201166.607,8162239.26,1575.691,,,,,,,,,
14854,201166.535,8162238.375,1575.71,,,,,,,,,
14855,201160.617,8162239.264,1575.582,,,,,,,,,
14856,201160.499,8162238.534,1575.774,,,,,,,,,
14857,201160.533,8162201.572,1576.005,,,,,,,,,
14858,201160.401,8162201.004,1576.108,,,,,,,,,
14859,201166.491,8162201.428,1576.182,,,,,,,,,
14860,201166.644,8162200.927,1576.45,,,,,,,,,
14861,201166.316,8162163.311,1575.298,,,,,,,,,
14862,201166.562,8162164.043,1575.438,,,,,,,,,
14863,201160.542,8162164.264,1575.118,,,,,,,,,
14864,201160.497,8162163.491,1575.149,,,,,,,,,
14865,201160.565,8162126.517,1575.378,,,,,,,,,
14866,201160.454,8162125.967,1575.557,,,,,,,,,
14867,201166.48,8162126.311,1575.433,,,,,,,,,
14868,201166.701,8162125.937,1575.667,,,,,,,,,
14869,201160.626,8162089.114,1575.98,,,,,,,,,
14870,201160.513,8162088.376,1576.06,,,,,,,,,
14871,201166.427,8162088.32,1576.038,,,,,,,,,
14872,201166.613,8162089.037,1576.067,,,,,,,,,
14873,201160.528,8162051.325,1575.882,,,,,,,,,
14874,201166.624,8162051.235,1576.323,,,,,,,,,
14875,201172.749,8162051.385,1576.775,,,,,,,,,
14876,201179.02,8162051.53,1577.152,,,,,,,,,
14877,201178.784,8162088.346,1576.404,,,,,,,,,
14878,201178.958,8162089.113,1576.528,,,,,,,,,
14879,201172.989,8162089.023,1576.21,,,,,,,,,
14880,201172.87,8162088.356,1576.282,,,,,,,,,
14881,201178.858,8162125.91,1575.747,,,,,,,,,
14882,201179.055,8162126.326,1575.681,,,,,,,,,
14883,201172.856,8162126.561,1575.433,,,,,,,,,
14884,201172.817,8162125.976,1575.589,,,,,,,,,
14885,201173.134,8162163.61,1575.494,,,,,,,,,
14886,201172.861,8162163.88,1575.632,,,,,,,,,
14887,201178.797,8162163.25,1575.752,,,,,,,,,
14888,201178.941,8162164.039,1575.827,,,,,,,,,
14889,201178.998,8162200.855,1576.805,,,,,,,,,
14890,201179.159,8162201.374,1576.808,,,,,,,,,
14891,201173.294,8162201.511,1576.281,,,,,,,,,
14892,201172.783,8162201.278,1576.547,,,,,,,,,
14893,201178.433,8162238.599,1575.456,,,,,,,,,
14894,201178.989,8162239.255,1575.672,,,,,,,,,
14895,201172.97,8162239.31,1575.622,,,,,,,,,
14896,201172.849,8162238.563,1575.729,,,,,,,,,
14897,201172.9,8162276.266,1574.252,,,,,,,,,
14898,201178.906,8162276.096,1574.354,,,,,,,,,
14899,201185.09,8162276.006,1574.478,,,,,,,,,
14900,201191.255,8162276.104,1574.63,,,,,,,,,
14901,201191.415,8162238.351,1575.666,,,,,,,,,
14902,201191.429,8162239.285,1575.657,,,,,,,,,
14903,201185.457,8162239.142,1575.593,,,,,,,,,
14904,201185.266,8162238.512,1575.749,,,,,,,,,
14905,201185.269,8162201.689,1576.891,,,,,,,,,
14906,201185.19,8162200.998,1577.064,,,,,,,,,
14907,201191.475,8162201.507,1576.956,,,,,,,,,
14908,201191.476,8162201.056,1577.092,,,,,,,,,
14909,201190.915,8162163.353,1576.032,,,,,,,,,
14910,201191.351,8162164.091,1576.302,,,,,,,,,
14911,201185.293,8162164.244,1576.033,,,,,,,,,
14912,201185.265,8162163.307,1576.028,,,,,,,,,
14913,201185.26,8162126.575,1575.747,,,,,,,,,
14914,201185.19,8162126.052,1575.878,,,,,,,,,
14915,201191.374,8162126.385,1575.691,,,,,,,,,
14916,201185.362,8162088.931,1576.643,,,,,,,,,
14917,201185.243,8162088.21,1576.703,,,,,,,,,
14918,201185.421,8162051.241,1577.305,,,,,,,,,
14919,201197.632,8162126.593,1575.869,,,,,,,,,
14920,201203.853,8162126.336,1575.883,,,,,,,,,
14921,201203.632,8162163.103,1576.616,,,,,,,,,
14922,201203.77,8162163.989,1576.733,,,,,,,,,
14923,201197.687,8162164.26,1576.539,,,,,,,,,
14924,201197.62,8162163.318,1576.555,,,,,,,,,
14925,201197.603,8162201.04,1577.239,,,,,,,,,
14926,201197.646,8162201.641,1576.943,,,,,,,,,
14927,201203.512,8162200.862,1577.013,,,,,,,,,
14928,201203.81,8162201.498,1577.164,,,,,,,,,
14929,201203.712,8162238.331,1575.845,,,,,,,,,
14930,201203.877,8162239.202,1575.829,,,,,,,,,
14931,201197.929,8162238.675,1575.63,,,,,,,,,
14932,201197.647,8162239.351,1575.749,,,,,,,,,
14933,201197.735,8162276.317,1574.897,,,,,,,,,
14934,201203.826,8162275.934,1575.105,,,,,,,,,
14935,201209.91,8162276.226,1575.218,,,,,,,,,
14936,201210.264,8162239.262,1575.923,,,,,,,,,
14937,201210.034,8162238.456,1576.024,,,,,,,,,
14938,201210.034,8162201.7,1577.149,,,,,,,,,
14939,201209.926,8162201.042,1577.366,,,,,,,,,
14940,201210.087,8162164.19,1577.015,,,,,,,,,
14941,201210.045,8162163.541,1577.077,,,,,,,,,
14942,201210.127,8162126.481,1576.177,,,,,,,,,
14943,200893.921,8162276.015,1566.832,,,,,,,,,
14944,200900.166,8162275.953,1566.87,,,,,,,,,
14945,200906.285,8162275.934,1566.9,,,,,,,,,
14946,200912.461,8162275.942,1567.054,,,,,,,,,
14947,200918.676,8162275.966,1567.878,,,,,,,,,
14948,200931.142,8162275.997,1568.478,,,,,,,,,
14949,200937.333,8162276.161,1568.747,,,,,,,,,
14950,200924.833,8162276.125,1568.151,,,,,,,,,
14951,200943.51,8162275.958,1569.087,,,,,,,,,
14952,200949.683,8162276.062,1569.617,,,,,,,,,
14953,200955.892,8162275.954,1570.026,,,,,,,,,
14954,200962.031,8162276.133,1570.179,,,,,,,,,
14955,200968.313,8162275.975,1570.393,,,,,,,,,
14956,200974.496,8162276.139,1570.505,,,,,,,,,
14957,200974.484,8162238.391,1570,,,,,,,,,
14958,200974.487,8162239.432,1570.012,,,,,,,,,
14959,200968.418,8162239.027,1569.793,,,,,,,,,
14960,200968.338,8162238.197,1569.76,,,,,,,,,
14961,200962.06,8162239.346,1569.603,,,,,,,,,
14962,200962.058,8162238.374,1569.591,,,,,,,,,
14963,200955.901,8162239.02,1569.359,,,,,,,,,
14964,200955.902,8162238.255,1569.338,,,,,,,,,
14965,200949.683,8162239.31,1569.174,,,,,,,,,
14966,200949.687,8162238.343,1569.151,,,,,,,,,
14967,200943.479,8162238.99,1568.776,,,,,,,,,
14968,200943.489,8162238.217,1568.769,,,,,,,,,
14969,200937.311,8162239.455,1568.445,,,,,,,,,
14970,200937.313,8162238.437,1568.447,,,,,,,,,
14971,200931.136,8162239.123,1568.16,,,,,,,,,
14972,200931.159,8162238.472,1568.212,,,,,,,,,
14973,200924.883,8162239.432,1568.083,,,,,,,,,
14974,200924.882,8162238.426,1568.092,,,,,,,,,
14975,200918.745,8162239.065,1568.014,,,,,,,,,
14976,200918.726,8162238.277,1568.026,,,,,,,,,
14977,200912.491,8162239.196,1567.767,,,,,,,,,
14978,200912.498,8162238.377,1567.784,,,,,,,,,
14979,200906.319,8162238.998,1567.68,,,,,,,,,
14980,200906.314,8162238.375,1567.685,,,,,,,,,
14981,200900.116,8162239.214,1567.654,,,,,,,,,
14982,200900.12,8162238.425,1567.665,,,,,,,,,
14983,200900.121,8162200.846,1568.202,,,,,,,,,
14984,200900.116,8162201.671,1568.454,,,,,,,,,
14985,200906.345,8162201.625,1568.448,,,,,,,,,
14986,200906.316,8162200.799,1568.632,,,,,,,,,
14987,200912.528,8162201.629,1568.491,,,,,,,,,
14988,200912.491,8162200.997,1568.645,,,,,,,,,
14989,200918.704,8162201.506,1568.551,,,,,,,,,
14990,200918.709,8162200.885,1568.696,,,,,,,,,
14991,200924.868,8162201.707,1569.036,,,,,,,,,
14992,200924.886,8162200.986,1568.932,,,,,,,,,
14993,200931.138,8162201.573,1568.777,,,,,,,,,
14994,200931.126,8162200.897,1568.998,,,,,,,,,
14995,200937.305,8162201.717,1568.841,,,,,,,,,
14996,200937.308,8162200.868,1569.055,,,,,,,,,
14997,200943.528,8162201.47,1568.714,,,,,,,,,
14998,200943.549,8162200.888,1568.891,,,,,,,,,
14999,200949.72,8162201.624,1568.747,,,,,,,,,
15000,200949.706,8162200.946,1568.893,,,,,,,,,
15001,200955.902,8162201.52,1568.787,,,,,,,,,
15002,200955.93,8162200.866,1569.008,,,,,,,,,
15003,200962.078,8162201.628,1569.159,,,,,,,,,
15004,200962.093,8162200.988,1568.99,,,,,,,,,
15005,200968.314,8162201.504,1569.126,,,,,,,,,
15006,200968.36,8162200.846,1569.243,,,,,,,,,
15007,200974.501,8162201.698,1569.257,,,,,,,,,
15008,200974.518,8162200.863,1569.222,,,,,,,,,
15009,200974.463,8162163.27,1570.213,,,,,,,,,
15010,200974.453,8162164.18,1570.177,,,,,,,,,
15011,200968.419,8162163.93,1570.146,,,,,,,,,
15012,200968.355,8162163.293,1570.177,,,,,,,,,
15013,200962.204,8162164.28,1570.118,,,,,,,,,
15014,200962.116,8162163.346,1570.187,,,,,,,,,
15015,200955.913,8162163.961,1570.067,,,,,,,,,
15016,200955.928,8162163.231,1570.113,,,,,,,,,
15017,200949.684,8162164.323,1570.041,,,,,,,,,
15018,200949.696,8162163.224,1570.072,,,,,,,,,
15019,200943.578,8162163.972,1569.905,,,,,,,,,
15020,200943.527,8162163.148,1569.919,,,,,,,,,
15021,200937.301,8162164.138,1569.553,,,,,,,,,
15022,200937.31,8162163.257,1569.576,,,,,,,,,
15023,200931.118,8162164.002,1569.455,,,,,,,,,
15024,200931.113,8162163.326,1569.479,,,,,,,,,
15025,200925.067,8162164.24,1569.268,,,,,,,,,
15026,200924.913,8162163.307,1569.344,,,,,,,,,
15027,200918.733,8162163.988,1569.189,,,,,,,,,
15028,200918.741,8162163.448,1569.245,,,,,,,,,
15029,200912.472,8162164.288,1568.947,,,,,,,,,
15030,200912.473,8162163.27,1568.968,,,,,,,,,
15031,200906.301,8162163.889,1568.649,,,,,,,,,
15032,200906.298,8162163.154,1568.664,,,,,,,,,
15033,200900.088,8162164.143,1568.889,,,,,,,,,
15034,200900.13,8162163.331,1568.918,,,,,,,,,
15035,200900.124,8162126.545,1569.651,,,,,,,,,
15036,200900.111,8162125.882,1570.053,,,,,,,,,
15037,200906.321,8162125.679,1570.205,,,,,,,,,
15038,200906.343,8162126.336,1570.056,,,,,,,,,
15039,200912.473,8162126.536,1569.969,,,,,,,,,
15040,200912.48,8162125.803,1570.065,,,,,,,,,
15041,200918.751,8162126.46,1570.148,,,,,,,,,
15042,200918.691,8162125.764,1570.323,,,,,,,,,
15043,200924.902,8162126.554,1569.96,,,,,,,,,
15044,200924.875,8162125.833,1570.267,,,,,,,,,
15045,200931.127,8162126.599,1569.96,,,,,,,,,
15046,200931.112,8162125.751,1570.076,,,,,,,,,
15047,200937.312,8162126.541,1570.049,,,,,,,,,
15048,200937.281,8162125.881,1570.196,,,,,,,,,
15049,200943.522,8162125.675,1570.131,,,,,,,,,
15050,200943.532,8162126.466,1570.274,,,,,,,,,
15051,200949.694,8162125.893,1570.294,,,,,,,,,
15052,200949.713,8162126.487,1570.487,,,,,,,,,
15053,200955.896,8162125.776,1570.727,,,,,,,,,
15054,200955.913,8162126.473,1570.853,,,,,,,,,
15055,200962.085,8162125.939,1570.76,,,,,,,,,
15056,200962.094,8162126.583,1570.936,,,,,,,,,
15057,200968.312,8162125.763,1571.001,,,,,,,,,
15058,200968.347,8162126.562,1571.032,,,,,,,,,
15059,200974.518,8162126.587,1571.153,,,,,,,,,
15060,200974.475,8162125.95,1571.303,,,,,,,,,
15061,200974.521,8162089.214,1572.071,,,,,,,,,
15062,200974.518,8162088.247,1572.117,,,,,,,,,
15063,200968.317,8162088.852,1572.237,,,,,,,,,
15064,200968.325,8162088.095,1572.267,,,,,,,,,
15065,200962.235,8162089.033,1572.077,,,,,,,,,
15066,200962.068,8162088.219,1572.109,,,,,,,,,
15067,200955.88,8162088.883,1571.996,,,,,,,,,
15068,200955.872,8162088.097,1572.021,,,,,,,,,
15069,200949.736,8162089.195,1572.043,,,,,,,,,
15070,200949.709,8162088.18,1572.087,,,,,,,,,
15071,200943.509,8162088.802,1571.846,,,,,,,,,
15072,200943.507,8162087.976,1571.865,,,,,,,,,
15073,200937.292,8162089.204,1571.758,,,,,,,,,
15074,200937.302,8162088.203,1571.792,,,,,,,,,
15075,200931.119,8162088.876,1571.589,,,,,,,,,
15076,200931.123,8162088.18,1571.651,,,,,,,,,
15077,200925.013,8162089.045,1571.398,,,,,,,,,
15078,200924.867,8162088.145,1571.411,,,,,,,,,
15079,200918.681,8162088.868,1571.234,,,,,,,,,
15080,200918.691,8162088.07,1571.243,,,,,,,,,
15081,200912.534,8162089.084,1571.189,,,,,,,,,
15082,200912.49,8162088.14,1571.227,,,,,,,,,
15083,200906.328,8162088.77,1571.105,,,,,,,,,
15084,200906.319,8162087.984,1571.124,,,,,,,,,
15085,200900.193,8162089.125,1570.89,,,,,,,,,
15086,200900.12,8162088.18,1570.883,,,,,,,,,
15087,200900.123,8162051.449,1571.25,,,,,,,,,
15088,200900.124,8162050.623,1571.541,,,,,,,,,
15089,200906.318,8162050.647,1571.568,,,,,,,,,
15090,200906.353,8162051.24,1571.364,,,,,,,,,
15091,200912.51,8162051.338,1571.382,,,,,,,,,
15092,200912.511,8162050.688,1571.687,,,,,,,,,
15093,200918.719,8162051.316,1571.525,,,,,,,,,
15094,200918.69,8162050.692,1571.67,,,,,,,,,
15095,200924.895,8162051.417,1571.593,,,,,,,,,
15096,200924.856,8162050.722,1571.853,,,,,,,,,
15097,200931.13,8162051.333,1571.697,,,,,,,,,
15098,200931.125,8162050.62,1571.93,,,,,,,,,
15099,200937.309,8162051.473,1571.817,,,,,,,,,
15100,200937.308,8162050.805,1572.066,,,,,,,,,
15101,200943.492,8162051.24,1572.016,,,,,,,,,
15102,200943.526,8162050.63,1572.173,,,,,,,,,
15103,200949.673,8162051.474,1572.221,,,,,,,,,
15104,200949.707,8162050.751,1572.442,,,,,,,,,
15105,200955.867,8162051.367,1572.614,,,,,,,,,
15106,200955.909,8162050.635,1572.757,,,,,,,,,
15107,200962.07,8162051.522,1572.571,,,,,,,,,
15108,200962.082,8162050.762,1572.487,,,,,,,,,
15109,200968.332,8162051.337,1572.64,,,,,,,,,
15110,200968.309,8162050.721,1572.721,,,,,,,,,
15111,200974.508,8162051.503,1573.062,,,,,,,,,
15112,200974.461,8162050.756,1572.896,,,,,,,,,
15113,200974.49,8162014.086,1573.895,,,,,,,,,
15114,200974.48,8162013.027,1573.897,,,,,,,,,
15115,200968.33,8162013.821,1573.885,,,,,,,,,
15116,200968.342,8162013.01,1573.897,,,,,,,,,
15117,200962.115,8162014.084,1573.707,,,,,,,,,
15118,200962.11,8162013.135,1573.755,,,,,,,,,
15119,200955.965,8162013.663,1573.484,,,,,,,,,
15120,200955.9,8162012.906,1573.502,,,,,,,,,
15121,200949.658,8162014.066,1573.277,,,,,,,,,
15122,200949.679,8162013.035,1573.303,,,,,,,,,
15123,200943.511,8162013.701,1572.906,,,,,,,,,
15124,200943.493,8162013.127,1572.969,,,,,,,,,
15125,200937.304,8162014.052,1572.497,,,,,,,,,
15126,200937.289,8162013.055,1572.519,,,,,,,,,
15127,200931.126,8162013.697,1572.301,,,,,,,,,
15128,200931.097,8162012.959,1572.324,,,,,,,,,
15129,200924.886,8162013.985,1572.042,,,,,,,,,
15130,200924.874,8162013.012,1572.047,,,,,,,,,
15131,200918.709,8162012.946,1571.984,,,,,,,,,
15132,200918.697,8162013.773,1571.973,,,,,,,,,
15133,200912.513,8162013.189,1571.819,,,,,,,,,
15134,200906.436,8162013.1,1571.519,,,,,,,,,
15135,200900.131,8162013.117,1571.457,,,,,,,,,
15136,200900.134,8162032.284,1571.5,,,,,,,,,
15137,200900.147,8162031.482,1571.527,,,,,,,,,
15138,200906.324,8162031.517,1571.579,,,,,,,,,
15139,200906.329,8162032.11,1571.589,,,,,,,,,
15140,200912.51,8162032.332,1571.735,,,,,,,,,
15141,200912.502,8162031.577,1571.754,,,,,,,,,
15142,200918.691,8161976.237,1571.349,,,,,,,,,
15143,200924.882,8161976.276,1571.385,,,,,,,,,
15144,200931.106,8161976.188,1571.656,,,,,,,,,
15145,200937.285,8161976.331,1572.077,,,,,,,,,
15146,200943.501,8161976.193,1572.328,,,,,,,,,
15147,200949.643,8161976.299,1572.288,,,,,,,,,
15148,200955.946,8161976.222,1572.557,,,,,,,,,
15149,200962.109,8161976.361,1572.891,,,,,,,,,
15150,200968.305,8161976.317,1573.181,,,,,,,,,
15151,200974.446,8161976.336,1573.473,,,,,,,,,
15152,200807.165,8162290.773,1565.009,,,,,,,,,
15153,200800.982,8162290.902,1564.752,,,,,,,,,
15154,200794.789,8162290.735,1564.578,,,,,,,,,
15155,200788.554,8162290.865,1564.348,,,,,,,,,
15156,200782.355,8162290.892,1564.13,,,,,,,,,
15157,200776.164,8162290.906,1563.822,,,,,,,,,
15158,200769.951,8162290.928,1563.901,,,,,,,,,
15159,200763.779,8162290.84,1563.686,,,,,,,,,
15160,200757.611,8162290.894,1563.463,,,,,,,,,
15161,200757.604,8162328.273,1562.998,,,,,,,,,
15162,200757.6,8162327.671,1563.017,,,,,,,,,
15163,200763.772,8162328.406,1563.204,,,,,,,,,
15164,200763.812,8162327.653,1563.251,,,,,,,,,
15165,200769.968,8162327.604,1563.297,,,,,,,,,
15166,200769.962,8162328.396,1563.262,,,,,,,,,
15167,200776.154,8162327.591,1563.443,,,,,,,,,
15168,200776.195,8162328.557,1563.434,,,,,,,,,
15169,200782.365,8162327.622,1563.554,,,,,,,,,
15170,200782.359,8162328.263,1563.566,,,,,,,,,
15171,200788.647,8162328.448,1563.787,,,,,,,,,
15172,200788.567,8162327.603,1563.789,,,,,,,,,
15173,200794.717,8162327.463,1564.11,,,,,,,,,
15174,200794.752,8162327.888,1564.165,,,,,,,,,
15175,200800.959,8162327.59,1564.118,,,,,,,,,
15176,200800.96,8162328.639,1564.098,,,,,,,,,
15177,200807.172,8162327.489,1564.364,,,,,,,,,
15178,200807.149,8162328.29,1564.352,,,,,,,,,
15179,200807.151,8162365.208,1563.806,,,,,,,,,
15180,200807.172,8162365.84,1564.029,,,,,,,,,
15181,200801.006,8162365.328,1563.542,,,,,,,,,
15182,200800.938,8162366.043,1563.817,,,,,,,,,
15183,200794.813,8162365.169,1563.373,,,,,,,,,
15184,200794.759,8162365.911,1563.409,,,,,,,,,
15185,200788.572,8162365.178,1563.209,,,,,,,,,
15186,200788.561,8162365.95,1563.228,,,,,,,,,
15187,200782.366,8162365.208,1562.989,,,,,,,,,
15188,200782.381,8162365.852,1562.772,,,,,,,,,
15189,200776.147,8162366.044,1562.792,,,,,,,,,
15190,200776.129,8162365.225,1563.079,,,,,,,,,
15191,200769.976,8162365.888,1562.515,,,,,,,,,
15192,200769.947,8162365.308,1562.644,,,,,,,,,
15193,200763.77,8162365.94,1562.527,,,,,,,,,
15194,200763.801,8162365.169,1562.796,,,,,,,,,
15195,200757.636,8162365.25,1562.461,,,,,,,,,
15196,200757.588,8162365.737,1562.617,,,,,,,,,
15197,200757.543,8162402.527,1562.222,,,,,,,,,
15198,200757.552,8162403.067,1562.239,,,,,,,,,
15199,200763.885,8162403.596,1562.736,,,,,,,,,
15200,200763.732,8162402.699,1562.796,,,,,,,,,
15201,200769.931,8162402.622,1562.855,,,,,,,,,
15202,200769.967,8162403.403,1562.889,,,,,,,,,
15203,200776.154,8162403.767,1563.05,,,,,,,,,
15204,200776.149,8162402.785,1563.052,,,,,,,,,
15205,200782.396,8162403.32,1563.459,,,,,,,,,
15206,200782.401,8162402.679,1563.493,,,,,,,,,
15207,200788.602,8162403.72,1563.576,,,,,,,,,
15208,200788.639,8162402.678,1563.583,,,,,,,,,
15209,200794.766,8162402.61,1563.792,,,,,,,,,
15210,200794.743,8162403.428,1563.805,,,,,,,,,
15211,200800.961,8162403.783,1563.765,,,,,,,,,
15212,200800.95,8162402.76,1563.768,,,,,,,,,
15213,200807.158,8162402.645,1564.131,,,,,,,,,
15214,200807.147,8162403.335,1564.125,,,,,,,,,
15215,200807.171,8162440.287,1564.025,,,,,,,,,
15216,200807.208,8162440.926,1564.306,,,,,,,,,
15217,200800.97,8162440.503,1563.765,,,,,,,,,
15218,200800.982,8162441.106,1564.009,,,,,,,,,
15219,200794.763,8162440.365,1563.47,,,,,,,,,
15220,200794.79,8162441.075,1563.777,,,,,,,,,
15221,200788.702,8162440.58,1563.297,,,,,,,,,
15222,200788.555,8162441.071,1563.693,,,,,,,,,
15223,200782.425,8162441.073,1563.371,,,,,,,,,
15224,200782.41,8162440.305,1563.248,,,,,,,,,
15225,200776.167,8162441.064,1562.878,,,,,,,,,
15226,200776.177,8162440.492,1562.684,,,,,,,,,
15227,200769.995,8162440.385,1562.802,,,,,,,,,
15228,200769.975,8162440.942,1562.756,,,,,,,,,
15229,200763.765,8162441.142,1562.635,,,,,,,,,
15230,200763.746,8162440.511,1562.523,,,,,,,,,
15231,200757.588,8162441.001,1562.522,,,,,,,,,
15232,200757.538,8162440.197,1562.526,,,,,,,,,
15233,200757.483,8162477.809,1562.538,,,,,,,,,
15234,200757.558,8162478.492,1562.556,,,,,,,,,
15235,200763.87,8162478.737,1562.608,,,,,,,,,
15236,200763.769,8162477.875,1562.654,,,,,,,,,
15237,200769.931,8162477.652,1563.062,,,,,,,,,
15238,200769.931,8162478.429,1563.072,,,,,,,,,
15239,200776.139,8162478.806,1563.426,,,,,,,,,
15240,200776.136,8162477.77,1563.419,,,,,,,,,
15241,200782.323,8162477.857,1563.513,,,,,,,,,
15242,200782.365,8162478.461,1563.526,,,,,,,,,
15243,200788.609,8162478.639,1563.662,,,,,,,,,
15244,200788.598,8162477.803,1563.666,,,,,,,,,
15245,200794.772,8162477.8,1563.792,,,,,,,,,
15246,200794.763,8162478.46,1563.814,,,,,,,,,
15247,200801.012,8162478.702,1564.015,,,,,,,,,
15248,200800.986,8162477.83,1564.023,,,,,,,,,
15249,200807.159,8162477.748,1564.255,,,,,,,,,
15250,200807.167,8162478.481,1564.214,,,,,,,,,
15251,200807.151,8162516.116,1563.906,,,,,,,,,
15252,200807.174,8162515.451,1564.044,,,,,,,,,
15253,200801.088,8162516.252,1563.684,,,,,,,,,
15254,200800.949,8162515.48,1564.008,,,,,,,,,
15255,200794.948,8162516.032,1563.494,,,,,,,,,
15256,200794.773,8162515.416,1563.808,,,,,,,,,
15257,200788.692,8162516.173,1563.358,,,,,,,,,
15258,200788.603,8162515.387,1563.599,,,,,,,,,
15259,200782.385,8162516.05,1563.258,,,,,,,,,
15260,200782.429,8162515.398,1563.62,,,,,,,,,
15261,200776.17,8162516.24,1563.16,,,,,,,,,
15262,200776.163,8162515.537,1563.209,,,,,,,,,
15263,200770.063,8162516.043,1562.951,,,,,,,,,
15264,200769.974,8162515.448,1563.002,,,,,,,,,
15265,200763.836,8162516.246,1562.896,,,,,,,,,
15266,200763.767,8162515.591,1562.813,,,,,,,,,
15267,200757.584,8162515.453,1562.713,,,,,,,,,
15268,200757.59,8162516.107,1562.796,,,,,,,,,
15269,200757.612,8162553.666,1561.924,,,,,,,,,
15270,200757.595,8162552.969,1561.983,,,,,,,,,
15271,200763.754,8162553.969,1561.947,,,,,,,,,
15272,200763.756,8162553.202,1562,,,,,,,,,
15273,200769.828,8162552.874,1562.013,,,,,,,,,
15274,200769.947,8162553.515,1562.056,,,,,,,,,
15275,200776.159,8162553.957,1562.272,,,,,,,,,
15276,200776.149,8162552.923,1562.297,,,,,,,,,
15277,200782.403,8162552.822,1562.41,,,,,,,,,
15278,200782.4,8162553.501,1562.396,,,,,,,,,
15279,200788.587,8162553.922,1562.613,,,,,,,,,
15280,200788.579,8162552.991,1562.656,,,,,,,,,
15281,200794.799,8162552.82,1562.971,,,,,,,,,
15282,200794.796,8162553.578,1562.962,,,,,,,,,
15283,200800.94,8162553.966,1563.22,,,,,,,,,
15284,200800.93,8162553.055,1563.248,,,,,,,,,
15285,200807.185,8162552.882,1563.276,,,,,,,,,
15286,200807.167,8162553.579,1563.289,,,,,,,,,
15287,200807.205,8162590.596,1563.286,,,,,,,,,
15288,200800.95,8162590.763,1563.161,,,,,,,,,
15289,200794.75,8162590.507,1562.982,,,,,,,,,
15290,200788.565,8162590.671,1562.906,,,,,,,,,
15291,200782.387,8162590.47,1562.682,,,,,,,,,
15292,200776.278,8162590.909,1562.274,,,,,,,,,
15293,200769.954,8162590.526,1562.171,,,,,,,,,
15294,200763.762,8162590.678,1561.827,,,,,,,,,
15295,200757.666,8162590.717,1561.625,,,,,,,,,
15296,200751.372,8162590.657,1561.212,,,,,,,,,
15297,200745.13,8162590.579,1561.128,,,,,,,,,
15298,200738.922,8162590.682,1560.813,,,,,,,,,
15299,200739.088,8162553.9,1561.671,,,,,,,,,
15300,200738.956,8162553.038,1561.757,,,,,,,,,
15301,200745.121,8162552.875,1561.758,,,,,,,,,
15302,200745.162,8162553.523,1561.799,,,,,,,,,
15303,200751.372,8162553.901,1561.984,,,,,,,,,
15304,200751.341,8162553.029,1561.994,,,,,,,,,
15305,200751.337,8162515.486,1562.533,,,,,,,,,
15306,200751.348,8162516.148,1562.798,,,,,,,,,
15307,200745.163,8162516.084,1562.45,,,,,,,,,
15308,200745.155,8162515.341,1562.291,,,,,,,,,
15309,200739.132,8162516.155,1562.022,,,,,,,,,
15310,200738.922,8162515.566,1561.786,,,,,,,,,
15311,200738.985,8162478.841,1562.272,,,,,,,,,
15312,200738.98,8162477.873,1562.272,,,,,,,,,
15313,200745.115,8162477.679,1562.268,,,,,,,,,
15314,200745.123,8162478.36,1562.271,,,,,,,,,
15315,200751.319,8162477.788,1562.495,,,,,,,,,
15316,200751.34,8162478.745,1562.476,,,,,,,,,
15317,200751.343,8162440.471,1562.052,,,,,,,,,
15318,200751.364,8162441.026,1562.232,,,,,,,,,
15319,200745.171,8162440.285,1561.905,,,,,,,,,
15320,200745.168,8162440.897,1562.028,,,,,,,,,
15321,200738.931,8162441.127,1561.61,,,,,,,,,
15322,200738.965,8162440.506,1561.348,,,,,,,,,
15323,200738.969,8162403.768,1561.566,,,,,,,,,
15324,200738.972,8162402.794,1561.584,,,,,,,,,
15325,200745.144,8162403.403,1561.517,,,,,,,,,
15326,200745.148,8162402.527,1561.512,,,,,,,,,
15327,200751.375,8162403.806,1561.807,,,,,,,,,
15328,200751.346,8162402.707,1561.833,,,,,,,,,
15329,200751.33,8162365.273,1562.289,,,,,,,,,
15330,200751.369,8162366.038,1562.52,,,,,,,,,
15331,200745.171,8162365.281,1562.082,,,,,,,,,
15332,200745.159,8162365.781,1562.22,,,,,,,,,
15333,200739.034,8162366.023,1562.057,,,,,,,,,
15334,200738.95,8162365.247,1561.835,,,,,,,,,
15335,200739.004,8162328.518,1562.595,,,,,,,,,
15336,200738.947,8162327.64,1562.643,,,,,,,,,
15337,200745.114,8162328.328,1562.546,,,,,,,,,
15338,200745.124,8162327.636,1562.571,,,,,,,,,
15339,200751.348,8162328.594,1562.73,,,,,,,,,
15340,200751.336,8162327.603,1562.744,,,,,,,,,
15341,200751.378,8162290.929,1563.208,,,,,,,,,
15342,200745.214,8162290.923,1563.022,,,,,,,,,
15343,200738.68,8162290.793,1563.249,,,,,,,,,
15344,200825.76,8162163.344,1567.301,,,,,,,,,
15345,200831.897,8162163.296,1567.425,,,,,,,,,
15346,200831.927,8162163.849,1567.427,,,,,,,,,
15347,200831.941,8162125.814,1568.506,,,,,,,,,
15348,200831.969,8162126.528,1568.279,,,,,,,,,
15349,200825.771,8162126.622,1568.173,,,,,,,,,
15350,200825.758,8162125.898,1568.415,,,,,,,,,
15351,200831.47,8162088.248,1568.492,,,,,,,,,
15352,200831.954,8162088.893,1568.714,,,,,,,,,
15353,200825.749,8162089.107,1568.164,,,,,,,,,
15354,200825.748,8162088.154,1568.163,,,,,,,,,
15355,200825.752,8162051.414,1568.792,,,,,,,,,
15356,200825.746,8162050.796,1569.013,,,,,,,,,
15357,200831.947,8162051.348,1569.031,,,,,,,,,
15358,200831.94,8162050.702,1569.2,,,,,,,,,
15359,200831.939,8162031.562,1569.709,,,,,,,,,
15360,200831.938,8162031.872,1569.731,,,,,,,,,
15361,200825.745,8162032.456,1569.758,,,,,,,,,
15362,200825.729,8162031.497,1569.77,,,,,,,,,
15363,200825.743,8162013.157,1569.691,,,,,,,,,
15364,200831.946,8162013.153,1570.115,,,,,,,,,
15365,200838.112,8162013.186,1570.357,,,,,,,,,
15366,200844.127,8162013.049,1570.123,,,,,,,,,
15367,200844.004,8162031.458,1569.473,,,,,,,,,
15368,200844.272,8162031.866,1569.773,,,,,,,,,
15369,200838.171,8162032.297,1569.816,,,,,,,,,
15370,200838.095,8162031.58,1569.863,,,,,,,,,
15371,200838.137,8162051.441,1569.319,,,,,,,,,
15372,200838.116,8162050.704,1569.348,,,,,,,,,
15373,200844.212,8162050.707,1569.211,,,,,,,,,
15374,200844.346,8162051.198,1569.478,,,,,,,,,
15375,200844.23,8162087.939,1569.26,,,,,,,,,
15376,200844.289,8162088.699,1569.35,,,,,,,,,
15377,200838.195,8162089.157,1568.828,,,,,,,,,
15378,200838.15,8162088.203,1568.871,,,,,,,,,
15379,200844.438,8162126.466,1568.245,,,,,,,,,
15380,200844.379,8162125.672,1568.655,,,,,,,,,
15381,200838.19,8162125.988,1568.577,,,,,,,,,
15382,200838.199,8162126.457,1568.349,,,,,,,,,
15383,200838.499,8162163.98,1567.517,,,,,,,,,
15384,200838.163,8162163.331,1567.574,,,,,,,,,
15385,200844.298,8162163.35,1567.683,,,,,,,,,
15386,200844.341,8162164.07,1567.698,,,,,,,,,
15387,200844.304,8162200.936,1566.988,,,,,,,,,
15388,200844.364,8162201.332,1567.002,,,,,,,,,
15389,200838.182,8162201.653,1566.96,,,,,,,,,
15390,200838.161,8162200.931,1566.755,,,,,,,,,
15391,200844.253,8162238.451,1566.495,,,,,,,,,
15392,200844.326,8162238.931,1566.512,,,,,,,,,
15393,200838.178,8162239.417,1566.288,,,,,,,,,
15394,200838.165,8162238.412,1566.32,,,,,,,,,
15395,200838.182,8162276.203,1565.716,,,,,,,,,
15396,200844.286,8162276.027,1565.926,,,,,,,,,
15397,200850.548,8162275.955,1565.951,,,,,,,,,
15398,200850.564,8162239.248,1566.504,,,,,,,,,
15399,200850.573,8162238.483,1566.564,,,,,,,,,
15400,200856.648,8162239.23,1566.475,,,,,,,,,
15401,200856.296,8162220.044,1566.618,,,,,,,,,
15402,200856.718,8162220.506,1566.961,,,,,,,,,
15403,200856.587,8162201.022,1567.338,,,,,,,,,
15404,200856.782,8162201.641,1567.347,,,,,,,,,
15405,200850.739,8162201.581,1567.068,,,,,,,,,
15406,200850.507,8162200.941,1567.187,,,,,,,,,
15407,200850.534,8162164.207,1567.809,,,,,,,,,
15408,200850.531,8162163.338,1567.853,,,,,,,,,
15409,200856.733,8162163.324,1568.087,,,,,,,,,
15410,200856.743,8162163.909,1568.105,,,,,,,,,
15411,200856.76,8162126.574,1568.7,,,,,,,,,
15412,200856.755,8162125.726,1568.876,,,,,,,,,
15413,200850.561,8162126.597,1568.458,,,,,,,,,
15414,200850.557,8162125.896,1568.711,,,,,,,,,
15415,200850.54,8162089.208,1569.449,,,,,,,,,
15416,200850.533,8162088.145,1569.46,,,,,,,,,
15417,200856.716,8162088.05,1569.745,,,,,,,,,
15418,200856.723,8162088.808,1569.742,,,,,,,,,
15419,200850.779,8162051.341,1569.609,,,,,,,,,
15420,200850.533,8162050.571,1569.555,,,,,,,,,
15421,200856.77,8162050.619,1569.739,,,,,,,,,
15422,200856.793,8162051.262,1569.95,,,,,,,,,
15423,200850.673,8162032.156,1569.792,,,,,,,,,
15424,200850.511,8162031.425,1569.82,,,,,,,,,
15425,200856.643,8162031.495,1569.983,,,,,,,,,
15426,200856.74,8162031.918,1570.043,,,,,,,,,
15427,200850.532,8162013.06,1570.047,,,,,,,,,
15428,200856.738,8162013.082,1570.248,,,,,,,,,
15429,200862.918,8162013.186,1570.383,,,,,,,,,
15430,200869.166,8162013.186,1570.502,,,,,,,,,
15431,200869.152,8162031.595,1570.44,,,,,,,,,
15432,200869.161,8162032.022,1570.472,,,,,,,,,
15433,200863.168,8162032.289,1570.238,,,,,,,,,
15434,200862.976,8162031.663,1570.301,,,,,,,,,
15435,200868.828,8162050.814,1570.258,,,,,,,,,
15436,200869.162,8162051.354,1570.258,,,,,,,,,
15437,200863.034,8162051.391,1570.121,,,,,,,,,
15438,200862.944,8162050.853,1570.137,,,,,,,,,
15439,200869.091,8162088.149,1569.861,,,,,,,,,
15440,200869.141,8162088.908,1569.855,,,,,,,,,
15441,200862.929,8162089.144,1569.967,,,,,,,,,
15442,200862.927,8162088.175,1569.987,,,,,,,,,
15443,200869.158,8162125.83,1569.409,,,,,,,,,
15444,200869.18,8162126.405,1569.499,,,,,,,,,
15445,200862.98,8162126.603,1569.05,,,,,,,,,
15446,200862.934,8162125.94,1568.965,,,,,,,,,
15447,200862.936,8162164.194,1568.311,,,,,,,,,
15448,200862.951,8162163.411,1568.33,,,,,,,,,
15449,200869.127,8162163.166,1568.446,,,,,,,,,
15450,200869.127,8162163.908,1568.444,,,,,,,,,
15451,200869.113,8162201.581,1567.766,,,,,,,,,
15452,200869.135,8162200.925,1567.57,,,,,,,,,
15453,200863.072,8162201.666,1567.365,,,,,,,,,
15454,200862.952,8162200.937,1567.507,,,,,,,,,
15455,200863.014,8162220.847,1567.032,,,,,,,,,
15456,200862.916,8162220.116,1567.091,,,,,,,,,
15457,200869.036,8162220.03,1567.427,,,,,,,,,
15458,200869.122,8162220.551,1567.443,,,,,,,,,
15459,200862.915,8162239.216,1566.76,,,,,,,,,
15460,200869.126,8162239.146,1567.09,,,,,,,,,
15461,200875.333,8162240.343,1567.225,,,,,,,,,
15462,200881.496,8162275.989,1566.566,,,,,,,,,
15463,200881.551,8162238.24,1567.422,,,,,,,,,
15464,200881.535,8162239.103,1567.404,,,,,,,,,
15465,200875.339,8162220.85,1567.502,,,,,,,,,
15466,200875.302,8162220.031,1567.511,,,,,,,,,
15467,200881.497,8162201.516,1567.797,,,,,,,,,
15468,200881.557,8162200.869,1567.887,,,,,,,,,
15469,200875.356,8162201.682,1567.754,,,,,,,,,
15470,200875.35,8162201.081,1567.664,,,,,,,,,
15471,200881.454,8162163.178,1568.755,,,,,,,,,
15472,200881.541,8162164.025,1568.752,,,,,,,,,
15473,200875.559,8162164.282,1568.464,,,,,,,,,
15474,200875.332,8162163.456,1568.609,,,,,,,,,
15475,200875.359,8162126.659,1569.399,,,,,,,,,
15476,200875.326,8162126.257,1569.572,,,,,,,,,
15477,200881.556,8162125.853,1569.69,,,,,,,,,
15478,200881.569,8162126.452,1569.856,,,,,,,,,
15479,200881.477,8162088.218,1570.254,,,,,,,,,
15480,200881.529,8162088.926,1570.28,,,,,,,,,
15481,200875.436,8162089.226,1570.039,,,,,,,,,
15482,200875.35,8162088.434,1570.131,,,,,,,,,
15483,200875.334,8162051.534,1570.55,,,,,,,,,
15484,200875.331,8162050.687,1570.684,,,,,,,,,
15485,200881.461,8162050.714,1570.974,,,,,,,,,
15486,200881.566,8162051.4,1570.789,,,,,,,,,
15487,200881.46,8162031.533,1570.986,,,,,,,,,
15488,200881.541,8162032.053,1571.02,,,,,,,,,
15489,200875.636,8162032.242,1570.646,,,,,,,,,
15490,200875.311,8162031.572,1570.764,,,,,,,,,
15491,200875.359,8162013.172,1570.787,,,,,,,,,
15492,200881.387,8162012.949,1570.843,,,,,,,,,
15493,200887.683,8162013.076,1571.084,,,,,,,,,
15494,200893.954,8162013.167,1571.334,,,,,,,,,
15495,200893.67,8162031.595,1571.27,,,,,,,,,
15496,200893.926,8162031.947,1571.372,,,,,,,,,
15497,200887.96,8162032.167,1571.053,,,,,,,,,
15498,200887.716,8162031.702,1571.175,,,,,,,,,
15499,200887.777,8162051.492,1570.873,,,,,,,,,
15500,200887.746,8162050.621,1571.104,,,,,,,,,
15501,200893.784,8162050.725,1571.21,,,,,,,,,
15502,200893.951,8162051.376,1571.07,,,,,,,,,
15503,200893.876,8162088.164,1570.758,,,,,,,,,
15504,200893.916,8162088.758,1570.825,,,,,,,,,
15505,200887.811,8162089.209,1570.438,,,,,,,,,
15506,200887.748,8162088.348,1570.527,,,,,,,,,
15507,200888.218,8162126.472,1569.448,,,,,,,,,
15508,200887.763,8162125.953,1569.925,,,,,,,,,
15509,200893.932,8162125.858,1569.882,,,,,,,,,
15510,200893.913,8162126.571,1569.628,,,,,,,,,
15511,200887.824,8162164.271,1568.645,,,,,,,,,
15512,200887.724,8162163.251,1568.724,,,,,,,,,
15513,200893.708,8162163.413,1568.814,,,,,,,,,
15514,200893.903,8162164.07,1568.888,,,,,,,,,
15515,200893.736,8162201.021,1567.897,,,,,,,,,
15516,200894.02,8162201.564,1568.297,,,,,,,,,
15517,200888.166,8162201.536,1567.623,,,,,,,,,
15518,200887.728,8162200.98,1567.945,,,,,,,,,
15519,200893.83,8162238.483,1567.635,,,,,,,,,
15520,200893.937,8162239.046,1567.61,,,,,,,,,
15521,200887.84,8162239.329,1567.489,,,,,,,,,
15522,200887.727,8162238.545,1567.553,,,,,,,,,
15523,200887.701,8162276.148,1566.709,,,,,,,,,
15524,200813.336,8162893.163,1598.161,,,,,,,,,
15525,200813.411,8162856.368,1562.487,,,,,,,,,
15526,200813.327,8162855.482,1562.518,,,,,,,,,
15527,200813.374,8162818.692,1562.971,,,,,,,,,
15528,200813.338,8162818.082,1563.317,,,,,,,,,
15529,200813.35,8162781.355,1563.324,,,,,,,,,
15530,200813.397,8162780.403,1563.326,,,,,,,,,
15531,200813.506,8162743.573,1561.668,,,,,,,,,
15532,200813.319,8162742.98,1561.896,,,,,,,,,
15533,200813.34,8162706.21,1560.787,,,,,,,,,
15534,200813.343,8162705.223,1560.791,,,,,,,,,
15535,200813.385,8162668.486,1561.66,,,,,,,,,
15536,200813.314,8162668.083,1561.85,,,,,,,,,
15537,200813.384,8162631.094,1562.745,,,,,,,,,
15538,200813.339,8162630.188,1562.826,,,,,,,,,
15539,200813.433,8162593.347,1563.53,,,,,,,,,
15540,200807.186,8162593.236,1563.487,,,,,,,,,
15541,200800.945,8162593.386,1563.158,,,,,,,,,
15542,200800.953,8162631.117,1562.795,,,,,,,,,
15543,200800.975,8162630.353,1562.845,,,,,,,,,
15544,200806.967,8162630.033,1562.76,,,,,,,,,
15545,200807.16,8162630.46,1562.835,,,,,,,,,
15546,200807.022,8162667.721,1561.666,,,,,,,,,
15547,200807.199,8162668.214,1561.587,,,,,,,,,
15548,200801.11,8162668.418,1561.494,,,,,,,,,
15549,200800.93,8162667.904,1561.732,,,,,,,,,
15550,200801.049,8162706.162,1560.498,,,,,,,,,
15551,200800.943,8162705.344,1560.572,,,,,,,,,
15552,200807.14,8162705.093,1560.584,,,,,,,,,
15553,200807.142,8162705.836,1560.582,,,,,,,,,
15554,200807.134,8162742.765,1561.821,,,,,,,,,
15555,200807.203,8162743.395,1561.958,,,,,,,,,
15556,200800.953,8162743.591,1561.33,,,,,,,,,
15557,200800.903,8162743.054,1561.23,,,,,,,,,
15558,200801.115,8162781.232,1563.027,,,,,,,,,
15559,200801.002,8162780.37,1563.128,,,,,,,,,
15560,200807.148,8162780.182,1563.064,,,,,,,,,
15561,200807.121,8162780.865,1563.085,,,,,,,,,
15562,200800.983,8162818.667,1562.566,,,,,,,,,
15563,200800.957,8162818.031,1562.761,,,,,,,,,
15564,200807.157,8162817.865,1563.095,,,,,,,,,
15565,200807.263,8162818.522,1562.794,,,,,,,,,
15566,200807.016,8162855.376,1562.396,,,,,,,,,
15567,200807.102,8162855.838,1562.435,,,,,,,,,
15568,200800.97,8162856.405,1562.321,,,,,,,,,
15569,200800.967,8162855.729,1562.424,,,,,,,,,
15570,200807.156,8162893.045,1561.544,,,,,,,,,
15571,200800.946,8162893.144,1561.605,,,,,,,,,
15572,200794.785,8162893.134,1561.609,,,,,,,,,
15573,200788.536,8162893.218,1561.565,,,,,,,,,
15574,200788.745,8162856.426,1561.996,,,,,,,,,
15575,200788.568,8162855.672,1562.178,,,,,,,,,
15576,200794.704,8162855.383,1562.177,,,,,,,,,
15577,200794.742,8162855.992,1562.212,,,,,,,,,
15578,200788.5,8162818.773,1562.073,,,,,,,,,
15579,200788.504,8162818.133,1561.951,,,,,,,,,
15580,200794.775,8162818.553,1562.298,,,,,,,,,
15581,200794.764,8162817.921,1562.489,,,,,,,,,
15582,200794.698,8162780.905,1563.002,,,,,,,,,
15583,200794.702,8162780.304,1563.034,,,,,,,,,
15584,200789.021,8162781.28,1562.405,,,,,,,,,
15585,200788.558,8162780.54,1562.64,,,,,,,,,
15586,200788.61,8162743.651,1560.572,,,,,,,,,
15587,200788.528,8162742.994,1560.386,,,,,,,,,
15588,200794.71,8162743.421,1560.782,,,,,,,,,
15589,200794.754,8162742.809,1560.928,,,,,,,,,
15590,200794.595,8162705.12,1560.366,,,,,,,,,
15591,200794.735,8162706.012,1560.421,,,,,,,,,
15592,200788.583,8162706.221,1560.258,,,,,,,,,
15593,200788.509,8162705.442,1560.309,,,,,,,,,
15594,200788.557,8162668.579,1561.579,,,,,,,,,
15595,200788.513,8162667.909,1561.768,,,,,,,,,
15596,200794.715,8162668.29,1561.324,,,,,,,,,
15597,200794.785,8162667.682,1561.591,,,,,,,,,
15598,200794.761,8162629.997,1562.779,,,,,,,,,
15599,200794.755,8162630.777,1562.768,,,,,,,,,
15600,200788.515,8162631.125,1562.143,,,,,,,,,
15601,200788.525,8162630.245,1562.163,,,,,,,,,
15602,200794.802,8162593.158,1562.788,,,,,,,,,
15603,200788.627,8162593.349,1562.689,,,,,,,,,
15604,200782.402,8162593.257,1562.57,,,,,,,,,
15605,200776.175,8162593.367,1562.444,,,,,,,,,
15606,200782.336,8162630.1,1562.012,,,,,,,,,
15607,200782.348,8162630.667,1562.046,,,,,,,,,
15608,200776.175,8162631.059,1561.817,,,,,,,,,
15609,200776.148,8162630.175,1561.852,,,,,,,,,
15610,200782.206,8162667.799,1561.481,,,,,,,,,
15611,200782.396,8162668.365,1561.301,,,,,,,,,
15612,200776.252,8162668.511,1561.226,,,,,,,,,
15613,200776.095,8162668.051,1561.427,,,,,,,,,
15614,200776.136,8162706.222,1560.025,,,,,,,,,
15615,200776.137,8162705.31,1560.066,,,,,,,,,
15616,200782.28,8162705.197,1560.178,,,,,,,,,
15617,200782.317,8162705.883,1560.167,,,,,,,,,
15618,200782.283,8162742.875,1560.253,,,,,,,,,
15619,200782.377,8162743.499,1560.424,,,,,,,,,
15620,200776.288,8162743.561,1560.036,,,,,,,,,
15621,200776.143,8162742.959,1560.029,,,,,,,,,
15622,200782.328,8162780.202,1562.167,,,,,,,,,
15623,200782.335,8162780.91,1562.224,,,,,,,,,
15624,200776.138,8162781.364,1561.921,,,,,,,,,
15625,200776.119,8162780.275,1561.884,,,,,,,,,
15626,200782.36,8162817.943,1561.947,,,,,,,,,
15627,200782.359,8162818.552,1561.852,,,,,,,,,
15628,200776.282,8162818.188,1561.647,,,,,,,,,
15629,200776.119,8162818.586,1561.641,,,,,,,,,
15630,200776.118,8162856.442,1561.724,,,,,,,,,
15631,200776.1,8162855.484,1561.719,,,,,,,,,
15632,200782.343,8162855.303,1561.903,,,,,,,,,
15633,200782.365,8162856.117,1561.892,,,,,,,,,
15634,200782.304,8162893.019,1561.592,,,,,,,,,
15635,200776.154,8162893.267,1561.301,,,,,,,,,
15636,200769.841,8162893.241,1560.968,,,,,,,,,
15637,200763.7,8162893.155,1561.013,,,,,,,,,
15638,200763.743,8162856.407,1561.224,,,,,,,,,
15639,200763.694,8162855.836,1561.325,,,,,,,,,
15640,200769.884,8162855.319,1561.502,,,,,,,,,
15641,200769.926,8162855.895,1561.535,,,,,,,,,
15642,200763.99,8162818.525,1561.191,,,,,,,,,
15643,200763.734,8162818.286,1561.335,,,,,,,,,
15644,200769.561,8162818.091,1561.299,,,,,,,,,
15645,200769.966,8162818.771,1561.493,,,,,,,,,
15646,200769.865,8162780.247,1561.515,,,,,,,,,
15647,200769.917,8162780.687,1561.579,,,,,,,,,
15648,200763.804,8162781.282,1561.325,,,,,,,,,
15649,200763.741,8162780.309,1561.313,,,,,,,,,
15650,200763.822,8162743.591,1559.633,,,,,,,,,
15651,200763.733,8162743.211,1559.625,,,,,,,,,
15652,200769.981,8162743.473,1559.867,,,,,,,,,
15653,200769.936,8162742.849,1559.832,,,,,,,,,
15654,200763.8,8162706.266,1559.826,,,,,,,,,
15655,200763.782,8162705.415,1559.872,,,,,,,,,
15656,200769.779,8162705.138,1559.856,,,,,,,,,
15657,200769.88,8162705.655,1559.889,,,,,,,,,
15658,200769.994,8162668.375,1561.271,,,,,,,,,
15659,200769.963,8162667.717,1561.168,,,,,,,,,
15660,200763.715,8162667.935,1561.106,,,,,,,,,
15661,200769.97,8162630.031,1561.619,,,,,,,,,
15662,200769.972,8162630.723,1561.618,,,,,,,,,
15663,200763.742,8162631.176,1561.346,,,,,,,,,
15664,200763.75,8162630.231,1561.38,,,,,,,,,
15665,200769.98,8162593.164,1562.371,,,,,,,,,
15666,200763.748,8162593.434,1562.187,,,,,,,,,
15667,200757.571,8162593.237,1561.923,,,,,,,,,
15668,200751.51,8162593.304,1561.571,,,,,,,,,
15669,200751.575,8162631.05,1560.82,,,,,,,,,
15670,200751.347,8162630.376,1560.911,,,,,,,,,
15671,200757.233,8162630.082,1561.044,,,,,,,,,
15672,200757.55,8162630.485,1561.252,,,,,,,,,
15673,200757.633,8162667.589,1560.647,,,,,,,,,
15674,200757.668,8162668.312,1560.849,,,,,,,,,
15675,200763.762,8162668.614,1560.996,,,,,,,,,
15676,200751.356,8162668.565,1560.612,,,,,,,,,
15677,200751.325,8162667.843,1560.561,,,,,,,,,
15678,200757.487,8162705.172,1559.752,,,,,,,,,
15679,200757.508,8162705.768,1559.778,,,,,,,,,
15680,200751.362,8162706.248,1559.768,,,,,,,,,
15681,200751.351,8162705.297,1559.797,,,,,,,,,
15682,200757.527,8162742.826,1559.434,,,,,,,,,
15683,200757.551,8162743.458,1559.426,,,,,,,,,
15684,200751.347,8162742.975,1559.152,,,,,,,,,
15685,200751.368,8162743.608,1559.147,,,,,,,,,
15686,200757.461,8162780.175,1561.171,,,,,,,,,
15687,200757.559,8162780.995,1561.191,,,,,,,,,
15688,200751.61,8162781.162,1560.938,,,,,,,,,
15689,200751.345,8162780.264,1560.989,,,,,,,,,
15690,200751.366,8162818.652,1561.078,,,,,,,,,
15691,200751.314,8162818.032,1561.287,,,,,,,,,
15692,200757.572,8162817.923,1561.303,,,,,,,,,
15693,200757.566,8162818.597,1561.313,,,,,,,,,
15694,200751.393,8162856.386,1560.911,,,,,,,,,
15695,200751.387,8162855.573,1560.953,,,,,,,,,
15696,200757.198,8162855.476,1561.001,,,,,,,,,
15697,200757.547,8162856.224,1561.111,,,,,,,,,
15698,200757.519,8162893.035,1560.605,,,,,,,,,
15699,200676.967,8163507.196,1554.328,,,,,,,,,
15700,200683.091,8163507.124,1554.279,,,,,,,,,
15701,200683.097,8163469.447,1555.931,,,,,,,,,
15702,200683.154,8163469.757,1555.976,,,,,,,,,
15703,200677.222,8163470.391,1556.085,,,,,,,,,
15704,200676.997,8163469.704,1556.241,,,,,,,,,
15705,200677.052,8163432.08,1557.542,,,,,,,,,
15706,200677.021,8163432.72,1557.347,,,,,,,,,
15707,200683.185,8163432.607,1557.145,,,,,,,,,
15708,200683.2,8163431.944,1557.566,,,,,,,,,
15709,200683.088,8163394.235,1557.769,,,,,,,,,
15710,200683.17,8163395.166,1557.821,,,,,,,,,
15711,200677.015,8163395.269,1557.509,,,,,,,,,
15712,200676.943,8163394.881,1557.595,,,,,,,,,
15713,200677.104,8163357.607,1556.301,,,,,,,,,
15714,200677,8163357.073,1556.006,,,,,,,,,
15715,200682.961,8163356.878,1556.339,,,,,,,,,
15716,200683.197,8163357.443,1556.635,,,,,,,,,
15717,200677.1,8163320.196,1554.674,,,,,,,,,
15718,200677.007,8163319.332,1554.679,,,,,,,,,
15719,200683.034,8163319.179,1554.972,,,,,,,,,
15720,200683.169,8163319.675,1555.046,,,,,,,,,
15721,200676.976,8163282.568,1555.507,,,,,,,,,
15722,200676.949,8163281.924,1555.712,,,,,,,,,
15723,200676.961,8163244.216,1554.377,,,,,,,,,
15724,200677.006,8163245.092,1554.479,,,,,,,,,
15725,200677.031,8163207.485,1555.889,,,,,,,,,
15726,200683.147,8163282.388,1555.525,,,,,,,,,
15727,200689.347,8163282.471,1555.704,,,,,,,,,
15728,200695.438,8163282.249,1555.74,,,,,,,,,
15729,200695.456,8163319.197,1555.49,,,,,,,,,
15730,200695.57,8163319.633,1555.563,,,,,,,,,
15731,200689.446,8163320.169,1555.378,,,,,,,,,
15732,200689.443,8163319.448,1555.409,,,,,,,,,
15733,200689.865,8163357.482,1556.802,,,,,,,,,
15734,200689.452,8163356.917,1556.767,,,,,,,,,
15735,200695.453,8163356.855,1556.948,,,,,,,,,
15736,200695.654,8163357.453,1557.265,,,,,,,,,
15737,200689.487,8163395.279,1558.042,,,,,,,,,
15738,200689.385,8163394.425,1558.078,,,,,,,,,
15739,200695.425,8163394.309,1558.04,,,,,,,,,
15740,200695.562,8163394.84,1558.123,,,,,,,,,
15741,200695.486,8163432.005,1557.336,,,,,,,,,
15742,200695.652,8163432.615,1557.264,,,,,,,,,
15743,200689.601,8163432.76,1557.169,,,,,,,,,
15744,200689.402,8163432.357,1557.357,,,,,,,,,
15745,200695.43,8163469.437,1555.794,,,,,,,,,
15746,200695.561,8163470.059,1555.814,,,,,,,,,
15747,200690.095,8163470.261,1555.755,,,,,,,,,
15748,200689.392,8163469.917,1556.041,,,,,,,,,
15749,200689.374,8163507.246,1553.96,,,,,,,,,
15750,200695.527,8163507.062,1554.061,,,,,,,,,
15751,200701.722,8163507.247,1554.433,,,,,,,,,
15752,200707.754,8163507.126,1554.669,,,,,,,,,
15753,200707.921,8163469.395,1555.821,,,,,,,,,
15754,200707.977,8163469.745,1555.845,,,,,,,,,
15755,200701.813,8163470.489,1555.952,,,,,,,,,
15756,200701.749,8163469.774,1556.064,,,,,,,,,
15757,200702.241,8163432.68,1556.99,,,,,,,,,
15758,200701.788,8163432.156,1557.213,,,,,,,,,
15759,200707.894,8163432.002,1557.141,,,,,,,,,
15760,200708.028,8163432.575,1557.156,,,,,,,,,
15761,200701.841,8163395.32,1558.165,,,,,,,,,
15762,200701.796,8163394.43,1558.204,,,,,,,,,
15763,200707.876,8163394.298,1558.31,,,,,,,,,
15764,200707.917,8163394.849,1558.395,,,,,,,,,
15765,200707.892,8163356.871,1557.366,,,,,,,,,
15766,200708.001,8163357.501,1557.53,,,,,,,,,
15767,200701.971,8163357.605,1557.334,,,,,,,,,
15768,200701.829,8163357.027,1557.128,,,,,,,,,
15769,200701.966,8163320.258,1555.653,,,,,,,,,
15770,200701.824,8163319.413,1555.634,,,,,,,,,
15771,200707.791,8163319.198,1556.032,,,,,,,,,
15772,200707.955,8163319.741,1556.125,,,,,,,,,
15773,200701.783,8163282.568,1555.945,,,,,,,,,
15774,200707.952,8163282.321,1556.419,,,,,,,,,
15775,200714.104,8163282.549,1556.774,,,,,,,,,
15776,200720.312,8163282.345,1556.871,,,,,,,,,
15777,200720.276,8163319.191,1556.783,,,,,,,,,
15778,200720.35,8163319.804,1556.832,,,,,,,,,
15779,200714.485,8163320.133,1556.226,,,,,,,,,
15780,200714.149,8163319.582,1556.375,,,,,,,,,
15781,200720.286,8163356.905,1557.709,,,,,,,,,
15782,200720.425,8163357.296,1557.795,,,,,,,,,
15783,200714.43,8163357.612,1557.499,,,,,,,,,
15784,200714.187,8163357.217,1557.59,,,,,,,,,
15785,200720.205,8163394.313,1558.925,,,,,,,,,
15786,200720.216,8163395.01,1558.928,,,,,,,,,
15787,200714.208,8163395.317,1558.692,,,,,,,,,
15788,200714.199,8163394.474,1558.736,,,,,,,,,
15789,200720.353,8163432.652,1557.231,,,,,,,,,
15790,200720.379,8163431.952,1557.449,,,,,,,,,
15791,200714.268,8163432.779,1556.839,,,,,,,,,
15792,200714.176,8163432.18,1557.001,,,,,,,,,
15793,200720.325,8163469.395,1555.649,,,,,,,,,
15794,200720.355,8163469.84,1555.676,,,,,,,,,
15795,200714.183,8163470.483,1555.939,,,,,,,,,
15796,200714.197,8163469.547,1555.968,,,,,,,,,
15797,200714.117,8163507.231,1554.923,,,,,,,,,
15798,200720.31,8163507.096,1555.341,,,,,,,,,
15799,200726.531,8163507.22,1555.706,,,,,,,,,
15800,200726.664,8163470.434,1555.946,,,,,,,,,
15801,200726.57,8163469.641,1556.004,,,,,,,,,
15802,200732.738,8163471.484,1556.053,,,,,,,,,
15803,200732.776,8163451.035,1556.767,,,,,,,,,
15804,200732.742,8163451.715,1556.754,,,,,,,,,
15805,200732.766,8163432.614,1557.348,,,,,,,,,
15806,200732.824,8163431.952,1557.528,,,,,,,,,
15807,200726.79,8163432.717,1557.081,,,,,,,,,
15808,200726.575,8163432.123,1557.432,,,,,,,,,
15809,200726.571,8163395.334,1559.166,,,,,,,,,
15810,200726.641,8163394.42,1559.151,,,,,,,,,
15811,200732.708,8163394.232,1559.188,,,,,,,,,
15812,200732.589,8163395,1559.091,,,,,,,,,
15813,200726.666,8163357.592,1558.196,,,,,,,,,
15814,200726.566,8163357.114,1558.173,,,,,,,,,
15815,200732.633,8163357.343,1558.179,,,,,,,,,
15816,200732.808,8163356.996,1558.153,,,,,,,,,
15817,200726.962,8163320.091,1556.996,,,,,,,,,
15818,200726.617,8163319.492,1557.122,,,,,,,,,
15819,200732.74,8163319.132,1557.306,,,,,,,,,
15820,200732.758,8163319.665,1557.347,,,,,,,,,
15821,200726.51,8163282.509,1557.506,,,,,,,,,
15822,200732.754,8163282.607,1557.146,,,,,,,,,
15823,200732.757,8163282.057,1557.234,,,,,,,,,
15824,200732.143,8163244.125,1557.22,,,,,,,,,
15825,200732.666,8163244.592,1557.295,,,,,,,,,
15826,200732.757,8163207.378,1559.161,,,,,,,,,
15827,200738.977,8163207.418,1559.064,,,,,,,,,
15828,200745.053,8163207.501,1558.757,,,,,,,,,
15829,200745.123,8163244.025,1557.804,,,,,,,,,
15830,200745.122,8163244.558,1557.841,,,,,,,,,
15831,200739.009,8163245.151,1557.43,,,,,,,,,
15832,200738.943,8163244.415,1557.548,,,,,,,,,
15833,200745.147,8163281.761,1558.224,,,,,,,,,
15834,200745.09,8163282.424,1558.25,,,,,,,,,
15835,200738.988,8163281.914,1557.376,,,,,,,,,
15836,200738.985,8163282.433,1557.558,,,,,,,,,
15837,200744.9,8163319.262,1557.776,,,,,,,,,
15838,200745.16,8163319.835,1557.899,,,,,,,,,
15839,200739.022,8163320.231,1557.596,,,,,,,,,
15840,200738.97,8163319.401,1557.654,,,,,,,,,
15841,200745.108,8163356.906,1558.315,,,,,,,,,
15842,200745.219,8163357.403,1558.401,,,,,,,,,
15843,200739.111,8163357.156,1558.092,,,,,,,,,
15844,200739.012,8163357.582,1558.355,,,,,,,,,
15845,200745.088,8163394.293,1559.493,,,,,,,,,
15846,200745.006,8163395.035,1559.452,,,,,,,,,
15847,200739.049,8163395.358,1559.362,,,,,,,,,
15848,200738.92,8163394.38,1559.387,,,,,,,,,
15849,200744.971,8163432.06,1557.422,,,,,,,,,
15850,200745.206,8163432.399,1557.368,,,,,,,,,
15851,200739.098,8163432.758,1557.424,,,,,,,,,
15852,200738.963,8163432.422,1557.576,,,,,,,,,
15853,200739.226,8163451.924,1556.958,,,,,,,,,
15854,200738.989,8163451.182,1557.068,,,,,,,,,
15855,200744.503,8163451.191,1556.841,,,,,,,,,
15856,200745.154,8163451.643,1557.077,,,,,,,,,
15857,200738.889,8163470.436,1556.578,,,,,,,,,
15858,200745.105,8163470.34,1556.493,,,,,,,,,
15859,200751.324,8163470.395,1556.46,,,,,,,,,
15860,200751.517,8163451.981,1556.955,,,,,,,,,
15861,200751.351,8163451.383,1557.032,,,,,,,,,
15862,200751.515,8163432.738,1557.471,,,,,,,,,
15863,200751.402,8163432.17,1557.573,,,,,,,,,
15864,200751.369,8163395.347,1559.513,,,,,,,,,
15865,200751.422,8163394.417,1559.502,,,,,,,,,
15866,200751.507,8163357.612,1558.689,,,,,,,,,
15867,200751.383,8163357.046,1558.593,,,,,,,,,
15868,200751.691,8163320.152,1558.206,,,,,,,,,
15869,200751.378,8163319.524,1558.319,,,,,,,,,
15870,200751.417,8163282.521,1558.379,,,,,,,,,
15871,200751.288,8163281.934,1558.234,,,,,,,,,
15872,200751.324,8163245.191,1557.816,,,,,,,,,
15873,200751.333,8163244.31,1557.864,,,,,,,,,
15874,200751.412,8163207.471,1558.537,,,,,,,,,
15875,199819.969,8164107.813,1531.621,,,,,,,,,
15876,199820.078,8164070.968,1531.536,,,,,,,,,
15877,199819.996,8164070.051,1531.607,,,,,,,,,
15878,199820.129,8164033.296,1531.354,,,,,,,,,
15879,199813.871,8164033.167,1531.487,,,,,,,,,
15880,199813.722,8164069.929,1531.164,,,,,,,,,
15881,199813.794,8164070.825,1531.219,,,,,,,,,
15882,199807.775,8164070.905,1531.251,,,,,,,,,
15883,199807.627,8164070.364,1531.465,,,,,,,,,
15884,199807.597,8164107.578,1531.062,,,,,,,,,
15885,199801.432,8164107.835,1530.807,,,,,,,,,
15886,199801.299,8164070.577,1531.297,,,,,,,,,
15887,199801.394,8164069.983,1531.328,,,,,,,,,
15888,199801.424,8164033.153,1531.321,,,,,,,,,
15889,199820.042,8164032.642,1531.415,,,,,,,,,
15890,199820.066,8163995.813,1531.479,,,,,,,,,
15891,199820.01,8163994.99,1531.536,,,,,,,,,
15892,199820.046,8163958.125,1531.233,,,,,,,,,
15893,199819.96,8163957.571,1531.508,,,,,,,,,
15894,199820.019,8163920.775,1530.996,,,,,,,,,
15895,199819.983,8163919.914,1531.034,,,,,,,,,
15896,199820.023,8163883.103,1530.576,,,,,,,,,
15897,199819.98,8163882.466,1530.511,,,,,,,,,
15898,199820.208,8163845.698,1530.813,,,,,,,,,
15899,199820.045,8163844.802,1530.954,,,,,,,,,
15900,199820.003,8163807.97,1531.547,,,,,,,,,
15901,199813.816,8163807.916,1532.091,,,,,,,,,
15902,199807.583,8163808.026,1532.516,,,,,,,,,
15903,199801.393,8163807.846,1532.318,,,,,,,,,
15904,199795.279,8163807.982,1531.937,,,,,,,,,
15905,199807.568,8163845.741,1530.355,,,,,,,,,
15906,199807.559,8163844.782,1530.393,,,,,,,,,
15907,199813.767,8163844.621,1530.4,,,,,,,,,
15908,199813.764,8163845.341,1530.384,,,,,,,,,
15909,199813.699,8163882.332,1530.78,,,,,,,,,
15910,199813.779,8163882.887,1530.994,,,,,,,,,
15911,199807.586,8163882.479,1530.373,,,,,,,,,
15912,199807.644,8163883.057,1530.552,,,,,,,,,
15913,199813.681,8163919.74,1530.81,,,,,,,,,
15914,199813.7,8163920.352,1530.885,,,,,,,,,
15915,199807.754,8163920.753,1530.986,,,,,,,,,
15916,199807.708,8163919.874,1531.101,,,,,,,,,
15917,199813.663,8163957.424,1531.741,,,,,,,,,
15918,199813.78,8163958.05,1531.685,,,,,,,,,
15919,199807.631,8163957.621,1530.927,,,,,,,,,
15920,199807.641,8163958.162,1531.11,,,,,,,,,
15921,199813.463,8163994.908,1531.22,,,,,,,,,
15922,199813.746,8163995.37,1531.38,,,,,,,,,
15923,199807.663,8163995.865,1531.272,,,,,,,,,
15924,199807.628,8163994.937,1531.278,,,,,,,,,
15925,199813.87,8164032.516,1531.343,,,,,,,,,
15926,199807.58,8164033.301,1531.31,,,,,,,,,
15927,199807.602,8164032.764,1531.226,,,,,,,,,
15928,199801.435,8164032.515,1531.343,,,,,,,,,
15929,199795.224,8164032.534,1530.584,,,,,,,,,
15930,199795.387,8163995.783,1530.564,,,,,,,,,
15931,199795.257,8163995.095,1530.878,,,,,,,,,
15932,199801.043,8163994.944,1530.728,,,,,,,,,
15933,199801.399,8163995.719,1530.903,,,,,,,,,
15934,199801.23,8163957.512,1530.901,,,,,,,,,
15935,199801.407,8163958.053,1530.722,,,,,,,,,
15936,199795.239,8163958.168,1531.065,,,,,,,,,
15937,199795.148,8163957.429,1530.835,,,,,,,,,
15938,199795.265,8163920.603,1530.219,,,,,,,,,
15939,199795.196,8163919.926,1530.345,,,,,,,,,
15940,199801.222,8163919.757,1531.023,,,,,,,,,
15941,199801.311,8163920.502,1531.097,,,,,,,,,
15942,199801.423,8163882.999,1529.698,,,,,,,,,
15943,199801.397,8163882.346,1529.835,,,,,,,,,
15944,199795.194,8163883.099,1529.76,,,,,,,,,
15945,199795.249,8163882.441,1529.542,,,,,,,,,
15946,199795.4,8163845.741,1531.103,,,,,,,,,
15947,199795.221,8163844.795,1531.338,,,,,,,,,
15948,199801.391,8163844.61,1530.814,,,,,,,,,
15949,199801.369,8163845.367,1530.826,,,,,,,,,
15950,199789.017,8163807.886,1531.478,,,,,,,,,
15951,199782.781,8163807.985,1531.095,,,,,,,,,
15952,199782.84,8163845.707,1531.2,,,,,,,,,
15953,199782.862,8163844.78,1531.234,,,,,,,,,
15954,199788.71,8163844.786,1531.13,,,,,,,,,
15955,199788.869,8163845.445,1531.254,,,,,,,,,
15956,199788.987,8163882.332,1529.443,,,,,,,,,
15957,199782.805,8163882.409,1529.34,,,,,,,,,
15958,199776.585,8163882.306,1529.414,,,,,,,,,
15959,199770.446,8163882.485,1529.316,,,,,,,,,
15960,199782.835,8163883.104,1529.571,,,,,,,,,
15961,199789.017,8163883.129,1529.622,,,,,,,,,
15962,199788.823,8163919.839,1530.152,,,,,,,,,
15963,199788.987,8163920.364,1530.211,,,,,,,,,
15964,199782.845,8163920.598,1530.231,,,,,,,,,
15965,199782.84,8163919.898,1530.253,,,,,,,,,
15966,199788.943,8163957.438,1530.739,,,,,,,,,
15967,199789.039,8163958.05,1530.621,,,,,,,,,
15968,199782.813,8163958.224,1530.499,,,,,,,,,
15969,199782.816,8163957.446,1530.906,,,,,,,,,
15970,199788.559,8163995.053,1530.578,,,,,,,,,
15971,199789.018,8163995.609,1530.713,,,,,,,,,
15972,199782.799,8163995.83,1530.482,,,,,,,,,
15973,199782.79,8163994.925,1530.49,,,,,,,,,
15974,199788.942,8164032.564,1530.776,,,,,,,,,
15975,199782.849,8164032.621,1530.422,,,,,,,,,
15976,199776.681,8164032.661,1530.255,,,,,,,,,
15977,199770.469,8164032.56,1530.086,,,,,,,,,
15978,199776.377,8163994.973,1530.334,,,,,,,,,
15979,199776.587,8163995.431,1530.401,,,,,,,,,
15980,199770.449,8163995.784,1530.179,,,,,,,,,
15981,199770.423,8163995.266,1530.248,,,,,,,,,
15982,199776.617,8163958.133,1530.453,,,,,,,,,
15983,199776.561,8163957.416,1530.803,,,,,,,,,
15984,199770.386,8163958.226,1530.275,,,,,,,,,
15985,199770.357,8163957.584,1530.61,,,,,,,,,
15986,199770.436,8163920.837,1530.135,,,,,,,,,
15987,199770.447,8163919.946,1530.146,,,,,,,,,
15988,199776.606,8163919.805,1530.131,,,,,,,,,
15989,199776.595,8163920.436,1530.159,,,,,,,,,
15990,199776.617,8163883.115,1529.47,,,,,,,,,
15991,199776.526,8163844.619,1530.922,,,,,,,,,
15992,199776.559,8163845.446,1530.916,,,,,,,,,
15993,199770.413,8163845.725,1530.629,,,,,,,,,
15994,199770.4,8163844.73,1530.625,,,,,,,,,
15995,199776.617,8163807.847,1530.243,,,,,,,,,
15996,199770.447,8163808.002,1529.908,,,,,,,,,
15997,199764.219,8163807.895,1529.958,,,,,,,,,
15998,199758.078,8163808.03,1529.551,,,,,,,,,
15999,199764.183,8163844.596,1530.34,,,,,,,,,
16000,199764.181,8163845.45,1530.334,,,,,,,,,
16001,199757.995,8163845.751,1529.938,,,,,,,,,
16002,199757.987,8163844.751,1529.925,,,,,,,,,
16003,199764.203,8163882.323,1529.135,,,,,,,,,
16004,199764.203,8163882.98,1529.155,,,,,,,,,
16005,199758.164,8163882.556,1529.547,,,,,,,,,
16006,199758.072,8163883.108,1529.332,,,,,,,,,
16007,199764.043,8163919.752,1529.8,,,,,,,,,
16008,199764.196,8163920.229,1529.938,,,,,,,,,
16009,199758.043,8163920.662,1529.746,,,,,,,,,
16010,199758.016,8163919.879,1529.751,,,,,,,,,
16011,199758.018,8163958.22,1529.942,,,,,,,,,
16012,199757.995,8163957.478,1530.154,,,,,,,,,
16013,199764.143,8163957.427,1530.351,,,,,,,,,
16014,199764.175,8163958.206,1530.35,,,,,,,,,
16015,199764.177,8163994.944,1530.14,,,,,,,,,
16016,199764.193,8163995.59,1530.143,,,,,,,,,
16017,199758.058,8163995.752,1529.933,,,,,,,,,
16018,199758.032,8163995.016,1529.996,,,,,,,,,
16019,199764.22,8164032.528,1529.94,,,,,,,,,
16020,199757.998,8164032.55,1529.93,,,,,,,,,
16021,199751.815,8164032.543,1529.686,,,,,,,,,
16022,199745.831,8164032.683,1529.407,,,,,,,,,
16023,199745.606,8163995.773,1529.702,,,,,,,,,
16024,199745.593,8163994.93,1529.7,,,,,,,,,
16025,199751.166,8163995.003,1529.578,,,,,,,,,
16026,199751.802,8163995.532,1529.81,,,,,,,,,
16027,199751.702,8163957.439,1530.002,,,,,,,,,
16028,199751.834,8163958.203,1529.889,,,,,,,,,
16029,199745.608,8163958.157,1529.915,,,,,,,,,
16030,199745.586,8163957.541,1529.993,,,,,,,,,
16031,199745.608,8163920.764,1529.637,,,,,,,,,
16032,199745.619,8163919.874,1529.654,,,,,,,,,
16033,199751.599,8163919.824,1529.569,,,,,,,,,
16034,199751.82,8163920.313,1529.687,,,,,,,,,
16035,199745.679,8163883.093,1528.758,,,,,,,,,
16036,199745.69,8163882.471,1529.137,,,,,,,,,
16037,199751.845,8163883.003,1529.204,,,,,,,,,
16038,199751.877,8163882.469,1529.261,,,,,,,,,
16039,199745.613,8163845.687,1529.256,,,,,,,,,
16040,199745.606,8163844.792,1529.284,,,,,,,,,
16041,199751.752,8163844.547,1529.577,,,,,,,,,
16042,199751.756,8163845.309,1529.604,,,,,,,,,
16043,199751.814,8163807.846,1529.773,,,,,,,,,
16044,199745.673,8163807.959,1530.226,,,,,,,,,
16045,199739.438,8163807.872,1530.295,,,,,,,,,
16046,199733.246,8163808.003,1529.88,,,,,,,,,
16047,199733.184,8163845.671,1529.403,,,,,,,,,
16048,199733.169,8163844.81,1529.438,,,,,,,,,
16049,199739.202,8163844.649,1529.284,,,,,,,,,
16050,199739.326,8163845.365,1529.361,,,,,,,,,
16051,199739.337,8163882.387,1528.92,,,,,,,,,
16052,199739.465,8163882.888,1528.656,,,,,,,,,
16053,199733.377,8163883.093,1528.712,,,,,,,,,
16054,199733.297,8163882.563,1528.726,,,,,,,,,
16055,199739.383,8163919.69,1529.834,,,,,,,,,
16056,199739.381,8163920.461,1529.855,,,,,,,,,
16057,199733.29,8163920.746,1529.908,,,,,,,,,
16058,199733.286,8163919.884,1529.925,,,,,,,,,
16059,199739.3,8163957.482,1529.887,,,,,,,,,
16060,199739.387,8163958.213,1529.713,,,,,,,,,
16061,199733.341,8163957.707,1529.318,,,,,,,,,
16062,199733.187,8163957.999,1529.503,,,,,,,,,
16063,199739.208,8163994.971,1529.498,,,,,,,,,
16064,199739.434,8163995.509,1529.629,,,,,,,,,
16065,199733.247,8163995.776,1529.395,,,,,,,,,
16066,199733.216,8163994.949,1529.403,,,,,,,,,
16067,199739.276,8164032.59,1529.407,,,,,,,,,
16068,199732.953,8164032.605,1529.091,,,,,,,,,
16069,199727.013,8164032.528,1529.154,,,,,,,,,
16070,199720.816,8164032.51,1529.05,,,,,,,,,
16071,199726.902,8163994.966,1529.286,,,,,,,,,
16072,199726.968,8163995.502,1529.302,,,,,,,,,
16073,199720.842,8163995.701,1529.136,,,,,,,,,
16074,199720.813,8163995.174,1529.186,,,,,,,,,
16075,199720.9,8163958.133,1529.185,,,,,,,,,
16076,199720.868,8163957.597,1529.406,,,,,,,,,
16077,199726.981,8163957.435,1529.389,,,,,,,,,
16078,199726.975,8163958.208,1529.384,,,,,,,,,
16079,199720.88,8163920.746,1529.889,,,,,,,,,
16080,199720.888,8163919.873,1529.928,,,,,,,,,
16081,199727.01,8163919.743,1529.933,,,,,,,,,
16082,199726.998,8163920.493,1529.932,,,,,,,,,
16083,199726.946,8163882.359,1528.703,,,,,,,,,
16084,199727.057,8163882.999,1528.982,,,,,,,,,
16085,199720.879,8163883.109,1528.386,,,,,,,,,
16086,199720.836,8163882.533,1528.541,,,,,,,,,
16087,199720.839,8163845.755,1528.068,,,,,,,,,
16088,199720.817,8163844.857,1528.083,,,,,,,,,
16089,199726.97,8163844.599,1528.676,,,,,,,,,
16090,199726.977,8163845.286,1528.714,,,,,,,,,
16091,199727.045,8163807.873,1530.049,,,,,,,,,
16092,199720.82,8163808.059,1529.836,,,,,,,,,
16093,199714.609,8163807.868,1529.958,,,,,,,,,
16094,199708.387,8163808.006,1529.618,,,,,,,,,
16095,199702.207,8163807.844,1529.543,,,,,,,,,
16096,199714.614,8163844.605,1527.879,,,,,,,,,
16097,199714.602,8163845.282,1527.892,,,,,,,,,
16098,199708.455,8163845.709,1527.991,,,,,,,,,
16099,199708.363,8163844.809,1528.037,,,,,,,,,
16100,199714.633,8163882.292,1528.354,,,,,,,,,
16101,199714.674,8163882.99,1528.206,,,,,,,,,
16102,199708.488,8163883.128,1528.156,,,,,,,,,
16103,199708.383,8163882.5,1528.127,,,,,,,,,
16104,199714.501,8163919.761,1529.932,,,,,,,,,
16105,199714.359,8163920.488,1529.792,,,,,,,,,
16106,199708.615,8163920.792,1529.353,,,,,,,,,
16107,199708.557,8163919.947,1529.691,,,,,,,,,
16108,199714.419,8163957.536,1528.986,,,,,,,,,
16109,199714.577,8163958.189,1528.951,,,,,,,,,
16110,199708.417,8163958.222,1528.799,,,,,,,,,
16111,199708.404,8163957.639,1529.191,,,,,,,,,
16112,199714.422,8163994.958,1528.913,,,,,,,,,
16113,199714.574,8163995.453,1528.979,,,,,,,,,
16114,199708.408,8163995.829,1528.757,,,,,,,,,
16115,199708.372,8163995.063,1528.8,,,,,,,,,
16116,199714.503,8164032.541,1528.864,,,,,,,,,
16117,199714.645,8164033.269,1528.843,,,,,,,,,
16118,199708.438,8164032.629,1528.676,,,,,,,,,
16119,199701.892,8164032.743,1528.12,,,,,,,,,
16120,199702.174,8163994.979,1528.64,,,,,,,,,
16121,199702.2,8163995.483,1528.681,,,,,,,,,
16122,199702.207,8163958.223,1528.764,,,,,,,,,
16123,199702.237,8163957.385,1529.162,,,,,,,,,
16124,199702.112,8163919.703,1529.377,,,,,,,,,
16125,199702.187,8163920.369,1529.547,,,,,,,,,
16126,199702.222,8163882.348,1528.052,,,,,,,,,
16127,199702.261,8163882.956,1527.905,,,,,,,,,
16128,199702.119,8163844.627,1527.966,,,,,,,,,
16129,199702.21,8163845.455,1527.996,,,,,,,,,
16130,199466.695,8164107.67,1522.598,,,,,,,,,
16131,199460.509,8164107.686,1522.406,,,,,,,,,
16132,199460.534,8164070.959,1522.692,,,,,,,,,
16133,199460.475,8164070.325,1522.748,,,,,,,,,
16134,199466.215,8164070.155,1522.789,,,,,,,,,
16135,199466.675,8164070.555,1522.958,,,,,,,,,
16136,199466.58,8164033.248,1523.205,,,,,,,,,
16137,199466.645,8164032.533,1523.206,,,,,,,,,
16138,199460.646,8164033.302,1522.97,,,,,,,,,
16139,199460.51,8164032.521,1522.98,,,,,,,,,
16140,199460.618,8163995.665,1522.818,,,,,,,,,
16141,199460.494,8163995.031,1522.964,,,,,,,,,
16142,199466.309,8163995.015,1523.044,,,,,,,,,
16143,199466.726,8163995.369,1523.222,,,,,,,,,
16144,199466.667,8163957.472,1522.959,,,,,,,,,
16145,199466.876,8163958.132,1523.125,,,,,,,,,
16146,199460.544,8163958.176,1522.93,,,,,,,,,
16147,199460.481,8163957.556,1522.948,,,,,,,,,
16148,199460.535,8163920.643,1523.007,,,,,,,,,
16149,199460.504,8163919.915,1523.066,,,,,,,,,
16150,199466.332,8163919.871,1523.11,,,,,,,,,
16151,199466.707,8163920.613,1523.244,,,,,,,,,
16152,199466.636,8163883.022,1523.491,,,,,,,,,
16153,199466.704,8163882.709,1523.563,,,,,,,,,
16154,199460.512,8163883.106,1523.151,,,,,,,,,
16155,199460.463,8163882.362,1523.199,,,,,,,,,
16156,199460.803,8163845.574,1523.057,,,,,,,,,
16157,199460.536,8163844.935,1523.241,,,,,,,,,
16158,199466.462,8163844.76,1523.406,,,,,,,,,
16159,199466.69,8163845.291,1523.493,,,,,,,,,
16160,199466.696,8163807.924,1523.243,,,,,,,,,
16161,199460.609,8163808.024,1523.175,,,,,,,,,
16162,199454.418,8163808.007,1522.947,,,,,,,,,
16163,199448.232,8163807.954,1522.798,,,,,,,,,
16164,199448.205,8163845.506,1523.023,,,,,,,,,
16165,199448.145,8163844.774,1523.037,,,,,,,,,
16166,199454.102,8163844.747,1523.001,,,,,,,,,
16167,199454.322,8163845.248,1523.112,,,,,,,,,
16168,199454.175,8163882.371,1523.094,,,,,,,,,
16169,199454.286,8163883.089,1523.089,,,,,,,,,
16170,199448.122,8163882.29,1523.05,,,,,,,,,
16171,199448.104,8163883.118,1522.761,,,,,,,,,
16172,199454.192,8163919.853,1522.953,,,,,,,,,
16173,199454.256,8163920.443,1522.944,,,,,,,,,
16174,199448.2,8163920.601,1522.633,,,,,,,,,
16175,199448.106,8163919.869,1522.744,,,,,,,,,
16176,199454.238,8163957.387,1522.768,,,,,,,,,
16177,199454.294,8163958.158,1522.777,,,,,,,,,
16178,199448.293,8163958.198,1522.709,,,,,,,,,
16179,199448.089,8163957.474,1522.659,,,,,,,,,
16180,199454.103,8163995.019,1522.654,,,,,,,,,
16181,199454.298,8163995.545,1522.718,,,,,,,,,
16182,199448.194,8163995.718,1522.7,,,,,,,,,
16183,199448.126,8163995.021,1522.791,,,,,,,,,
16184,199448.118,8164033.349,1522.732,,,,,,,,,
16185,199448.123,8164032.569,1522.847,,,,,,,,,
16186,199454.055,8164032.607,1522.633,,,,,,,,,
16187,199454.331,8164033.188,1522.599,,,,,,,,,
16188,199453.962,8164070.129,1522.542,,,,,,,,,
16189,199454.313,8164070.656,1522.66,,,,,,,,,
16190,199448.12,8164070.924,1522.499,,,,,,,,,
16191,199448.101,8164070.211,1522.554,,,,,,,,,
16192,199454.282,8164107.707,1522.631,,,,,,,,,
16193,199448.129,8164107.673,1522.262,,,,,,,,,
16194,199441.932,8164107.671,1522.141,,,,,,,,,
16195,199435.674,8164107.653,1522.149,,,,,,,,,
16196,199441.629,8164070.159,1522.306,,,,,,,,,
16197,199441.932,8164070.768,1522.37,,,,,,,,,
16198,199435.738,8164070.829,1522.275,,,,,,,,,
16199,199435.7,8164070.071,1522.322,,,,,,,,,
16200,199435.782,8164033.302,1522.445,,,,,,,,,
16201,199435.756,8164032.551,1522.552,,,,,,,,,
16202,199441.738,8164032.581,1522.513,,,,,,,,,
16203,199441.958,8164033.261,1522.574,,,,,,,,,
16204,199435.739,8163995.815,1522.512,,,,,,,,,
16205,199435.72,8163994.986,1522.519,,,,,,,,,
16206,199441.937,8163994.941,1522.593,,,,,,,,,
16207,199441.941,8163995.504,1522.618,,,,,,,,,
16208,199441.891,8163957.412,1522.525,,,,,,,,,
16209,199441.945,8163958.166,1522.532,,,,,,,,,
16210,199435.781,8163958.186,1522.481,,,,,,,,,
16211,199435.707,8163957.498,1522.375,,,,,,,,,
16212,199441.74,8163919.879,1522.505,,,,,,,,,
16213,199441.906,8163920.412,1522.574,,,,,,,,,
16214,199435.754,8163920.644,1522.373,,,,,,,,,
16215,199435.721,8163919.898,1522.415,,,,,,,,,
16216,199441.884,8163883.08,1522.582,,,,,,,,,
16217,199441.921,8163882.346,1522.932,,,,,,,,,
16218,199435.806,8163883.062,1522.398,,,,,,,,,
16219,199435.746,8163882.379,1522.726,,,,,,,,,
16220,199441.846,8163844.766,1522.901,,,,,,,,,
16221,199441.94,8163845.263,1522.943,,,,,,,,,
16222,199435.835,8163845.484,1522.724,,,,,,,,,
16223,199435.716,8163844.709,1522.758,,,,,,,,,
16224,199441.969,8163808.015,1522.838,,,,,,,,,
16225,199435.718,8163807.982,1522.659,,,,,,,,,
16226,199429.52,8163807.988,1522.58,,,,,,,,,
16227,199423.301,8163808.014,1522.306,,,,,,,,,
16228,199423.331,8163845.597,1522.324,,,,,,,,,
16229,199423.306,8163844.725,1522.329,,,,,,,,,
16230,199429.518,8163844.672,1522.524,,,,,,,,,
16231,199429.533,8163845.382,1522.521,,,,,,,,,
16232,199429.516,8163882.295,1522.448,,,,,,,,,
16233,199429.499,8163883.099,1522.161,,,,,,,,,
16234,199423.326,8163883.083,1522.108,,,,,,,,,
16235,199423.275,8163882.4,1522.333,,,,,,,,,
16236,199429.491,8163919.865,1522.187,,,,,,,,,
16237,199429.51,8163920.471,1522.21,,,,,,,,,
16238,199423.362,8163920.651,1522.103,,,,,,,,,
16239,199423.351,8163919.836,1522.134,,,,,,,,,
16240,199429.436,8164070.041,1522.079,,,,,,,,,
16241,199423.356,8164070.895,1521.8,,,,,,,,,
16242,199429.476,8164107.608,1522.063,,,,,,,,,
16243,199429.512,8164070.666,1522.086,,,,,,,,,
16244,199423.331,8164052.522,1521.889,,,,,,,,,
16245,199423.327,8164051.757,1521.896,,,,,,,,,
16246,199429.55,8164032.539,1522.315,,,,,,,,,
16247,199429.549,8164033.287,1522.099,,,,,,,,,
16248,199423.276,8164032.532,1522.179,,,,,,,,,
16249,199423.288,8164033.393,1521.994,,,,,,,,,
16250,199423.394,8163995.829,1521.993,,,,,,,,,
16251,199423.396,8163995.044,1522.02,,,,,,,,,
16252,199429.384,8163994.998,1522.327,,,,,,,,,
16253,199429.556,8163995.609,1522.353,,,,,,,,,
16254,199429.491,8163957.424,1522.153,,,,,,,,,
16255,199429.543,8163958.231,1522.365,,,,,,,,,
16256,199423.341,8163958.231,1522.176,,,,,,,,,
16257,199423.337,8163957.399,1522.12,,,,,,,,,
16258,199417.098,8163808.011,1522.226,,,,,,,,,
16259,199410.923,8163807.984,1522.161,,,,,,,,,
16260,199416.87,8163844.777,1522.104,,,,,,,,,
16261,199417.096,8163845.354,1522.192,,,,,,,,,
16262,199410.928,8163845.583,1522.048,,,,,,,,,
16263,199410.953,8163844.769,1522.073,,,,,,,,,
16264,199417.015,8163882.358,1522.101,,,,,,,,,
16265,199417.138,8163883.134,1521.926,,,,,,,,,
16266,199410.906,8163883.089,1521.756,,,,,,,,,
16267,199410.91,8163882.295,1521.947,,,,,,,,,
16268,199410.928,8163920.665,1521.813,,,,,,,,,
16269,199410.927,8163919.841,1521.846,,,,,,,,,
16270,199417.132,8163919.875,1521.939,,,,,,,,,
16271,199417.129,8163920.523,1521.94,,,,,,,,,
16272,199410.92,8163958.262,1521.747,,,,,,,,,
16273,199410.922,8163957.398,1521.886,,,,,,,,,
16274,199417.088,8163957.469,1521.95,,,,,,,,,
16275,199417.136,8163958.166,1522.025,,,,,,,,,
16276,199417.124,8163994.961,1521.991,,,,,,,,,
16277,199417.119,8163995.531,1522.017,,,,,,,,,
16278,199410.919,8163995.796,1521.767,,,,,,,,,
16279,199410.89,8163995.023,1521.799,,,,,,,,,
16280,199417.065,8164032.539,1521.946,,,,,,,,,
16281,199417.09,8164032.989,1521.863,,,,,,,,,
16282,199411.219,8164033.27,1521.505,,,,,,,,,
16283,199410.87,8164032.567,1521.796,,,,,,,,,
16284,199417.048,8164051.665,1521.769,,,,,,,,,
16285,199417.125,8164052.272,1521.776,,,,,,,,,
16286,199410.945,8164052.444,1521.469,,,,,,,,,
16287,199410.892,8164051.761,1521.548,,,,,,,,,
16288,199417.178,8164070.847,1521.757,,,,,,,,,
16289,199410.928,8164070.847,1521.484,,,,,,,,,
16290,199404.707,8164070.836,1521.307,,,,,,,,,
16291,200559.221,8162904.798,1555.42,,,,,,,,,
16292,200559.215,8162941.523,1554.945,,,,,,,,,
16293,200559.22,8162942.106,1554.981,,,,,,,,,
16294,200559.22,8162979.238,1555.344,,,,,,,,,
16295,200559.27,8162979.918,1555.598,,,,,,,,,
16296,200559.278,8163016.653,1555.607,,,,,,,,,
16297,200559.27,8163017.427,1555.595,,,,,,,,,
16298,200559.26,8163054.317,1553.626,,,,,,,,,
16299,200565.444,8163054.481,1554.062,,,,,,,,,
16300,200571.576,8163054.329,1554.31,,,,,,,,,
16301,200571.627,8163016.618,1555.784,,,,,,,,,
16302,200571.614,8163017.342,1555.774,,,,,,,,,
16303,200565.424,8163017.759,1555.612,,,,,,,,,
16304,200565.42,8163016.826,1555.655,,,,,,,,,
16305,200565.432,8162980.019,1555.9,,,,,,,,,
16306,200565.372,8162979.559,1555.72,,,,,,,,,
16307,200571.572,8162979.863,1556.165,,,,,,,,,
16308,200571.665,8162979.218,1555.939,,,,,,,,,
16309,200571.615,8162941.543,1555.191,,,,,,,,,
16310,200571.64,8162942.206,1555.2,,,,,,,,,
16311,200565.503,8162942.519,1554.973,,,,,,,,,
16312,200565.382,8162941.646,1555.029,,,,,,,,,
16313,200565.403,8162904.866,1555.674,,,,,,,,,
16314,200571.64,8162904.662,1555.773,,,,,,,,,
16315,200577.883,8162904.867,1556.038,,,,,,,,,
16316,200584.008,8162904.804,1556.351,,,,,,,,,
16317,200583.961,8162941.581,1555.346,,,,,,,,,
16318,200584.003,8162942.43,1555.395,,,,,,,,,
16319,200578.014,8162942.429,1555.294,,,,,,,,,
16320,200577.808,8162942.011,1555.414,,,,,,,,,
16321,200577.816,8162979.4,1555.884,,,,,,,,,
16322,200577.734,8162980.012,1556.214,,,,,,,,,
16323,200583.895,8162979.269,1556.196,,,,,,,,,
16324,200584.002,8162979.691,1556.338,,,,,,,,,
16325,200577.907,8163017.65,1555.921,,,,,,,,,
16326,200577.764,8163016.857,1556.026,,,,,,,,,
16327,200583.467,8163016.768,1555.642,,,,,,,,,
16328,200584.019,8163017.302,1555.93,,,,,,,,,
16329,200577.781,8163054.456,1554.335,,,,,,,,,
16330,200583.979,8163054.36,1554.633,,,,,,,,,
16331,200590.115,8163054.54,1554.864,,,,,,,,,
16332,200596.42,8163054.411,1555.317,,,,,,,,,
16333,200602.579,8163054.518,1555.648,,,,,,,,,
16334,200602.615,8163016.849,1555.959,,,,,,,,,
16335,200602.648,8163017.698,1555.933,,,,,,,,,
16336,200596.294,8163016.783,1555.976,,,,,,,,,
16337,200596.402,8163017.427,1556.035,,,,,,,,,
16338,200590.183,8163017.689,1556.011,,,,,,,,,
16339,200590.24,8163016.87,1556.013,,,,,,,,,
16340,200590.192,8162979.997,1556.562,,,,,,,,,
16341,200596.49,8162979.952,1556.845,,,,,,,,,
16342,200602.627,8162980.086,1557.14,,,,,,,,,
16343,200590.245,8162979.497,1556.217,,,,,,,,,
16344,200590.279,8162942.557,1555.375,,,,,,,,,
16345,200590.163,8162941.808,1555.455,,,,,,,,,
16346,200590.168,8162904.961,1556.53,,,,,,,,,
16347,200621.16,8162904.801,1557.322,,,,,,,,,
16348,200627.325,8162904.974,1557.351,,,,,,,,,
16349,200627.245,8162941.791,1556.641,,,,,,,,,
16350,200627.308,8162942.529,1556.694,,,,,,,,,
16351,200621.178,8162942.219,1556.36,,,,,,,,,
16352,200621.163,8162941.637,1556.389,,,,,,,,,
16353,200621.175,8162979.218,1557.303,,,,,,,,,
16354,200627.308,8162979.445,1557.342,,,,,,,,,
16355,200899.997,8162904.847,1564.112,,,,,,,,,
16356,200893.919,8162904.716,1563.878,,,,,,,,,
16357,200887.701,8162904.905,1563.669,,,,,,,,,
16358,200881.563,8162904.584,1563.555,,,,,,,,,
16359,200881.628,8162942.162,1563.61,,,,,,,,,
16360,200881.604,8162941.556,1563.689,,,,,,,,,
16361,200887.523,8162941.804,1563.497,,,,,,,,,
16362,200887.564,8162942.575,1563.553,,,,,,,,,
16363,200887.732,8162979.441,1563.65,,,,,,,,,
16364,200881.574,8162979.169,1563.437,,,,,,,,,
16365,200968.283,8162904.785,1565.042,,,,,,,,,
16366,200968.143,8162941.546,1564.719,,,,,,,,,
16367,200968.287,8162942.271,1564.791,,,,,,,,,
16368,200968.169,8162979.254,1565.289,,,,,,,,,
16369,200968.288,8162979.904,1565.507,,,,,,,,,
16370,200968.194,8163016.671,1564.646,,,,,,,,,
16371,200968.317,8163017.442,1564.683,,,,,,,,,
16372,200968.241,8163054.363,1563.872,,,,,,,,,
16373,200968.334,8163054.99,1563.843,,,,,,,,,
16374,200968.299,8163091.761,1563.87,,,,,,,,,
16375,200968.213,8163092.511,1563.818,,,,,,,,,
16376,200968.317,8163129.461,1563.057,,,,,,,,,
16377,200968.295,8163130.122,1562.948,,,,,,,,,
16378,200968.152,8163166.872,1563.316,,,,,,,,,
16379,200968.275,8163167.652,1563.396,,,,,,,,,
16380,200968.263,8163204.594,1563.896,,,,,,,,,
16381,200974.454,8163204.733,1563.975,,,,,,,,,
16382,200980.615,8163204.573,1563.761,,,,,,,,,
16383,200986.814,8163204.669,1563.875,,,,,,,,,
16384,200993.08,8163204.546,1563.452,,,,,,,,,
16385,200999.283,8163204.662,1563.433,,,,,,,,,
16386,201005.509,8163204.536,1563.331,,,,,,,,,
16387,201011.669,8163204.652,1563.612,,,,,,,,,
16388,201011.633,8163166.985,1564.825,,,,,,,,,
16389,201011.647,8163167.912,1564.855,,,,,,,,,
16390,201005.475,8163166.827,1564.743,,,,,,,,,
16391,201005.462,8163167.647,1564.738,,,,,,,,,
16392,200999.261,8163167.902,1564.607,,,,,,,,,
16393,200999.266,8163166.954,1564.587,,,,,,,,,
16394,200992.865,8163166.951,1564.423,,,,,,,,,
16395,200993.062,8163167.638,1564.567,,,,,,,,,
16396,200986.9,8163167.921,1564.171,,,,,,,,,
16397,200986.846,8163166.923,1564.177,,,,,,,,,
16398,200980.688,8163167.605,1563.892,,,,,,,,,
16399,200980.678,8163166.786,1563.866,,,,,,,,,
16400,200974.463,8163167.979,1563.579,,,,,,,,,
16401,200974.463,8163167.021,1563.581,,,,,,,,,
16402,200974.478,8163130.271,1562.995,,,,,,,,,
16403,200974.498,8163129.554,1562.986,,,,,,,,,
16404,200980.658,8163129.459,1562.966,,,,,,,,,
16405,200980.694,8163130.03,1562.885,,,,,,,,,
16406,200986.849,8163129.519,1562.899,,,,,,,,,
16407,200986.849,8163130.235,1562.903,,,,,,,,,
16408,200992.997,8163129.461,1562.882,,,,,,,,,
16409,200993.047,8163130.015,1562.935,,,,,,,,,
16410,200999.156,8163129.626,1563.076,,,,,,,,,
16411,200999.2,8163130.246,1563.162,,,,,,,,,
16412,201005.516,8163129.444,1563.247,,,,,,,,,
16413,201005.535,8163130.021,1563.314,,,,,,,,,
16414,201011.647,8163129.512,1563.574,,,,,,,,,
16415,201011.671,8163130.098,1563.552,,,,,,,,,
16416,201011.547,8163091.995,1565.465,,,,,,,,,
16417,201011.644,8163092.812,1565.421,,,,,,,,,
16418,201005.477,8163091.772,1565.331,,,,,,,,,
16419,201005.467,8163092.588,1565.313,,,,,,,,,
16420,200999.242,8163092.9,1565.02,,,,,,,,,
16421,200999.226,8163091.891,1565.04,,,,,,,,,
16422,200992.926,8163091.858,1564.82,,,,,,,,,
16423,200993.08,8163092.566,1564.899,,,,,,,,,
16424,200986.892,8163092.825,1564.829,,,,,,,,,
16425,200986.862,8163091.966,1564.85,,,,,,,,,
16426,200980.706,8163091.748,1564.609,,,,,,,,,
16427,200980.698,8163092.555,1564.601,,,,,,,,,
16428,200974.395,8163092.846,1564.403,,,,,,,,,
16429,200974.425,8163091.829,1564.429,,,,,,,,,
16430,200974.521,8163055.126,1563.945,,,,,,,,,
16431,200974.434,8163054.53,1564.089,,,,,,,,,
16432,200980.651,8163054.389,1564.079,,,,,,,,,
16433,200980.628,8163055.035,1564.095,,,,,,,,,
16434,200986.779,8163055.257,1564.211,,,,,,,,,
16435,200986.87,8163054.479,1564.252,,,,,,,,,
16436,200992.995,8163054.987,1564.526,,,,,,,,,
16437,200993.093,8163054.332,1564.772,,,,,,,,,
16438,200999.204,8163055.175,1565.005,,,,,,,,,
16439,200999.242,8163054.463,1565.027,,,,,,,,,
16440,201005.444,8163054.34,1564.929,,,,,,,,,
16441,201005.524,8163055.061,1564.995,,,,,,,,,
16442,201011.581,8163054.412,1564.895,,,,,,,,,
16443,201011.642,8163055.098,1564.864,,,,,,,,,
16444,201011.631,8163016.722,1565.339,,,,,,,,,
16445,201011.636,8163017.694,1565.345,,,,,,,,,
16446,201005.285,8163016.697,1565.264,,,,,,,,,
16447,201005.481,8163017.281,1565.396,,,,,,,,,
16448,200999.413,8163017.603,1565.125,,,,,,,,,
16449,200999.269,8163016.87,1565.257,,,,,,,,,
16450,200993.097,8163016.613,1565.381,,,,,,,,,
16451,200993.111,8163017.413,1565.379,,,,,,,,,
16452,200986.907,8163017.743,1564.847,,,,,,,,,
16453,200986.903,8163016.765,1564.871,,,,,,,,,
16454,200980.672,8163016.658,1564.764,,,,,,,,,
16455,200980.711,8163017.456,1564.749,,,,,,,,,
16456,200974.435,8163017.773,1564.77,,,,,,,,,
16457,200974.448,8163016.882,1564.818,,,,,,,,,
16458,200974.467,8162980.066,1565.643,,,,,,,,,
16459,200974.433,8162979.351,1565.292,,,,,,,,,
16460,200980.654,8162979.216,1565.313,,,,,,,,,
16461,200980.732,8162979.939,1565.409,,,,,,,,,
16462,200986.808,8162979.372,1565.495,,,,,,,,,
16463,200986.912,8162980.049,1565.566,,,,,,,,,
16464,200992.992,8162979.254,1565.524,,,,,,,,,
16465,200993.097,8162979.871,1565.486,,,,,,,,,
16466,200999.254,8162979.925,1565.509,,,,,,,,,
16467,200999.274,8162979.362,1565.721,,,,,,,,,
16468,201005.473,8162979.254,1565.669,,,,,,,,,
16469,201005.48,8162979.855,1565.62,,,,,,,,,
16470,201011.624,8162979.332,1565.906,,,,,,,,,
16471,201011.654,8162979.917,1565.938,,,,,,,,,
16472,201011.63,8162942.577,1565.628,,,,,,,,,
16473,201011.631,8162941.606,1565.637,,,,,,,,,
16474,201005.487,8162941.526,1565.541,,,,,,,,,
16475,201005.499,8162942.326,1565.549,,,,,,,,,
16476,200999.335,8162942.604,1565.345,,,,,,,,,
16477,200999.255,8162941.629,1565.365,,,,,,,,,
16478,200993.091,8162941.498,1565.203,,,,,,,,,
16479,200993.068,8162942.145,1565.245,,,,,,,,,
16480,200986.91,8162942.573,1564.946,,,,,,,,,
16481,200986.868,8162941.65,1564.961,,,,,,,,,
16482,200980.732,8162941.502,1564.936,,,,,,,,,
16483,200980.727,8162942.271,1564.942,,,,,,,,,
16484,200974.437,8162942.585,1565.017,,,,,,,,,
16485,200974.436,8162941.647,1565.013,,,,,,,,,
16486,200980.82,8162904.709,1565.429,,,,,,,,,
16487,200986.868,8162904.835,1565.59,,,,,,,,,
16488,200993.042,8162904.701,1565.277,,,,,,,,,
16489,200999.241,8162904.846,1565.236,,,,,,,,,
16490,201005.477,8162904.758,1565.654,,,,,,,,,
16491,201011.77,8162904.652,1565.544,,,,,,,,,
16492,201055.139,8162904.781,1567.793,,,,,,,,,
16493,201061.238,8162904.84,1567.657,,,,,,,,,
16494,201067.535,8162904.754,1567.497,,,,,,,,,
16495,201073.613,8162904.881,1567.687,,,,,,,,,
16496,201073.598,8162942.65,1566.755,,,,,,,,,
16497,201073.603,8162941.73,1566.769,,,,,,,,,
16498,201067.533,8162941.585,1567.04,,,,,,,,,
16499,201067.469,8162942.36,1567.021,,,,,,,,,
16500,201061.206,8162941.653,1566.55,,,,,,,,,
16501,201061.205,8162942.634,1566.538,,,,,,,,,
16502,201055.081,8162942.348,1566.458,,,,,,,,,
16503,201055.116,8162941.611,1566.493,,,,,,,,,
16504,201055.325,8162979.695,1566.585,,,,,,,,,
16505,201055.039,8162979.361,1566.73,,,,,,,,,
16506,201061.179,8162979.372,1566.825,,,,,,,,,
16507,201061.236,8162979.923,1566.828,,,,,,,,,
16508,201067.494,8162979.31,1567.041,,,,,,,,,
16509,201067.533,8162979.583,1567.026,,,,,,,,,
16510,201073.579,8162979.461,1567.023,,,,,,,,,
16511,201073.673,8162979.933,1567.279,,,,,,,,,
16512,201073.41,8163016.901,1566.096,,,,,,,,,
16513,201073.598,8163017.736,1566.175,,,,,,,,,
16514,201067.503,8163017.409,1566.149,,,,,,,,,
16515,201067.482,8163016.7,1566.183,,,,,,,,,
16516,201061.199,8163017.672,1565.995,,,,,,,,,
16517,201061.226,8163016.937,1566.054,,,,,,,,,
16518,201055.064,8163017.423,1565.74,,,,,,,,,
16519,201055.041,8163016.778,1565.811,,,,,,,,,
16520,201055.023,8163055.039,1566.383,,,,,,,,,
16521,201055.022,8163054.341,1566.487,,,,,,,,,
16522,201061.229,8163054.424,1566.521,,,,,,,,,
16523,201061.191,8163055.092,1566.54,,,,,,,,,
16524,201067.348,8163054.412,1566.426,,,,,,,,,
16525,201067.454,8163054.951,1566.732,,,,,,,,,
16526,201073.626,8163054.488,1566.859,,,,,,,,,
16527,201073.627,8163054.841,1566.994,,,,,,,,,
16528,201073.606,8163092.909,1566.826,,,,,,,,,
16529,201073.614,8163091.903,1566.868,,,,,,,,,
16530,201067.473,8163091.742,1566.702,,,,,,,,,
16531,201067.42,8163092.524,1566.661,,,,,,,,,
16532,201061.238,8163092.794,1566.348,,,,,,,,,
16533,201061.229,8163091.802,1566.358,,,,,,,,,
16534,201055.143,8163091.809,1566.061,,,,,,,,,
16535,201055.145,8163092.518,1566.064,,,,,,,,,
16536,201055.001,8163129.527,1564.903,,,,,,,,,
16537,201061.23,8163129.501,1564.785,,,,,,,,,
16538,201067.497,8163129.39,1564.815,,,,,,,,,
16539,201073.642,8163129.566,1564.971,,,,,,,,,
16540,201141.826,8163054.386,1569.158,,,,,,,,,
16541,201147.984,8163054.436,1569.378,,,,,,,,,
16542,201154.101,8163054.43,1569.563,,,,,,,,,
16543,201160.372,8163054.558,1569.525,,,,,,,,,
16544,201166.626,8163054.505,1569.133,,,,,,,,,
16545,201172.751,8163054.641,1568.705,,,,,,,,,
16546,201178.953,8163054.446,1568.51,,,,,,,,,
16547,201185.106,8163054.601,1568.666,,,,,,,,,
16548,201185.172,8163016.781,1570.33,,,,,,,,,
16549,201185.166,8163017.744,1570.374,,,,,,,,,
16550,201179.095,8163017.324,1570.202,,,,,,,,,
16551,201179.061,8163016.737,1570.292,,,,,,,,,
16552,201172.78,8163017.732,1570.355,,,,,,,,,
16553,201172.868,8163017.031,1570.423,,,,,,,,,
16554,201166.612,8163017.361,1570.123,,,,,,,,,
16555,201166.66,8163016.71,1570.128,,,,,,,,,
16556,201160.428,8163017.611,1569.56,,,,,,,,,
16557,201160.369,8163016.815,1569.537,,,,,,,,,
16558,201154.238,8163017.397,1569.113,,,,,,,,,
16559,201154.283,8163016.939,1569.166,,,,,,,,,
16560,201142.052,8163017.243,1568.604,,,,,,,,,
16561,201141.875,8163016.787,1568.593,,,,,,,,,
16562,201147.983,8163017.533,1568.778,,,,,,,,,
16563,201147.954,8163016.831,1568.778,,,,,,,,,
16564,201141.862,8162979.998,1568.013,,,,,,,,,
16565,201148.014,8162980.023,1568.156,,,,,,,,,
16566,201154.233,8162979.865,1568.146,,,,,,,,,
16567,201160.394,8162980.046,1567.983,,,,,,,,,
16568,201166.079,8162979.56,1567.814,,,,,,,,,
16569,201172.783,8162980.033,1568.277,,,,,,,,,
16570,201178.921,8162979.82,1568.335,,,,,,,,,
16571,201185.11,8162980.056,1568.57,,,,,,,,,
16572,201197.599,8163054.522,1569.759,,,,,,,,,
16573,201203.814,8163054.395,1570.094,,,,,,,,,
16574,201203.774,8163016.664,1570.638,,,,,,,,,
16575,201203.745,8163017.275,1570.687,,,,,,,,,
16576,201197.738,8163017.679,1570.46,,,,,,,,,
16577,201197.643,8163016.808,1570.5,,,,,,,,,
16578,201197.67,8162980.056,1568.962,,,,,,,,,
16579,201197.657,8162979.543,1568.798,,,,,,,,,
16580,201203.578,8162979.389,1568.845,,,,,,,,,
16581,201203.888,8162979.962,1569.148,,,,,,,,,
16582,201203.749,8162942.213,1570.44,,,,,,,,,
16583,201203.824,8162941.587,1570.467,,,,,,,,,
16584,201197.752,8162942.652,1570.116,,,,,,,,,
16585,201197.661,8162941.778,1570.155,,,,,,,,,
16586,201197.621,8162904.958,1570.272,,,,,,,,,
16587,201203.789,8162904.828,1570.468,,,,,,,,,
16588,201209.983,8162904.96,1570.742,,,,,,,,,
16589,201216.226,8162904.784,1570.805,,,,,,,,,
16590,201216.191,8162941.588,1570.394,,,,,,,,,
16591,201216.193,8162942.316,1570.402,,,,,,,,,
16592,201210.228,8162942.515,1570.337,,,,,,,,,
16593,201210.015,8162941.664,1570.435,,,,,,,,,
16594,201216.187,8162979.288,1569.206,,,,,,,,,
16595,201216.17,8162979.935,1569.417,,,,,,,,,
16596,201210.046,8162979.415,1569.125,,,,,,,,,
16597,201210.059,8162980.041,1569.394,,,,,,,,,
16598,201216.134,8163016.669,1570.78,,,,,,,,,
16599,201216.215,8163017.379,1570.901,,,,,,,,,
16600,201210.019,8163017.707,1570.708,,,,,,,,,
16601,201210.026,8163016.85,1570.718,,,,,,,,,
16602,201210.076,8163054.62,1570.257,,,,,,,,,
16603,201216.176,8163054.345,1571.235,,,,,,,,,
16604,201222.287,8163054.431,1572.003,,,,,,,,,
16605,201228.601,8163054.349,1572.572,,,,,,,,,
16606,201228.548,8163016.692,1570.807,,,,,,,,,
16607,201228.626,8163017.075,1570.921,,,,,,,,,
16608,201222.682,8163017.641,1570.71,,,,,,,,,
16609,201222.371,8163016.766,1571.008,,,,,,,,,
16610,201222.354,8162980.029,1569.613,,,,,,,,,
16611,201222.389,8162979.396,1569.381,,,,,,,,,
16612,201228.636,8162979.916,1569.927,,,,,,,,,
16613,201228.602,8162979.22,1570.023,,,,,,,,,
16614,201228.124,8162941.828,1570.394,,,,,,,,,
16615,201228.595,8162942.43,1570.644,,,,,,,,,
16616,201222.801,8162942.576,1570.3,,,,,,,,,
16617,201222.426,8162941.972,1570.597,,,,,,,,,
16618,201222.427,8162904.947,1570.926,,,,,,,,,
16619,201228.589,8162904.911,1571.16,,,,,,,,,
16620,201234.756,8162904.945,1571.261,,,,,,,,,
16621,201240.984,8162904.931,1570.96,,,,,,,,,
16622,201241.012,8162941.662,1570.922,,,,,,,,,
16623,201241.02,8162942.449,1570.913,,,,,,,,,
16624,201234.801,8162942.559,1570.661,,,,,,,,,
16625,201234.787,8162941.786,1570.713,,,,,,,,,
16626,201240.962,8162979.405,1570.104,,,,,,,,,
16627,201241.057,8162979.834,1570.069,,,,,,,,,
16628,201234.837,8162980.025,1569.904,,,,,,,,,
16629,201234.782,8162979.258,1570.071,,,,,,,,,
16630,201234.811,8163017.695,1571.044,,,,,,,,,
16631,201234.817,8163016.78,1571.01,,,,,,,,,
16632,201240.877,8163016.644,1571.114,,,,,,,,,
16633,201240.949,8163017.106,1571.212,,,,,,,,,
16634,201234.775,8163054.406,1573.003,,,,,,,,,
16635,201241.005,8163054.184,1574.103,,,,,,,,,
16636,201247.178,8163054.301,1574.742,,,,,,,,,
16637,201253.367,8163054.136,1575.447,,,,,,,,,
16638,201247.24,8163017.574,1571.771,,,,,,,,,
16639,201247.217,8163016.765,1571.751,,,,,,,,,
16640,201253.328,8163016.625,1572.118,,,,,,,,,
16641,201253.402,8163017.281,1572.246,,,,,,,,,
16642,201253.443,8162979.232,1570.194,,,,,,,,,
16643,201253.449,8162979.765,1570.065,,,,,,,,,
16644,201247.265,8162980.009,1570.02,,,,,,,,,
16645,201247.207,8162979.466,1570.266,,,,,,,,,
16646,201247.374,8162942.671,1570.59,,,,,,,,,
16647,201247.179,8162941.79,1570.706,,,,,,,,,
16648,201253.2,8162941.762,1570.674,,,,,,,,,
16649,201253.412,8162941.977,1570.788,,,,,,,,,
16650,201247.144,8162905.054,1571.272,,,,,,,,,
16651,201253.421,8162904.939,1571.325,,,,,,,,,
16652,201259.582,8162904.866,1571.437,,,,,,,,,
16653,201265.858,8162904.669,1571.549,,,,,,,,,
16654,201265.744,8162941.609,1571.075,,,,,,,,,
16655,201265.782,8162941.992,1571.125,,,,,,,,,
16656,201259.86,8162942.447,1570.774,,,,,,,,,
16657,201259.628,8162941.913,1570.916,,,,,,,,,
16658,201265.82,8162979.246,1570.459,,,,,,,,,
16659,201265.87,8162979.962,1570.146,,,,,,,,,
16660,201259.776,8162979.978,1570.132,,,,,,,,,
16661,201259.609,8162979.343,1570.281,,,,,,,,,
16662,201259.892,8163017.572,1572.321,,,,,,,,,
16663,201259.651,8163016.897,1572.492,,,,,,,,,
16664,201265.86,8163016.627,1573.244,,,,,,,,,
16665,201265.96,8163017.161,1573.013,,,,,,,,,
16666,201271.849,8163017.467,1573.56,,,,,,,,,
16667,201271.874,8163016.714,1573.496,,,,,,,,,
16668,201259.657,8163054.351,1575.235,,,,,,,,,
16669,201265.865,8163054.309,1575.434,,,,,,,,,
16670,201272.022,8163054.383,1575.531,,,,,,,,,
16671,201278.291,8163054.355,1575.416,,,,,,,,,
16672,201284.519,8163054.494,1575.479,,,,,,,,,
16673,201290.712,8163054.445,1575.438,,,,,,,,,
16674,201296.914,8163054.526,1576.129,,,,,,,,,
16675,201278.042,8163016.665,1573.708,,,,,,,,,
16676,201278.189,8163017.34,1573.885,,,,,,,,,
16677,201278.206,8162979.969,1570.627,,,,,,,,,
16678,201278.195,8162979.42,1570.757,,,,,,,,,
16679,201272.135,8162980,1570.287,,,,,,,,,
16680,201271.979,8162979.474,1570.609,,,,,,,,,
16681,201272.251,8162942.546,1571.059,,,,,,,,,
16682,201272.047,8162942.03,1571.231,,,,,,,,,
16683,201278.128,8162941.732,1571.273,,,,,,,,,
16684,201278.213,8162942.208,1571.335,,,,,,,,,
16685,201272.046,8162904.898,1571.695,,,,,,,,,
16686,201278.218,8162904.861,1571.783,,,,,,,,,
16687,201284.429,8162904.905,1571.972,,,,,,,,,
16688,201290.604,8162904.785,1571.963,,,,,,,,,
16689,201290.291,8162941.545,1571.436,,,,,,,,,
16690,201290.561,8162942.105,1571.534,,,,,,,,,
16691,201284.605,8162942.375,1571.313,,,,,,,,,
16692,201284.44,8162942.084,1571.431,,,,,,,,,
16693,201284.474,8162979.372,1570.768,,,,,,,,,
16694,201284.367,8162979.71,1570.708,,,,,,,,,
16695,201290.281,8162979.368,1570.782,,,,,,,,,
16696,201290.642,8162979.884,1570.914,,,,,,,,,
16697,201284.652,8163017.519,1573.904,,,,,,,,,
16698,201284.474,8163016.761,1574.051,,,,,,,,,
16699,201290.585,8163016.635,1573.911,,,,,,,,,
16700,201290.586,8163017.423,1573.969,,,,,,,,,
16701,201296.937,8163017.611,1574.038,,,,,,,,,
16702,201296.883,8163016.739,1574.032,,,,,,,,,
16703,201296.823,8162980.07,1571.051,,,,,,,,,
16704,201296.769,8162979.467,1571.159,,,,,,,,,
16705,201296.903,8162942.637,1571.591,,,,,,,,,
16706,201296.793,8162942.097,1571.699,,,,,,,,,
16707,201296.831,8162904.963,1572.102,,,,,,,,,
16708,200857.15,8163911.492,1551.304,,,,,,,,,
16709,200857.249,8163949.141,1552.555,,,,,,,,,
16710,200857.114,8163948.406,1552.61,,,,,,,,,
16711,200857.199,8163985.912,1552.831,,,,,,,,,
16712,200851.123,8163985.898,1552.711,,,,,,,,,
16713,200844.764,8163996.525,1552.867,,,,,,,,,
16714,200844.865,8163959.755,1552.348,,,,,,,,,
16715,200844.765,8163958.888,1552.357,,,,,,,,,
16716,200850.921,8163948.042,1552.305,,,,,,,,,
16717,200850.909,8163948.854,1552.33,,,,,,,,,
16718,200850.942,8163911.328,1551.382,,,,,,,,,
16719,200844.828,8163921.928,1551.78,,,,,,,,,
16720,200838.589,8163921.91,1551.901,,,,,,,,,
16721,200832.315,8163936.024,1551.829,,,,,,,,,
16722,200838.351,8163958.737,1552.025,,,,,,,,,
16723,200838.495,8163959.174,1552.143,,,,,,,,,
16724,200832.719,8163973.617,1552.091,,,,,,,,,
16725,200832.363,8163973.042,1552.262,,,,,,,,,
16726,200838.393,8163996.416,1552.701,,,,,,,,,
16727,200832.386,8164010.505,1552.606,,,,,,,,,
16728,200826.248,8164010.443,1552.714,,,,,,,,,
16729,200820.04,8164040.306,1553.284,,,,,,,,,
16730,200820.042,8164003.563,1552.595,,,,,,,,,
16731,200820.004,8164002.936,1552.636,,,,,,,,,
16732,200825.976,8163972.664,1551.949,,,,,,,,,
16733,200826.137,8163973.544,1552.028,,,,,,,,,
16734,200820.131,8163965.889,1551.779,,,,,,,,,
16735,200819.973,8163965.379,1551.669,,,,,,,,,
16736,200820.113,8163946.896,1551.621,,,,,,,,,
16737,200820.001,8163946.432,1551.656,,,,,,,,,
16738,200826.067,8163935.725,1551.66,,,,,,,,,
16739,200820.005,8163927.663,1551.607,,,,,,,,,
16740,200813.797,8163927.53,1551.415,,,,,,,,,
16741,200813.521,8163945.942,1551.364,,,,,,,,,
16742,200813.714,8163946.351,1551.459,,,,,,,,,
16743,200813.671,8163965.236,1551.473,,,,,,,,,
16744,200813.751,8163965.812,1551.639,,,,,,,,,
16745,200807.534,8163970.724,1551.846,,,,,,,,,
16746,200813.675,8164002.691,1552.578,,,,,,,,,
16747,200813.741,8164003.478,1552.633,,,,,,,,,
16748,200807.724,8164008.372,1552.516,,,,,,,,,
16749,200807.543,8164007.532,1552.571,,,,,,,,,
16750,200813.655,8164040.282,1553.45,,,,,,,,,
16751,200807.529,8164045.169,1553.15,,,,,,,,,
16752,200801.355,8164045.001,1552.94,,,,,,,,,
16753,200795.29,8164062.169,1553.27,,,,,,,,,
16754,200795.638,8164025.173,1552.507,,,,,,,,,
16755,200795.252,8164024.386,1552.645,,,,,,,,,
16756,200801.124,8164007.377,1552.419,,,,,,,,,
16757,200801.343,8164007.864,1552.568,,,,,,,,,
16758,200801.325,8163970.507,1551.79,,,,,,,,,
16759,200795.215,8163987.586,1552.066,,,,,,,,,
16760,200789.046,8163987.496,1551.839,,,,,,,,,
16761,200782.829,8163979.485,1551.695,,,,,,,,,
16762,200782.736,8163978.673,1551.748,,,,,,,,,
16763,200782.861,8164016.295,1552.484,,,,,,,,,
16764,200782.86,8164016.403,1552.65,,,,,,,,,
16765,200788.671,8164024.311,1552.528,,,,,,,,,
16766,200788.947,8164024.781,1552.668,,,,,,,,,
16767,200782.847,8164054.111,1553.058,,,,,,,,,
16768,200782.852,8164053.51,1553.084,,,,,,,,,
16769,200788.956,8164061.944,1553.247,,,,,,,,,
16770,200782.728,8164090.974,1553.261,,,,,,,,,
16771,200776.493,8164090.941,1553.17,,,,,,,,,
16772,200770.372,8164106.101,1552.637,,,,,,,,,
16773,200770.426,8164069.133,1552.852,,,,,,,,,
16774,200770.393,8164068.613,1552.937,,,,,,,,,
16775,200776.173,8164053.386,1552.891,,,,,,,,,
16776,200776.553,8164054.083,1553.027,,,,,,,,,
16777,200770.449,8164031.041,1552.847,,,,,,,,,
16778,200770.439,8164031.593,1552.977,,,,,,,,,
16779,200776.511,8164016.425,1552.476,,,,,,,,,
16780,200776.555,8164016.183,1552.598,,,,,,,,,
16781,200770.664,8163994.061,1551.82,,,,,,,,,
16782,200770.355,8163993.385,1551.981,,,,,,,,,
16783,200776.373,8163978.457,1551.605,,,,,,,,,
16784,200776.515,8163979.038,1551.694,,,,,,,,,
16785,200776.565,8163941.62,1550.704,,,,,,,,,
16786,200782.811,8163941.813,1550.75,,,,,,,,,
16787,200770.353,8163956.566,1551.146,,,,,,,,,
16788,200764.372,8163956.186,1551.214,,,,,,,,,
16789,200758.113,8163956.523,1551.168,,,,,,,,,
16790,200763.858,8163993.273,1551.764,,,,,,,,,
16791,200764.122,8163993.656,1551.859,,,,,,,,,
16792,200758.018,8163994.223,1551.867,,,,,,,,,
16793,200757.997,8163993.509,1551.885,,,,,,,,,
16794,200764.161,8164030.921,1552.781,,,,,,,,,
16795,200764.28,8164031.613,1552.907,,,,,,,,,
16796,200757.987,8164031.033,1552.456,,,,,,,,,
16797,200757.981,8164031.573,1552.521,,,,,,,,,
16798,200763.935,8164068.477,1552.851,,,,,,,,,
16799,200764.102,8164068.854,1552.921,,,,,,,,,
16800,200758.026,8164069.398,1553.02,,,,,,,,,
16801,200758.003,8164068.541,1553.054,,,,,,,,,
16802,200763.999,8164106.053,1552.725,,,,,,,,,
16803,200757.985,8164106.165,1552.416,,,,,,,,,
16804,200751.712,8164106.053,1552.309,,,,,,,,,
16805,200745.74,8164106.273,1552,,,,,,,,,
16806,200745.632,8164069.435,1552.893,,,,,,,,,
16807,200745.648,8164068.628,1552.951,,,,,,,,,
16808,200751.773,8164068.302,1552.96,,,,,,,,,
16809,200751.75,8164068.955,1552.99,,,,,,,,,
16810,200751.801,8164031.592,1552.459,,,,,,,,,
16811,200751.725,8164030.847,1552.254,,,,,,,,,
16812,200745.627,8164031.698,1552.035,,,,,,,,,
16813,200745.617,8164030.909,1552.284,,,,,,,,,
16814,200745.63,8163994.117,1551.826,,,,,,,,,
16815,200745.578,8163993.62,1551.893,,,,,,,,,
16816,200751.468,8163993.226,1551.811,,,,,,,,,
16817,200751.727,8163993.83,1551.905,,,,,,,,,
16818,200751.793,8163956.423,1551.284,,,,,,,,,
16819,200745.611,8163956.558,1551.306,,,,,,,,,
16820,200739.385,8163956.561,1551.239,,,,,,,,,
16821,200733.178,8163956.546,1551.177,,,,,,,,,
16822,200739.31,8163993.298,1551.729,,,,,,,,,
16823,200739.356,8163993.791,1551.798,,,,,,,,,
16824,200733.282,8163994.24,1551.702,,,,,,,,,
16825,200733.215,8163993.485,1551.794,,,,,,,,,
16826,200739.141,8164030.979,1552.109,,,,,,,,,
16827,200739.382,8164031.4,1552.047,,,,,,,,,
16828,200733.21,8164031.199,1551.984,,,,,,,,,
16829,200733.155,8164031.571,1552.037,,,,,,,,,
16830,200738.866,8164068.471,1552.671,,,,,,,,,
16831,200739.336,8164069.074,1552.844,,,,,,,,,
16832,200733.178,8164069.359,1552.854,,,,,,,,,
16833,200733.215,8164068.4,1552.86,,,,,,,,,
16834,200739.297,8164106.007,1551.866,,,,,,,,,
16835,200733.167,8164106.199,1551.592,,,,,,,,,
16836,200726.965,8164105.968,1550.881,,,,,,,,,
16837,200720.707,8164106.102,1550.846,,,,,,,,,
16838,200720.81,8164069.404,1552.876,,,,,,,,,
16839,200720.845,8164068.585,1552.922,,,,,,,,,
16840,200726.483,8164068.462,1552.718,,,,,,,,,
16841,200726.966,8164069.03,1552.943,,,,,,,,,
16842,200726.965,8164031.573,1552.068,,,,,,,,,
16843,200726.948,8164030.878,1552.021,,,,,,,,,
16844,200720.856,8164031.677,1552.085,,,,,,,,,
16845,200720.763,8164031.179,1552.029,,,,,,,,,
16846,200720.808,8163994.276,1551.617,,,,,,,,,
16847,200720.734,8163993.513,1551.69,,,,,,,,,
16848,200726.969,8163994.085,1551.566,,,,,,,,,
16849,200726.969,8163993.482,1551.656,,,,,,,,,
16850,200726.893,8163956.288,1551.021,,,,,,,,,
16851,200720.794,8163956.561,1550.995,,,,,,,,,
16852,200714.578,8163956.438,1550.86,,,,,,,,,
16853,200708.408,8163986.282,1551.448,,,,,,,,,
16854,200714.563,8163993.131,1551.561,,,,,,,,,
16855,200714.551,8163993.938,1551.575,,,,,,,,,
16856,200708.405,8164023.995,1552.002,,,,,,,,,
16857,200708.41,8164023.197,1552.036,,,,,,,,,
16858,200714.581,8164030.854,1552.137,,,,,,,,,
16859,200714.558,8164031.55,1551.942,,,,,,,,,
16860,200714.494,8164068.293,1553.076,,,,,,,,,
16861,200714.549,8164068.976,1553.114,,,,,,,,,
16862,200714.481,8164105.91,1550.726,,,,,,,,,
16863,200708.332,8164060.751,1552.693,,,,,,,,,
16864,200702.153,8164060.641,1552.645,,,,,,,,,
16865,200695.946,8164060.725,1552.906,,,,,,,,,
16866,200695.998,8164023.994,1552.149,,,,,,,,,
16867,200695.981,8164023.275,1552.218,,,,,,,,,
16868,200702.055,8164022.944,1552.078,,,,,,,,,
16869,200702.177,8164023.834,1552.193,,,,,,,,,
16870,200702.232,8163986.176,1551.486,,,,,,,,,
16871,200695.994,8163986.288,1551.454,,,,,,,,,
16872,200689.792,8163986.179,1551.602,,,,,,,,,
16873,200683.618,8163986.31,1551.759,,,,,,,,,
16874,200689.528,8164022.976,1551.932,,,,,,,,,
16875,200689.781,8164023.835,1552.041,,,,,,,,,
16876,200683.663,8164023.967,1551.863,,,,,,,,,
16877,200683.594,8164023.136,1551.883,,,,,,,,,
16878,200689.723,8164060.614,1552.882,,,,,,,,,
16879,200683.553,8164060.731,1552.73,,,,,,,,,
16880,200677.385,8164060.699,1552.481,,,,,,,,,
16881,200671.111,8164060.801,1552.364,,,,,,,,,
16882,200671.538,8164023.883,1551.617,,,,,,,,,
16883,200671.191,8164023.088,1551.697,,,,,,,,,
16884,200677.193,8164022.969,1551.838,,,,,,,,,
16885,200677.385,8164023.834,1551.906,,,,,,,,,
16886,200677.398,8163986.18,1551.753,,,,,,,,,
16887,200671.299,8163986.228,1552.062,,,,,,,,,
16888,200665.081,8163986.052,1551.841,,,,,,,,,
16889,200664.742,8164022.972,1551.582,,,,,,,,,
16890,200664.962,8164023.364,1551.707,,,,,,,,,
16891,200664.913,8164060.633,1551.638,,,,,,,,,
16892,200724.668,8164120.046,1552.027,,,,,,,,,
16893,200724.881,8164157.692,1553.227,,,,,,,,,
16894,200724.71,8164156.797,1553.261,,,,,,,,,
16895,200724.77,8164194.504,1553.223,,,,,,,,,
16896,200718.594,8164194.661,1553.047,,,,,,,,,
16897,200712.456,8164194.546,1553.051,,,,,,,,,
16898,200712.7,8164157.482,1553.249,,,,,,,,,
16899,200712.306,8164156.831,1553.483,,,,,,,,,
16900,200718.506,8164156.611,1553.464,,,,,,,,,
16901,200718.441,8164119.903,1552.221,,,,,,,,,
16902,200712.256,8164119.983,1552.503,,,,,,,,,
16903,200706.123,8164119.915,1552.879,,,,,,,,,
16904,200699.926,8164119.976,1553.122,,,,,,,,,
16905,200706.081,8164156.653,1553.233,,,,,,,,,
16906,200706.126,8164157.277,1553.277,,,,,,,,,
16907,200700.346,8164157.454,1552.952,,,,,,,,,
16908,200699.99,8164156.752,1553.134,,,,,,,,,
16909,200706.134,8164194.373,1552.935,,,,,,,,,
16910,200700.079,8164194.521,1553.043,,,,,,,,,
16911,200693.747,8164194.352,1552.973,,,,,,,,,
16912,200687.564,8164194.44,1552.813,,,,,,,,,
16913,200687.923,8164157.46,1552.854,,,,,,,,,
16914,200687.544,8164156.887,1553.111,,,,,,,,,
16915,200693.434,8164156.78,1552.989,,,,,,,,,
16916,200693.71,8164157.243,1553.075,,,,,,,,,
16917,200693.588,8164119.966,1553.038,,,,,,,,,
16918,200687.514,8164120.03,1553.315,,,,,,,,,
16919,200681.318,8164120.042,1553.247,,,,,,,,,
16920,200675.206,8164119.992,1553.169,,,,,,,,,
16921,200675.233,8164157.539,1553.039,,,,,,,,,
16922,200675.158,8164156.936,1553.09,,,,,,,,,
16923,200681.131,8164156.865,1552.966,,,,,,,,,
16924,200681.316,8164157.531,1553.089,,,,,,,,,
16925,200681.25,8164194.439,1552.787,,,,,,,,,
16926,200675.136,8164194.35,1552.938,,,,,,,,,
16927,200675.12,8164195.073,1552.857,,,,,,,,,
16928,200675.222,8164232.744,1552.95,,,,,,,,,
16929,200675.168,8164232.027,1553.025,,,,,,,,,
16930,200675.162,8164269.504,1552.558,,,,,,,,,
16931,200662.729,8164269.552,1552.455,,,,,,,,,
16932,200668.943,8164269.401,1552.497,,,,,,,,,
16933,200662.752,8164232.817,1552.98,,,,,,,,,
16934,200662.709,8164232.03,1553.078,,,,,,,,,
16935,200668.68,8164231.791,1552.855,,,,,,,,,
16936,200668.935,8164232.487,1552.894,,,,,,,,,
16937,200668.855,8164194.869,1552.778,,,,,,,,,
16938,200668.923,8164194.436,1552.792,,,,,,,,,
16939,200662.749,8164195.095,1552.767,,,,,,,,,
16940,200662.663,8164194.498,1552.94,,,,,,,,,
16941,200662.78,8164157.62,1553.061,,,,,,,,,
16942,200662.8,8164156.885,1553.084,,,,,,,,,
16943,200668.887,8164156.827,1552.946,,,,,,,,,
16944,200668.923,8164157.206,1553.007,,,,,,,,,
16945,200668.953,8164120.045,1553.083,,,,,,,,,
16946,200662.736,8164120.068,1553.075,,,,,,,,,
16947,200656.485,8164120.02,1552.972,,,,,,,,,
16948,200650.389,8164119.947,1552.839,,,,,,,,,
16949,200650.666,8164157.466,1552.766,,,,,,,,,
16950,200650.345,8164156.868,1552.929,,,,,,,,,
16951,200656.424,8164156.789,1552.843,,,,,,,,,
16952,200656.52,8164157.125,1552.958,,,,,,,,,
16953,200656.37,8164194.393,1552.763,,,,,,,,,
16954,200656.565,8164194.968,1552.443,,,,,,,,,
16955,200650.406,8164194.353,1552.855,,,,,,,,,
16956,200650.46,8164195.052,1552.508,,,,,,,,,
16957,200656.481,8164231.769,1552.843,,,,,,,,,
16958,200656.525,8164232.528,1552.852,,,,,,,,,
16959,200650.39,8164232.843,1552.943,,,,,,,,,
16960,200650.41,8164232.023,1552.985,,,,,,,,,
16961,200656.479,8164269.504,1552.394,,,,,,,,,
16962,200650.539,8164269.681,1552.13,,,,,,,,,
16963,200644.224,8164269.554,1552.209,,,,,,,,,
16964,200638.057,8164269.683,1552.018,,,,,,,,,
16965,200643.948,8164231.754,1552.641,,,,,,,,,
16966,200644.116,8164232.468,1552.718,,,,,,,,,
16967,200638.106,8164232.764,1552.192,,,,,,,,,
16968,200637.955,8164231.935,1552.243,,,,,,,,,
16969,200644.193,8164194.916,1552.409,,,,,,,,,
16970,200644.182,8164194.347,1552.812,,,,,,,,,
16971,200638.013,8164195.09,1552.31,,,,,,,,,
16972,200637.934,8164194.386,1552.546,,,,,,,,,
16973,200637.972,8164157.568,1552.866,,,,,,,,,
16974,200637.948,8164156.808,1552.881,,,,,,,,,
16975,200643.826,8164156.883,1552.683,,,,,,,,,
16976,200644.115,8164157.308,1552.865,,,,,,,,,
16977,200644.079,8164120.024,1552.843,,,,,,,,,
16978,200637.939,8164120.021,1553.09,,,,,,,,,
16979,200631.778,8164120.044,1552.955,,,,,,,,,
16980,200625.627,8164119.992,1552.876,,,,,,,,,
16981,200625.583,8164157.718,1552.857,,,,,,,,,
16982,200625.527,8164156.863,1552.943,,,,,,,,,
16983,200631.512,8164156.832,1552.683,,,,,,,,,
16984,200631.732,8164157.531,1552.766,,,,,,,,,
16985,200631.736,8164194.361,1552.463,,,,,,,,,
16986,200631.748,8164194.818,1552.181,,,,,,,,,
16987,200625.535,8164194.482,1552.304,,,,,,,,,
16988,200625.565,8164195.03,1552.105,,,,,,,,,
16989,200631.171,8164231.894,1551.989,,,,,,,,,
16990,200631.702,8164232.223,1552.21,,,,,,,,,
16991,200625.543,8164232.794,1552.171,,,,,,,,,
16992,200625.492,8164232.095,1552.245,,,,,,,,,
16993,200631.757,8164269.517,1551.964,,,,,,,,,
16994,200625.573,8164269.707,1551.671,,,,,,,,,
16995,200619.298,8164269.408,1551.648,,,,,,,,,
16996,200613.136,8164269.56,1551.601,,,,,,,,,
16997,200619.316,8164231.705,1552.057,,,,,,,,,
16998,200619.32,8164232.3,1552.107,,,,,,,,,
16999,200613.251,8164232.779,1552.099,,,,,,,,,
17000,200613.14,8164232.081,1552.175,,,,,,,,,
17001,200613.436,8164194.997,1551.75,,,,,,,,,
17002,200613.116,8164194.485,1552.09,,,,,,,,,
17003,200619.26,8164194.849,1551.837,,,,,,,,,
17004,200619.328,8164194.363,1552.189,,,,,,,,,
17005,200619.321,8164156.647,1552.987,,,,,,,,,
17006,200619.304,8164157.281,1553.018,,,,,,,,,
17007,200613.325,8164157.612,1552.796,,,,,,,,,
17008,200613.168,8164156.781,1552.903,,,,,,,,,
17009,200619.362,8164119.909,1552.774,,,,,,,,,
17010,200613.199,8164119.992,1552.682,,,,,,,,,
17011,200606.986,8164119.879,1552.438,,,,,,,,,
17012,200600.726,8164120.02,1552.543,,,,,,,,,
17013,200601.046,8164157.547,1552.461,,,,,,,,,
17014,200600.757,8164156.959,1552.656,,,,,,,,,
17015,200606.775,8164156.661,1552.766,,,,,,,,,
17016,200606.94,8164157.531,1552.919,,,,,,,,,
17017,200606.882,8164194.32,1552.013,,,,,,,,,
17018,200606.964,8164194.867,1551.692,,,,,,,,,
17019,200600.827,8164195.097,1551.86,,,,,,,,,
17020,200600.718,8164194.653,1552.058,,,,,,,,,
17021,200600.914,8164232.738,1552.042,,,,,,,,,
17022,200600.746,8164232.229,1552.147,,,,,,,,,
17023,200606.76,8164231.779,1552.054,,,,,,,,,
17024,200606.904,8164232.202,1552.151,,,,,,,,,
17025,200606.614,8164269.761,1551.14,,,,,,,,,
17026,200600.79,8164269.702,1550.981,,,,,,,,,
17027,200594.519,8164269.41,1550.916,,,,,,,,,
17028,200594.534,8164231.736,1551.919,,,,,,,,,
17029,200594.523,8164232.488,1551.923,,,,,,,,,
17030,200594.554,8164194.949,1551.799,,,,,,,,,
17031,200594.576,8164194.303,1552.223,,,,,,,,,
17032,200588.381,8164195.106,1551.781,,,,,,,,,
17033,200588.414,8164194.44,1552.132,,,,,,,,,
17034,200594.498,8164156.624,1552.252,,,,,,,,,
17035,200594.55,8164157.378,1552.257,,,,,,,,,
17036,200594.365,8164119.808,1552.269,,,,,,,,,
17037,200614.497,8164107.679,1552.82,,,,,,,,,
17038,200614.572,8164071.013,1550.726,,,,,,,,,
17039,200614.521,8164070.266,1550.756,,,,,,,,,
17040,200614.543,8164033.341,1549.048,,,,,,,,,
17041,200608.371,8164033.163,1549.214,,,,,,,,,
17042,200602.212,8164033.277,1549.444,,,,,,,,,
17043,200602.342,8164070.904,1550.447,,,,,,,,,
17044,200602.138,8164070.115,1550.506,,,,,,,,,
17045,200608.323,8164070.125,1550.558,,,,,,,,,
17046,200608.323,8164070.825,1550.688,,,,,,,,,
17047,200608.281,8164107.55,1552.694,,,,,,,,,
17048,200602.144,8164107.649,1552.815,,,,,,,,,
17049,200595.929,8164107.586,1552.773,,,,,,,,,
17050,200589.682,8164107.708,1552.582,,,,,,,,,
17051,200589.772,8164070.987,1550.392,,,,,,,,,
17052,200589.697,8164070.24,1550.418,,,,,,,,,
17053,200595.927,8164070.125,1550.192,,,,,,,,,
17054,200595.926,8164070.445,1550.379,,,,,,,,,
17055,200595.949,8164033.177,1549.437,,,,,,,,,
17056,200589.871,8164033.268,1549.393,,,,,,,,,
17057,200583.614,8164033.118,1549.417,,,,,,,,,
17058,200577.379,8164033.294,1549.33,,,,,,,,,
17059,200577.6,8164070.789,1550.299,,,,,,,,,
17060,200577.31,8164070.285,1550.427,,,,,,,,,
17061,200583.392,8164069.887,1550.244,,,,,,,,,
17062,200583.491,8164070.456,1550.309,,,,,,,,,
17063,200583.492,8164107.5,1552.416,,,,,,,,,
17064,200577.284,8164107.683,1552.193,,,,,,,,,
17065,199995.007,8164120.079,1535.488,,,,,,,,,
17066,199995.04,8164139.208,1535.798,,,,,,,,,
17067,199995.04,8164138.561,1535.839,,,,,,,,,
17068,199995.002,8164157.582,1536.12,,,,,,,,,
17069,199988.771,8164157.614,1536.032,,,,,,,,,
17070,199982.605,8164157.544,1536.032,,,,,,,,,
17071,199982.701,8164139.13,1535.659,,,,,,,,,
17072,199982.648,8164138.787,1535.69,,,,,,,,,
17073,199988.824,8164138.383,1535.719,,,,,,,,,
17074,199988.807,8164138.953,1535.738,,,,,,,,,
17075,199988.768,8164119.997,1535.375,,,,,,,,,
17076,199982.676,8164120.022,1535.257,,,,,,,,,
17077,199976.456,8164120.013,1535.197,,,,,,,,,
17078,199970.479,8164119.873,1535.029,,,,,,,,,
17079,199970.245,8164139.139,1535.118,,,,,,,,,
17080,199970.239,8164138.594,1535.52,,,,,,,,,
17081,199976.266,8164138.399,1535.507,,,,,,,,,
17082,199976.403,8164138.739,1535.591,,,,,,,,,
17083,199976.29,8164157.635,1535.79,,,,,,,,,
17084,199970.27,8164157.639,1535.764,,,,,,,,,
17085,199964.066,8164157.567,1535.545,,,,,,,,,
17086,199957.74,8164158.724,1535.315,,,,,,,,,
17087,199957.889,8164139.132,1535.094,,,,,,,,,
17088,199957.853,8164138.448,1535.093,,,,,,,,,
17089,199963.989,8164138.283,1535.273,,,,,,,,,
17090,199964.015,8164138.934,1535.315,,,,,,,,,
17091,199963.877,8164119.783,1534.954,,,,,,,,,
17092,199957.883,8164120.024,1534.825,,,,,,,,,
17093,199951.688,8164120.042,1534.707,,,,,,,,,
17094,199945.756,8164119.966,1534.385,,,,,,,,,
17095,199951.333,8164138.454,1534.777,,,,,,,,,
17096,199951.658,8164138.979,1534.912,,,,,,,,,
17097,199945.544,8164157.556,1534.96,,,,,,,,,
17098,199945.389,8164156.772,1535.055,,,,,,,,,
17099,199951.573,8164157.576,1535.096,,,,,,,,,
17100,199945.414,8164194.426,1535.377,,,,,,,,,
17101,199939.193,8164194.306,1535.309,,,,,,,,,
17102,199933.072,8164194.665,1534.918,,,,,,,,,
17103,199933.079,8164157.679,1534.841,,,,,,,,,
17104,199933.074,8164156.716,1534.827,,,,,,,,,
17105,199939.201,8164156.602,1534.871,,,,,,,,,
17106,199939.203,8164157.348,1534.876,,,,,,,,,
17107,199939.177,8164119.716,1534.201,,,,,,,,,
17108,199933.063,8164120.027,1534.146,,,,,,,,,
17109,199404.68,8164051.688,1521.383,,,,,,,,,
17110,199404.706,8164052.29,1521.364,,,,,,,,,
17111,199404.677,8164033.331,1521.435,,,,,,,,,
17112,199404.667,8164032.541,1521.564,,,,,,,,,
17113,199398.488,8164032.556,1521.415,,,,,,,,,
17114,199398.498,8163995.798,1521.514,,,,,,,,,
17115,199398.496,8163994.96,1521.511,,,,,,,,,
17116,199404.609,8163995.059,1521.703,,,,,,,,,
17117,199404.7,8163995.616,1521.718,,,,,,,,,
17118,199404.713,8163958.24,1521.858,,,,,,,,,
17119,199404.705,8163957.418,1521.594,,,,,,,,,
17120,199398.505,8163958.253,1521.639,,,,,,,,,
17121,199398.518,8163957.411,1521.513,,,,,,,,,
17122,199398.532,8163919.868,1521.482,,,,,,,,,
17123,199398.533,8163920.668,1521.479,,,,,,,,,
17124,199404.689,8163919.847,1521.595,,,,,,,,,
17125,199404.698,8163920.472,1521.602,,,,,,,,,
17126,199404.687,8163882.314,1521.806,,,,,,,,,
17127,199404.682,8163883.096,1521.603,,,,,,,,,
17128,199398.541,8163883.126,1521.484,,,,,,,,,
17129,199398.486,8163882.339,1521.475,,,,,,,,,
17130,199398.502,8163845.613,1521.611,,,,,,,,,
17131,199398.488,8163844.803,1521.635,,,,,,,,,
17132,199404.689,8163844.772,1521.799,,,,,,,,,
17133,199404.704,8163845.403,1521.803,,,,,,,,,
17134,199404.695,8163808.027,1521.832,,,,,,,,,
17135,199398.466,8163808.063,1521.697,,,,,,,,,
17136,199392.33,8163808.052,1521.502,,,,,,,,,
17137,199386.136,8163808.019,1521.386,,,,,,,,,
17138,199386.176,8163845.538,1521.315,,,,,,,,,
17139,199386.132,8163844.773,1521.331,,,,,,,,,
17140,199392.316,8163844.774,1521.492,,,,,,,,,
17141,199392.326,8163845.437,1521.491,,,,,,,,,
17142,199392.277,8163882.984,1521.127,,,,,,,,,
17143,199392.283,8163882.355,1521.46,,,,,,,,,
17144,199386.153,8163883.148,1521.002,,,,,,,,,
17145,199386.137,8163882.35,1521.25,,,,,,,,,
17146,199386.145,8163920.73,1521.015,,,,,,,,,
17147,199386.132,8163920.196,1521.097,,,,,,,,,
17148,199392.312,8163919.882,1521.298,,,,,,,,,
17149,199392.31,8163920.539,1521.299,,,,,,,,,
17150,199392.293,8163957.45,1521.414,,,,,,,,,
17151,199392.308,8163958.228,1521.466,,,,,,,,,
17152,199386.093,8163958.17,1521.357,,,,,,,,,
17153,199386.108,8163957.463,1521.066,,,,,,,,,
17154,199392.314,8163994.943,1521.329,,,,,,,,,
17155,199392.316,8163995.649,1521.311,,,,,,,,,
17156,199386.127,8163995.742,1521.231,,,,,,,,,
17157,199386.11,8163994.933,1521.228,,,,,,,,,
17158,199392.297,8164032.561,1521.158,,,,,,,,,
17159,199386.097,8164033.348,1520.891,,,,,,,,,
17160,199386.109,8164032.566,1521.091,,,,,,,,,
17161,199386.087,8164070.084,1520.895,,,,,,,,,
17162,199386.1,8164070.893,1520.886,,,,,,,,,
17163,199386.091,8164107.651,1520.913,,,,,,,,,
17164,199379.903,8164107.663,1520.706,,,,,,,,,
17165,199379.916,8164070.083,1520.79,,,,,,,,,
17166,199379.904,8164070.614,1520.8,,,,,,,,,
17167,199379.905,8164032.561,1520.956,,,,,,,,,
17168,199379.893,8164033.357,1520.774,,,,,,,,,
17169,199379.785,8163994.954,1521.153,,,,,,,,,
17170,199379.889,8163995.563,1521.198,,,,,,,,,
17171,199379.913,8163958.231,1521.33,,,,,,,,,
17172,199379.881,8163957.415,1521.017,,,,,,,,,
17173,199379.909,8163919.819,1520.907,,,,,,,,,
17174,199379.915,8163920.489,1520.874,,,,,,,,,
17175,199379.944,8163883.097,1520.811,,,,,,,,,
17176,199379.87,8163882.335,1521.193,,,,,,,,,
17177,199379.889,8163844.761,1521.119,,,,,,,,,
17178,199379.902,8163845.414,1521.097,,,,,,,,,
17179,199379.923,8163808.033,1521.053,,,,,,,,,
17180,199231.144,8164070.887,1516.972,,,,,,,,,
17181,199237.381,8164070.891,1517.097,,,,,,,,,
17182,199231.152,8164052.346,1516.905,,,,,,,,,
17183,199231.145,8164051.737,1516.964,,,,,,,,,
17184,199237.379,8164052.545,1517.098,,,,,,,,,
17185,199237.355,8164051.732,1517.111,,,,,,,,,
17186,199237.399,8164032.514,1517.406,,,,,,,,,
17187,199237.35,8164033.367,1517.135,,,,,,,,,
17188,199231.182,8164032.502,1517.319,,,,,,,,,
17189,199231.135,8164033.381,1516.947,,,,,,,,,
17190,201191.411,8162440.228,1575.044,,,,,,,,,
17191,201191.442,8162403.576,1573.57,,,,,,,,,
17192,201191.444,8162402.534,1573.566,,,,,,,,,
17193,201185.214,8162403.635,1573.498,,,,,,,,,
17194,201185.191,8162385.304,1573.702,,,,,,,,,
17195,201185.189,8162384.329,1573.722,,,,,,,,,
17196,201191.409,8162365.846,1574.407,,,,,,,,,
17197,201191.395,8162365.141,1574.626,,,,,,,,,
17198,201185.178,8162366.017,1574.318,,,,,,,,,
17199,201185.203,8162365.229,1574.569,,,,,,,,,
17200,201185.217,8162328.544,1575.04,,,,,,,,,
17201,201185.234,8162327.475,1575.04,,,,,,,,,
17202,201191.429,8162327.374,1575.191,,,,,,,,,
17203,201191.444,8162328.502,1575.18,,,,,,,,,
17204,201191.43,8162290.713,1574.807,,,,,,,,,
17205,201185.21,8162290.794,1574.451,,,,,,,,,
17206,201179.015,8162290.759,1574.441,,,,,,,,,
17207,201179.052,8162327.432,1574.968,,,,,,,,,
17208,201179.044,8162328.52,1574.963,,,,,,,,,
17209,201179.016,8162365.187,1574.357,,,,,,,,,
17210,201179.009,8162365.891,1574.207,,,,,,,,,
17211,201179.019,8162384.204,1573.421,,,,,,,,,
17212,201179.022,8162385.188,1573.401,,,,,,,,,
17213,201179.028,8162403.502,1573.412,,,,,,,,,
17214,201296.805,8162593.151,1572.914,,,,,,,,,
17215,201290.622,8162593.366,1572.99,,,,,,,,,
17216,201284.466,8162593.339,1572.803,,,,,,,,,
17217,201278.257,8162593.313,1572.546,,,,,,,,,
17218,201278.281,8162630.793,1572.755,,,,,,,,,
17219,201278.236,8162630.141,1572.775,,,,,,,,,
17220,201284.404,8162631.092,1572.979,,,,,,,,,
17221,201284.387,8162630.11,1572.978,,,,,,,,,
17222,201290.589,8162630.867,1573.078,,,,,,,,,
17223,201290.587,8162630.099,1573.071,,,,,,,,,
17224,201296.741,8162631.039,1573.238,,,,,,,,,
17225,201296.741,8162630.214,1573.261,,,,,,,,,
17226,201278.218,8162667.75,1573.549,,,,,,,,,
17227,201278.212,8162668.449,1573.432,,,,,,,,,
17228,201284.349,8162667.818,1573.8,,,,,,,,,
17229,201284.404,8162668.485,1573.797,,,,,,,,,
17230,201290.552,8162667.8,1574.101,,,,,,,,,
17231,201290.584,8162668.373,1574.04,,,,,,,,,
17232,201296.719,8162667.797,1574.228,,,,,,,,,
17233,201296.779,8162668.456,1574.268,,,,,,,,,
17234,201296.506,8162705.337,1574.005,,,,,,,,,
17235,201290.626,8162705.948,1573.858,,,,,,,,,
17236,201290.629,8162705.243,1573.89,,,,,,,,,
17237,201284.447,8162706.244,1573.319,,,,,,,,,
17238,201284.385,8162705.33,1573.341,,,,,,,,,
17239,201278.215,8162705.248,1573.068,,,,,,,,,
17240,201278.191,8162705.97,1573.043,,,,,,,,,
17241,201278.23,8162742.993,1572.622,,,,,,,,,
17242,201278.276,8162743.552,1572.369,,,,,,,,,
17243,201284.232,8162743.092,1572.792,,,,,,,,,
17244,201284.434,8162743.613,1572.602,,,,,,,,,
17245,201290.061,8162743.022,1572.679,,,,,,,,,
17246,201290.643,8162743.325,1572.673,,,,,,,,,
17247,201296.712,8162742.97,1572.818,,,,,,,,,
17248,201296.759,8162743.347,1572.633,,,,,,,,,
17249,201296.784,8162781.346,1572.022,,,,,,,,,
17250,201296.769,8162780.431,1572.025,,,,,,,,,
17251,201290.772,8162780.903,1571.772,,,,,,,,,
17252,201290.61,8162780.32,1571.786,,,,,,,,,
17253,201284.444,8162781.284,1571.697,,,,,,,,,
17254,201284.408,8162780.43,1571.716,,,,,,,,,
17255,201278.34,8162780.439,1571.482,,,,,,,,,
17256,201278.147,8162780.862,1571.584,,,,,,,,,
17257,201277.866,8162818.06,1571.536,,,,,,,,,
17258,201278.271,8162818.571,1571.86,,,,,,,,,
17259,201284.074,8162818.127,1571.736,,,,,,,,,
17260,201284.448,8162818.682,1571.941,,,,,,,,,
17261,201290.545,8162817.966,1572.075,,,,,,,,,
17262,201290.607,8162818.462,1572.04,,,,,,,,,
17263,201296.767,8162818.107,1572.184,,,,,,,,,
17264,201296.772,8162818.626,1572.142,,,,,,,,,
17265,201296.763,8162855.444,1572.725,,,,,,,,,
17266,201296.793,8162856.38,1572.738,,,,,,,,,
17267,201290.635,8162856.063,1572.674,,,,,,,,,
17268,201290.605,8162855.526,1572.719,,,,,,,,,
17269,201284.337,8162856.426,1572.478,,,,,,,,,
17270,201284.357,8162855.559,1572.495,,,,,,,,,
17271,201278.116,8162855.339,1572.328,,,,,,,,,
17272,201278.122,8162855.898,1572.373,,,,,,,,,
17273,201296.793,8162893.149,1572.295,,,,,,,,,
17274,201290.607,8162893.144,1572.097,,,,,,,,,
17275,201284.48,8162893.183,1572.023,,,,,,,,,
17276,201278.284,8162893.068,1571.965,,,,,,,,,
17277,201271.987,8162893.07,1572.043,,,,,,,,,
17278,201265.781,8162893.134,1571.859,,,,,,,,,
17279,201259.679,8162893.159,1571.56,,,,,,,,,
17280,201253.431,8162893.131,1571.402,,,,,,,,,
17281,201253.424,8162817.919,1571.542,,,,,,,,,
17282,201253.512,8162818.603,1571.518,,,,,,,,,
17283,201259.487,8162818.19,1571.373,,,,,,,,,
17284,201259.609,8162818.412,1571.508,,,,,,,,,
17285,201265.709,8162817.984,1571.437,,,,,,,,,
17286,201265.886,8162818.766,1571.745,,,,,,,,,
17287,201271.86,8162818.159,1571.525,,,,,,,,,
17288,201272.028,8162818.416,1571.798,,,,,,,,,
17289,201271.997,8162856.268,1572.039,,,,,,,,,
17290,201271.954,8162855.628,1572.095,,,,,,,,,
17291,201265.813,8162856.191,1571.838,,,,,,,,,
17292,201265.823,8162855.924,1571.88,,,,,,,,,
17293,201259.593,8162856.299,1571.62,,,,,,,,,
17294,201259.579,8162855.584,1571.686,,,,,,,,,
17295,201253.435,8162856.107,1571.481,,,,,,,,,
17296,201253.439,8162855.669,1571.525,,,,,,,,,
17297,201253.403,8162781.009,1571.169,,,,,,,,,
17298,201253.417,8162780.435,1571.236,,,,,,,,,
17299,201259.589,8162781.402,1571.236,,,,,,,,,
17300,201259.628,8162780.47,1571.284,,,,,,,,,
17301,201265.789,8162780.191,1571.244,,,,,,,,,
17302,201265.807,8162780.945,1571.234,,,,,,,,,
17303,201271.974,8162781.33,1571.226,,,,,,,,,
17304,201271.975,8162780.348,1571.244,,,,,,,,,
17305,201271.985,8162743.637,1572.164,,,,,,,,,
17306,201271.948,8162743.009,1572.767,,,,,,,,,
17307,201265.964,8162743.464,1572.443,,,,,,,,,
17308,201265.79,8162743.098,1572.469,,,,,,,,,
17309,201259.726,8162743.639,1572.474,,,,,,,,,
17310,201259.567,8162743.383,1572.579,,,,,,,,,
17311,201253.406,8162743.507,1572.474,,,,,,,,,
17312,201253.386,8162742.966,1572.306,,,,,,,,,
17313,201253.417,8162705.11,1572.239,,,,,,,,,
17314,201253.421,8162705.856,1572.247,,,,,,,,,
17315,201259.543,8162705.282,1572.361,,,,,,,,,
17316,201259.592,8162706.032,1572.426,,,,,,,,,
17317,201271.945,8162706.171,1572.825,,,,,,,,,
17318,201271.984,8162705.697,1572.9,,,,,,,,,
17319,201265.813,8162668.393,1573.055,,,,,,,,,
17320,201265.808,8162667.716,1573.171,,,,,,,,,
17321,201271.857,8162668.318,1573.2,,,,,,,,,
17322,201271.976,8162667.873,1573.347,,,,,,,,,
17323,201259.608,8162668.501,1572.797,,,,,,,,,
17324,201259.563,8162668.098,1572.8,,,,,,,,,
17325,201253.386,8162668.383,1572.556,,,,,,,,,
17326,201253.415,8162667.92,1572.678,,,,,,,,,
17327,201265.799,8162705.874,1572.517,,,,,,,,,
17328,201265.795,8162705.143,1572.521,,,,,,,,,
17329,201253.473,8162630.798,1572.122,,,,,,,,,
17330,201253.432,8162630.043,1572.107,,,,,,,,,
17331,201259.573,8162630.14,1572.33,,,,,,,,,
17332,201259.603,8162630.963,1572.392,,,,,,,,,
17333,201265.635,8162630.057,1572.406,,,,,,,,,
17334,201265.834,8162630.609,1572.472,,,,,,,,,
17335,201271.986,8162631.139,1572.534,,,,,,,,,
17336,201271.978,8162630.363,1572.55,,,,,,,,,
17337,201265.814,8162593.238,1572.208,,,,,,,,,
17338,201259.787,8162593.226,1572.098,,,,,,,,,
17339,201253.487,8162593.244,1572.074,,,,,,,,,
17340,201247.239,8162593.386,1571.872,,,,,,,,,
17341,199802.796,8164201.439,1531.687,,,,,,,,,
17342,199802.86,8164182.153,1531.481,,,,,,,,,
17343,199802.853,8164182.64,1531.506,,,,,,,,,
17344,199802.891,8164163.795,1531.224,,,,,,,,,
17345,199809.104,8164163.759,1531.239,,,,,,,,,
17346,199809.042,8164201.256,1531.976,,,,,,,,,
17347,199809.098,8164182.908,1531.608,,,,,,,,,
17348,199809.097,8164182.103,1531.599,,,,,,,,,
17349,199815.206,8164204.267,1532.235,,,,,,,,,
17350,199821.471,8164204.366,1532.327,,,,,,,,,
17351,199815.253,8164166.527,1531.288,,,,,,,,,
17352,199815.256,8164167.287,1531.267,,,,,,,,,
17353,199821.464,8164166.659,1531.476,,,,,,,,,
17354,199821.466,8164167.673,1531.474,,,,,,,,,
17355,199815.256,8164129.79,1531.044,,,,,,,,,
17356,199821.459,8164129.95,1531.261,,,,,,,,,
17357,201310.21,8162742.822,1572.909,,,,,,,,,
17358,201316.38,8162742.965,1573.389,,,,,,,,,
17359,201310.266,8162706.04,1574.381,,,,,,,,,
17360,201316.382,8162706.167,1574.646,,,,,,,,,
17361,201316.348,8162705.271,1574.662,,,,,,,,,
17362,201310.218,8162705.165,1574.412,,,,,,,,,
17363,201310.201,8162668.433,1574.937,,,,,,,,,
17364,201316.364,8162668.579,1574.918,,,,,,,,,
17365,201316.385,8162667.808,1575.148,,,,,,,,,
17366,201310.195,8162667.673,1574.959,,,,,,,,,
17367,201310.234,8162630.87,1573.702,,,,,,,,,
17368,201310.214,8162630.142,1573.666,,,,,,,,,
17369,201316.405,8162631.088,1574.06,,,,,,,,,
17370,201316.384,8162630.168,1574.057,,,,,,,,,
17371,201310.196,8162593.286,1573.144,,,,,,,,,
17372,201316.367,8162593.432,1573.199,,,,,,,,,
17373,201316.35,8162592.725,1573.488,,,,,,,,,
17374,201310.205,8162592.568,1573.293,,,,,,,,,
17375,201310.231,8162555.881,1574.275,,,,,,,,,
17376,201316.409,8162556.003,1574.14,,,,,,,,,
17377,201316.41,8162555.043,1574.151,,,,,,,,,
17378,201310.252,8162554.901,1574.297,,,,,,,,,
17379,201310.205,8162518.184,1574.641,,,,,,,,,
17380,201316.348,8162518.269,1574.84,,,,,,,,,
17381,201316.397,8162517.647,1575.264,,,,,,,,,
17382,201310.229,8162517.533,1574.925,,,,,,,,,
17383,201310.224,8162480.842,1577.025,,,,,,,,,
17384,201316.389,8162480.987,1577.028,,,,,,,,,
17385,201316.392,8162479.977,1577.047,,,,,,,,,
17386,201310.213,8162479.807,1577.051,,,,,,,,,
17387,201310.283,8162443.113,1577.091,,,,,,,,,
17388,201316.456,8162443.275,1577.026,,,,,,,,,
17389,201322.633,8162443.078,1576.792,,,,,,,,,
17390,201328.829,8162443.233,1576.876,,,,,,,,,
17391,201328.756,8162479.912,1577.314,,,,,,,,,
17392,201322.569,8162479.748,1577.259,,,,,,,,,
17393,201322.552,8162480.84,1577.235,,,,,,,,,
17394,201328.771,8162480.97,1577.303,,,,,,,,,
17395,201322.595,8162517.463,1575.442,,,,,,,,,
17396,201328.786,8162517.62,1575.791,,,,,,,,,
17397,201328.758,8162518.313,1575.487,,,,,,,,,
17398,201322.598,8162518.2,1575.195,,,,,,,,,
17399,201328.815,8162554.986,1574.474,,,,,,,,,
17400,201322.611,8162554.874,1574.418,,,,,,,,,
17401,201328.807,8162556.04,1574.448,,,,,,,,,
17402,201322.606,8162555.922,1574.394,,,,,,,,,
17403,201322.575,8162592.59,1573.435,,,,,,,,,
17404,201328.755,8162592.712,1573.639,,,,,,,,,
17405,201328.756,8162593.43,1573.708,,,,,,,,,
17406,201322.574,8162593.247,1573.605,,,,,,,,,
17407,201322.592,8162629.918,1574.448,,,,,,,,,
17408,201322.552,8162630.955,1574.473,,,,,,,,,
17409,201328.751,8162631.17,1574.668,,,,,,,,,
17410,201328.795,8162630.086,1574.639,,,,,,,,,
17411,201328.846,8162667.845,1575.555,,,,,,,,,
17412,201322.615,8162667.651,1575.46,,,,,,,,,
17413,201322.609,8162668.418,1575.156,,,,,,,,,
17414,201328.776,8162668.602,1575.343,,,,,,,,,
17415,201328.621,8162705.253,1574.713,,,,,,,,,
17416,201328.757,8162706.162,1574.709,,,,,,,,,
17417,201322.638,8162705.16,1574.719,,,,,,,,,
17418,201322.604,8162706.067,1574.707,,,,,,,,,
17419,201322.609,8162742.824,1573.501,,,,,,,,,
17420,201328.785,8162742.978,1573.461,,,,,,,,,
17421,201334.985,8162742.829,1573.666,,,,,,,,,
17422,201341.151,8162742.982,1573.938,,,,,,,,,
17423,201341.148,8162706.191,1574.716,,,,,,,,,
17424,201341.147,8162705.342,1574.731,,,,,,,,,
17425,201335,8162706.127,1574.739,,,,,,,,,
17426,201335.014,8162705.302,1574.756,,,,,,,,,
17427,201335.02,8162668.43,1575.211,,,,,,,,,
17428,201341.202,8162668.572,1575.317,,,,,,,,,
17429,201341.222,8162667.81,1575.635,,,,,,,,,
17430,201335.032,8162667.722,1575.526,,,,,,,,,
17431,201335,8162631.057,1574.906,,,,,,,,,
17432,201341.149,8162631.102,1575.085,,,,,,,,,
17433,201341.156,8162630.028,1575.041,,,,,,,,,
17434,201335.005,8162629.941,1574.871,,,,,,,,,
17435,201334.997,8162593.294,1573.798,,,,,,,,,
17436,201341.167,8162593.377,1573.979,,,,,,,,,
17437,201341.169,8162592.784,1573.991,,,,,,,,,
17438,201334.985,8162592.56,1573.917,,,,,,,,,
17439,201335,8162555.895,1574.574,,,,,,,,,
17440,201341.211,8162556.126,1574.729,,,,,,,,,
17441,201341.2,8162555.035,1574.75,,,,,,,,,
17442,201334.973,8162554.814,1574.598,,,,,,,,,
17443,201335.007,8162518.148,1575.73,,,,,,,,,
17444,201341.174,8162518.367,1575.825,,,,,,,,,
17445,201341.158,8162517.626,1576.132,,,,,,,,,
17446,201334.998,8162517.463,1576.011,,,,,,,,,
17447,201335.035,8162480.814,1577.378,,,,,,,,,
17448,201341.149,8162480.975,1577.328,,,,,,,,,
17449,201341.121,8162479.883,1577.434,,,,,,,,,
17450,201335.023,8162479.724,1577.395,,,,,,,,,
17451,201335.015,8162443.052,1577.031,,,,,,,,,
17452,201341.186,8162443.196,1577.167,,,,,,,,,
17453,201347.405,8162443.081,1577.537,,,,,,,,,
17454,201353.589,8162443.222,1577.588,,,,,,,,,
17455,201353.54,8162479.888,1577.36,,,,,,,,,
17456,201347.356,8162479.748,1577.307,,,,,,,,,
17457,201347.365,8162480.846,1577.285,,,,,,,,,
17458,201353.53,8162481.005,1577.353,,,,,,,,,
17459,201353.56,8162517.666,1576.347,,,,,,,,,
17460,201347.383,8162517.511,1576.283,,,,,,,,,
17461,201347.386,8162518.224,1576.002,,,,,,,,,
17462,201353.548,8162518.402,1576.145,,,,,,,,,
17463,201353.573,8162555.093,1574.885,,,,,,,,,
17464,201347.405,8162554.909,1574.702,,,,,,,,,
17465,201347.403,8162555.925,1574.665,,,,,,,,,
17466,201353.584,8162556.122,1574.859,,,,,,,,,
17467,201353.592,8162592.824,1574.252,,,,,,,,,
17468,201347.44,8162592.67,1574.235,,,,,,,,,
17469,201347.407,8162593.241,1574.151,,,,,,,,,
17470,201353.591,8162593.406,1574.31,,,,,,,,,
17471,201353.537,8162630.093,1575.071,,,,,,,,,
17472,201347.361,8162629.916,1574.995,,,,,,,,,
17473,201347.36,8162630.973,1575.021,,,,,,,,,
17474,201353.555,8162631.144,1575.107,,,,,,,,,
17475,201353.555,8162667.883,1575.85,,,,,,,,,
17476,201347.398,8162667.656,1575.692,,,,,,,,,
17477,201347.374,8162668.529,1575.435,,,,,,,,,
17478,201353.569,8162668.616,1575.73,,,,,,,,,
17479,201353.548,8162686.811,1575.393,,,,,,,,,
17480,201353.557,8162687.798,1575.356,,,,,,,,,
17481,201347.415,8162686.808,1575.137,,,,,,,,,
17482,201347.422,8162687.663,1575.117,,,,,,,,,
17483,201347.367,8162707.166,1574.706,,,,,,,,,
17484,201353.483,8162706.096,1574.767,,,,,,,,,
17485,201359.777,8162706.048,1574.905,,,,,,,,,
17486,201365.965,8162706.156,1575.237,,,,,,,,,
17487,201365.932,8162687.808,1575.426,,,,,,,,,
17488,201365.927,8162686.873,1575.451,,,,,,,,,
17489,201359.772,8162687.693,1575.389,,,,,,,,,
17490,201359.783,8162686.856,1575.416,,,,,,,,,
17491,201365.977,8162668.553,1576.152,,,,,,,,,
17492,201359.801,8162668.441,1576.022,,,,,,,,,
17493,201359.784,8162667.691,1576.116,,,,,,,,,
17494,201365.966,8162667.845,1576.324,,,,,,,,,
17495,201365.949,8162631.133,1575.681,,,,,,,,,
17496,201365.95,8162630.111,1575.656,,,,,,,,,
17497,201359.805,8162630.968,1575.441,,,,,,,,,
17498,201359.832,8162629.982,1575.426,,,,,,,,,
17499,201359.824,8162593.268,1574.376,,,,,,,,,
17500,201366.027,8162593.42,1574.431,,,,,,,,,
17501,201365.984,8162592.791,1574.579,,,,,,,,,
17502,201359.805,8162592.618,1574.481,,,,,,,,,
17503,201359.795,8162555.943,1574.978,,,,,,,,,
17504,201359.788,8162554.895,1574.998,,,,,,,,,
17505,201365.924,8162556.094,1575.193,,,,,,,,,
17506,201365.964,8162555.091,1575.214,,,,,,,,,
17507,201359.788,8162518.206,1576.145,,,,,,,,,
17508,201365.976,8162518.382,1576.363,,,,,,,,,
17509,201365.99,8162517.639,1576.544,,,,,,,,,
17510,201359.812,8162517.487,1576.348,,,,,,,,,
17511,201359.796,8162480.782,1577.498,,,,,,,,,
17512,201359.782,8162479.81,1577.521,,,,,,,,,
17513,201365.962,8162480.927,1577.613,,,,,,,,,
17514,201365.958,8162479.948,1577.632,,,,,,,,,
17515,201359.794,8162443.083,1577.959,,,,,,,,,
17516,201365.96,8162443.224,1578.182,,,,,,,,,
17517,201372.216,8162443.137,1578.481,,,,,,,,,
17518,201378.364,8162443.254,1578.608,,,,,,,,,
17519,201378.363,8162479.884,1577.696,,,,,,,,,
17520,201378.369,8162480.784,1577.688,,,,,,,,,
17521,201372.162,8162479.793,1577.703,,,,,,,,,
17522,201372.164,8162480.932,1577.654,,,,,,,,,
17523,201378.394,8162517.67,1576.976,,,,,,,,,
17524,201372.223,8162517.563,1576.758,,,,,,,,,
17525,201372.178,8162518.222,1576.599,,,,,,,,,
17526,201378.356,8162518.423,1576.735,,,,,,,,,
17527,201378.353,8162555.149,1575.471,,,,,,,,,
17528,201378.343,8162555.962,1575.451,,,,,,,,,
17529,201372.214,8162554.951,1575.314,,,,,,,,,
17530,201372.181,8162555.876,1575.285,,,,,,,,,
17531,201378.377,8162592.824,1574.856,,,,,,,,,
17532,201372.19,8162592.629,1574.764,,,,,,,,,
17533,201372.202,8162593.273,1574.558,,,,,,,,,
17534,201378.392,8162593.393,1574.684,,,,,,,,,
17535,201378.362,8162630.07,1576.158,,,,,,,,,
17536,201378.344,8162631.014,1576.196,,,,,,,,,
17537,201372.265,8162629.994,1575.892,,,,,,,,,
17538,201372.186,8162630.895,1575.916,,,,,,,,,
17539,201378.375,8162667.821,1576.524,,,,,,,,,
17540,201372.244,8162667.761,1576.399,,,,,,,,,
17541,201372.202,8162668.388,1576.265,,,,,,,,,
17542,201378.379,8162668.553,1576.311,,,,,,,,,
17543,201378.335,8162705.186,1576.077,,,,,,,,,
17544,201378.34,8162706.159,1576.061,,,,,,,,,
17545,201372.179,8162705.089,1575.792,,,,,,,,,
17546,201372.192,8162706.082,1575.774,,,,,,,,,
17547,201372.162,8162742.8,1575.213,,,,,,,,,
17548,201378.325,8162742.97,1575.46,,,,,,,,,
17549,201384.596,8162742.833,1575.63,,,,,,,,,
17550,201390.787,8162742.97,1575.759,,,,,,,,,
17551,201384.603,8162706.215,1576.338,,,,,,,,,
17552,201384.597,8162705.24,1576.343,,,,,,,,,
17553,201390.772,8162706.225,1576.631,,,,,,,,,
17554,201390.791,8162705.276,1576.628,,,,,,,,,
17555,201384.629,8162668.423,1576.363,,,,,,,,,
17556,201390.764,8162668.541,1576.537,,,,,,,,,
17557,201390.788,8162667.845,1576.725,,,,,,,,,
17558,201384.618,8162667.68,1576.6,,,,,,,,,
17559,201384.58,8162630.925,1576.571,,,,,,,,,
17560,201384.564,8162630.136,1576.539,,,,,,,,,
17561,201390.762,8162631.113,1576.756,,,,,,,,,
17562,201390.749,8162630.132,1576.746,,,,,,,,,
17563,201390.776,8162593.443,1575.143,,,,,,,,,
17564,201384.605,8162593.268,1574.88,,,,,,,,,
17565,201384.578,8162592.658,1575.11,,,,,,,,,
17566,201390.751,8162592.792,1575.243,,,,,,,,,
17567,201384.607,8162555.952,1575.59,,,,,,,,,
17568,201384.622,8162555.087,1575.618,,,,,,,,,
17569,201390.772,8162556.06,1575.684,,,,,,,,,
17570,201390.724,8162555.218,1575.758,,,,,,,,,
17571,201384.592,8162518.255,1577.026,,,,,,,,,
17572,201390.733,8162518.4,1577.368,,,,,,,,,
17573,201390.704,8162517.655,1577.71,,,,,,,,,
17574,201384.548,8162517.542,1577.264,,,,,,,,,
17575,201384.616,8162480.816,1577.972,,,,,,,,,
17576,201384.614,8162479.904,1577.989,,,,,,,,,
17577,201390.785,8162480.907,1577.94,,,,,,,,,
17578,201390.775,8162479.956,1577.956,,,,,,,,,
17579,201384.571,8162443.116,1578.781,,,,,,,,,
17580,201390.723,8162443.23,1578.93,,,,,,,,,
17581,201396.975,8162443.037,1578.948,,,,,,,,,
17582,201403.159,8162443.226,1578.934,,,,,,,,,
17583,201403.146,8162479.929,1578.36,,,,,,,,,
17584,201403.145,8162480.856,1578.344,,,,,,,,,
17585,201397.014,8162479.753,1578.148,,,,,,,,,
17586,201397.021,8162480.791,1578.134,,,,,,,,,
17587,201403.163,8162517.665,1577.971,,,,,,,,,
17588,201396.975,8162517.479,1577.908,,,,,,,,,
17589,201396.986,8162518.264,1577.654,,,,,,,,,
17590,201403.17,8162518.369,1577.762,,,,,,,,,
17591,201403.154,8162555.058,1576.158,,,,,,,,,
17592,201403.151,8162556.083,1576.13,,,,,,,,,
17593,201396.969,8162554.919,1575.932,,,,,,,,,
17594,201396.974,8162555.967,1575.902,,,,,,,,,
17595,201397.073,8162592.653,1575.466,,,,,,,,,
17596,201403.216,8162592.764,1575.421,,,,,,,,,
17597,201403.174,8162593.44,1575.513,,,,,,,,,
17598,201397.016,8162593.307,1575.245,,,,,,,,,
17599,201403.141,8162630.088,1577.091,,,,,,,,,
17600,201403.133,8162631.178,1577.121,,,,,,,,,
17601,201396.958,8162631.035,1576.941,,,,,,,,,
17602,201396.948,8162629.931,1576.903,,,,,,,,,
17603,201403.104,8162667.884,1577.167,,,,,,,,,
17604,201396.952,8162667.717,1576.899,,,,,,,,,
17605,201396.981,8162668.374,1576.657,,,,,,,,,
17606,201403.131,8162668.523,1577.139,,,,,,,,,
17607,201403.137,8162705.211,1577.454,,,,,,,,,
17608,201403.126,8162706.11,1577.448,,,,,,,,,
17609,201397.001,8162705.099,1577.073,,,,,,,,,
17610,201396.995,8162706.105,1577.055,,,,,,,,,
17611,201397.004,8162742.812,1576.145,,,,,,,,,
17612,201403.19,8162742.962,1576.279,,,,,,,,,
17613,201409.371,8162742.824,1576.487,,,,,,,,,
17614,201415.565,8162742.974,1576.749,,,,,,,,,
17615,201409.381,8162706.069,1577.607,,,,,,,,,
17616,201409.398,8162705.243,1577.623,,,,,,,,,
17617,201415.537,8162706.186,1577.762,,,,,,,,,
17618,201415.532,8162705.265,1577.769,,,,,,,,,
17619,201415.578,8162668.545,1577.776,,,,,,,,,
17620,201409.374,8162668.386,1577.484,,,,,,,,,
17621,201409.392,8162667.716,1577.524,,,,,,,,,
17622,201415.566,8162667.856,1577.965,,,,,,,,,
17623,201415.535,8162631.133,1577.532,,,,,,,,,
17624,201415.55,8162630.187,1577.507,,,,,,,,,
17625,201409.354,8162630.908,1577.348,,,,,,,,,
17626,201409.383,8162629.95,1577.326,,,,,,,,,
17627,201409.384,8162593.318,1575.589,,,,,,,,,
17628,201415.594,8162593.464,1575.797,,,,,,,,,
17629,201415.578,8162592.726,1575.83,,,,,,,,,
17630,201409.388,8162592.633,1575.71,,,,,,,,,
17631,201409.377,8162555.951,1576.19,,,,,,,,,
17632,201409.385,8162554.902,1576.227,,,,,,,,,
17633,201415.553,8162556.046,1576.471,,,,,,,,,
17634,201415.542,8162554.985,1576.502,,,,,,,,,
17635,201415.576,8162518.313,1577.749,,,,,,,,,
17636,201409.377,8162518.235,1577.798,,,,,,,,,
17637,201409.363,8162517.557,1577.976,,,,,,,,,
17638,201415.553,8162517.652,1578.008,,,,,,,,,
17639,201415.443,8162480.954,1578.735,,,,,,,,,
17640,201415.523,8162479.892,1578.767,,,,,,,,,
17641,201409.352,8162480.902,1578.541,,,,,,,,,
17642,201409.355,8162479.962,1578.559,,,,,,,,,
17643,201409.403,8162443.12,1579.108,,,,,,,,,
17644,201415.588,8162443.233,1579.402,,,,,,,,,
17645,201421.824,8162443.126,1579.703,,,,,,,,,
17646,201427.956,8162443.236,1580.019,,,,,,,,,
17647,201427.903,8162479.919,1579.191,,,,,,,,,
17648,201427.927,8162480.8,1579.173,,,,,,,,,
17649,201421.766,8162479.802,1578.986,,,,,,,,,
17650,201421.753,8162480.89,1578.952,,,,,,,,,
17651,201427.964,8162517.647,1578.315,,,,,,,,,
17652,201421.81,8162517.54,1578.161,,,,,,,,,
17653,201421.74,8162518.259,1577.885,,,,,,,,,
17654,201427.942,8162518.369,1578.051,,,,,,,,,
17655,201427.917,8162555.054,1576.525,,,,,,,,,
17656,201427.93,8162555.948,1576.497,,,,,,,,,
17657,201421.812,8162554.957,1576.378,,,,,,,,,
17658,201421.8,8162555.972,1576.354,,,,,,,,,
17659,201427.949,8162592.788,1576.182,,,,,,,,,
17660,201421.822,8162592.68,1575.965,,,,,,,,,
17661,201421.755,8162593.344,1575.884,,,,,,,,,
17662,201427.936,8162593.382,1576.069,,,,,,,,,
17663,201427.923,8162630.016,1577.637,,,,,,,,,
17664,201427.931,8162630.954,1577.673,,,,,,,,,
17665,201421.756,8162629.972,1577.553,,,,,,,,,
17666,201421.765,8162631.06,1577.565,,,,,,,,,
17667,201427.901,8162667.8,1578.271,,,,,,,,,
17668,201421.75,8162667.75,1578.17,,,,,,,,,
17669,201421.759,8162668.448,1578.035,,,,,,,,,
17670,201427.923,8162668.535,1578.3,,,,,,,,,
17671,201427.954,8162705.205,1578.419,,,,,,,,,
17672,201427.967,8162706.045,1578.402,,,,,,,,,
17673,201421.806,8162705.253,1578.122,,,,,,,,,
17674,201421.798,8162706.073,1578.098,,,,,,,,,
17675,201421.804,8162742.905,1577.109,,,,,,,,,
17676,201427.95,8162742.982,1577.661,,,,,,,,,
17677,201434.165,8162742.869,1577.867,,,,,,,,,
17678,201434.142,8162706.177,1578.577,,,,,,,,,
17679,201434.125,8162705.176,1578.6,,,,,,,,,
17680,201434.2,8162668.428,1578.695,,,,,,,,,
17681,201434.147,8162667.718,1578.506,,,,,,,,,
17682,201434.165,8162631.047,1578.114,,,,,,,,,
17683,201434.119,8162629.994,1578.085,,,,,,,,,
17684,201434.175,8162593.321,1576.22,,,,,,,,,
17685,201434.17,8162592.597,1576.387,,,,,,,,,
17686,201434.125,8162555.864,1576.758,,,,,,,,,
17687,201434.151,8162554.869,1576.764,,,,,,,,,
17688,201434.168,8162518.184,1578.124,,,,,,,,,
17689,201434.177,8162517.498,1578.351,,,,,,,,,
17690,201434.132,8162480.797,1579.459,,,,,,,,,
17691,201434.159,8162479.839,1579.485,,,,,,,,,
17692,201434.25,8162443.091,1580.221,,,,,,,,,
17693,201440.419,8162443.218,1580.244,,,,,,,,,
17694,201446.523,8162443.063,1580.362,,,,,,,,,
17695,201446.558,8162479.804,1579.953,,,,,,,,,
17696,201446.481,8162480.771,1579.934,,,,,,,,,
17697,201440.303,8162480.917,1579.69,,,,,,,,,
17698,201440.309,8162479.942,1579.704,,,,,,,,,
17699,201440.33,8162517.629,1578.434,,,,,,,,,
17700,201440.358,8162518.304,1578.27,,,,,,,,,
17701,201446.567,8162517.465,1578.393,,,,,,,,,
17702,201446.554,8162518.166,1578.244,,,,,,,,,
17703,201446.556,8162554.901,1577.257,,,,,,,,,
17704,201446.561,8162555.819,1577.225,,,,,,,,,
17705,201440.48,8162555.981,1576.898,,,,,,,,,
17706,201440.366,8162555.02,1576.881,,,,,,,,,
17707,201446.551,8162592.578,1576.691,,,,,,,,,
17708,201446.559,8162593.219,1576.608,,,,,,,,,
17709,201440.355,8162592.726,1576.527,,,,,,,,,
17710,201440.366,8162593.456,1576.383,,,,,,,,,
17711,201446.572,8162629.925,1578.375,,,,,,,,,
17712,201446.532,8162630.87,1578.396,,,,,,,,,
17713,201440.498,8162630.249,1578.188,,,,,,,,,
17714,201440.342,8162631.129,1578.26,,,,,,,,,
17715,201440.312,8162667.848,1578.778,,,,,,,,,
17716,201440.388,8162668.518,1578.859,,,,,,,,,
17717,201446.537,8162667.631,1579.105,,,,,,,,,
17718,201446.575,8162668.371,1579.159,,,,,,,,,
17719,201446.555,8162705.099,1579.349,,,,,,,,,
17720,201446.474,8162706.21,1579.334,,,,,,,,,
17721,201440.339,8162706.224,1579.092,,,,,,,,,
17722,201440.326,8162705.245,1579.094,,,,,,,,,
17723,201440.365,8162742.951,1578.133,,,,,,,,,
17724,201446.528,8162742.805,1578.387,,,,,,,,,
17725,201452.718,8162742.952,1578.636,,,,,,,,,
17726,201458.969,8162742.84,1578.904,,,,,,,,,
17727,201458.91,8162706.152,1579.811,,,,,,,,,
17728,201458.898,8162705.032,1579.821,,,,,,,,,
17729,201452.74,8162706.255,1579.649,,,,,,,,,
17730,201452.77,8162705.381,1579.649,,,,,,,,,
17731,201452.738,8162668.525,1579.359,,,,,,,,,
17732,201452.719,8162667.813,1579.317,,,,,,,,,
17733,201458.936,8162668.292,1579.408,,,,,,,,,
17734,201458.945,8162667.692,1579.542,,,,,,,,,
17735,201452.763,8162631.066,1578.516,,,,,,,,,
17736,201452.738,8162630.085,1578.476,,,,,,,,,
17737,201458.891,8162629.969,1578.571,,,,,,,,,
17738,201458.931,8162630.885,1578.574,,,,,,,,,
17739,201458.964,8162593.305,1576.968,,,,,,,,,
17740,201458.967,8162592.611,1576.985,,,,,,,,,
17741,201452.735,8162592.732,1576.882,,,,,,,,,
17742,201452.724,8162593.396,1576.799,,,,,,,,,
17743,201452.729,8162555.954,1577.304,,,,,,,,,
17744,201452.74,8162555.011,1577.322,,,,,,,,,
17745,201458.925,8162555.942,1577.324,,,,,,,,,
17746,201458.929,8162554.837,1577.343,,,,,,,,,
17747,201459.025,8162518.197,1577.949,,,,,,,,,
17748,201458.951,8162517.54,1578.097,,,,,,,,,
17749,201452.747,8162518.292,1578.154,,,,,,,,,
17750,201452.734,8162517.637,1578.39,,,,,,,,,
17751,201452.751,8162480.956,1580.164,,,,,,,,,
17752,201452.736,8162479.964,1580.17,,,,,,,,,
17753,201458.942,8162479.844,1580.378,,,,,,,,,
17754,201458.952,8162480.923,1580.319,,,,,,,,,
17755,201458.977,8162443.174,1580.967,,,,,,,,,
17756,201452.775,8162443.188,1580.543,,,,,,,,,
17757,201465.181,8162443.154,1581.196,,,,,,,,,
17758,201471.379,8162443.062,1581.643,,,,,,,,,
17759,201471.333,8162479.7,1580.615,,,,,,,,,
17760,201471.263,8162480.753,1580.573,,,,,,,,,
17761,201465.149,8162480.95,1580.535,,,,,,,,,
17762,201465.191,8162479.982,1580.559,,,,,,,,,
17763,201465.167,8162517.664,1578.105,,,,,,,,,
17764,201465.179,8162518.272,1578.074,,,,,,,,,
17765,201471.318,8162517.442,1578.312,,,,,,,,,
17766,201471.368,8162518.136,1578.284,,,,,,,,,
17767,201465.097,8162556.032,1577.576,,,,,,,,,
17768,201465.122,8162554.986,1577.613,,,,,,,,,
17769,201471.326,8162554.818,1577.703,,,,,,,,,
17770,201471.228,8162555.865,1577.661,,,,,,,,,
17771,201471.356,8162592.575,1577.274,,,,,,,,,
17772,201471.368,8162593.29,1577.296,,,,,,,,,
17773,201465.16,8162593.426,1577.095,,,,,,,,,
17774,201465.143,8162592.735,1577.19,,,,,,,,,
17775,201471.271,8162629.924,1578.957,,,,,,,,,
17776,201471.348,8162631.021,1578.938,,,,,,,,,
17777,201465.139,8162631.093,1578.907,,,,,,,,,
17778,201465.115,8162630.106,1578.829,,,,,,,,,
17779,201465.162,8162667.851,1579.581,,,,,,,,,
17780,201465.17,8162668.531,1579.541,,,,,,,,,
17781,201471.36,8162668.37,1579.688,,,,,,,,,
17782,201471.36,8162667.669,1579.738,,,,,,,,,
17783,201465.128,8162704.92,1580.049,,,,,,,,,
17784,201465.129,8162706.272,1580.043,,,,,,,,,
17785,201471.354,8162705.046,1580.163,,,,,,,,,
17786,201471.365,8162706.128,1580.164,,,,,,,,,
17787,201465.274,8162743.076,1579.169,,,,,,,,,
17788,201471.353,8162742.812,1579.48,,,,,,,,,
17789,201477.495,8162743.067,1579.353,,,,,,,,,
17790,201483.74,8162742.818,1579.616,,,,,,,,,
17791,201483.755,8162706.158,1580.379,,,,,,,,,
17792,201483.712,8162705.147,1580.378,,,,,,,,,
17793,201477.715,8162706.071,1580.271,,,,,,,,,
17794,201477.575,8162705.295,1580.303,,,,,,,,,
17795,201477.558,8162668.581,1579.89,,,,,,,,,
17796,201477.556,8162667.896,1579.848,,,,,,,,,
17797,201483.779,8162668.397,1580.013,,,,,,,,,
17798,201483.754,8162667.678,1579.74,,,,,,,,,
17799,201483.613,8162630.925,1579.253,,,,,,,,,
17800,201483.709,8162629.938,1579.206,,,,,,,,,
17801,201477.534,8162630.104,1579.165,,,,,,,,,
17802,201477.512,8162631.112,1579.202,,,,,,,,,
17803,201483.729,8162593.167,1577.594,,,,,,,,,
17804,201483.745,8162592.634,1577.525,,,,,,,,,
17805,201477.544,8162592.745,1577.394,,,,,,,,,
17806,201477.556,8162593.426,1577.46,,,,,,,,,
17807,201483.761,8162554.927,1577.921,,,,,,,,,
17808,201483.66,8162555.87,1577.941,,,,,,,,,
17809,201477.541,8162556.027,1577.84,,,,,,,,,
17810,201477.559,8162555.01,1577.9,,,,,,,,,
17811,201483.749,8162517.436,1578.366,,,,,,,,,
17812,201483.768,8162518.194,1578.509,,,,,,,,,
17813,201477.55,8162518.3,1578.333,,,,,,,,,
17814,201477.494,8162517.627,1578.195,,,,,,,,,
17815,201477.507,8162480.996,1580.983,,,,,,,,,
17816,201477.535,8162480.017,1581.039,,,,,,,,,
17817,201483.627,8162479.818,1580.956,,,,,,,,,
17818,201483.708,8162480.768,1580.877,,,,,,,,,
17819,201483.76,8162443.087,1581.748,,,,,,,,,
17820,201477.558,8162443.266,1581.495,,,,,,,,,
17821,201489.945,8162443.245,1581.955,,,,,,,,,
17822,201496.175,8162443.053,1582.154,,,,,,,,,
17823,201489.97,8162480.026,1581.027,,,,,,,,,
17824,201489.884,8162480.92,1580.969,,,,,,,,,
17825,201496.141,8162479.832,1581.032,,,,,,,,,
17826,201496.155,8162480.857,1580.957,,,,,,,,,
17827,201496.11,8162517.539,1578.576,,,,,,,,,
17828,201496.134,8162518.234,1578.828,,,,,,,,,
17829,201489.935,8162517.562,1578.449,,,,,,,,,
17830,201489.933,8162518.314,1578.621,,,,,,,,,
17831,201495.819,8162554.872,1578.218,,,,,,,,,
17832,201496.092,8162555.957,1578.156,,,,,,,,,
17833,201489.998,8162556.015,1578.108,,,,,,,,,
17834,201489.933,8162555.048,1578.071,,,,,,,,,
17835,201496.136,8162592.675,1577.877,,,,,,,,,
17836,201496.174,8162593.328,1577.931,,,,,,,,,
17837,201489.964,8162592.77,1577.737,,,,,,,,,
17838,201489.982,8162593.399,1577.773,,,,,,,,,
17839,201490.008,8162630.089,1579.255,,,,,,,,,
17840,201489.988,8162631.101,1579.274,,,,,,,,,
17841,201496.165,8162629.946,1579.41,,,,,,,,,
17842,201496.174,8162630.931,1579.437,,,,,,,,,
17843,201496.179,8162668.406,1579.922,,,,,,,,,
17844,201496.126,8162667.741,1580.025,,,,,,,,,
17845,201489.933,8162667.817,1580.002,,,,,,,,,
17846,201489.967,8162668.542,1580.138,,,,,,,,,
17847,201496.102,8162705.099,1580.361,,,,,,,,,
17848,201496.115,8162706.012,1580.312,,,,,,,,,
17849,201489.94,8162706.301,1580.232,,,,,,,,,
17850,201489.944,8162705.241,1580.237,,,,,,,,,
17851,201489.946,8162742.963,1579.895,,,,,,,,,
17852,201496.164,8162742.844,1579.859,,,,,,,,,
17853,201502.373,8162742.951,1579.782,,,,,,,,,
17854,201508.558,8162742.821,1580.093,,,,,,,,,
17855,201502.329,8162706.154,1580.193,,,,,,,,,
17856,201502.34,8162705.182,1580.196,,,,,,,,,
17857,201508.532,8162705.249,1580.012,,,,,,,,,
17858,201508.52,8162706.094,1580.033,,,,,,,,,
17859,201508.543,8162668.51,1579.937,,,,,,,,,
17860,201508.571,8162667.675,1580.192,,,,,,,,,
17861,201502.376,8162668.522,1579.758,,,,,,,,,
17862,201502.324,8162667.878,1580.123,,,,,,,,,
17863,201508.542,8162630.957,1579.598,,,,,,,,,
17864,201508.503,8162629.944,1579.57,,,,,,,,,
17865,201502.327,8162631.214,1579.617,,,,,,,,,
17866,201502.343,8162630.131,1579.597,,,,,,,,,
17867,201502.36,8162593.453,1578.141,,,,,,,,,
17868,201502.34,8162592.778,1578.075,,,,,,,,,
17869,201508.504,8162593.194,1578.24,,,,,,,,,
17870,201508.547,8162592.625,1578.298,,,,,,,,,
17871,201502.68,8162555.916,1578.204,,,,,,,,,
17872,201502.343,8162555.147,1578.373,,,,,,,,,
17873,201508.501,8162554.898,1578.435,,,,,,,,,
17874,201508.47,8162555.931,1578.422,,,,,,,,,
17875,201502.313,8162518.347,1578.548,,,,,,,,,
17876,201502.3,8162517.599,1578.778,,,,,,,,,
17877,201508.538,8162517.454,1578.954,,,,,,,,,
17878,201508.577,8162518.215,1579.07,,,,,,,,,
17879,201508.518,8162480.835,1581.125,,,,,,,,,
17880,201508.294,8162479.82,1581.2,,,,,,,,,
17881,201502.403,8162480.88,1580.887,,,,,,,,,
17882,201502.32,8162479.916,1580.926,,,,,,,,,
17883,201502.332,8162443.242,1582.529,,,,,,,,,
17884,201508.558,8162443.119,1582.471,,,,,,,,,
17885,201514.734,8162443.276,1582.507,,,,,,,,,
17886,201520.958,8162443.154,1582.953,,,,,,,,,
17887,201514.695,8162479.943,1581.596,,,,,,,,,
17888,201514.788,8162480.849,1581.619,,,,,,,,,
17889,201520.664,8162479.797,1581.776,,,,,,,,,
17890,201520.815,8162480.831,1581.697,,,,,,,,,
17891,201520.946,8162517.499,1579.41,,,,,,,,,
17892,201520.978,8162518.249,1579.339,,,,,,,,,
17893,201514.747,8162517.621,1579.055,,,,,,,,,
17894,201514.753,8162518.341,1579.21,,,,,,,,,
17895,201520.887,8162554.964,1578.609,,,,,,,,,
17896,201520.937,8162555.98,1578.566,,,,,,,,,
17897,201514.725,8162556.093,1578.74,,,,,,,,,
17898,201514.727,8162555.039,1578.726,,,,,,,,,
17899,201514.742,8162592.781,1578.444,,,,,,,,,
17900,201514.704,8162593.351,1578.435,,,,,,,,,
17901,201520.88,8162593.198,1578.561,,,,,,,,,
17902,201520.968,8162592.673,1578.58,,,,,,,,,
17903,201520.964,8162630.016,1579.537,,,,,,,,,
17904,201520.94,8162630.906,1579.538,,,,,,,,,
17905,201514.757,8162631.168,1579.712,,,,,,,,,
17906,201514.762,8162630.074,1579.638,,,,,,,,,
17907,201514.742,8162667.842,1580.05,,,,,,,,,
17908,201514.748,8162668.556,1580.036,,,,,,,,,
17909,201520.973,8162668.56,1580.056,,,,,,,,,
17910,201520.951,8162667.691,1580.302,,,,,,,,,
17911,201514.817,8162705.323,1579.896,,,,,,,,,
17912,201514.737,8162706.11,1579.905,,,,,,,,,
17913,201520.934,8162705.234,1579.949,,,,,,,,,
17914,201520.951,8162706.824,1579.984,,,,,,,,,
17915,201514.775,8162742.86,1579.773,,,,,,,,,
17916,201520.95,8162742.871,1579.874,,,,,,,,,
17917,201527.155,8162742.772,1579.824,,,,,,,,,
17918,201533.321,8162742.827,1579.997,,,,,,,,,
17919,201527.152,8162706.422,1580.015,,,,,,,,,
17920,201527.118,8162704.961,1579.974,,,,,,,,,
17921,201533.24,8162705.222,1580.124,,,,,,,,,
17922,201533.271,8162706.172,1580.124,,,,,,,,,
17923,201527.182,8162668.485,1580.15,,,,,,,,,
17924,201527.139,8162667.77,1580.334,,,,,,,,,
17925,201533.328,8162668.529,1580.237,,,,,,,,,
17926,201533.364,8162667.658,1580.535,,,,,,,,,
17927,201527.133,8162631.051,1579.575,,,,,,,,,
17928,201527.131,8162630.079,1579.514,,,,,,,,,
17929,201533.356,8162629.944,1579.489,,,,,,,,,
17930,201533.337,8162630.884,1579.516,,,,,,,,,
17931,201527.146,8162593.334,1578.817,,,,,,,,,
17932,201527.155,8162592.702,1578.842,,,,,,,,,
17933,201533.365,8162593.235,1578.823,,,,,,,,,
17934,201533.317,8162592.56,1579.08,,,,,,,,,
17935,201527.142,8162555.999,1578.686,,,,,,,,,
17936,201527.127,8162554.985,1578.651,,,,,,,,,
17937,201533.316,8162554.838,1578.776,,,,,,,,,
17938,201533.248,8162555.855,1578.755,,,,,,,,,
17939,201527.219,8162518.279,1579.544,,,,,,,,,
17940,201527.147,8162517.487,1579.528,,,,,,,,,
17941,201533.256,8162518.114,1579.523,,,,,,,,,
17942,201533.302,8162517.453,1579.642,,,,,,,,,
17943,201527.132,8162480.857,1581.976,,,,,,,,,
17944,201527.146,8162479.865,1582.007,,,,,,,,,
17945,201533.279,8162479.819,1581.801,,,,,,,,,
17946,201533.31,8162480.782,1581.733,,,,,,,,,
17947,201527.188,8162443.155,1582.959,,,,,,,,,
17948,201533.348,8162443.12,1583.091,,,,,,,,,
17949,201539.512,8162443.257,1583.466,,,,,,,,,
17950,201545.716,8162443.182,1583.579,,,,,,,,,
17951,201539.572,8162480.028,1581.573,,,,,,,,,
17952,201539.532,8162480.851,1581.558,,,,,,,,,
17953,201545.673,8162480.825,1581.3,,,,,,,,,
17954,201545.771,8162479.807,1581.381,,,,,,,,,
17955,201539.562,8162517.68,1579.606,,,,,,,,,
17956,201539.49,8162518.324,1579.499,,,,,,,,,
17957,201545.635,8162517.528,1579.546,,,,,,,,,
17958,201545.715,8162518.113,1579.536,,,,,,,,,
17959,201545.639,8162554.824,1579.104,,,,,,,,,
17960,201545.7,8162555.813,1579.058,,,,,,,,,
17961,201539.524,8162555.028,1578.813,,,,,,,,,
17962,201539.526,8162555.929,1578.832,,,,,,,,,
17963,201545.665,8162593.184,1579.122,,,,,,,,,
17964,201545.727,8162592.566,1579.397,,,,,,,,,
17965,201539.546,8162592.779,1579.176,,,,,,,,,
17966,201539.574,8162593.351,1578.99,,,,,,,,,
17967,201545.533,8162629.876,1579.649,,,,,,,,,
17968,201545.692,8162630.877,1579.644,,,,,,,,,
17969,201539.78,8162631.283,1579.658,,,,,,,,,
17970,201539.54,8162630.056,1579.591,,,,,,,,,
17971,201545.724,8162668.514,1580.497,,,,,,,,,
17972,201545.713,8162667.704,1580.579,,,,,,,,,
17973,201539.545,8162667.827,1580.423,,,,,,,,,
17974,201539.538,8162668.549,1580.333,,,,,,,,,
17975,201539.546,8162705.282,1580.149,,,,,,,,,
17976,201539.595,8162706.297,1580.13,,,,,,,,,
17977,201545.73,8162705.235,1580.196,,,,,,,,,
17978,201545.731,8162706.076,1580.194,,,,,,,,,
17979,201539.565,8162742.866,1579.943,,,,,,,,,
17980,201545.741,8162742.843,1579.884,,,,,,,,,
17981,201551.935,8162742.811,1579.869,,,,,,,,,
17982,201558.109,8162706.017,1580.51,,,,,,,,,
17983,201551.985,8162706.06,1580.294,,,,,,,,,
17984,201551.936,8162705.285,1580.29,,,,,,,,,
17985,201558.112,8162686.851,1580.558,,,,,,,,,
17986,201558.047,8162687.607,1580.563,,,,,,,,,
17987,201551.915,8162667.818,1580.652,,,,,,,,,
17988,201551.905,8162668.518,1580.714,,,,,,,,,
17989,201558.115,8162668.496,1580.577,,,,,,,,,
17990,201558.091,8162667.608,1580.592,,,,,,,,,
17991,201551.93,8162631.108,1579.765,,,,,,,,,
17992,201551.951,8162630.085,1579.718,,,,,,,,,
17993,201558.081,8162629.874,1579.851,,,,,,,,,
17994,201558.117,8162630.914,1579.805,,,,,,,,,
17995,201558.097,8162593.168,1579.406,,,,,,,,,
17996,201558.129,8162592.623,1579.516,,,,,,,,,
17997,201551.912,8162593.383,1579.501,,,,,,,,,
17998,201551.917,8162592.683,1579.517,,,,,,,,,
17999,201551.88,8162555.933,1579.347,,,,,,,,,
18000,201551.933,8162555.052,1579.435,,,,,,,,,
18001,201558.111,8162554.828,1579.714,,,,,,,,,
18002,201558.123,8162555.949,1579.675,,,,,,,,,
18003,201551.918,8162518.254,1579.572,,,,,,,,,
18004,201551.895,8162517.558,1579.548,,,,,,,,,
18005,201558.125,8162518.172,1579.613,,,,,,,,,
18006,201558.125,8162517.433,1579.688,,,,,,,,,
18007,201558.074,8162480.765,1581.617,,,,,,,,,
18008,201558.132,8162479.738,1581.67,,,,,,,,,
18009,201551.914,8162479.859,1581.459,,,,,,,,,
18010,201551.907,8162480.92,1581.416,,,,,,,,,
18011,201551.908,8162443.229,1583.488,,,,,,,,,
18012,201558.156,8162443.094,1583.445,,,,,,,,,
18013,201564.312,8162443.272,1583.66,,,,,,,,,
18014,201570.506,8162443.12,1583.389,,,,,,,,,
18015,201570.454,8162479.727,1581.579,,,,,,,,,
18016,201570.455,8162480.793,1581.514,,,,,,,,,
18017,201564.494,8162480.028,1581.538,,,,,,,,,
18018,201564.378,8162480.828,1581.556,,,,,,,,,
18019,201564.317,8162517.647,1579.898,,,,,,,,,
18020,201564.309,8162518.257,1579.856,,,,,,,,,
18021,201570.508,8162518.128,1580.011,,,,,,,,,
18022,201570.517,8162517.461,1579.905,,,,,,,,,
18023,201564.292,8162554.978,1579.946,,,,,,,,,
18024,201564.3,8162556.025,1579.944,,,,,,,,,
18025,201570.496,8162554.836,1580.131,,,,,,,,,
18026,201570.458,8162555.9,1580.117,,,,,,,,,
18027,201570.443,8162593.232,1579.703,,,,,,,,,
18028,201570.481,8162592.601,1579.734,,,,,,,,,
18029,201564.363,8162592.768,1579.485,,,,,,,,,
18030,201564.328,8162593.413,1579.639,,,,,,,,,
18031,201564.309,8162630.134,1579.844,,,,,,,,,
18032,201564.331,8162631.039,1579.863,,,,,,,,,
18033,201570.423,8162629.901,1580.014,,,,,,,,,
18034,201570.403,8162630.791,1580.031,,,,,,,,,
18035,201564.336,8162667.903,1580.644,,,,,,,,,
18036,201564.311,8162668.526,1580.628,,,,,,,,,
18037,201570.52,8162668.355,1580.616,,,,,,,,,
18038,201570.536,8162667.643,1580.863,,,,,,,,,
18039,201564.317,8162707.166,1580.548,,,,,,,,,
18040,201570.534,8162706.032,1580.589,,,,,,,,,
18041,201576.704,8162706.158,1580.591,,,,,,,,,
18042,201582.897,8162706.015,1580.595,,,,,,,,,
18043,201582.909,8162705.224,1580.597,,,,,,,,,
18044,201576.681,8162687.864,1580.649,,,,,,,,,
18045,201576.719,8162686.929,1580.671,,,,,,,,,
18046,201576.708,8162668.518,1580.721,,,,,,,,,
18047,201576.735,8162667.761,1580.918,,,,,,,,,
18048,201582.915,8162668.426,1580.928,,,,,,,,,
18049,201582.888,8162667.644,1580.86,,,,,,,,,
18050,201582.768,8162630.075,1580.104,,,,,,,,,
18051,201582.866,8162630.778,1580.132,,,,,,,,,
18052,201576.727,8162631.11,1580.031,,,,,,,,,
18053,201576.714,8162630.204,1580.094,,,,,,,,,
18054,201582.919,8162593.222,1579.984,,,,,,,,,
18055,201582.899,8162592.672,1579.881,,,,,,,,,
18056,201576.758,8162592.816,1579.813,,,,,,,,,
18057,201576.701,8162593.268,1579.927,,,,,,,,,
18058,201582.763,8162555.982,1580.379,,,,,,,,,
18059,201582.854,8162554.926,1580.385,,,,,,,,,
18060,201576.707,8162556.071,1580.238,,,,,,,,,
18061,201576.707,8162555.056,1580.275,,,,,,,,,
18062,201576.733,8162517.596,1580.169,,,,,,,,,
18063,201576.717,8162518.173,1580.277,,,,,,,,,
18064,201582.891,8162518.209,1580.511,,,,,,,,,
18065,201582.876,8162517.486,1580.449,,,,,,,,,
18066,201576.671,8162480.951,1581.507,,,,,,,,,
18067,201576.738,8162479.905,1581.554,,,,,,,,,
18068,201582.886,8162479.743,1581.621,,,,,,,,,
18069,201582.86,8162480.761,1581.632,,,,,,,,,
18070,201576.748,8162443.178,1583.318,,,,,,,,,
18071,201582.861,8162443.03,1583.396,,,,,,,,,
18072,201589.073,8162443.189,1583.174,,,,,,,,,
18073,201595.298,8162443.061,1582.992,,,,,,,,,
18074,201595.292,8162479.71,1581.774,,,,,,,,,
18075,201595.086,8162480.744,1581.695,,,,,,,,,
18076,201589.125,8162481.001,1581.732,,,,,,,,,
18077,201589.136,8162479.955,1581.716,,,,,,,,,
18078,201589.078,8162517.638,1580.737,,,,,,,,,
18079,201589.095,8162518.324,1580.692,,,,,,,,,
18080,201595.319,8162517.454,1580.883,,,,,,,,,
18081,201595.345,8162518.096,1580.873,,,,,,,,,
18082,201595.22,8162554.806,1580.716,,,,,,,,,
18083,201595.262,8162555.824,1580.696,,,,,,,,,
18084,201589.308,8162555.11,1580.499,,,,,,,,,
18085,201589.124,8162556.001,1580.524,,,,,,,,,
18086,201589.091,8162592.752,1579.886,,,,,,,,,
18087,201589.119,8162593.415,1580.038,,,,,,,,,
18088,201595.094,8162592.627,1579.955,,,,,,,,,
18089,201595.275,8162593.138,1580.098,,,,,,,,,
18090,201589.381,8162630.914,1580.267,,,,,,,,,
18091,201589.114,8162630.15,1580.373,,,,,,,,,
18092,201595.144,8162629.864,1580.701,,,,,,,,,
18093,201595.25,8162630.896,1580.653,,,,,,,,,
18094,201589.09,8162667.818,1580.892,,,,,,,,,
18095,201589.114,8162668.509,1581.102,,,,,,,,,
18096,201595.29,8162667.667,1581.15,,,,,,,,,
18097,201595.316,8162668.316,1581.203,,,,,,,,,
18098,201589.05,8162705.17,1580.638,,,,,,,,,
18099,201589.075,8162706.282,1580.623,,,,,,,,,
18100,201595.301,8162706.2,1580.857,,,,,,,,,
18101,201595.296,8162705.249,1580.875,,,,,,,,,
18102,201595.145,8162742.665,1580.255,,,,,,,,,
18103,201589.107,8162742.795,1580.153,,,,,,,,,
18104,201582.906,8162742.764,1580.225,,,,,,,,,
18105,199174.089,8164203.925,1515.209,,,,,,,,,
18106,199161.658,8164167.24,1514.933,,,,,,,,,
18107,199180.176,8164238.891,1515.297,,,,,,,,,
18108,199087.209,8164261.233,1514.052,,,,,,,,,
18109,199043.862,8164185.992,1512.585,,,,,,,,,
18110,199050.119,8164222.862,1512.518,,,,,,,,,
18111,199037.688,8164392.293,1513.413,,,,,,,,,
18112,199037.681,8164391.527,1513.389,,,,,,,,,
18113,199050.08,8164373.135,1513.423,,,,,,,,,
18114,200260.028,8163845.224,1578.069,,,,,,,,,
18115,200260.024,8163844.587,1541.125,,,,,,,,,
18116,200260.024,8163807.686,1541.042,,,,,,,,,
18117,200260.005,8163806.845,1541.078,,,,,,,,,
18118,200260.075,8163770.197,1542.884,,,,,,,,,
18119,200862.923,8163555.663,1555.934,,,,,,,,,
18120,200862.916,8163554.677,1555.935,,,,,,,,,
18121,200862.901,8163593.088,1555.557,,,,,,,,,
18122,200862.924,8163592.397,1555.578,,,,,,,,,
18123,200862.959,8163630.749,1556.254,,,,,,,,,
18124,200862.959,8163629.787,1556.233,,,,,,,,,
18125,200862.974,8163667.492,1557.505,,,,,,,,,
18126,200862.975,8163668.193,1557.793,,,,,,,,,
18127,200862.938,8163705.91,1557.621,,,,,,,,,
18128,200862.923,8163704.933,1557.624,,,,,,,,,
18129,200862.947,8163517.959,1556.042,,,,,,,,,
18130,201191.463,8162667.765,1570.25,,,,,,,,,
18131,200577.863,8162276.258,1560.431,,,,,,,,,
18132,200583.955,8162276.047,1560.325,,,,,,,,,
18133,200670.814,8162200.933,1563.318,,,,,,,,,
18134,200708.047,8162126.522,1565.613,,,,,,,,,
18135,200676.954,8162220.938,1562.682,,,,,,,,,
18136,200676.96,8162220.118,1562.705,,,,,,,,,
18137,201366.923,8162220.836,1616.694,,,,,,,,,
18138,201366.929,8162220.077,1616.71,,,,,,,,,
18139,201627.287,8162220.971,1622.605,,,,,,,,,
18140,201850.386,8162051.554,1591.609,,,,,,,,,
18141,201850.398,8162050.436,1591.622,,,,,,,,,
18142,201856.582,8162050.386,1591.667,,,,,,,,,
18143,201856.589,8162051.389,1591.653,,,,,,,,,
18144,199999.768,8164032.541,1535.935,,,,,,,,,
18145,200005.934,8164032.666,1536.09,,,,,,,,,
18146,199999.72,8163882.935,1535.097,,,,,,,,,
18147,200005.945,8163883.084,1535.1,,,,,,,,,
18148,199993.509,8163882.397,1534.936,,,,,,,,,
18149,199987.32,8163882.349,1534.99,,,,,,,,,
18150,199981.184,8163882.397,1534.609,,,,,,,,,
18151,199974.964,8163882.283,1534.537,,,,,,,,,
18152,199101.06,8163995.716,1514.183,,,,,,,,,
18153,199101.054,8163977.349,1514.077,,,,,,,,,
18154,199101.06,8163976.574,1514.065,,,,,,,,,
18155,199162.979,8163995.776,1515.539,,,,,,,,,
18156,199162.974,8163994.931,1515.543,,,,,,,,,
18157,201222.103,8163265.183,1572.739,,,,,,,,,
18158,201228.272,8163265.31,1573.141,,,,,,,,,
18159,201234.5,8163265.149,1573.457,,,,,,,,,
18160,201240.46,8163265.388,1573.76,,,,,,,,,
18161,201222.078,8163190.084,1572.674,,,,,,,,,
18162,201228.27,8163190.156,1572.99,,,,,,,,,
18163,201234.458,8163190.09,1573.187,,,,,,,,,
18164,201240.666,8163190.213,1573.266,,,,,,,,,
18165,201246.827,8163190.097,1573.776,,,,,,,,,
18166,201253.065,8163190.215,1573.894,,,,,,,,,
18167,201082.304,8163430.306,1566.54,,,,,,,,,
18168,200559.142,8163207.345,1552.176,,,,,,,,,
18169,200559.157,8163244.113,1553.033,,,,,,,,,
18170,200559.128,8163244.847,1552.996,,,,,,,,,
18171,200559.147,8163281.821,1552.099,,,,,,,,,
18172,200559.137,8163282.379,1551.529,,,,,,,,,
18173,200559.225,8163319.099,1551.991,,,,,,,,,
18174,200559.227,8163319.856,1551.999,,,,,,,,,
18175,200559.112,8163356.77,1554.443,,,,,,,,,
18176,200924.892,8162817.956,1564.024,,,,,,,,,
18177,200918.729,8162817.815,1563.9,,,,,,,,,
18178,200918.648,8162781.061,1565.956,,,,,,,,,
18179,200918.766,8162780.282,1566.14,,,,,,,,,
18180,200924.714,8162780.373,1566.071,,,,,,,,,
18181,200924.754,8162781.318,1565.991,,,,,,,,,
18182,200918.729,8162743.474,1565.146,,,,,,,,,
18183,200924.858,8162743.568,1565.352,,,,,,,,,
18184,201197.564,8162593.342,1570.88,,,,,,,,,
18185,201191.438,8162593.447,1570.715,,,,,,,,,
18186,201197.368,8162630.1,1570.623,,,,,,,,,
18187,201197.589,8162630.931,1570.664,,,,,,,,,
18188,201191.997,8162630.617,1570.511,,,,,,,,,
18189,201191.451,8162630.294,1570.517,,,,,,,,,
18190,201197.556,8162667.709,1570.456,,,,,,,,,
18191,200718.508,8164157.422,1553.562,,,,,,,,,
18192,200415.211,8164192.927,1548.788,,,,,,,,,
18193,199256.012,8164032.564,1517.949,,,,,,,,,
18194,199249.776,8164032.554,1517.819,,,,,,,,,
18195,199262.2,8164032.543,1518.018,,,,,,,,,
18196,199243.564,8164032.594,1517.583,,,,,,,,,
18197,199225.03,8164032.644,1517.136,,,,,,,,,
18198,199218.81,8164032.527,1517.05,,,,,,,,,
18199,199206.402,8164032.514,1516.479,,,,,,,,,
18200,199200.198,8164032.536,1516.239,,,,,,,,,
18201,199193.99,8164032.563,1516.194,,,,,,,,,
18202,199187.81,8164032.558,1516.041,,,,,,,,,
18203,199181.633,8164032.562,1515.801,,,,,,,,,
18204,199175.408,8164032.519,1515.635,,,,,,,,,
18205,199169.204,8164032.526,1515.446,,,,,,,,,
18206,199163.034,8164032.546,1515.251,,,,,,,,,
18207,199813.777,8164107.653,1531.344,,,,,,,,,
18208,200415.194,8164118.567,1545.718,,,,,,,,,
18209,200415.228,8164156.169,1547.449,,,,,,,,,
18210,200415.231,8164155.407,1547.499,,,,,,,,,
18211,200371.582,8163770.285,1544.474,,,,,,,,,
18212,200608.333,8163883.464,1550.603,,,,,,,,,
18213,200850.037,8163815.884,1555.451,,,,,,,,,
18214,200856.257,8163815.751,1555.579,,,,,,,,,
18215,200856.112,8163852.53,1555.032,,,,,,,,,
18216,200856.24,8163853.216,1555.067,,,,,,,,,
18217,200850.071,8163853.561,1555.398,,,,,,,,,
18218,200850.045,8163852.647,1555.387,,,,,,,,,
18219,200850.073,8163890.309,1555.325,,,,,,,,,
18220,200856.264,8163890.173,1554.989,,,,,,,,,
18221,199260.838,8164268.113,1517.756,,,,,,,,,
18222,199260.847,8164267.342,1517.756,,,,,,,,,
18223,199266.925,8164267.337,1517.769,,,,,,,,,
18224,199267.029,8164267.729,1517.814,,,,,,,,,
18225,200906.287,8163130.141,1599.94,,,,,,,,,
18226,200912.436,8163130.248,1599.985,,,,,,,,,
18227,200912.46,8163167.057,1598.8,,,,,,,,,
18228,200912.48,8163167.941,1598.788,,,,,,,,,
18229,200906.411,8163167.556,1598.777,,,,,,,,,
18230,200906.341,8163166.882,1598.782,,,,,,,,,
18231,200906.299,8163204.548,1598.807,,,,,,,,,
18232,200912.443,8163204.686,1599.259,,,,,,,,,
18233,200738.935,8163054.472,1597.013,,,,,,,,,
18234,200732.73,8163054.34,1596.876,,,,,,,,,
18235,200738.952,8163017.696,1596.529,,,,,,,,,
18236,200738.94,8163016.809,1596.516,,,,,,,,,
18237,200732.8,8163017.38,1596.258,,,,,,,,,
18238,200732.771,8163016.67,1596.237,,,,,,,,,
18239,200893.802,8162942.338,1600.365,,,,,,,,,
18240,200893.792,8162941.678,1600.341,,,,,,,,,
18241,200900.046,8162942.665,1600.149,,,,,,,,,
18242,200900.024,8162941.782,1600.166,,,,,,,,,
18243,200906.271,8162941.652,1600.306,,,,,,,,,
18244,200906.289,8162942.282,1600.333,,,,,,,,,
18245,200912.476,8162941.687,1600.225,,,,,,,,,
18246,200912.451,8162942.508,1600.243,,,,,,,,,
18247,200974.453,8162904.918,1602.041,,,,,,,,,
18248,201700.659,8162517.631,1583.602,,,,,,,,,
18249,201700.692,8162518.248,1583.828,,,,,,,,,
18250,201061.278,8162385.121,1571.139,,,,,,,,,
18251,201061.281,8162384.375,1571.164,,,,,,,,,
18252,201067.412,8162384.467,1571.119,,,,,,,,,
18253,201067.471,8162384.96,1571.095,,,,,,,,,
18254,200912.512,8162328.634,1566.931,,,,,,,,,
18255,200912.518,8162327.613,1566.933,,,,,,,,,
18256,201036.474,8162403.517,1569.909,,,,,,,,,
18257,201036.43,8162385.149,1570.411,,,,,,,,,
18258,201036.423,8162384.409,1570.43,,,,,,,,,
18259,200732.821,8162979.87,1559.064,,,,,,,,,
18260,200738.703,8162979.809,1559.158,,,,,,,,,
18261,200980.672,8162817.986,1566.243,,,,,,,,,
18262,200912.408,8162979.289,1564.683,,,,,,,,,
18263,200906.253,8162979.263,1564.463,,,,,,,,,
18264,200900.092,8162979.422,1564.134,,,,,,,,,
18265,200893.912,8162979.32,1563.868,,,,,,,,,
18266,201166.635,8162856.119,1606.436,,,,,,,,,
18267,200937.321,8162440.486,1567.959,,,,,,,,,
18268,201036.414,8162366.024,1570.985,,,,,,,,,
18269,201564.278,8162686.879,1580.583,,,,,,,,,
18270,200259.975,8163919.64,1579.594,,,,,,,,,
18271,200260.064,8163881.914,1579.325,,,,,,,,,
18272,201271.99,8162593.449,1572.476,,,,,,,,,
18273,201296.752,8162706.276,1574.109,,,,,,,,,
18274,201627.279,8162220.008,1622.616,,,,,,,,,
18275,199646.457,8164268.091,1527.886,,,,,,,,,
18276,199646.486,8164231.297,1527.329,,,,,,,,,
18277,199646.437,8164230.409,1527.332,,,,,,,,,
18278,199770.409,8163883.16,1529.316,,,,,,,,,
18279,199212.618,8164032.433,1516.479,,,,,,,,,
18280,200906.307,8162904.829,1564.171,,,,,,,,,
18281,200912.479,8162904.863,1564.412,,,,,,,,,
18282,201166.615,8162781.118,1569.579,,,,,,,,,
18283,200862.932,8163742.443,1555.787,,,,,,,,,
18284,199553.549,8164033.319,1525.024,,,,,,,,,
18285,199559.669,8164033.305,1525.223,,,,,,,,,
18286,200260.051,8163882.882,1579.325,,,,,,,,,
18287,201564.293,8162687.628,1580.583,,,,,,,,,
18288,201570.491,8162686.928,1580.671,,,,,,,,,
18289,201570.491,8162687.628,1580.649,,,,,,,,,
